timestamp_ms,frequency_hz
0.000,0.0000
10.667,0.0000
21.333,0.0000
32.000,0.0000
42.667,0.0000
53.333,0.0000
64.000,0.0000
74.667,0.0000
85.333,0.0000
96.000,0.0000
106.667,0.0000
117.333,0.0000
128.000,0.0000
138.667,0.0000
149.333,0.0000
160.000,0.0000
170.667,0.0000
181.333,0.0000
192.000,0.0000
202.667,0.0000
213.333,0.0000
224.000,0.0000
234.667,0.0000
245.333,316.3245
256.000,342.9675
266.667,342.9675
277.333,344.9543
288.000,337.0755
298.667,335.1341
309.333,335.1341
320.000,325.5935
330.667,325.5935
341.333,325.5935
352.000,337.0755
362.667,380.5463
373.333,382.7508
384.000,382.7508
394.667,382.7508
405.333,382.7508
416.000,355.0622
426.667,363.3614
437.333,0.0000
448.000,316.3245
458.667,305.5493
469.333,316.3245
480.000,335.1341
490.667,329.3767
501.333,316.3245
512.000,346.9526
522.667,346.9526
533.333,391.6971
544.000,350.9840
554.667,350.9840
565.333,307.3193
576.000,291.7512
586.667,275.3765
597.333,293.4413
608.000,335.1341
618.667,387.1981
629.333,371.8546
640.000,371.8546
650.667,376.1753
661.333,371.8546
672.000,393.9662
682.667,393.9662
693.333,396.2484
704.000,393.9662
714.667,393.9662
725.333,393.9662
736.000,393.9662
746.667,403.1747
757.333,393.9662
768.000,396.2484
778.667,396.2484
789.333,396.2484
800.000,0.0000
810.667,0.0000
821.333,393.9662
832.000,393.9662
842.667,384.9680
853.333,389.4411
864.000,391.6971
874.667,389.4411
885.333,391.6971
896.000,384.9680
906.667,378.3545
917.333,376.1753
928.000,365.4663
938.667,333.2039
949.333,344.9543
960.000,344.9543
970.667,344.9543
981.333,344.9543
992.000,367.5835
1002.667,393.9662
1013.333,378.3545
1024.000,355.0622
1034.667,359.1879
1045.333,337.0755
1056.000,325.5935
1066.667,325.5935
1077.333,359.1879
1088.000,327.4796
1098.667,359.1879
1109.333,331.2848
1120.000,333.2039
1130.667,365.4663
1141.333,357.1191
1152.000,363.3614
1162.667,382.7508
1173.333,374.0087
1184.000,369.7129
1194.667,371.8546
1205.333,367.5835
1216.000,367.5835
1226.667,367.5835
1237.333,344.9543
1248.000,344.9543
1258.667,371.8546
1269.333,369.7129
1280.000,391.6971
1290.667,384.9680
1301.333,393.9662
1312.000,393.9662
1322.667,398.5439
1333.333,393.9662
1344.000,389.4411
1354.667,384.9680
1365.333,382.7508
1376.000,382.7508
1386.667,384.9680
1397.333,387.1981
1408.000,393.9662
1418.667,398.5439
1429.333,0.0000
1440.000,0.0000
1450.667,0.0000
1461.333,0.0000
1472.000,0.0000
1482.667,0.0000
1493.333,0.0000
1504.000,0.0000
1514.667,0.0000
1525.333,0.0000
1536.000,0.0000
1546.667,0.0000
1557.333,0.0000
1568.000,0.0000
1578.667,0.0000
1589.333,0.0000
1600.000,0.0000
1610.667,0.0000
1621.333,0.0000
1632.000,0.0000
1642.667,0.0000
1653.333,0.0000
1664.000,0.0000
1674.667,0.0000
1685.333,0.0000
1696.000,0.0000
1706.667,0.0000
1717.333,0.0000
1728.000,0.0000
1738.667,0.0000
1749.333,0.0000
1760.000,0.0000
1770.667,0.0000
1781.333,0.0000
1792.000,0.0000
1802.667,0.0000
1813.333,365.4663
1824.000,344.9543
1834.667,346.9526
1845.333,344.9543
1856.000,378.3545
1866.667,365.4663
1877.333,367.5835
1888.000,376.1753
1898.667,374.0087
1909.333,378.3545
1920.000,0.0000
1930.667,0.0000
1941.333,0.0000
1952.000,0.0000
1962.667,0.0000
1973.333,0.0000
1984.000,0.0000
1994.667,0.0000
2005.333,0.0000
2016.000,0.0000
2026.667,0.0000
2037.333,0.0000
2048.000,335.1341
2058.667,329.3767
2069.333,329.3767
2080.000,327.4796
2090.667,361.2686
2101.333,389.4411
2112.000,389.4411
2122.667,389.4411
2133.333,393.9662
2144.000,391.6971
2154.667,391.6971
2165.333,393.9662
2176.000,391.6971
2186.667,391.6971
2197.333,391.6971
2208.000,393.9662
2218.667,393.9662
2229.333,393.9662
2240.000,393.9662
2250.667,391.6971
2261.333,393.9662
2272.000,393.9662
2282.667,393.9662
2293.333,407.8594
2304.000,393.9662
2314.667,393.9662
2325.333,0.0000
2336.000,325.5935
2346.667,342.9675
2357.333,335.1341
2368.000,342.9675
2378.667,342.9675
2389.333,350.9840
2400.000,391.6971
2410.667,367.5835
2421.333,357.1191
2432.000,357.1191
2442.667,344.9543
2453.333,316.3245
2464.000,344.9543
2474.667,359.1879
2485.333,318.1569
2496.000,350.9840
2506.667,342.9675
2517.333,348.9625
2528.000,367.5835
2538.667,350.9840
2549.333,393.9662
2560.000,391.6971
2570.667,393.9662
2581.333,353.0172
2592.000,350.9840
2602.667,387.1981
2613.333,391.6971
2624.000,396.2484
2634.667,396.2484
2645.333,393.9662
2656.000,382.7508
2666.667,376.1753
2677.333,382.7508
2688.000,382.7508
2698.667,393.9662
2709.333,393.9662
2720.000,393.9662
2730.667,393.9662
2741.333,393.9662
2752.000,393.9662
2762.667,393.9662
2773.333,391.6971
2784.000,391.6971
2794.667,391.6971
2805.333,382.7508
2816.000,365.4663
2826.667,339.0282
2837.333,339.0282
2848.000,337.0755
2858.667,337.0755
2869.333,335.1341
2880.000,335.1341
2890.667,357.1191
2901.333,344.9543
2912.000,344.9543
2922.667,378.3545
2933.333,333.2039
2944.000,344.9543
2954.667,344.9543
2965.333,320.0000
2976.000,344.9543
2986.667,344.9543
2997.333,393.9662
3008.000,393.9662
3018.667,393.9662
3029.333,393.9662
3040.000,393.9662
3050.667,396.2484
3061.333,0.0000
3072.000,0.0000
3082.667,0.0000
3093.333,359.1879
3104.000,359.1879
3114.667,391.6971
3125.333,389.4411
3136.000,389.4411
3146.667,389.4411
3157.333,389.4411
3168.000,378.3545
3178.667,389.4411
3189.333,393.9662
3200.000,393.9662
3210.667,407.8594
3221.333,396.2484
3232.000,393.9662
3242.667,393.9662
3253.333,391.6971
3264.000,391.6971
3274.667,393.9662
3285.333,393.9662
3296.000,407.8594
3306.667,363.3614
3317.333,384.9680
3328.000,384.9680
3338.667,393.9662
3349.333,384.9680
3360.000,393.9662
3370.667,382.7508
3381.333,371.8546
3392.000,371.8546
3402.667,359.1879
3413.333,344.9543
3424.000,344.9543
3434.667,333.2039
3445.333,333.2039
3456.000,327.4796
3466.667,327.4796
3477.333,327.4796
3488.000,329.3767
3498.667,374.0087
3509.333,393.9662
3520.000,0.0000
3530.667,0.0000
3541.333,0.0000
3552.000,0.0000
3562.667,0.0000
3573.333,0.0000
3584.000,0.0000
3594.667,0.0000
3605.333,0.0000
3616.000,0.0000
3626.667,371.8546
3637.333,391.6971
3648.000,382.7508
3658.667,382.7508
3669.333,384.9680
3680.000,382.7508
3690.667,380.5463
3701.333,382.7508
3712.000,382.7508
3722.667,393.9662
3733.333,393.9662
3744.000,412.5985
3754.667,393.9662
3765.333,393.9662
3776.000,391.6971
3786.667,393.9662
3797.333,396.2484
3808.000,405.5103
3818.667,405.5103
3829.333,380.5463
3840.000,382.7508
3850.667,382.7508
3861.333,384.9680
3872.000,384.9680
3882.667,384.9680
3893.333,391.6971
3904.000,391.6971
3914.667,393.9662
3925.333,398.5439
3936.000,400.8526
3946.667,396.2484
3957.333,387.1981
3968.000,391.6971
3978.667,391.6971
3989.333,393.9662
4000.000,344.9543
4010.667,329.3767
4021.333,333.2039
4032.000,307.3193
4042.667,0.0000
4053.333,0.0000
4064.000,0.0000
4074.667,0.0000
4085.333,0.0000
4096.000,0.0000
4106.667,0.0000
4117.333,0.0000
4128.000,318.1569
4138.667,316.3245
4149.333,316.3245
4160.000,344.9543
4170.667,344.9543
4181.333,344.9543
4192.000,350.9840
4202.667,365.4663
4213.333,369.7129
4224.000,350.9840
4234.667,339.0282
4245.333,318.1569
4256.000,316.3245
4266.667,283.4456
4277.333,309.0996
4288.000,309.0996
4298.667,283.4456
4309.333,259.9208
4320.000,283.4456
4330.667,0.0000
4341.333,307.3193
4352.000,293.4413
4362.667,291.7512
4373.333,290.0708
4384.000,261.4265
4394.667,264.4641
4405.333,275.3765
4416.000,293.4413
4426.667,293.4413
4437.333,286.7391
4448.000,285.0876
4458.667,291.7512
4469.333,265.9961
4480.000,0.0000
4490.667,0.0000
4501.333,0.0000
4512.000,0.0000
4522.667,0.0000
4533.333,0.0000
4544.000,0.0000
4554.667,224.9709
4565.333,223.6752
4576.000,221.1061
4586.667,218.5664
4597.333,214.8116
4608.000,212.3443
4618.667,211.1213
4629.333,213.5744
4640.000,216.0560
4650.667,221.1061
4661.333,223.6752
4672.000,226.2742
4682.667,227.5850
4693.333,232.9045
4704.000,239.7291
4714.667,245.3325
4725.333,248.1832
4736.000,0.0000
4746.667,0.0000
4757.333,0.0000
4768.000,0.0000
4778.667,0.0000
4789.333,0.0000
4800.000,253.9842
4810.667,252.5213
4821.333,246.7537
4832.000,246.7537
4842.667,245.3325
4853.333,246.7537
4864.000,246.7537
4874.667,246.7537
4885.333,245.3325
4896.000,245.3325
4906.667,245.3325
4917.333,245.3325
4928.000,245.3325
4938.667,245.3325
4949.333,245.3325
4960.000,246.7537
4970.667,246.7537
4981.333,246.7537
4992.000,246.7537
5002.667,246.7537
5013.333,248.1832
5024.000,248.1832
5034.667,248.1832
5045.333,246.7537
5056.000,246.7537
5066.667,248.1832
5077.333,248.1832
5088.000,248.1832
5098.667,248.1832
5109.333,248.1832
5120.000,248.1832
5130.667,248.1832
5141.333,248.1832
5152.000,248.1832
5162.667,246.7537
5173.333,246.7537
5184.000,248.1832
5194.667,246.7537
5205.333,246.7537
5216.000,246.7537
5226.667,246.7537
5237.333,246.7537
5248.000,246.7537
5258.667,245.3325
5269.333,245.3325
5280.000,245.3325
5290.667,245.3325
5301.333,246.7537
5312.000,246.7537
5322.667,248.1832
5333.333,248.1832
5344.000,246.7537
5354.667,245.3325
5365.333,239.7291
5376.000,235.6107
5386.667,231.5631
5397.333,232.9045
5408.000,0.0000
5418.667,0.0000
5429.333,0.0000
5440.000,0.0000
5450.667,0.0000
5461.333,0.0000
5472.000,0.0000
5482.667,0.0000
5493.333,0.0000
5504.000,0.0000
5514.667,0.0000
5525.333,0.0000
5536.000,0.0000
5546.667,0.0000
5557.333,236.9756
5568.000,243.9195
5578.667,243.9195
5589.333,243.9195
5600.000,243.9195
5610.667,242.5147
5621.333,242.5147
5632.000,239.7291
5642.667,239.7291
5653.333,238.3484
5664.000,238.3484
5674.667,239.7291
5685.333,242.5147
5696.000,245.3325
5706.667,246.7537
5717.333,248.1832
5728.000,248.1832
5738.667,248.1832
5749.333,248.1832
5760.000,246.7537
5770.667,246.7537
5781.333,245.3325
5792.000,245.3325
5802.667,245.3325
5813.333,243.9195
5824.000,241.1179
5834.667,238.3484
5845.333,234.2537
5856.000,228.9033
5866.667,222.3869
5877.333,219.8326
5888.000,218.5664
5898.667,218.5664
5909.333,219.8326
5920.000,218.5664
5930.667,218.5664
5941.333,219.8326
5952.000,218.5664
5962.667,219.8326
5973.333,221.1061
5984.000,221.1061
5994.667,221.1061
6005.333,221.1061
6016.000,219.8326
6026.667,219.8326
6037.333,221.1061
6048.000,228.9033
6058.667,238.3484
6069.333,246.7537
6080.000,252.5213
6090.667,252.5213
6101.333,251.0669
6112.000,248.1832
6122.667,245.3325
6133.333,242.5147
6144.000,239.7291
6154.667,239.7291
6165.333,243.9195
6176.000,246.7537
6186.667,249.6209
6197.333,251.0669
6208.000,252.5213
6218.667,251.0669
6229.333,249.6209
6240.000,248.1832
6250.667,241.1179
6261.333,230.2294
6272.000,218.5664
6282.667,194.7206
6293.333,0.0000
6304.000,0.0000
6314.667,0.0000
6325.333,0.0000
6336.000,0.0000
6346.667,0.0000
6357.333,0.0000
6368.000,0.0000
6378.667,0.0000
6389.333,0.0000
6400.000,0.0000
6410.667,0.0000
6421.333,0.0000
6432.000,0.0000
6442.667,0.0000
6453.333,0.0000
6464.000,0.0000
6474.667,0.0000
6485.333,0.0000
6496.000,0.0000
6506.667,0.0000
6517.333,0.0000
6528.000,0.0000
6538.667,0.0000
6549.333,0.0000
6560.000,209.9053
6570.667,194.7206
6581.333,202.7552
6592.000,207.4943
6602.667,208.6963
6613.333,209.9053
6624.000,211.1213
6634.667,211.1213
6645.333,212.3443
6656.000,213.5744
6666.667,217.3076
6677.333,224.9709
6688.000,232.9045
6698.667,241.1179
6709.333,245.3325
6720.000,248.1832
6730.667,248.1832
6741.333,248.1832
6752.000,246.7537
6762.667,246.7537
6773.333,246.7537
6784.000,246.7537
6794.667,246.7537
6805.333,248.1832
6816.000,248.1832
6826.667,248.1832
6837.333,248.1832
6848.000,248.1832
6858.667,246.7537
6869.333,245.3325
6880.000,243.9195
6890.667,242.5147
6901.333,239.7291
6912.000,234.2537
6922.667,227.5850
6933.333,227.5850
6944.000,222.3869
6954.667,232.9045
6965.333,0.0000
6976.000,0.0000
6986.667,0.0000
6997.333,0.0000
7008.000,0.0000
7018.667,0.0000
7029.333,0.0000
7040.000,0.0000
7050.667,239.7291
7061.333,246.7537
7072.000,248.1832
7082.667,249.6209
7093.333,246.7537
7104.000,243.9195
7114.667,239.7291
7125.333,236.9756
7136.000,235.6107
7146.667,232.9045
7157.333,228.9033
7168.000,232.9045
7178.667,235.6107
7189.333,245.3325
7200.000,249.6209
7210.667,249.6209
7221.333,249.6209
7232.000,249.6209
7242.667,248.1832
7253.333,246.7537
7264.000,245.3325
7274.667,245.3325
7285.333,245.3325
7296.000,246.7537
7306.667,249.6209
7317.333,251.0669
7328.000,251.0669
7338.667,249.6209
7349.333,248.1832
7360.000,246.7537
7370.667,245.3325
7381.333,243.9195
7392.000,243.9195
7402.667,243.9195
7413.333,245.3325
7424.000,245.3325
7434.667,246.7537
7445.333,246.7537
7456.000,248.1832
7466.667,248.1832
7477.333,248.1832
7488.000,248.1832
7498.667,248.1832
7509.333,246.7537
7520.000,246.7537
7530.667,246.7537
7541.333,246.7537
7552.000,246.7537
7562.667,248.1832
7573.333,249.6209
7584.000,249.6209
7594.667,249.6209
7605.333,248.1832
7616.000,248.1832
7626.667,246.7537
7637.333,246.7537
7648.000,245.3325
7658.667,245.3325
7669.333,245.3325
7680.000,246.7537
7690.667,246.7537
7701.333,246.7537
7712.000,248.1832
7722.667,248.1832
7733.333,248.1832
7744.000,248.1832
7754.667,246.7537
7765.333,246.7537
7776.000,245.3325
7786.667,243.9195
7797.333,236.9756
7808.000,214.8116
7818.667,200.4263
7829.333,217.3076
7840.000,219.8326
7850.667,221.1061
7861.333,221.1061
7872.000,223.6752
7882.667,0.0000
7893.333,0.0000
7904.000,0.0000
7914.667,0.0000
7925.333,0.0000
7936.000,0.0000
7946.667,248.1832
7957.333,245.3325
7968.000,243.9195
7978.667,245.3325
7989.333,248.1832
8000.000,245.3325
8010.667,0.0000
8021.333,0.0000
8032.000,0.0000
8042.667,0.0000
8053.333,0.0000
8064.000,232.9045
8074.667,253.9842
8085.333,255.4555
8096.000,253.9842
8106.667,252.5213
8117.333,249.6209
8128.000,246.7537
8138.667,242.5147
8149.333,239.7291
8160.000,238.3484
8170.667,238.3484
8181.333,242.5147
8192.000,245.3325
8202.667,249.6209
8213.333,252.5213
8224.000,255.4555
8234.667,256.9353
8245.333,256.9353
8256.000,253.9842
8266.667,251.0669
8277.333,239.7291
8288.000,235.6107
8298.667,223.6752
8309.333,217.3076
8320.000,218.5664
8330.667,0.0000
8341.333,0.0000
8352.000,0.0000
8362.667,0.0000
8373.333,0.0000
8384.000,0.0000
8394.667,0.0000
8405.333,0.0000
8416.000,0.0000
8426.667,0.0000
8437.333,0.0000
8448.000,0.0000
8458.667,0.0000
8469.333,0.0000
8480.000,0.0000
8490.667,0.0000
8501.333,0.0000
8512.000,0.0000
8522.667,0.0000
8533.333,0.0000
8544.000,0.0000
8554.667,0.0000
8565.333,0.0000
8576.000,0.0000
8586.667,0.0000
8597.333,0.0000
8608.000,0.0000
8618.667,0.0000
8629.333,0.0000
8640.000,0.0000
8650.667,0.0000
8661.333,223.6752
8672.000,223.6752
8682.667,224.9709
8693.333,226.2742
8704.000,231.5631
8714.667,235.6107
8725.333,242.5147
8736.000,245.3325
8746.667,245.3325
8757.333,246.7537
8768.000,248.1832
8778.667,251.0669
8789.333,251.0669
8800.000,251.0669
8810.667,251.0669
8821.333,249.6209
8832.000,248.1832
8842.667,246.7537
8853.333,239.7291
8864.000,232.9045
8874.667,234.2537
8885.333,234.2537
8896.000,248.1832
8906.667,0.0000
8917.333,0.0000
8928.000,0.0000
8938.667,0.0000
8949.333,0.0000
8960.000,0.0000
8970.667,0.0000
8981.333,0.0000
8992.000,0.0000
9002.667,0.0000
9013.333,0.0000
9024.000,0.0000
9034.667,232.9045
9045.333,242.5147
9056.000,246.7537
9066.667,248.1832
9077.333,248.1832
9088.000,248.1832
9098.667,246.7537
9109.333,245.3325
9120.000,245.3325
9130.667,248.1832
9141.333,251.0669
9152.000,253.9842
9162.667,255.4555
9173.333,253.9842
9184.000,252.5213
9194.667,248.1832
9205.333,245.3325
9216.000,242.5147
9226.667,241.1179
9237.333,242.5147
9248.000,243.9195
9258.667,245.3325
9269.333,246.7537
9280.000,246.7537
9290.667,248.1832
9301.333,248.1832
9312.000,248.1832
9322.667,248.1832
9333.333,248.1832
9344.000,248.1832
9354.667,246.7537
9365.333,246.7537
9376.000,246.7537
9386.667,246.7537
9397.333,248.1832
9408.000,248.1832
9418.667,246.7537
9429.333,246.7537
9440.000,246.7537
9450.667,246.7537
9461.333,246.7537
9472.000,248.1832
9482.667,248.1832
9493.333,248.1832
9504.000,248.1832
9514.667,248.1832
9525.333,248.1832
9536.000,248.1832
9546.667,246.7537
9557.333,246.7537
9568.000,246.7537
9578.667,246.7537
9589.333,246.7537
9600.000,246.7537
9610.667,245.3325
9621.333,245.3325
9632.000,243.9195
9642.667,243.9195
9653.333,245.3325
9664.000,245.3325
9674.667,245.3325
9685.333,245.3325
9696.000,245.3325
9706.667,245.3325
9717.333,245.3325
9728.000,245.3325
9738.667,245.3325
9749.333,245.3325
9760.000,238.3484
9770.667,228.9033
9781.333,219.8326
9792.000,0.0000
9802.667,234.2537
9813.333,221.1061
9824.000,221.1061
9834.667,219.8326
9845.333,219.8326
9856.000,217.3076
9866.667,206.2992
9877.333,205.1111
9888.000,218.5664
9898.667,0.0000
9909.333,0.0000
9920.000,0.0000
9930.667,0.0000
9941.333,0.0000
9952.000,0.0000
9962.667,0.0000
9973.333,0.0000
9984.000,0.0000
9994.667,0.0000
10005.333,0.0000
10016.000,0.0000
10026.667,0.0000
10037.333,223.6752
10048.000,224.9709
10058.667,222.3869
10069.333,221.1061
10080.000,217.3076
10090.667,216.0560
10101.333,216.0560
10112.000,216.0560
10122.667,216.0560
10133.333,216.0560
10144.000,218.5664
10154.667,221.1061
10165.333,223.6752
10176.000,226.2742
10186.667,227.5850
10197.333,226.2742
10208.000,224.9709
10218.667,222.3869
10229.333,218.5664
10240.000,214.8116
10250.667,212.3443
10261.333,213.5744
10272.000,214.8116
10282.667,216.0560
10293.333,219.8326
10304.000,222.3869
10314.667,224.9709
10325.333,206.2992
10336.000,218.5664
10346.667,0.0000
10357.333,0.0000
10368.000,0.0000
10378.667,0.0000
10389.333,0.0000
10400.000,0.0000
10410.667,0.0000
10421.333,0.0000
10432.000,0.0000
10442.667,0.0000
10453.333,0.0000
10464.000,0.0000
10474.667,0.0000
10485.333,0.0000
10496.000,0.0000
10506.667,0.0000
10517.333,0.0000
10528.000,0.0000
10538.667,0.0000
10549.333,0.0000
10560.000,0.0000
10570.667,0.0000
10581.333,0.0000
10592.000,0.0000
10602.667,208.6963
10613.333,208.6963
10624.000,212.3443
10634.667,221.1061
10645.333,223.6752
10656.000,224.9709
10666.667,224.9709
10677.333,224.9709
10688.000,223.6752
10698.667,222.3869
10709.333,222.3869
10720.000,222.3869
10730.667,222.3869
10741.333,221.1061
10752.000,221.1061
10762.667,219.8326
10773.333,219.8326
10784.000,218.5664
10794.667,218.5664
10805.333,218.5664
10816.000,217.3076
10826.667,217.3076
10837.333,216.0560
10848.000,217.3076
10858.667,217.3076
10869.333,217.3076
10880.000,218.5664
10890.667,218.5664
10901.333,219.8326
10912.000,218.5664
10922.667,218.5664
10933.333,217.3076
10944.000,217.3076
10954.667,217.3076
10965.333,218.5664
10976.000,219.8326
10986.667,222.3869
10997.333,223.6752
11008.000,224.9709
11018.667,223.6752
11029.333,223.6752
11040.000,221.1061
11050.667,214.8116
11061.333,207.4943
11072.000,202.7552
11082.667,198.1242
11093.333,198.1242
11104.000,198.1242
11114.667,196.9831
11125.333,195.8486
11136.000,195.8486
11146.667,195.8486
11157.333,195.8486
11168.000,194.7206
11178.667,181.6807
11189.333,180.6343
11200.000,177.5311
11210.667,168.5378
11221.333,0.0000
11232.000,0.0000
11242.667,0.0000
11253.333,0.0000
11264.000,0.0000
11274.667,0.0000
11285.333,0.0000
11296.000,0.0000
11306.667,230.2294
11317.333,212.3443
11328.000,194.7206
11338.667,189.1772
11349.333,191.3754
11360.000,196.9831
11370.667,196.9831
11381.333,196.9831
11392.000,196.9831
11402.667,195.8486
11413.333,194.7206
11424.000,194.7206
11434.667,194.7206
11445.333,195.8486
11456.000,196.9831
11466.667,196.9831
11477.333,198.1242
11488.000,199.2719
11498.667,199.2719
11509.333,198.1242
11520.000,196.9831
11530.667,196.9831
11541.333,196.9831
11552.000,196.9831
11562.667,196.9831
11573.333,195.8486
11584.000,194.7206
11594.667,194.7206
11605.333,194.7206
11616.000,194.7206
11626.667,195.8486
11637.333,195.8486
11648.000,195.8486
11658.667,196.9831
11669.333,198.1242
11680.000,203.9297
11690.667,213.5744
11701.333,222.3869
11712.000,228.9033
11722.667,234.2537
11733.333,239.7291
11744.000,246.7537
11754.667,248.1832
11765.333,248.1832
11776.000,243.9195
11786.667,235.6107
11797.333,234.2537
11808.000,234.2537
11818.667,249.6209
11829.333,259.9208
11840.000,270.6457
11850.667,278.5762
11861.333,285.0876
11872.000,290.0708
11882.667,293.4413
11893.333,293.4413
11904.000,293.4413
11914.667,291.7512
11925.333,291.7512
11936.000,291.7512
11946.667,291.7512
11957.333,293.4413
11968.000,295.1412
11978.667,295.1412
11989.333,295.1412
12000.000,295.1412
12010.667,295.1412
12021.333,295.1412
12032.000,293.4413
12042.667,291.7512
12053.333,288.4001
12064.000,286.7391
12074.667,283.4456
12085.333,280.1900
12096.000,270.6457
12106.667,261.4265
12117.333,252.5213
12128.000,248.1832
12138.667,246.7537
12149.333,246.7537
12160.000,246.7537
12170.667,246.7537
12181.333,246.7537
12192.000,246.7537
12202.667,245.3325
12213.333,245.3325
12224.000,245.3325
12234.667,246.7537
12245.333,246.7537
12256.000,246.7537
12266.667,246.7537
12277.333,246.7537
12288.000,246.7537
12298.667,245.3325
12309.333,245.3325
12320.000,243.9195
12330.667,242.5147
12341.333,239.7291
12352.000,236.9756
12362.667,235.6107
12373.333,221.1061
12384.000,223.6752
12394.667,241.1179
12405.333,0.0000
12416.000,0.0000
12426.667,0.0000
12437.333,0.0000
12448.000,0.0000
12458.667,0.0000
12469.333,0.0000
12480.000,0.0000
12490.667,0.0000
12501.333,0.0000
12512.000,0.0000
12522.667,0.0000
12533.333,0.0000
12544.000,0.0000
12554.667,0.0000
12565.333,0.0000
12576.000,0.0000
12586.667,0.0000
12597.333,0.0000
12608.000,0.0000
12618.667,0.0000
12629.333,0.0000
12640.000,0.0000
12650.667,0.0000
12661.333,0.0000
12672.000,0.0000
12682.667,0.0000
12693.333,0.0000
12704.000,0.0000
12714.667,0.0000
12725.333,0.0000
12736.000,0.0000
12746.667,0.0000
12757.333,0.0000
12768.000,0.0000
12778.667,0.0000
12789.333,0.0000
12800.000,227.5850
12810.667,213.5744
12821.333,214.8116
12832.000,214.8116
12842.667,216.0560
12853.333,217.3076
12864.000,221.1061
12874.667,228.9033
12885.333,239.7291
12896.000,243.9195
12906.667,248.1832
12917.333,249.6209
12928.000,252.5213
12938.667,251.0669
12949.333,249.6209
12960.000,246.7537
12970.667,245.3325
12981.333,242.5147
12992.000,239.7291
13002.667,242.5147
13013.333,245.3325
13024.000,246.7537
13034.667,248.1832
13045.333,248.1832
13056.000,249.6209
13066.667,251.0669
13077.333,251.0669
13088.000,249.6209
13098.667,248.1832
13109.333,246.7537
13120.000,243.9195
13130.667,242.5147
13141.333,242.5147
13152.000,236.9756
13162.667,230.2294
13173.333,230.2294
13184.000,245.3325
13194.667,0.0000
13205.333,0.0000
13216.000,0.0000
13226.667,0.0000
13237.333,0.0000
13248.000,0.0000
13258.667,0.0000
13269.333,0.0000
13280.000,0.0000
13290.667,0.0000
13301.333,0.0000
13312.000,0.0000
13322.667,265.9961
13333.333,258.4237
13344.000,253.9842
13354.667,252.5213
13365.333,249.6209
13376.000,246.7537
13386.667,243.9195
13397.333,242.5147
13408.000,242.5147
13418.667,243.9195
13429.333,246.7537
13440.000,249.6209
13450.667,252.5213
13461.333,252.5213
13472.000,251.0669
13482.667,245.3325
13493.333,236.9756
13504.000,223.6752
13514.667,218.5664
13525.333,205.1111
13536.000,223.6752
13546.667,252.5213
13557.333,227.5850
13568.000,251.0669
13578.667,252.5213
13589.333,252.5213
13600.000,253.9842
13610.667,252.5213
13621.333,251.0669
13632.000,249.6209
13642.667,246.7537
13653.333,243.9195
13664.000,242.5147
13674.667,241.1179
13685.333,242.5147
13696.000,242.5147
13706.667,243.9195
13717.333,245.3325
13728.000,246.7537
13738.667,248.1832
13749.333,248.1832
13760.000,248.1832
13770.667,248.1832
13781.333,246.7537
13792.000,246.7537
13802.667,246.7537
13813.333,245.3325
13824.000,242.5147
13834.667,239.7291
13845.333,234.2537
13856.000,227.5850
13866.667,222.3869
13877.333,219.8326
13888.000,219.8326
13898.667,218.5664
13909.333,218.5664
13920.000,219.8326
13930.667,219.8326
13941.333,221.1061
13952.000,221.1061
13962.667,221.1061
13973.333,221.1061
13984.000,219.8326
13994.667,218.5664
14005.333,218.5664
14016.000,218.5664
14026.667,218.5664
14037.333,221.1061
14048.000,227.5850
14058.667,239.7291
14069.333,249.6209
14080.000,252.5213
14090.667,252.5213
14101.333,252.5213
14112.000,249.6209
14122.667,248.1832
14133.333,245.3325
14144.000,242.5147
14154.667,241.1179
14165.333,241.1179
14176.000,241.1179
14186.667,242.5147
14197.333,245.3325
14208.000,246.7537
14218.667,248.1832
14229.333,249.6209
14240.000,265.9961
14250.667,0.0000
14261.333,0.0000
14272.000,0.0000
14282.667,0.0000
14293.333,0.0000
14304.000,0.0000
14314.667,0.0000
14325.333,0.0000
14336.000,0.0000
14346.667,0.0000
14357.333,0.0000
14368.000,0.0000
14378.667,0.0000
14389.333,0.0000
14400.000,0.0000
14410.667,0.0000
14421.333,0.0000
14432.000,0.0000
14442.667,0.0000
14453.333,0.0000
14464.000,0.0000
14474.667,0.0000
14485.333,0.0000
14496.000,0.0000
14506.667,0.0000
14517.333,0.0000
14528.000,0.0000
14538.667,0.0000
14549.333,0.0000
14560.000,0.0000
14570.667,0.0000
14581.333,0.0000
14592.000,232.9045
14602.667,234.2537
14613.333,221.1061
14624.000,222.3869
14634.667,222.3869
14645.333,221.1061
14656.000,221.1061
14666.667,222.3869
14677.333,223.6752
14688.000,228.9033
14698.667,239.7291
14709.333,245.3325
14720.000,246.7537
14730.667,248.1832
14741.333,249.6209
14752.000,248.1832
14762.667,246.7537
14773.333,246.7537
14784.000,245.3325
14794.667,243.9195
14805.333,245.3325
14816.000,246.7537
14826.667,248.1832
14837.333,248.1832
14848.000,248.1832
14858.667,248.1832
14869.333,246.7537
14880.000,246.7537
14890.667,245.3325
14901.333,245.3325
14912.000,246.7537
14922.667,246.7537
14933.333,246.7537
14944.000,246.7537
14954.667,246.7537
14965.333,248.1832
14976.000,248.1832
14986.667,246.7537
14997.333,245.3325
15008.000,243.9195
15018.667,238.3484
15029.333,232.9045
15040.000,227.5850
15050.667,231.5631
15061.333,242.5147
15072.000,242.5147
15082.667,248.1832
15093.333,245.3325
15104.000,245.3325
15114.667,246.7537
15125.333,246.7537
15136.000,246.7537
15146.667,246.7537
15157.333,246.7537
15168.000,248.1832
15178.667,248.1832
15189.333,248.1832
15200.000,246.7537
15210.667,246.7537
15221.333,245.3325
15232.000,242.5147
15242.667,238.3484
15253.333,228.9033
15264.000,236.9756
15274.667,248.1832
15285.333,252.5213
15296.000,253.9842
15306.667,253.9842
15317.333,252.5213
15328.000,245.3325
15338.667,238.3484
15349.333,234.2537
15360.000,231.5631
15370.667,231.5631
15381.333,232.9045
15392.000,234.2537
15402.667,238.3484
15413.333,241.1179
15424.000,246.7537
15434.667,248.1832
15445.333,249.6209
15456.000,249.6209
15466.667,248.1832
15477.333,246.7537
15488.000,245.3325
15498.667,242.5147
15509.333,243.9195
15520.000,245.3325
15530.667,248.1832
15541.333,249.6209
15552.000,251.0669
15562.667,252.5213
15573.333,256.9353
15584.000,252.5213
15594.667,245.3325
15605.333,0.0000
15616.000,0.0000
15626.667,0.0000
15637.333,242.5147
15648.000,235.6107
15658.667,246.7537
15669.333,253.9842
15680.000,255.4555
15690.667,255.4555
15701.333,253.9842
15712.000,251.0669
15722.667,249.6209
15733.333,246.7537
15744.000,243.9195
15754.667,242.5147
15765.333,239.7291
15776.000,235.6107
15786.667,230.2294
15797.333,224.9709
15808.000,222.3869
15818.667,221.1061
15829.333,219.8326
15840.000,218.5664
15850.667,217.3076
15861.333,207.4943
15872.000,207.4943
15882.667,226.2742
15893.333,239.7291
15904.000,243.9195
15914.667,243.9195
15925.333,248.1832
15936.000,246.7537
15946.667,246.7537
15957.333,245.3325
15968.000,245.3325
15978.667,251.0669
15989.333,0.0000
16000.000,0.0000
16010.667,0.0000
16021.333,0.0000
16032.000,0.0000
16042.667,0.0000
16053.333,0.0000
16064.000,0.0000
16074.667,0.0000
16085.333,251.0669
16096.000,256.9353
16106.667,252.5213
16117.333,252.5213
16128.000,251.0669
16138.667,241.1179
16149.333,238.3484
16160.000,241.1179
16170.667,245.3325
16181.333,248.1832
16192.000,249.6209
16202.667,249.6209
16213.333,251.0669
16224.000,246.7537
16234.667,245.3325
16245.333,224.9709
16256.000,224.9709
16266.667,0.0000
16277.333,0.0000
16288.000,0.0000
16298.667,0.0000
16309.333,0.0000
16320.000,0.0000
16330.667,0.0000
16341.333,0.0000
16352.000,0.0000
16362.667,0.0000
16373.333,0.0000
16384.000,0.0000
16394.667,0.0000
16405.333,0.0000
16416.000,0.0000
16426.667,0.0000
16437.333,0.0000
16448.000,0.0000
16458.667,0.0000
16469.333,0.0000
16480.000,0.0000
16490.667,0.0000
16501.333,0.0000
16512.000,0.0000
16522.667,0.0000
16533.333,0.0000
16544.000,0.0000
16554.667,0.0000
16565.333,0.0000
16576.000,0.0000
16586.667,0.0000
16597.333,0.0000
16608.000,0.0000
16618.667,0.0000
16629.333,0.0000
16640.000,0.0000
16650.667,0.0000
16661.333,0.0000
16672.000,0.0000
16682.667,0.0000
16693.333,256.9353
16704.000,262.9409
16714.667,269.0869
16725.333,270.6457
16736.000,270.6457
16746.667,267.5370
16757.333,262.9409
16768.000,258.4237
16778.667,252.5213
16789.333,249.6209
16800.000,248.1832
16810.667,246.7537
16821.333,246.7537
16832.000,246.7537
16842.667,248.1832
16853.333,248.1832
16864.000,246.7537
16874.667,246.7537
16885.333,245.3325
16896.000,245.3325
16906.667,245.3325
16917.333,245.3325
16928.000,246.7537
16938.667,246.7537
16949.333,246.7537
16960.000,248.1832
16970.667,248.1832
16981.333,246.7537
16992.000,245.3325
17002.667,243.9195
17013.333,242.5147
17024.000,239.7291
17034.667,239.7291
17045.333,234.2537
17056.000,232.9045
17066.667,243.9195
17077.333,248.1832
17088.000,248.1832
17098.667,249.6209
17109.333,249.6209
17120.000,249.6209
17130.667,248.1832
17141.333,248.1832
17152.000,246.7537
17162.667,246.7537
17173.333,246.7537
17184.000,246.7537
17194.667,246.7537
17205.333,246.7537
17216.000,245.3325
17226.667,245.3325
17237.333,245.3325
17248.000,246.7537
17258.667,246.7537
17269.333,246.7537
17280.000,246.7537
17290.667,246.7537
17301.333,246.7537
17312.000,246.7537
17322.667,246.7537
17333.333,246.7537
17344.000,246.7537
17354.667,246.7537
17365.333,246.7537
17376.000,246.7537
17386.667,246.7537
17397.333,242.5147
17408.000,227.5850
17418.667,224.9709
17429.333,245.3325
17440.000,246.7537
17450.667,246.7537
17461.333,246.7537
17472.000,246.7537
17482.667,245.3325
17493.333,246.7537
17504.000,249.6209
17514.667,0.0000
17525.333,0.0000
17536.000,0.0000
17546.667,0.0000
17557.333,0.0000
17568.000,253.9842
17578.667,252.5213
17589.333,251.0669
17600.000,251.0669
17610.667,248.1832
17621.333,246.7537
17632.000,245.3325
17642.667,245.3325
17653.333,245.3325
17664.000,245.3325
17674.667,246.7537
17685.333,249.6209
17696.000,251.0669
17706.667,249.6209
17717.333,249.6209
17728.000,245.3325
17738.667,239.7291
17749.333,228.9033
17760.000,202.7552
17770.667,187.0044
17781.333,180.6343
17792.000,182.7332
17802.667,200.4263
17813.333,201.5874
17824.000,205.1111
17834.667,209.9053
17845.333,213.5744
17856.000,216.0560
17866.667,218.5664
17877.333,218.5664
17888.000,219.8326
17898.667,218.5664
17909.333,218.5664
17920.000,218.5664
17930.667,219.8326
17941.333,219.8326
17952.000,219.8326
17962.667,221.1061
17973.333,222.3869
17984.000,222.3869
17994.667,222.3869
18005.333,221.1061
18016.000,219.8326
18026.667,218.5664
18037.333,216.0560
18048.000,212.3443
18058.667,211.1213
18069.333,214.8116
18080.000,219.8326
18090.667,219.8326
18101.333,221.1061
18112.000,221.1061
18122.667,221.1061
18133.333,219.8326
18144.000,219.8326
18154.667,218.5664
18165.333,218.5664
18176.000,218.5664
18186.667,216.0560
18197.333,217.3076
18208.000,216.0560
18218.667,0.0000
18229.333,0.0000
18240.000,0.0000
18250.667,0.0000
18261.333,0.0000
18272.000,0.0000
18282.667,0.0000
18293.333,0.0000
18304.000,0.0000
18314.667,0.0000
18325.333,0.0000
18336.000,0.0000
18346.667,0.0000
18357.333,0.0000
18368.000,0.0000
18378.667,0.0000
18389.333,0.0000
18400.000,0.0000
18410.667,0.0000
18421.333,0.0000
18432.000,0.0000
18442.667,0.0000
18453.333,0.0000
18464.000,0.0000
18474.667,0.0000
18485.333,0.0000
18496.000,0.0000
18506.667,0.0000
18517.333,196.9831
18528.000,196.9831
18538.667,218.5664
18549.333,228.9033
18560.000,216.0560
18570.667,216.0560
18581.333,221.1061
18592.000,222.3869
18602.667,222.3869
18613.333,222.3869
18624.000,222.3869
18634.667,221.1061
18645.333,222.3869
18656.000,222.3869
18666.667,221.1061
18677.333,221.1061
18688.000,219.8326
18698.667,221.1061
18709.333,221.1061
18720.000,221.1061
18730.667,219.8326
18741.333,219.8326
18752.000,218.5664
18762.667,218.5664
18773.333,218.5664
18784.000,218.5664
18794.667,219.8326
18805.333,221.1061
18816.000,221.1061
18826.667,221.1061
18837.333,221.1061
18848.000,221.1061
18858.667,221.1061
18869.333,219.8326
18880.000,219.8326
18890.667,219.8326
18901.333,219.8326
18912.000,219.8326
18922.667,219.8326
18933.333,219.8326
18944.000,219.8326
18954.667,219.8326
18965.333,221.1061
18976.000,221.1061
18986.667,221.1061
18997.333,221.1061
19008.000,221.1061
19018.667,219.8326
19029.333,217.3076
19040.000,205.1111
19050.667,200.4263
19061.333,194.7206
19072.000,193.5991
19082.667,192.4840
19093.333,193.5991
19104.000,194.7206
19114.667,194.7206
19125.333,194.7206
19136.000,193.5991
19146.667,193.5991
19157.333,193.5991
19168.000,195.8486
19178.667,196.9831
19189.333,198.1242
19200.000,201.5874
19210.667,202.7552
19221.333,203.9297
19232.000,203.9297
19242.667,191.3754
19253.333,0.0000
19264.000,0.0000
19274.667,0.0000
19285.333,0.0000
19296.000,0.0000
19306.667,192.4840
19317.333,193.5991
19328.000,194.7206
19338.667,195.8486
19349.333,196.9831
19360.000,196.9831
19370.667,195.8486
19381.333,193.5991
19392.000,192.4840
19402.667,191.3754
19413.333,191.3754
19424.000,192.4840
19434.667,195.8486
19445.333,196.9831
19456.000,198.1242
19466.667,199.2719
19477.333,199.2719
19488.000,199.2719
19498.667,198.1242
19509.333,195.8486
19520.000,195.8486
19530.667,194.7206
19541.333,194.7206
19552.000,194.7206
19562.667,194.7206
19573.333,194.7206
19584.000,195.8486
19594.667,196.9831
19605.333,196.9831
19616.000,198.1242
19626.667,198.1242
19637.333,199.2719
19648.000,200.4263
19658.667,201.5874
19669.333,203.9297
19680.000,207.4943
19690.667,212.3443
19701.333,223.6752
19712.000,238.3484
19722.667,249.6209
19733.333,259.9208
19744.000,264.4641
19754.667,264.4641
19765.333,262.9409
19776.000,259.9208
19786.667,255.4555
19797.333,253.9842
19808.000,255.4555
19818.667,0.0000
19829.333,0.0000
19840.000,291.7512
19850.667,295.1412
19861.333,298.5706
19872.000,298.5706
19882.667,296.8509
19893.333,296.8509
19904.000,295.1412
19914.667,293.4413
19925.333,291.7512
19936.000,291.7512
19946.667,291.7512
19957.333,293.4413
19968.000,293.4413
19978.667,295.1412
19989.333,295.1412
20000.000,295.1412
20010.667,295.1412
20021.333,295.1412
20032.000,293.4413
20042.667,291.7512
20053.333,290.0708
20064.000,286.7391
20074.667,281.8131
20085.333,275.3765
20096.000,267.5370
20106.667,262.9409
20117.333,255.4555
20128.000,251.0669
20138.667,248.1832
20149.333,248.1832
20160.000,249.6209
20170.667,249.6209
20181.333,249.6209
20192.000,249.6209
20202.667,249.6209
20213.333,249.6209
20224.000,249.6209
20234.667,248.1832
20245.333,248.1832
20256.000,246.7537
20266.667,245.3325
20277.333,243.9195
20288.000,241.1179
20298.667,238.3484
20309.333,235.6107
20320.000,232.9045
20330.667,218.5664
20341.333,0.0000
20352.000,0.0000
20362.667,0.0000
20373.333,0.0000
20384.000,0.0000
20394.667,0.0000
20405.333,0.0000
20416.000,0.0000
20426.667,0.0000
20437.333,0.0000
20448.000,0.0000
20458.667,0.0000
20469.333,0.0000
20480.000,0.0000
20490.667,0.0000
20501.333,0.0000
20512.000,0.0000
20522.667,0.0000
20533.333,0.0000
20544.000,0.0000
20554.667,0.0000
20565.333,0.0000
20576.000,0.0000
20586.667,0.0000
20597.333,0.0000
20608.000,0.0000
20618.667,0.0000
20629.333,0.0000
20640.000,0.0000
20650.667,0.0000
20661.333,0.0000
20672.000,0.0000
20682.667,0.0000
20693.333,0.0000
20704.000,0.0000
20714.667,0.0000
20725.333,0.0000
20736.000,177.5311
20746.667,187.0044
20757.333,185.9273
20768.000,189.1772
20778.667,192.4840
20789.333,196.9831
20800.000,213.5744
20810.667,221.1061
20821.333,235.6107
20832.000,261.4265
20842.667,264.4641
20853.333,264.4641
20864.000,264.4641
20874.667,264.4641
20885.333,264.4641
20896.000,265.9961
20906.667,269.0869
20917.333,272.2135
20928.000,278.5762
20938.667,286.7391
20949.333,295.1412
20960.000,296.8509
20970.667,295.1412
20981.333,293.4413
20992.000,291.7512
21002.667,291.7512
21013.333,291.7512
21024.000,293.4413
21034.667,293.4413
21045.333,293.4413
21056.000,293.4413
21066.667,293.4413
21077.333,290.0708
21088.000,288.4001
21098.667,286.7391
21109.333,0.0000
21120.000,0.0000
21130.667,0.0000
21141.333,0.0000
21152.000,0.0000
21162.667,0.0000
21173.333,0.0000
21184.000,0.0000
21194.667,0.0000
21205.333,0.0000
21216.000,0.0000
21226.667,0.0000
21237.333,0.0000
21248.000,0.0000
21258.667,0.0000
21269.333,0.0000
21280.000,0.0000
21290.667,0.0000
21301.333,309.0996
21312.000,310.8902
21322.667,314.5026
21333.333,312.6912
21344.000,312.6912
21354.667,305.5493
21365.333,298.5706
21376.000,295.1412
21386.667,295.1412
21397.333,293.4413
21408.000,293.4413
21418.667,295.1412
21429.333,295.1412
21440.000,295.1412
21450.667,295.1412
21461.333,295.1412
21472.000,293.4413
21482.667,290.0708
21493.333,286.7391
21504.000,280.1900
21514.667,269.0869
21525.333,259.9208
21536.000,253.9842
21546.667,251.0669
21557.333,249.6209
21568.000,248.1832
21578.667,248.1832
21589.333,248.1832
21600.000,246.7537
21610.667,235.6107
21621.333,0.0000
21632.000,0.0000
21642.667,0.0000
21653.333,0.0000
21664.000,0.0000
21674.667,0.0000
21685.333,0.0000
21696.000,208.6963
21706.667,213.5744
21717.333,205.1111
21728.000,205.1111
21738.667,217.3076
21749.333,223.6752
21760.000,222.3869
21770.667,222.3869
21781.333,222.3869
21792.000,219.8326
21802.667,217.3076
21813.333,216.0560
21824.000,216.0560
21834.667,217.3076
21845.333,217.3076
21856.000,219.8326
21866.667,223.6752
21877.333,224.9709
21888.000,224.9709
21898.667,222.3869
21909.333,219.8326
21920.000,203.9297
21930.667,190.2731
21941.333,203.9297
21952.000,203.9297
21962.667,206.2992
21973.333,202.7552
21984.000,201.5874
21994.667,198.1242
22005.333,198.1242
22016.000,196.9831
22026.667,195.8486
22037.333,196.9831
22048.000,196.9831
22058.667,198.1242
22069.333,198.1242
22080.000,198.1242
22090.667,199.2719
22101.333,199.2719
22112.000,199.2719
22122.667,195.8486
22133.333,193.5991
22144.000,0.0000
22154.667,216.0560
22165.333,219.8326
22176.000,219.8326
22186.667,219.8326
22197.333,221.1061
22208.000,230.2294
22218.667,223.6752
22229.333,208.6963
22240.000,211.1213
22250.667,219.8326
22261.333,219.8326
22272.000,219.8326
22282.667,0.0000
22293.333,251.0669
22304.000,264.4641
22314.667,272.2135
22325.333,288.4001
22336.000,295.1412
22346.667,296.8509
22357.333,296.8509
22368.000,295.1412
22378.667,291.7512
22389.333,288.4001
22400.000,288.4001
22410.667,288.4001
22421.333,288.4001
22432.000,290.0708
22442.667,291.7512
22453.333,293.4413
22464.000,293.4413
22474.667,293.4413
22485.333,293.4413
22496.000,293.4413
22506.667,288.4001
22517.333,0.0000
22528.000,0.0000
22538.667,0.0000
22549.333,0.0000
22560.000,0.0000
22570.667,0.0000
22581.333,0.0000
22592.000,0.0000
22602.667,0.0000
22613.333,0.0000
22624.000,0.0000
22634.667,0.0000
22645.333,0.0000
22656.000,0.0000
22666.667,0.0000
22677.333,0.0000
22688.000,0.0000
22698.667,0.0000
22709.333,0.0000
22720.000,0.0000
22730.667,0.0000
22741.333,0.0000
22752.000,0.0000
22762.667,0.0000
22773.333,0.0000
22784.000,0.0000
22794.667,0.0000
22805.333,0.0000
22816.000,0.0000
22826.667,0.0000
22837.333,300.3002
22848.000,298.5706
22858.667,300.3002
22869.333,298.5706
22880.000,298.5706
22890.667,296.8509
22901.333,295.1412
22912.000,291.7512
22922.667,288.4001
22933.333,288.4001
22944.000,290.0708
22954.667,293.4413
22965.333,296.8509
22976.000,298.5706
22986.667,300.3002
22997.333,298.5706
23008.000,298.5706
23018.667,295.1412
23029.333,293.4413
23040.000,290.0708
23050.667,286.7391
23061.333,285.0876
23072.000,278.5762
23082.667,273.7904
23093.333,273.7904
23104.000,258.4237
23114.667,295.1412
23125.333,0.0000
23136.000,0.0000
23146.667,0.0000
23157.333,0.0000
23168.000,0.0000
23178.667,0.0000
23189.333,0.0000
23200.000,0.0000
23210.667,0.0000
23221.333,0.0000
23232.000,0.0000
23242.667,0.0000
23253.333,0.0000
23264.000,0.0000
23274.667,0.0000
23285.333,0.0000
23296.000,0.0000
23306.667,0.0000
23317.333,0.0000
23328.000,298.5706
23338.667,298.5706
23349.333,298.5706
23360.000,298.5706
23370.667,296.8509
23381.333,295.1412
23392.000,295.1412
23402.667,293.4413
23413.333,293.4413
23424.000,291.7512
23434.667,293.4413
23445.333,293.4413
23456.000,295.1412
23466.667,295.1412
23477.333,293.4413
23488.000,285.0876
23498.667,273.7904
23509.333,269.0869
23520.000,259.9208
23530.667,252.5213
23541.333,251.0669
23552.000,248.1832
23562.667,248.1832
23573.333,242.5147
23584.000,234.2537
23594.667,0.0000
23605.333,0.0000
23616.000,0.0000
23626.667,0.0000
23637.333,0.0000
23648.000,0.0000
23658.667,0.0000
23669.333,0.0000
23680.000,0.0000
23690.667,0.0000
23701.333,0.0000
23712.000,0.0000
23722.667,241.1179
23733.333,245.3325
23744.000,242.5147
23754.667,241.1179
23765.333,238.3484
23776.000,230.2294
23786.667,226.2742
23797.333,223.6752
23808.000,221.1061
23818.667,219.8326
23829.333,218.5664
23840.000,219.8326
23850.667,221.1061
23861.333,222.3869
23872.000,221.1061
23882.667,221.1061
23893.333,221.1061
23904.000,219.8326
23914.667,218.5664
23925.333,214.8116
23936.000,209.9053
23946.667,205.1111
23957.333,200.4263
23968.000,198.1242
23978.667,195.8486
23989.333,195.8486
24000.000,195.8486
24010.667,195.8486
24021.333,195.8486
24032.000,195.8486
24042.667,195.8486
24053.333,193.5991
24064.000,194.7206
24074.667,190.2731
24085.333,192.4840
24096.000,196.9831
24106.667,196.9831
24117.333,196.9831
24128.000,0.0000
24138.667,0.0000
24149.333,0.0000
24160.000,0.0000
24170.667,0.0000
24181.333,0.0000
24192.000,0.0000
24202.667,0.0000
24213.333,0.0000
24224.000,0.0000
24234.667,0.0000
24245.333,0.0000
24256.000,0.0000
24266.667,0.0000
24277.333,0.0000
24288.000,0.0000
24298.667,0.0000
24309.333,0.0000
24320.000,0.0000
24330.667,265.9961
24341.333,264.4641
24352.000,262.9409
24362.667,265.9961
24373.333,262.9409
24384.000,261.4265
24394.667,256.9353
24405.333,251.0669
24416.000,249.6209
24426.667,251.0669
24437.333,0.0000
24448.000,0.0000
24458.667,0.0000
24469.333,293.4413
24480.000,295.1412
24490.667,296.8509
24501.333,295.1412
24512.000,293.4413
24522.667,293.4413
24533.333,293.4413
24544.000,296.8509
24554.667,300.3002
24565.333,302.0398
24576.000,302.0398
24586.667,0.0000
24597.333,0.0000
24608.000,0.0000
24618.667,0.0000
24629.333,0.0000
24640.000,0.0000
24650.667,318.1569
24661.333,307.3193
24672.000,270.6457
24682.667,264.4641
24693.333,267.5370
24704.000,270.6457
24714.667,293.4413
24725.333,295.1412
24736.000,296.8509
24746.667,296.8509
24757.333,296.8509
24768.000,296.8509
24778.667,295.1412
24789.333,293.4413
24800.000,293.4413
24810.667,293.4413
24821.333,293.4413
24832.000,293.4413
24842.667,293.4413
24853.333,295.1412
24864.000,295.1412
24874.667,293.4413
24885.333,293.4413
24896.000,293.4413
24906.667,291.7512
24917.333,291.7512
24928.000,291.7512
24938.667,291.7512
24949.333,291.7512
24960.000,291.7512
24970.667,291.7512
24981.333,291.7512
24992.000,291.7512
25002.667,293.4413
25013.333,293.4413
25024.000,293.4413
25034.667,295.1412
25045.333,295.1412
25056.000,295.1412
25066.667,295.1412
25077.333,293.4413
25088.000,290.0708
25098.667,272.2135
25109.333,253.9842
25120.000,258.4237
25130.667,258.4237
25141.333,259.9208
25152.000,259.9208
25162.667,259.9208
25173.333,258.4237
25184.000,256.9353
25194.667,253.9842
25205.333,253.9842
25216.000,0.0000
25226.667,0.0000
25237.333,0.0000
25248.000,261.4265
25258.667,262.9409
25269.333,267.5370
25280.000,273.7904
25290.667,286.7391
25301.333,295.1412
25312.000,296.8509
25322.667,295.1412
25333.333,293.4413
25344.000,293.4413
25354.667,291.7512
25365.333,291.7512
25376.000,291.7512
25386.667,291.7512
25397.333,291.7512
25408.000,291.7512
25418.667,291.7512
25429.333,291.7512
25440.000,291.7512
25450.667,293.4413
25461.333,290.0708
25472.000,283.4456
25482.667,276.9717
25493.333,265.9961
25504.000,259.9208
25514.667,256.9353
25525.333,255.4555
25536.000,251.0669
25546.667,246.7537
25557.333,242.5147
25568.000,227.5850
25578.667,235.6107
25589.333,223.6752
25600.000,193.5991
25610.667,193.5991
25621.333,196.9831
25632.000,196.9831
25642.667,194.7206
25653.333,189.1772
25664.000,181.6807
25674.667,182.7332
25685.333,0.0000
25696.000,226.2742
25706.667,230.2294
25717.333,231.5631
25728.000,234.2537
25738.667,234.2537
25749.333,232.9045
25760.000,226.2742
25770.667,221.1061
25781.333,219.8326
25792.000,218.5664
25802.667,218.5664
25813.333,218.5664
25824.000,218.5664
25834.667,218.5664
25845.333,218.5664
25856.000,219.8326
25866.667,221.1061
25877.333,222.3869
25888.000,222.3869
25898.667,222.3869
25909.333,221.1061
25920.000,211.1213
25930.667,207.4943
25941.333,202.7552
25952.000,200.4263
25962.667,198.1242
25973.333,198.1242
25984.000,198.1242
25994.667,198.1242
26005.333,196.9831
26016.000,195.8486
26026.667,201.5874
26037.333,201.5874
26048.000,202.7552
26058.667,201.5874
26069.333,196.9831
26080.000,198.1242
26090.667,193.5991
26101.333,185.9273
26112.000,184.8564
26122.667,191.3754
26133.333,0.0000
26144.000,0.0000
26154.667,0.0000
26165.333,0.0000
26176.000,0.0000
26186.667,0.0000
26197.333,0.0000
26208.000,0.0000
26218.667,0.0000
26229.333,0.0000
26240.000,0.0000
26250.667,0.0000
26261.333,0.0000
26272.000,0.0000
26282.667,0.0000
26293.333,0.0000
26304.000,0.0000
26314.667,350.9840
26325.333,350.9840
26336.000,353.0172
26346.667,350.9840
26357.333,350.9840
26368.000,346.9526
26378.667,342.9675
26389.333,342.9675
26400.000,344.9543
26410.667,0.0000
26421.333,0.0000
26432.000,387.1981
26442.667,391.6971
26453.333,393.9662
26464.000,393.9662
26474.667,391.6971
26485.333,389.4411
26496.000,384.9680
26506.667,384.9680
26517.333,384.9680
26528.000,387.1981
26538.667,391.6971
26549.333,396.2484
26560.000,398.5439
26570.667,398.5439
26581.333,398.5439
26592.000,396.2484
26602.667,393.9662
26613.333,391.6971
26624.000,389.4411
26634.667,387.1981
26645.333,384.9680
26656.000,380.5463
26666.667,376.1753
26677.333,374.0087
26688.000,346.9526
26698.667,344.9543
26709.333,0.0000
26720.000,0.0000
26730.667,0.0000
26741.333,0.0000
26752.000,0.0000
26762.667,0.0000
26773.333,0.0000
26784.000,0.0000
26794.667,0.0000
26805.333,405.5103
26816.000,410.2221
26826.667,414.9887
26837.333,417.3927
26848.000,417.3927
26858.667,0.0000
26869.333,0.0000
26880.000,380.5463
26890.667,380.5463
26901.333,380.5463
26912.000,384.9680
26922.667,389.4411
26933.333,396.2484
26944.000,396.2484
26954.667,387.1981
26965.333,378.3545
26976.000,348.9625
26986.667,314.5026
26997.333,309.0996
27008.000,0.0000
27018.667,0.0000
27029.333,0.0000
27040.000,0.0000
27050.667,376.1753
27061.333,405.5103
27072.000,419.8106
27082.667,422.2425
27093.333,419.8106
27104.000,419.8106
27114.667,419.8106
27125.333,369.7129
27136.000,371.8546
27146.667,371.8546
27157.333,374.0087
27168.000,376.1753
27178.667,378.3545
27189.333,371.8546
27200.000,335.1341
27210.667,302.0398
27221.333,290.0708
27232.000,281.8131
27242.667,270.6457
27253.333,261.4265
27264.000,255.4555
27274.667,245.3325
27285.333,235.6107
27296.000,0.0000
27306.667,0.0000
27317.333,310.8902
27328.000,357.1191
27338.667,359.1879
27349.333,400.8526
27360.000,400.8526
27370.667,400.8526
27381.333,398.5439
27392.000,393.9662
27402.667,389.4411
27413.333,384.9680
27424.000,382.7508
27434.667,382.7508
27445.333,384.9680
27456.000,389.4411
27466.667,391.6971
27477.333,393.9662
27488.000,396.2484
27498.667,396.2484
27509.333,393.9662
27520.000,391.6971
27530.667,387.1981
27541.333,387.1981
27552.000,387.1981
27562.667,389.4411
27573.333,393.9662
27584.000,393.9662
27594.667,398.5439
27605.333,398.5439
27616.000,398.5439
27626.667,398.5439
27637.333,396.2484
27648.000,393.9662
27658.667,391.6971
27669.333,389.4411
27680.000,384.9680
27690.667,380.5463
27701.333,376.1753
27712.000,374.0087
27722.667,374.0087
27733.333,369.7129
27744.000,363.3614
27754.667,344.9543
27765.333,320.0000
27776.000,293.4413
27786.667,280.1900
27797.333,264.4641
27808.000,264.4641
27818.667,0.0000
27829.333,0.0000
27840.000,359.1879
27850.667,376.1753
27861.333,387.1981
27872.000,391.6971
27882.667,391.6971
27893.333,393.9662
27904.000,393.9662
27914.667,398.5439
27925.333,407.8594
27936.000,424.6886
27946.667,434.6152
27957.333,439.6652
27968.000,444.7738
27978.667,447.3504
27989.333,447.3504
28000.000,444.7738
28010.667,442.2121
28021.333,442.2121
28032.000,439.6652
28042.667,439.6652
28053.333,439.6652
28064.000,439.6652
28074.667,439.6652
28085.333,439.6652
28096.000,439.6652
28106.667,437.1329
28117.333,432.1120
28128.000,427.1488
28138.667,449.9419
28149.333,465.8090
28160.000,479.4583
28170.667,490.6651
28181.333,496.3663
28192.000,499.2417
28202.667,502.1338
28213.333,496.3663
28224.000,493.5075
28234.667,490.6651
28245.333,490.6651
28256.000,490.6651
28266.667,496.3663
28277.333,499.2417
28288.000,499.2417
28298.667,499.2417
28309.333,493.5075
28320.000,490.6651
28330.667,487.8390
28341.333,0.0000
28352.000,0.0000
28362.667,0.0000
28373.333,0.0000
28384.000,0.0000
28394.667,0.0000
28405.333,0.0000
28416.000,0.0000
28426.667,0.0000
28437.333,0.0000
28448.000,0.0000
28458.667,0.0000
28469.333,0.0000
28480.000,0.0000
28490.667,0.0000
28501.333,0.0000
28512.000,0.0000
28522.667,0.0000
28533.333,0.0000
28544.000,0.0000
28554.667,0.0000
28565.333,0.0000
28576.000,0.0000
28586.667,0.0000
28597.333,0.0000
28608.000,0.0000
28618.667,0.0000
28629.333,0.0000
28640.000,0.0000
28650.667,0.0000
28661.333,0.0000
28672.000,0.0000
28682.667,0.0000
28693.333,0.0000
28704.000,0.0000
28714.667,0.0000
28725.333,0.0000
28736.000,0.0000
28746.667,0.0000
28757.333,0.0000
28768.000,0.0000
28778.667,0.0000
28789.333,0.0000
28800.000,0.0000
28810.667,0.0000
28821.333,0.0000
28832.000,346.9526
28842.667,346.9526
28853.333,353.0172
28864.000,357.1191
28874.667,359.1879
28885.333,361.2686
28896.000,359.1879
28906.667,359.1879
28917.333,359.1879
28928.000,361.2686
28938.667,365.4663
28949.333,369.7129
28960.000,378.3545
28970.667,389.4411
28981.333,393.9662
28992.000,396.2484
29002.667,396.2484
29013.333,391.6971
29024.000,389.4411
29034.667,387.1981
29045.333,384.9680
29056.000,387.1981
29066.667,393.9662
29077.333,396.2484
29088.000,398.5439
29098.667,398.5439
29109.333,396.2484
29120.000,393.9662
29130.667,391.6971
29141.333,389.4411
29152.000,387.1981
29162.667,384.9680
29173.333,382.7508
29184.000,382.7508
29194.667,0.0000
29205.333,0.0000
29216.000,0.0000
29226.667,0.0000
29237.333,0.0000
29248.000,0.0000
29258.667,0.0000
29269.333,0.0000
29280.000,0.0000
29290.667,0.0000
29301.333,0.0000
29312.000,246.7537
29322.667,248.1832
29333.333,248.1832
29344.000,246.7537
29354.667,246.7537
29365.333,245.3325
29376.000,243.9195
29386.667,243.9195
29397.333,242.5147
29408.000,242.5147
29418.667,242.5147
29429.333,227.5850
29440.000,227.5850
29450.667,242.5147
29461.333,0.0000
29472.000,300.3002
29482.667,300.3002
29493.333,291.7512
29504.000,291.7512
29514.667,291.7512
29525.333,291.7512
29536.000,290.0708
29546.667,290.0708
29557.333,290.0708
29568.000,0.0000
29578.667,0.0000
29589.333,0.0000
29600.000,0.0000
29610.667,0.0000
29621.333,0.0000
29632.000,0.0000
29642.667,348.9625
29653.333,384.9680
29664.000,389.4411
29674.667,393.9662
29685.333,396.2484
29696.000,398.5439
29706.667,396.2484
29717.333,391.6971
29728.000,389.4411
29738.667,389.4411
29749.333,389.4411
29760.000,389.4411
29770.667,391.6971
29781.333,391.6971
29792.000,391.6971
29802.667,391.6971
29813.333,391.6971
29824.000,391.6971
29834.667,389.4411
29845.333,387.1981
29856.000,389.4411
29866.667,0.0000
29877.333,0.0000
29888.000,0.0000
29898.667,242.5147
29909.333,243.9195
29920.000,258.4237
29930.667,264.4641
29941.333,272.2135
29952.000,280.1900
29962.667,290.0708
29973.333,291.7512
29984.000,293.4413
29994.667,293.4413
30005.333,291.7512
30016.000,291.7512
30026.667,290.0708
30037.333,290.0708
30048.000,290.0708
30058.667,290.0708
30069.333,295.1412
30080.000,298.5706
30090.667,302.0398
30101.333,300.3002
30112.000,298.5706
30122.667,296.8509
30133.333,293.4413
30144.000,291.7512
30154.667,290.0708
30165.333,288.4001
30176.000,290.0708
30186.667,291.7512
30197.333,295.1412
30208.000,295.1412
30218.667,296.8509
30229.333,295.1412
30240.000,293.4413
30250.667,291.7512
30261.333,290.0708
30272.000,288.4001
30282.667,288.4001
30293.333,288.4001
30304.000,288.4001
30314.667,286.7391
30325.333,283.4456
30336.000,302.0398
30346.667,307.3193
30357.333,309.0996
30368.000,272.2135
30378.667,272.2135
30389.333,286.7391
30400.000,295.1412
30410.667,298.5706
30421.333,298.5706
30432.000,298.5706
30442.667,296.8509
30453.333,298.5706
30464.000,296.8509
30474.667,305.5493
30485.333,295.1412
30496.000,295.1412
30506.667,291.7512
30517.333,291.7512
30528.000,293.4413
30538.667,293.4413
30549.333,0.0000
30560.000,0.0000
30570.667,0.0000
30581.333,0.0000
30592.000,211.1213
30602.667,211.1213
30613.333,214.8116
30624.000,213.5744
30634.667,216.0560
30645.333,217.3076
30656.000,217.3076
30666.667,219.8326
30677.333,217.3076
30688.000,218.5664
30698.667,219.8326
30709.333,217.3076
30720.000,0.0000
30730.667,0.0000
30741.333,0.0000
30752.000,0.0000
30762.667,0.0000
30773.333,0.0000
30784.000,0.0000
30794.667,0.0000
30805.333,0.0000
30816.000,0.0000
30826.667,0.0000
30837.333,0.0000
30848.000,0.0000
30858.667,0.0000
30869.333,0.0000
30880.000,0.0000
30890.667,0.0000
30901.333,0.0000
30912.000,0.0000
30922.667,0.0000
30933.333,0.0000
30944.000,0.0000
30954.667,0.0000
30965.333,0.0000
30976.000,0.0000
30986.667,0.0000
30997.333,0.0000
31008.000,0.0000
31018.667,0.0000
31029.333,0.0000
31040.000,0.0000
31050.667,207.4943
31061.333,232.9045
31072.000,235.6107
31082.667,236.9756
31093.333,239.7291
31104.000,245.3325
31114.667,246.7537
31125.333,246.7537
31136.000,246.7537
31146.667,246.7537
31157.333,245.3325
31168.000,245.3325
31178.667,245.3325
31189.333,245.3325
31200.000,245.3325
31210.667,246.7537
31221.333,246.7537
31232.000,246.7537
31242.667,246.7537
31253.333,248.1832
31264.000,248.1832
31274.667,248.1832
31285.333,249.6209
31296.000,249.6209
31306.667,251.0669
31317.333,249.6209
31328.000,248.1832
31338.667,246.7537
31349.333,243.9195
31360.000,243.9195
31370.667,242.5147
31381.333,241.1179
31392.000,239.7291
31402.667,259.9208
31413.333,0.0000
31424.000,293.4413
31434.667,293.4413
31445.333,293.4413
31456.000,303.7895
31466.667,303.7895
31477.333,286.7391
31488.000,293.4413
31498.667,285.0876
31509.333,286.7391
31520.000,305.5493
31530.667,0.0000
31541.333,0.0000
31552.000,0.0000
31562.667,0.0000
31573.333,0.0000
31584.000,0.0000
31594.667,0.0000
31605.333,0.0000
31616.000,0.0000
31626.667,0.0000
31637.333,0.0000
31648.000,0.0000
31658.667,0.0000
31669.333,0.0000
31680.000,0.0000
31690.667,0.0000
31701.333,0.0000
31712.000,502.1338
31722.667,510.9110
31733.333,473.9512
31744.000,455.1699
31754.667,449.9419
31765.333,447.3504
31776.000,442.2121
31786.667,439.6652
31797.333,439.6652
31808.000,442.2121
31818.667,447.3504
31829.333,468.5074
31840.000,485.0293
31850.667,493.5075
31861.333,496.3663
31872.000,496.3663
31882.667,496.3663
31893.333,496.3663
31904.000,496.3663
31914.667,496.3663
31925.333,493.5075
31936.000,493.5075
31946.667,493.5075
31957.333,496.3663
31968.000,496.3663
31978.667,496.3663
31989.333,496.3663
32000.000,496.3663
32010.667,493.5075
32021.333,482.2357
32032.000,468.5074
32042.667,465.8090
32053.333,0.0000
32064.000,0.0000
32074.667,0.0000
32085.333,382.7508
32096.000,391.6971
32106.667,393.9662
32117.333,393.9662
32128.000,391.6971
32138.667,389.4411
32149.333,387.1981
32160.000,384.9680
32170.667,382.7508
32181.333,382.7508
32192.000,384.9680
32202.667,391.6971
32213.333,400.8526
32224.000,403.1747
32234.667,405.5103
32245.333,405.5103
32256.000,403.1747
32266.667,398.5439
32277.333,391.6971
32288.000,389.4411
32298.667,384.9680
32309.333,382.7508
32320.000,384.9680
32330.667,387.1981
32341.333,389.4411
32352.000,391.6971
32362.667,393.9662
32373.333,393.9662
32384.000,393.9662
32394.667,393.9662
32405.333,393.9662
32416.000,0.0000
32426.667,0.0000
32437.333,0.0000
32448.000,0.0000
32458.667,0.0000
32469.333,0.0000
32480.000,0.0000
32490.667,0.0000
32501.333,0.0000
32512.000,0.0000
32522.667,0.0000
32533.333,0.0000
32544.000,0.0000
32554.667,0.0000
32565.333,0.0000
32576.000,0.0000
32586.667,0.0000
32597.333,0.0000
32608.000,0.0000
32618.667,0.0000
32629.333,0.0000
32640.000,0.0000
32650.667,0.0000
32661.333,0.0000
32672.000,0.0000
32682.667,0.0000
32693.333,0.0000
32704.000,0.0000
32714.667,0.0000
32725.333,0.0000
32736.000,0.0000
32746.667,0.0000
32757.333,0.0000
32768.000,0.0000
32778.667,0.0000
32789.333,0.0000
32800.000,0.0000
32810.667,0.0000
32821.333,0.0000
32832.000,0.0000
32842.667,0.0000
32853.333,0.0000
32864.000,0.0000
32874.667,0.0000
32885.333,0.0000
32896.000,0.0000
32906.667,0.0000
32917.333,0.0000
32928.000,0.0000
32938.667,0.0000
32949.333,0.0000
32960.000,0.0000
32970.667,0.0000
32981.333,0.0000
32992.000,0.0000
33002.667,0.0000
33013.333,396.2484
33024.000,391.6971
33034.667,400.8526
33045.333,389.4411
33056.000,398.5439
33066.667,403.1747
33077.333,403.1747
33088.000,400.8526
33098.667,396.2484
33109.333,389.4411
33120.000,387.1981
33130.667,387.1981
33141.333,387.1981
33152.000,389.4411
33162.667,391.6971
33173.333,393.9662
33184.000,398.5439
33194.667,398.5439
33205.333,398.5439
33216.000,398.5439
33226.667,357.1191
33237.333,355.0622
33248.000,316.3245
33258.667,314.5026
33269.333,0.0000
33280.000,0.0000
33290.667,0.0000
33301.333,371.8546
33312.000,387.1981
33322.667,393.9662
33333.333,447.3504
33344.000,455.1699
33354.667,452.5483
33365.333,447.3504
33376.000,444.7738
33386.667,447.3504
33397.333,455.1699
33408.000,465.8090
33418.667,479.4583
33429.333,487.8390
33440.000,496.3663
33450.667,499.2417
33461.333,496.3663
33472.000,496.3663
33482.667,496.3663
33493.333,496.3663
33504.000,493.5075
33514.667,487.8390
33525.333,455.1699
33536.000,460.4587
33546.667,471.2215
33557.333,493.5075
33568.000,507.9683
33578.667,516.8475
33589.333,525.8818
33600.000,525.8818
33610.667,525.8818
33621.333,525.8818
33632.000,522.8529
33642.667,522.8529
33653.333,522.8529
33664.000,522.8529
33674.667,522.8529
33685.333,525.8818
33696.000,525.8818
33706.667,525.8818
33717.333,525.8818
33728.000,522.8529
33738.667,522.8529
33749.333,522.8529
33760.000,519.8415
33770.667,516.8475
33781.333,510.9110
33792.000,502.1338
33802.667,499.2417
33813.333,487.8390
33824.000,473.9512
33834.667,465.8090
33845.333,460.4587
33856.000,457.8067
33866.667,455.1699
33877.333,449.9419
33888.000,449.9419
33898.667,449.9419
33909.333,452.5483
33920.000,457.8067
33930.667,465.8090
33941.333,476.6968
33952.000,493.5075
33962.667,499.2417
33973.333,502.1338
33984.000,502.1338
33994.667,499.2417
34005.333,496.3663
34016.000,493.5075
34026.667,490.6651
34037.333,487.8390
34048.000,482.2357
34058.667,473.9512
34069.333,465.8090
34080.000,455.1699
34090.667,434.6152
34101.333,393.9662
34112.000,393.9662
34122.667,398.5439
34133.333,398.5439
34144.000,398.5439
34154.667,396.2484
34165.333,393.9662
34176.000,389.4411
34186.667,384.9680
34197.333,382.7508
34208.000,380.5463
34218.667,382.7508
34229.333,389.4411
34240.000,396.2484
34250.667,400.8526
34261.333,400.8526
34272.000,400.8526
34282.667,398.5439
34293.333,396.2484
34304.000,393.9662
34314.667,391.6971
34325.333,389.4411
34336.000,387.1981
34346.667,384.9680
34357.333,384.9680
34368.000,387.1981
34378.667,389.4411
34389.333,393.9662
34400.000,400.8526
34410.667,412.5985
34421.333,419.8106
34432.000,424.6886
34442.667,424.6886
34453.333,479.4583
34464.000,487.8390
34474.667,487.8390
34485.333,0.0000
34496.000,0.0000
34506.667,0.0000
34517.333,0.0000
34528.000,0.0000
34538.667,0.0000
34549.333,0.0000
34560.000,0.0000
34570.667,0.0000
34581.333,0.0000
34592.000,0.0000
34602.667,0.0000
34613.333,0.0000
34624.000,0.0000
34634.667,0.0000
34645.333,0.0000
34656.000,0.0000
34666.667,0.0000
34677.333,0.0000
34688.000,0.0000
34698.667,0.0000
34709.333,0.0000
34720.000,0.0000
34730.667,0.0000
34741.333,0.0000
34752.000,0.0000
34762.667,0.0000
34773.333,0.0000
34784.000,0.0000
34794.667,0.0000
34805.333,0.0000
34816.000,0.0000
34826.667,0.0000
34837.333,0.0000
34848.000,0.0000
34858.667,0.0000
34869.333,0.0000
34880.000,0.0000
34890.667,0.0000
34901.333,0.0000
34912.000,0.0000
34922.667,0.0000
34933.333,0.0000
34944.000,0.0000
34954.667,0.0000
34965.333,0.0000
34976.000,0.0000
34986.667,0.0000
34997.333,0.0000
35008.000,0.0000
35018.667,0.0000
35029.333,0.0000
35040.000,0.0000
35050.667,0.0000
35061.333,0.0000
35072.000,0.0000
35082.667,0.0000
35093.333,0.0000
35104.000,0.0000
35114.667,391.6971
35125.333,391.6971
35136.000,391.6971
35146.667,391.6971
35157.333,396.2484
35168.000,398.5439
35178.667,398.5439
35189.333,398.5439
35200.000,389.4411
35210.667,353.0172
35221.333,359.1879
35232.000,378.3545
35242.667,359.1879
35253.333,0.0000
35264.000,0.0000
35274.667,0.0000
35285.333,0.0000
35296.000,0.0000
35306.667,0.0000
35317.333,0.0000
35328.000,0.0000
35338.667,0.0000
35349.333,0.0000
35360.000,0.0000
35370.667,0.0000
35381.333,449.9419
35392.000,447.3504
35402.667,447.3504
35413.333,444.7738
35424.000,447.3504
35434.667,452.5483
35445.333,457.8067
35456.000,460.4587
35466.667,463.1262
35477.333,468.5074
35488.000,473.9512
35498.667,476.6968
35509.333,479.4583
35520.000,479.4583
35530.667,476.6968
35541.333,476.6968
35552.000,476.6968
35562.667,468.5074
35573.333,452.5483
35584.000,449.9419
35594.667,449.9419
35605.333,447.3504
35616.000,447.3504
35626.667,444.7738
35637.333,442.2121
35648.000,442.2121
35658.667,442.2121
35669.333,442.2121
35680.000,442.2121
35690.667,439.6652
35701.333,439.6652
35712.000,439.6652
35722.667,437.1329
35733.333,437.1329
35744.000,434.6152
35754.667,432.1120
35765.333,432.1120
35776.000,429.6232
35786.667,429.6232
35797.333,422.2425
35808.000,419.8106
35818.667,412.5985
35829.333,407.8594
35840.000,400.8526
35850.667,400.8526
35861.333,398.5439
35872.000,398.5439
35882.667,403.1747
35893.333,410.2221
35904.000,419.8106
35914.667,429.6232
35925.333,437.1329
35936.000,442.2121
35946.667,442.2121
35957.333,442.2121
35968.000,439.6652
35978.667,439.6652
35989.333,439.6652
36000.000,439.6652
36010.667,437.1329
36021.333,437.1329
36032.000,434.6152
36042.667,432.1120
36053.333,0.0000
36064.000,361.2686
36074.667,361.2686
36085.333,378.3545
36096.000,396.2484
36106.667,396.2484
36117.333,396.2484
36128.000,396.2484
36138.667,391.6971
36149.333,389.4411
36160.000,387.1981
36170.667,384.9680
36181.333,384.9680
36192.000,389.4411
36202.667,396.2484
36213.333,398.5439
36224.000,400.8526
36234.667,400.8526
36245.333,398.5439
36256.000,396.2484
36266.667,393.9662
36277.333,389.4411
36288.000,384.9680
36298.667,382.7508
36309.333,382.7508
36320.000,384.9680
36330.667,389.4411
36341.333,391.6971
36352.000,393.9662
36362.667,393.9662
36373.333,389.4411
36384.000,384.9680
36394.667,384.9680
36405.333,403.1747
36416.000,403.1747
36426.667,403.1747
36437.333,0.0000
36448.000,0.0000
36458.667,0.0000
36469.333,0.0000
36480.000,305.5493
36490.667,307.3193
36501.333,305.5493
36512.000,305.5493
36522.667,305.5493
36533.333,305.5493
36544.000,305.5493
36554.667,305.5493
36565.333,305.5493
36576.000,305.5493
36586.667,0.0000
36597.333,0.0000
36608.000,0.0000
36618.667,0.0000
36629.333,0.0000
36640.000,0.0000
36650.667,0.0000
36661.333,0.0000
36672.000,0.0000
36682.667,0.0000
36693.333,0.0000
36704.000,0.0000
36714.667,0.0000
36725.333,0.0000
36736.000,0.0000
36746.667,0.0000
36757.333,0.0000
36768.000,0.0000
36778.667,363.3614
36789.333,361.2686
36800.000,363.3614
36810.667,357.1191
36821.333,359.1879
36832.000,361.2686
36842.667,359.1879
36853.333,361.2686
36864.000,361.2686
36874.667,361.2686
36885.333,363.3614
36896.000,369.7129
36906.667,376.1753
36917.333,384.9680
36928.000,391.6971
36938.667,393.9662
36949.333,396.2484
36960.000,396.2484
36970.667,393.9662
36981.333,393.9662
36992.000,391.6971
37002.667,391.6971
37013.333,391.6971
37024.000,391.6971
37034.667,391.6971
37045.333,391.6971
37056.000,391.6971
37066.667,391.6971
37077.333,391.6971
37088.000,389.4411
37098.667,387.1981
37109.333,387.1981
37120.000,0.0000
37130.667,0.0000
37141.333,0.0000
37152.000,0.0000
37162.667,0.0000
37173.333,0.0000
37184.000,0.0000
37194.667,0.0000
37205.333,0.0000
37216.000,0.0000
37226.667,0.0000
37237.333,0.0000
37248.000,0.0000
37258.667,0.0000
37269.333,0.0000
37280.000,0.0000
37290.667,0.0000
37301.333,0.0000
37312.000,0.0000
37322.667,0.0000
37333.333,0.0000
37344.000,0.0000
37354.667,0.0000
37365.333,0.0000
37376.000,239.7291
37386.667,239.7291
37397.333,242.5147
37408.000,242.5147
37418.667,245.3325
37429.333,245.3325
37440.000,243.9195
37450.667,242.5147
37461.333,242.5147
37472.000,243.9195
37482.667,245.3325
37493.333,238.3484
37504.000,232.9045
37514.667,0.0000
37525.333,0.0000
37536.000,0.0000
37546.667,0.0000
37557.333,276.9717
37568.000,288.4001
37578.667,296.8509
37589.333,296.8509
37600.000,296.8509
37610.667,296.8509
37621.333,293.4413
37632.000,290.0708
37642.667,290.0708
37653.333,291.7512
37664.000,296.8509
37674.667,316.3245
37685.333,337.0755
37696.000,350.9840
37706.667,363.3614
37717.333,382.7508
37728.000,389.4411
37738.667,391.6971
37749.333,393.9662
37760.000,396.2484
37770.667,396.2484
37781.333,393.9662
37792.000,393.9662
37802.667,393.9662
37813.333,387.1981
37824.000,0.0000
37834.667,0.0000
37845.333,0.0000
37856.000,0.0000
37866.667,0.0000
37877.333,0.0000
37888.000,0.0000
37898.667,252.5213
37909.333,246.7537
37920.000,241.1179
37930.667,235.6107
37941.333,234.2537
37952.000,238.3484
37962.667,255.4555
37973.333,0.0000
37984.000,309.0996
37994.667,309.0996
38005.333,309.0996
38016.000,309.0996
38026.667,307.3193
38037.333,300.3002
38048.000,293.4413
38058.667,290.0708
38069.333,290.0708
38080.000,291.7512
38090.667,296.8509
38101.333,298.5706
38112.000,300.3002
38122.667,300.3002
38133.333,298.5706
38144.000,296.8509
38154.667,295.1412
38165.333,293.4413
38176.000,291.7512
38186.667,290.0708
38197.333,288.4001
38208.000,290.0708
38218.667,291.7512
38229.333,295.1412
38240.000,296.8509
38250.667,298.5706
38261.333,300.3002
38272.000,300.3002
38282.667,300.3002
38293.333,298.5706
38304.000,295.1412
38314.667,293.4413
38325.333,291.7512
38336.000,296.8509
38346.667,296.8509
38357.333,309.0996
38368.000,293.4413
38378.667,293.4413
38389.333,293.4413
38400.000,300.3002
38410.667,298.5706
38421.333,298.5706
38432.000,298.5706
38442.667,298.5706
38453.333,296.8509
38464.000,296.8509
38474.667,298.5706
38485.333,300.3002
38496.000,298.5706
38506.667,298.5706
38517.333,296.8509
38528.000,296.8509
38538.667,296.8509
38549.333,296.8509
38560.000,296.8509
38570.667,296.8509
38581.333,296.8509
38592.000,0.0000
38602.667,0.0000
38613.333,0.0000
38624.000,0.0000
38634.667,0.0000
38645.333,0.0000
38656.000,0.0000
38666.667,0.0000
38677.333,0.0000
38688.000,0.0000
38698.667,0.0000
38709.333,0.0000
38720.000,0.0000
38730.667,0.0000
38741.333,0.0000
38752.000,0.0000
38762.667,0.0000
38773.333,0.0000
38784.000,0.0000
38794.667,0.0000
38805.333,0.0000
38816.000,0.0000
38826.667,0.0000
38837.333,0.0000
38848.000,0.0000
38858.667,0.0000
38869.333,0.0000
38880.000,0.0000
38890.667,0.0000
38901.333,0.0000
38912.000,0.0000
38922.667,0.0000
38933.333,0.0000
38944.000,0.0000
38954.667,0.0000
38965.333,0.0000
38976.000,0.0000
38986.667,0.0000
38997.333,0.0000
39008.000,0.0000
39018.667,0.0000
39029.333,0.0000
39040.000,0.0000
39050.667,0.0000
39061.333,0.0000
39072.000,0.0000
39082.667,0.0000
39093.333,0.0000
39104.000,0.0000
39114.667,0.0000
39125.333,0.0000
39136.000,0.0000
39146.667,0.0000
39157.333,0.0000
39168.000,0.0000
39178.667,0.0000
39189.333,0.0000
39200.000,0.0000
39210.667,0.0000
39221.333,0.0000
39232.000,0.0000
39242.667,0.0000
39253.333,0.0000
39264.000,0.0000
39274.667,0.0000
39285.333,0.0000
39296.000,246.7537
39306.667,249.6209
39317.333,242.5147
39328.000,242.5147
39338.667,242.5147
39349.333,243.9195
39360.000,243.9195
39370.667,245.3325
39381.333,245.3325
39392.000,246.7537
39402.667,248.1832
39413.333,249.6209
39424.000,249.6209
39434.667,248.1832
39445.333,248.1832
39456.000,246.7537
39466.667,245.3325
39477.333,243.9195
39488.000,231.5631
39498.667,0.0000
39509.333,0.0000
39520.000,0.0000
39530.667,0.0000
39541.333,0.0000
39552.000,0.0000
39562.667,318.1569
39573.333,302.0398
39584.000,300.3002
39594.667,300.3002
39605.333,296.8509
39616.000,293.4413
39626.667,290.0708
39637.333,285.0876
39648.000,275.3765
39658.667,241.1179
39669.333,226.2742
39680.000,223.6752
39690.667,222.3869
39701.333,222.3869
39712.000,223.6752
39722.667,224.9709
39733.333,227.5850
39744.000,228.9033
39754.667,230.2294
39765.333,231.5631
39776.000,234.2537
39786.667,0.0000
39797.333,0.0000
39808.000,0.0000
39818.667,0.0000
39829.333,442.2121
39840.000,444.7738
39850.667,447.3504
39861.333,444.7738
39872.000,444.7738
39882.667,442.2121
39893.333,444.7738
39904.000,447.3504
39914.667,455.1699
39925.333,476.6968
39936.000,482.2357
39946.667,485.0293
39957.333,490.6651
39968.000,496.3663
39978.667,496.3663
39989.333,493.5075
40000.000,493.5075
40010.667,493.5075
40021.333,493.5075
40032.000,493.5075
40042.667,493.5075
40053.333,493.5075
40064.000,493.5075
40074.667,493.5075
40085.333,493.5075
40096.000,493.5075
40106.667,493.5075
40117.333,493.5075
40128.000,493.5075
40138.667,493.5075
40149.333,493.5075
40160.000,493.5075
40170.667,493.5075
40181.333,493.5075
40192.000,493.5075
40202.667,493.5075
40213.333,493.5075
40224.000,493.5075
40234.667,493.5075
40245.333,493.5075
40256.000,493.5075
40266.667,493.5075
40277.333,493.5075
40288.000,496.3663
40298.667,496.3663
40309.333,493.5075
40320.000,493.5075
40330.667,493.5075
40341.333,493.5075
40352.000,493.5075
40362.667,493.5075
40373.333,493.5075
40384.000,490.6651
40394.667,490.6651
40405.333,487.8390
40416.000,485.0293
40426.667,468.5074
40437.333,476.6968
40448.000,0.0000
40458.667,0.0000
40469.333,0.0000
40480.000,403.1747
40490.667,403.1747
40501.333,398.5439
40512.000,357.1191
40522.667,367.5835
40533.333,393.9662
40544.000,403.1747
40554.667,403.1747
40565.333,400.8526
40576.000,398.5439
40586.667,389.4411
40597.333,384.9680
40608.000,382.7508
40618.667,380.5463
40629.333,382.7508
40640.000,391.6971
40650.667,398.5439
40661.333,400.8526
40672.000,400.8526
40682.667,400.8526
40693.333,398.5439
40704.000,396.2484
40714.667,391.6971
40725.333,387.1981
40736.000,384.9680
40746.667,384.9680
40757.333,387.1981
40768.000,387.1981
40778.667,389.4411
40789.333,391.6971
40800.000,0.0000
40810.667,0.0000
40821.333,0.0000
40832.000,0.0000
40842.667,0.0000
40853.333,0.0000
40864.000,0.0000
40874.667,0.0000
40885.333,0.0000
40896.000,0.0000
40906.667,0.0000
40917.333,0.0000
40928.000,0.0000
40938.667,0.0000
40949.333,0.0000
40960.000,0.0000
40970.667,0.0000
40981.333,0.0000
40992.000,0.0000
41002.667,0.0000
41013.333,0.0000
41024.000,0.0000
41034.667,0.0000
41045.333,0.0000
41056.000,350.9840
41066.667,367.5835
41077.333,380.5463
41088.000,393.9662
41098.667,393.9662
41109.333,393.9662
41120.000,391.6971
41130.667,387.1981
41141.333,382.7508
41152.000,384.9680
41162.667,387.1981
41173.333,393.9662
41184.000,400.8526
41194.667,403.1747
41205.333,405.5103
41216.000,405.5103
41226.667,403.1747
41237.333,0.0000
41248.000,0.0000
41258.667,0.0000
41269.333,0.0000
41280.000,0.0000
41290.667,396.2484
41301.333,396.2484
41312.000,449.9419
41322.667,452.5483
41333.333,452.5483
41344.000,449.9419
41354.667,447.3504
41365.333,449.9419
41376.000,457.8067
41386.667,0.0000
41397.333,482.2357
41408.000,487.8390
41418.667,493.5075
41429.333,496.3663
41440.000,496.3663
41450.667,499.2417
41461.333,499.2417
41472.000,499.2417
41482.667,496.3663
41493.333,493.5075
41504.000,447.3504
41514.667,0.0000
41525.333,465.8090
41536.000,465.8090
41546.667,499.2417
41557.333,519.8415
41568.000,525.8818
41578.667,525.8818
41589.333,525.8818
41600.000,522.8529
41610.667,522.8529
41621.333,522.8529
41632.000,522.8529
41642.667,522.8529
41653.333,522.8529
41664.000,522.8529
41674.667,522.8529
41685.333,522.8529
41696.000,522.8529
41706.667,522.8529
41717.333,522.8529
41728.000,519.8415
41738.667,516.8475
41749.333,510.9110
41760.000,499.2417
41770.667,490.6651
41781.333,482.2357
41792.000,473.9512
41802.667,468.5074
41813.333,465.8090
41824.000,463.1262
41834.667,460.4587
41845.333,457.8067
41856.000,452.5483
41866.667,452.5483
41877.333,452.5483
41888.000,455.1699
41898.667,465.8090
41909.333,479.4583
41920.000,490.6651
41930.667,496.3663
41941.333,499.2417
41952.000,499.2417
41962.667,496.3663
41973.333,496.3663
41984.000,493.5075
41994.667,493.5075
42005.333,490.6651
42016.000,485.0293
42026.667,449.9419
42037.333,447.3504
42048.000,432.1120
42058.667,398.5439
42069.333,384.9680
42080.000,389.4411
42090.667,393.9662
42101.333,396.2484
42112.000,396.2484
42122.667,396.2484
42133.333,396.2484
42144.000,391.6971
42154.667,389.4411
42165.333,387.1981
42176.000,384.9680
42186.667,384.9680
42197.333,387.1981
42208.000,391.6971
42218.667,396.2484
42229.333,398.5439
42240.000,398.5439
42250.667,398.5439
42261.333,398.5439
42272.000,398.5439
42282.667,396.2484
42293.333,396.2484
42304.000,393.9662
42314.667,393.9662
42325.333,396.2484
42336.000,396.2484
42346.667,396.2484
42357.333,0.0000
42368.000,0.0000
42378.667,0.0000
42389.333,0.0000
42400.000,0.0000
42410.667,0.0000
42421.333,0.0000
42432.000,0.0000
42442.667,0.0000
42453.333,0.0000
42464.000,0.0000
42474.667,0.0000
42485.333,0.0000
42496.000,0.0000
42506.667,0.0000
42517.333,0.0000
42528.000,0.0000
42538.667,0.0000
42549.333,0.0000
42560.000,0.0000
42570.667,0.0000
42581.333,0.0000
42592.000,0.0000
42602.667,0.0000
42613.333,0.0000
42624.000,0.0000
42634.667,0.0000
42645.333,0.0000
42656.000,0.0000
42666.667,0.0000
42677.333,0.0000
42688.000,0.0000
42698.667,0.0000
42709.333,0.0000
42720.000,0.0000
42730.667,0.0000
42741.333,0.0000
42752.000,0.0000
42762.667,0.0000
42773.333,0.0000
42784.000,0.0000
42794.667,0.0000
42805.333,0.0000
42816.000,0.0000
42826.667,0.0000
42837.333,0.0000
42848.000,0.0000
42858.667,0.0000
42869.333,0.0000
42880.000,0.0000
42890.667,0.0000
42901.333,0.0000
42912.000,0.0000
42922.667,0.0000
42933.333,0.0000
42944.000,0.0000
42954.667,0.0000
42965.333,0.0000
42976.000,0.0000
42986.667,0.0000
42997.333,0.0000
43008.000,0.0000
43018.667,0.0000
43029.333,0.0000
43040.000,0.0000
43050.667,0.0000
43061.333,0.0000
43072.000,0.0000
43082.667,0.0000
43093.333,0.0000
43104.000,0.0000
43114.667,393.9662
43125.333,391.6971
43136.000,389.4411
43146.667,389.4411
43157.333,391.6971
43168.000,393.9662
43178.667,396.2484
43189.333,400.8526
43200.000,391.6971
43210.667,369.7129
43221.333,369.7129
43232.000,378.3545
43242.667,0.0000
43253.333,0.0000
43264.000,0.0000
43274.667,0.0000
43285.333,0.0000
43296.000,0.0000
43306.667,0.0000
43317.333,0.0000
43328.000,0.0000
43338.667,0.0000
43349.333,0.0000
43360.000,0.0000
43370.667,0.0000
43381.333,0.0000
43392.000,0.0000
43402.667,465.8090
43413.333,463.1262
43424.000,463.1262
43434.667,465.8090
43445.333,468.5074
43456.000,479.4583
43466.667,485.0293
43477.333,487.8390
43488.000,490.6651
43498.667,493.5075
43509.333,490.6651
43520.000,490.6651
43530.667,487.8390
43541.333,476.6968
43552.000,468.5074
43562.667,463.1262
43573.333,460.4587
43584.000,455.1699
43594.667,452.5483
43605.333,449.9419
43616.000,447.3504
43626.667,447.3504
43637.333,444.7738
43648.000,444.7738
43658.667,442.2121
43669.333,0.0000
43680.000,0.0000
43690.667,0.0000
43701.333,0.0000
43712.000,455.1699
43722.667,447.3504
43733.333,449.9419
43744.000,449.9419
43754.667,403.1747
43765.333,405.5103
43776.000,407.8594
43786.667,410.2221
43797.333,407.8594
43808.000,400.8526
43818.667,398.5439
43829.333,398.5439
43840.000,396.2484
43850.667,396.2484
43861.333,398.5439
43872.000,398.5439
43882.667,398.5439
43893.333,0.0000
43904.000,0.0000
43914.667,0.0000
43925.333,439.6652
43936.000,444.7738
43946.667,444.7738
43957.333,447.3504
43968.000,442.2121
43978.667,442.2121
43989.333,439.6652
44000.000,439.6652
44010.667,439.6652
44021.333,439.6652
44032.000,439.6652
44042.667,437.1329
44053.333,378.3545
44064.000,374.0087
44074.667,374.0087
44085.333,382.7508
44096.000,391.6971
44106.667,393.9662
44117.333,393.9662
44128.000,391.6971
44138.667,389.4411
44149.333,387.1981
44160.000,384.9680
44170.667,387.1981
44181.333,389.4411
44192.000,393.9662
44202.667,398.5439
44213.333,400.8526
44224.000,403.1747
44234.667,403.1747
44245.333,398.5439
44256.000,393.9662
44266.667,391.6971
44277.333,387.1981
44288.000,387.1981
44298.667,387.1981
44309.333,387.1981
44320.000,393.9662
44330.667,396.2484
44341.333,393.9662
44352.000,393.9662
44362.667,393.9662
44373.333,393.9662
44384.000,393.9662
44394.667,393.9662
44405.333,393.9662
44416.000,391.6971
44426.667,389.4411
44437.333,391.6971
44448.000,391.6971
44458.667,0.0000
44469.333,0.0000
44480.000,0.0000
44490.667,0.0000
44501.333,0.0000
44512.000,0.0000
44522.667,0.0000
44533.333,0.0000
44544.000,0.0000
44554.667,0.0000
44565.333,0.0000
44576.000,0.0000
44586.667,0.0000
44597.333,0.0000
44608.000,0.0000
44618.667,0.0000
44629.333,0.0000
44640.000,0.0000
44650.667,0.0000
44661.333,0.0000
44672.000,0.0000
44682.667,0.0000
44693.333,0.0000
44704.000,0.0000
44714.667,0.0000
44725.333,0.0000
44736.000,0.0000
44746.667,0.0000
44757.333,0.0000
44768.000,0.0000
44778.667,0.0000
44789.333,0.0000
44800.000,0.0000
44810.667,0.0000
44821.333,0.0000
44832.000,0.0000
44842.667,365.4663
44853.333,365.4663
44864.000,365.4663
44874.667,363.3614
44885.333,361.2686
44896.000,359.1879
44906.667,359.1879
44917.333,359.1879
44928.000,363.3614
44938.667,367.5835
44949.333,376.1753
44960.000,387.1981
44970.667,393.9662
44981.333,393.9662
44992.000,396.2484
45002.667,396.2484
45013.333,393.9662
45024.000,389.4411
45034.667,387.1981
45045.333,387.1981
45056.000,387.1981
45066.667,389.4411
45077.333,393.9662
45088.000,398.5439
45098.667,398.5439
45109.333,396.2484
45120.000,393.9662
45130.667,391.6971
45141.333,391.6971
45152.000,389.4411
45162.667,389.4411
45173.333,387.1981
45184.000,387.1981
45194.667,0.0000
45205.333,0.0000
45216.000,0.0000
45226.667,0.0000
45237.333,0.0000
45248.000,0.0000
45258.667,0.0000
45269.333,0.0000
45280.000,0.0000
45290.667,0.0000
45301.333,0.0000
45312.000,251.0669
45322.667,251.0669
45333.333,252.5213
45344.000,253.9842
45354.667,252.5213
45365.333,252.5213
45376.000,246.7537
45386.667,245.3325
45397.333,243.9195
45408.000,242.5147
45418.667,242.5147
45429.333,242.5147
45440.000,272.2135
45450.667,261.4265
45461.333,251.0669
45472.000,270.6457
45482.667,290.0708
45493.333,298.5706
45504.000,298.5706
45514.667,296.8509
45525.333,296.8509
45536.000,291.7512
45546.667,290.0708
45557.333,302.0398
45568.000,0.0000
45578.667,0.0000
45589.333,0.0000
45600.000,0.0000
45610.667,0.0000
45621.333,0.0000
45632.000,0.0000
45642.667,335.1341
45653.333,384.9680
45664.000,393.9662
45674.667,396.2484
45685.333,398.5439
45696.000,400.8526
45706.667,400.8526
45717.333,393.9662
45728.000,391.6971
45738.667,387.1981
45749.333,387.1981
45760.000,389.4411
45770.667,389.4411
45781.333,391.6971
45792.000,391.6971
45802.667,391.6971
45813.333,389.4411
45824.000,384.9680
45834.667,389.4411
45845.333,389.4411
45856.000,389.4411
45866.667,391.6971
45877.333,0.0000
45888.000,0.0000
45898.667,0.0000
45909.333,248.1832
45920.000,252.5213
45930.667,252.5213
45941.333,273.7904
45952.000,278.5762
45962.667,290.0708
45973.333,296.8509
45984.000,296.8509
45994.667,296.8509
46005.333,296.8509
46016.000,295.1412
46026.667,291.7512
46037.333,290.0708
46048.000,290.0708
46058.667,291.7512
46069.333,293.4413
46080.000,295.1412
46090.667,296.8509
46101.333,298.5706
46112.000,298.5706
46122.667,296.8509
46133.333,295.1412
46144.000,291.7512
46154.667,288.4001
46165.333,286.7391
46176.000,288.4001
46186.667,290.0708
46197.333,293.4413
46208.000,295.1412
46218.667,295.1412
46229.333,293.4413
46240.000,290.0708
46250.667,286.7391
46261.333,285.0876
46272.000,286.7391
46282.667,285.0876
46293.333,286.7391
46304.000,286.7391
46314.667,285.0876
46325.333,285.0876
46336.000,286.7391
46346.667,0.0000
46357.333,0.0000
46368.000,0.0000
46378.667,0.0000
46389.333,0.0000
46400.000,0.0000
46410.667,0.0000
46421.333,0.0000
46432.000,0.0000
46442.667,0.0000
46453.333,0.0000
46464.000,0.0000
46474.667,0.0000
46485.333,0.0000
46496.000,0.0000
46506.667,0.0000
46517.333,0.0000
46528.000,0.0000
46538.667,0.0000
46549.333,0.0000
46560.000,0.0000
46570.667,0.0000
46581.333,0.0000
46592.000,0.0000
46602.667,221.1061
46613.333,221.1061
46624.000,221.1061
46634.667,218.5664
46645.333,217.3076
46656.000,219.8326
46666.667,219.8326
46677.333,219.8326
46688.000,222.3869
46698.667,221.1061
46709.333,221.1061
46720.000,0.0000
46730.667,0.0000
46741.333,0.0000
46752.000,0.0000
46762.667,0.0000
46773.333,0.0000
46784.000,0.0000
46794.667,0.0000
46805.333,0.0000
46816.000,0.0000
46826.667,0.0000
46837.333,0.0000
46848.000,0.0000
46858.667,214.8116
46869.333,214.8116
46880.000,218.5664
46890.667,214.8116
46901.333,216.0560
46912.000,216.0560
46922.667,213.5744
46933.333,213.5744
46944.000,0.0000
46954.667,0.0000
46965.333,0.0000
46976.000,0.0000
46986.667,0.0000
46997.333,0.0000
47008.000,0.0000
47018.667,227.5850
47029.333,221.1061
47040.000,235.6107
47050.667,234.2537
47061.333,234.2537
47072.000,236.9756
47082.667,238.3484
47093.333,238.3484
47104.000,242.5147
47114.667,245.3325
47125.333,246.7537
47136.000,246.7537
47146.667,246.7537
47157.333,246.7537
47168.000,245.3325
47178.667,245.3325
47189.333,245.3325
47200.000,246.7537
47210.667,246.7537
47221.333,246.7537
47232.000,246.7537
47242.667,246.7537
47253.333,246.7537
47264.000,248.1832
47274.667,248.1832
47285.333,249.6209
47296.000,249.6209
47306.667,251.0669
47317.333,249.6209
47328.000,248.1832
47338.667,246.7537
47349.333,245.3325
47360.000,243.9195
47370.667,242.5147
47381.333,241.1179
47392.000,243.9195
47402.667,0.0000
47413.333,0.0000
47424.000,0.0000
47434.667,0.0000
47445.333,321.8537
47456.000,321.8537
47466.667,300.3002
47477.333,300.3002
47488.000,298.5706
47498.667,296.8509
47509.333,296.8509
47520.000,0.0000
47530.667,0.0000
47541.333,0.0000
47552.000,0.0000
47562.667,0.0000
47573.333,0.0000
47584.000,0.0000
47594.667,0.0000
47605.333,0.0000
47616.000,0.0000
47626.667,0.0000
47637.333,0.0000
47648.000,0.0000
47658.667,0.0000
47669.333,0.0000
47680.000,0.0000
47690.667,0.0000
47701.333,0.0000
47712.000,496.3663
47722.667,499.2417
47733.333,490.6651
47744.000,479.4583
47754.667,463.1262
47765.333,455.1699
47776.000,447.3504
47786.667,449.9419
47797.333,447.3504
47808.000,447.3504
47818.667,0.0000
47829.333,490.6651
47840.000,493.5075
47850.667,493.5075
47861.333,493.5075
47872.000,493.5075
47882.667,493.5075
47893.333,493.5075
47904.000,493.5075
47914.667,496.3663
47925.333,493.5075
47936.000,493.5075
47946.667,493.5075
47957.333,493.5075
47968.000,496.3663
47978.667,496.3663
47989.333,496.3663
48000.000,493.5075
48010.667,490.6651
48021.333,476.6968
48032.000,473.9512
48042.667,0.0000
48053.333,0.0000
48064.000,0.0000
48074.667,0.0000
48085.333,387.1981
48096.000,387.1981
48106.667,391.6971
48117.333,391.6971
48128.000,391.6971
48138.667,389.4411
48149.333,389.4411
48160.000,387.1981
48170.667,387.1981
48181.333,384.9680
48192.000,389.4411
48202.667,396.2484
48213.333,400.8526
48224.000,400.8526
48234.667,400.8526
48245.333,400.8526
48256.000,398.5439
48266.667,393.9662
48277.333,389.4411
48288.000,384.9680
48298.667,384.9680
48309.333,384.9680
48320.000,387.1981
48330.667,391.6971
48341.333,393.9662
48352.000,393.9662
48362.667,393.9662
48373.333,393.9662
48384.000,396.2484
48394.667,398.5439
48405.333,398.5439
48416.000,396.2484
48426.667,396.2484
48437.333,396.2484
48448.000,398.5439
48458.667,0.0000
48469.333,0.0000
48480.000,0.0000
48490.667,0.0000
48501.333,0.0000
48512.000,0.0000
48522.667,0.0000
48533.333,0.0000
48544.000,0.0000
48554.667,0.0000
48565.333,0.0000
48576.000,0.0000
48586.667,0.0000
48597.333,0.0000
48608.000,0.0000
48618.667,0.0000
48629.333,0.0000
48640.000,0.0000
48650.667,0.0000
48661.333,0.0000
48672.000,0.0000
48682.667,0.0000
48693.333,0.0000
48704.000,0.0000
48714.667,0.0000
48725.333,0.0000
48736.000,0.0000
48746.667,0.0000
48757.333,0.0000
48768.000,0.0000
48778.667,0.0000
48789.333,0.0000
48800.000,0.0000
48810.667,0.0000
48821.333,0.0000
48832.000,0.0000
48842.667,0.0000
48853.333,0.0000
48864.000,0.0000
48874.667,0.0000
48885.333,0.0000
48896.000,0.0000
48906.667,0.0000
48917.333,0.0000
48928.000,0.0000
48938.667,0.0000
48949.333,0.0000
48960.000,0.0000
48970.667,0.0000
48981.333,0.0000
48992.000,0.0000
49002.667,0.0000
49013.333,412.5985
49024.000,398.5439
49034.667,398.5439
49045.333,403.1747
49056.000,400.8526
49066.667,405.5103
49077.333,405.5103
49088.000,403.1747
49098.667,400.8526
49109.333,393.9662
49120.000,389.4411
49130.667,387.1981
49141.333,387.1981
49152.000,389.4411
49162.667,389.4411
49173.333,393.9662
49184.000,398.5439
49194.667,400.8526
49205.333,400.8526
49216.000,400.8526
49226.667,355.0622
49237.333,346.9526
49248.000,314.5026
49258.667,314.5026
49269.333,0.0000
49280.000,0.0000
49290.667,0.0000
49301.333,350.9840
49312.000,380.5463
49322.667,407.8594
49333.333,422.2425
49344.000,452.5483
49354.667,449.9419
49365.333,444.7738
49376.000,442.2121
49386.667,442.2121
49397.333,447.3504
49408.000,0.0000
49418.667,0.0000
49429.333,496.3663
49440.000,496.3663
49450.667,499.2417
49461.333,499.2417
49472.000,496.3663
49482.667,496.3663
49493.333,493.5075
49504.000,493.5075
49514.667,490.6651
49525.333,457.8067
49536.000,457.8067
49546.667,473.9512
49557.333,496.3663
49568.000,507.9683
49578.667,525.8818
49589.333,531.9923
49600.000,531.9923
49610.667,528.9282
49621.333,528.9282
49632.000,525.8818
49642.667,522.8529
49653.333,522.8529
49664.000,519.8415
49674.667,519.8415
49685.333,519.8415
49696.000,519.8415
49706.667,519.8415
49717.333,519.8415
49728.000,519.8415
49738.667,519.8415
49749.333,519.8415
49760.000,519.8415
49770.667,516.8475
49781.333,513.8706
49792.000,510.9110
49802.667,505.0427
49813.333,490.6651
49824.000,485.0293
49834.667,465.8090
49845.333,460.4587
49856.000,455.1699
49866.667,452.5483
49877.333,452.5483
49888.000,452.5483
49898.667,457.8067
49909.333,460.4587
49920.000,465.8090
49930.667,473.9512
49941.333,487.8390
49952.000,493.5075
49962.667,499.2417
49973.333,499.2417
49984.000,502.1338
49994.667,502.1338
50005.333,496.3663
50016.000,493.5075
50026.667,490.6651
50037.333,490.6651
50048.000,487.8390
50058.667,482.2357
50069.333,471.2215
50080.000,455.1699
50090.667,417.3927
50101.333,393.9662
50112.000,387.1981
50122.667,396.2484
50133.333,398.5439
50144.000,398.5439
50154.667,396.2484
50165.333,393.9662
50176.000,389.4411
50186.667,387.1981
50197.333,382.7508
50208.000,382.7508
50218.667,382.7508
50229.333,389.4411
50240.000,396.2484
50250.667,398.5439
50261.333,398.5439
50272.000,398.5439
50282.667,396.2484
50293.333,393.9662
50304.000,393.9662
50314.667,391.6971
50325.333,389.4411
50336.000,387.1981
50346.667,384.9680
50357.333,382.7508
50368.000,380.5463
50378.667,378.3545
50389.333,382.7508
50400.000,384.9680
50410.667,0.0000
50421.333,0.0000
50432.000,0.0000
50442.667,0.0000
50453.333,0.0000
50464.000,0.0000
50474.667,0.0000
50485.333,0.0000
50496.000,0.0000
50506.667,0.0000
50517.333,0.0000
50528.000,0.0000
50538.667,0.0000
50549.333,0.0000
50560.000,0.0000
50570.667,0.0000
50581.333,0.0000
50592.000,0.0000
50602.667,479.4583
50613.333,442.2121
50624.000,439.6652
50634.667,437.1329
50645.333,437.1329
50656.000,437.1329
50666.667,437.1329
50677.333,449.9419
50688.000,452.5483
50698.667,0.0000
50709.333,0.0000
50720.000,0.0000
50730.667,0.0000
50741.333,0.0000
50752.000,0.0000
50762.667,0.0000
50773.333,0.0000
50784.000,0.0000
50794.667,0.0000
50805.333,0.0000
50816.000,0.0000
50826.667,0.0000
50837.333,0.0000
50848.000,0.0000
50858.667,0.0000
50869.333,0.0000
50880.000,0.0000
50890.667,0.0000
50901.333,0.0000
50912.000,0.0000
50922.667,0.0000
50933.333,0.0000
50944.000,0.0000
50954.667,0.0000
50965.333,0.0000
50976.000,0.0000
50986.667,0.0000
50997.333,0.0000
51008.000,0.0000
51018.667,0.0000
51029.333,0.0000
51040.000,0.0000
51050.667,0.0000
51061.333,0.0000
51072.000,0.0000
51082.667,0.0000
51093.333,0.0000
51104.000,0.0000
51114.667,0.0000
51125.333,396.2484
51136.000,393.9662
51146.667,391.6971
51157.333,393.9662
51168.000,393.9662
51178.667,396.2484
51189.333,398.5439
51200.000,400.8526
51210.667,384.9680
51221.333,374.0087
51232.000,384.9680
51242.667,384.9680
51253.333,393.9662
51264.000,0.0000
51274.667,0.0000
51285.333,0.0000
51296.000,0.0000
51306.667,0.0000
51317.333,0.0000
51328.000,0.0000
51338.667,0.0000
51349.333,0.0000
51360.000,0.0000
51370.667,0.0000
51381.333,0.0000
51392.000,452.5483
51402.667,449.9419
51413.333,449.9419
51424.000,449.9419
51434.667,455.1699
51445.333,457.8067
51456.000,463.1262
51466.667,468.5074
51477.333,473.9512
51488.000,476.6968
51498.667,479.4583
51509.333,479.4583
51520.000,479.4583
51530.667,476.6968
51541.333,476.6968
51552.000,473.9512
51562.667,463.1262
51573.333,455.1699
51584.000,452.5483
51594.667,452.5483
51605.333,449.9419
51616.000,447.3504
51626.667,447.3504
51637.333,444.7738
51648.000,444.7738
51658.667,442.2121
51669.333,442.2121
51680.000,442.2121
51690.667,442.2121
51701.333,442.2121
51712.000,442.2121
51722.667,442.2121
51733.333,439.6652
51744.000,437.1329
51754.667,437.1329
51765.333,434.6152
51776.000,434.6152
51786.667,429.6232
51797.333,427.1488
51808.000,414.9887
51818.667,405.5103
51829.333,403.1747
51840.000,398.5439
51850.667,396.2484
51861.333,396.2484
51872.000,396.2484
51882.667,398.5439
51893.333,407.8594
51904.000,414.9887
51914.667,427.1488
51925.333,434.6152
51936.000,437.1329
51946.667,439.6652
51957.333,442.2121
51968.000,442.2121
51978.667,442.2121
51989.333,442.2121
52000.000,439.6652
52010.667,439.6652
52021.333,439.6652
52032.000,437.1329
52042.667,437.1329
52053.333,419.8106
52064.000,363.3614
52074.667,365.4663
52085.333,376.1753
52096.000,389.4411
52106.667,396.2484
52117.333,396.2484
52128.000,393.9662
52138.667,393.9662
52149.333,389.4411
52160.000,387.1981
52170.667,387.1981
52181.333,387.1981
52192.000,393.9662
52202.667,398.5439
52213.333,400.8526
52224.000,403.1747
52234.667,403.1747
52245.333,398.5439
52256.000,396.2484
52266.667,391.6971
52277.333,387.1981
52288.000,384.9680
52298.667,384.9680
52309.333,384.9680
52320.000,387.1981
52330.667,391.6971
52341.333,393.9662
52352.000,393.9662
52362.667,393.9662
52373.333,391.6971
52384.000,391.6971
52394.667,403.1747
52405.333,403.1747
52416.000,403.1747
52426.667,389.4411
52437.333,389.4411
52448.000,389.4411
52458.667,0.0000
52469.333,0.0000
52480.000,0.0000
52490.667,0.0000
52501.333,0.0000
52512.000,0.0000
52522.667,0.0000
52533.333,0.0000
52544.000,0.0000
52554.667,0.0000
52565.333,0.0000
52576.000,0.0000
52586.667,0.0000
52597.333,0.0000
52608.000,0.0000
52618.667,0.0000
52629.333,0.0000
52640.000,0.0000
52650.667,0.0000
52661.333,0.0000
52672.000,0.0000
52682.667,0.0000
52693.333,0.0000
52704.000,0.0000
52714.667,0.0000
52725.333,0.0000
52736.000,0.0000
52746.667,0.0000
52757.333,0.0000
52768.000,0.0000
52778.667,0.0000
52789.333,0.0000
52800.000,0.0000
52810.667,0.0000
52821.333,0.0000
52832.000,0.0000
52842.667,0.0000
52853.333,363.3614
52864.000,365.4663
52874.667,365.4663
52885.333,363.3614
52896.000,361.2686
52906.667,361.2686
52917.333,361.2686
52928.000,365.4663
52938.667,376.1753
52949.333,384.9680
52960.000,389.4411
52970.667,393.9662
52981.333,396.2484
52992.000,396.2484
53002.667,396.2484
53013.333,393.9662
53024.000,393.9662
53034.667,393.9662
53045.333,393.9662
53056.000,391.6971
53066.667,391.6971
53077.333,391.6971
53088.000,391.6971
53098.667,389.4411
53109.333,389.4411
53120.000,389.4411
53130.667,389.4411
53141.333,389.4411
53152.000,391.6971
53162.667,391.6971
53173.333,391.6971
53184.000,393.9662
53194.667,393.9662
53205.333,391.6971
53216.000,389.4411
53226.667,384.9680
53237.333,348.9625
53248.000,321.8537
53258.667,321.8537
53269.333,321.8537
53280.000,0.0000
53290.667,0.0000
53301.333,0.0000
53312.000,275.3765
53322.667,261.4265
53333.333,255.4555
53344.000,253.9842
53354.667,249.6209
53365.333,246.7537
53376.000,245.3325
53386.667,245.3325
53397.333,243.9195
53408.000,245.3325
53418.667,245.3325
53429.333,245.3325
53440.000,246.7537
53450.667,246.7537
53461.333,246.7537
53472.000,248.1832
53482.667,248.1832
53493.333,248.1832
53504.000,249.6209
53514.667,248.1832
53525.333,245.3325
53536.000,238.3484
53546.667,253.9842
53557.333,286.7391
53568.000,305.5493
53578.667,305.5493
53589.333,333.2039
53600.000,333.2039
53610.667,335.1341
53621.333,335.1341
53632.000,0.0000
53642.667,0.0000
53653.333,0.0000
53664.000,0.0000
53674.667,0.0000
53685.333,0.0000
53696.000,0.0000
53706.667,0.0000
53717.333,0.0000
53728.000,393.9662
53738.667,393.9662
53749.333,393.9662
53760.000,393.9662
53770.667,391.6971
53781.333,391.6971
53792.000,391.6971
53802.667,391.6971
53813.333,387.1981
53824.000,380.5463
53834.667,376.1753
53845.333,337.0755
53856.000,329.3767
53866.667,333.2039
53877.333,333.2039
53888.000,333.2039
53898.667,316.3245
53909.333,365.4663
53920.000,359.1879
53930.667,391.6971
53941.333,393.9662
53952.000,391.6971
53962.667,391.6971
53973.333,391.6971
53984.000,389.4411
53994.667,369.7129
54005.333,0.0000
54016.000,281.8131
54026.667,269.0869
54037.333,251.0669
54048.000,231.5631
54058.667,223.6752
54069.333,221.1061
54080.000,0.0000
54090.667,0.0000
54101.333,0.0000
54112.000,0.0000
54122.667,0.0000
54133.333,0.0000
54144.000,0.0000
54154.667,145.8756
54165.333,145.8756
54176.000,145.8756
54186.667,145.8756
54197.333,146.7206
54208.000,146.7206
54218.667,146.7206
54229.333,146.7206
54240.000,146.7206
54250.667,146.7206
54261.333,146.7206
54272.000,146.7206
54282.667,146.7206
54293.333,146.7206
54304.000,146.7206
54314.667,146.7206
54325.333,146.7206
54336.000,147.5706
54346.667,147.5706
54357.333,147.5706
54368.000,147.5706
54378.667,147.5706
54389.333,147.5706
54400.000,146.7206
54410.667,146.7206
54421.333,146.7206
54432.000,146.7206
54442.667,146.7206
54453.333,146.7206
54464.000,146.7206
54474.667,146.7206
54485.333,146.7206
54496.000,146.7206
54506.667,146.7206
54517.333,146.7206
54528.000,146.7206
54538.667,146.7206
54549.333,147.5706
54560.000,147.5706
54570.667,147.5706
54581.333,146.7206
54592.000,146.7206
54602.667,146.7206
54613.333,146.7206
54624.000,146.7206
54634.667,146.7206
54645.333,146.7206
54656.000,146.7206
54666.667,146.7206
54677.333,146.7206
54688.000,146.7206
54698.667,146.7206
54709.333,147.5706
54720.000,147.5706
54730.667,0.0000
54741.333,0.0000
54752.000,0.0000
54762.667,0.0000
54773.333,0.0000
54784.000,0.0000
54794.667,0.0000
54805.333,0.0000
54816.000,0.0000
54826.667,0.0000
54837.333,0.0000
54848.000,0.0000
54858.667,0.0000
54869.333,0.0000
54880.000,0.0000
54890.667,0.0000
54901.333,0.0000
54912.000,0.0000
54922.667,0.0000
54933.333,0.0000
54944.000,0.0000
54954.667,0.0000
54965.333,0.0000
54976.000,0.0000
54986.667,0.0000
54997.333,0.0000
55008.000,0.0000
55018.667,0.0000
55029.333,0.0000
55040.000,0.0000
55050.667,0.0000
55061.333,0.0000
55072.000,0.0000
55082.667,0.0000
55093.333,0.0000
55104.000,0.0000
55114.667,0.0000
55125.333,0.0000
55136.000,0.0000
55146.667,0.0000
55157.333,0.0000
55168.000,0.0000
55178.667,0.0000
55189.333,0.0000
55200.000,0.0000
55210.667,0.0000
55221.333,0.0000
55232.000,0.0000
55242.667,0.0000
55253.333,0.0000
55264.000,0.0000
55274.667,0.0000
55285.333,0.0000
55296.000,235.6107
55306.667,262.9409
55317.333,252.5213
55328.000,248.1832
55338.667,248.1832
55349.333,246.7537
55360.000,246.7537
55370.667,245.3325
55381.333,245.3325
55392.000,246.7537
55402.667,246.7537
55413.333,246.7537
55424.000,246.7537
55434.667,246.7537
55445.333,245.3325
55456.000,245.3325
55466.667,245.3325
55477.333,245.3325
55488.000,246.7537
55498.667,246.7537
55509.333,248.1832
55520.000,249.6209
55530.667,249.6209
55541.333,251.0669
55552.000,251.0669
55562.667,272.2135
55573.333,273.7904
55584.000,291.7512
55594.667,296.8509
55605.333,298.5706
55616.000,298.5706
55626.667,295.1412
55637.333,280.1900
55648.000,253.9842
55658.667,248.1832
55669.333,245.3325
55680.000,0.0000
55690.667,0.0000
55701.333,0.0000
55712.000,0.0000
55722.667,0.0000
55733.333,0.0000
55744.000,0.0000
55754.667,0.0000
55765.333,0.0000
55776.000,0.0000
55786.667,0.0000
55797.333,0.0000
55808.000,0.0000
55818.667,442.2121
55829.333,439.6652
55840.000,482.2357
55850.667,499.2417
55861.333,493.5075
55872.000,513.8706
55882.667,460.4587
55893.333,452.5483
55904.000,449.9419
55914.667,449.9419
55925.333,457.8067
55936.000,476.6968
55946.667,482.2357
55957.333,487.8390
55968.000,493.5075
55978.667,499.2417
55989.333,499.2417
56000.000,499.2417
56010.667,496.3663
56021.333,493.5075
56032.000,493.5075
56042.667,493.5075
56053.333,493.5075
56064.000,493.5075
56074.667,493.5075
56085.333,493.5075
56096.000,493.5075
56106.667,493.5075
56117.333,493.5075
56128.000,493.5075
56138.667,493.5075
56149.333,493.5075
56160.000,490.6651
56170.667,490.6651
56181.333,490.6651
56192.000,490.6651
56202.667,493.5075
56213.333,493.5075
56224.000,493.5075
56234.667,493.5075
56245.333,493.5075
56256.000,493.5075
56266.667,493.5075
56277.333,496.3663
56288.000,496.3663
56298.667,496.3663
56309.333,496.3663
56320.000,496.3663
56330.667,499.2417
56341.333,499.2417
56352.000,499.2417
56362.667,499.2417
56373.333,502.1338
56384.000,0.0000
56394.667,0.0000
56405.333,0.0000
56416.000,0.0000
56426.667,0.0000
56437.333,0.0000
56448.000,0.0000
56458.667,0.0000
56469.333,0.0000
56480.000,0.0000
56490.667,0.0000
56501.333,0.0000
56512.000,0.0000
56522.667,0.0000
56533.333,0.0000
56544.000,0.0000
56554.667,400.8526
56565.333,391.6971
56576.000,393.9662
56586.667,393.9662
56597.333,393.9662
56608.000,391.6971
56618.667,389.4411
56629.333,387.1981
56640.000,387.1981
56650.667,384.9680
56661.333,384.9680
56672.000,387.1981
56682.667,391.6971
56693.333,403.1747
56704.000,405.5103
56714.667,405.5103
56725.333,405.5103
56736.000,403.1747
56746.667,398.5439
56757.333,393.9662
56768.000,387.1981
56778.667,384.9680
56789.333,382.7508
56800.000,380.5463
56810.667,378.3545
56821.333,378.3545
56832.000,378.3545
56842.667,380.5463
56853.333,396.2484
56864.000,398.5439
56874.667,400.8526
56885.333,0.0000
56896.000,0.0000
56906.667,0.0000
56917.333,0.0000
56928.000,0.0000
56938.667,0.0000
56949.333,0.0000
56960.000,0.0000
56970.667,0.0000
56981.333,0.0000
56992.000,0.0000
57002.667,0.0000
57013.333,0.0000
57024.000,0.0000
57034.667,0.0000
57045.333,0.0000
57056.000,391.6971
57066.667,382.7508
57077.333,393.9662
57088.000,393.9662
57098.667,393.9662
57109.333,393.9662
57120.000,391.6971
57130.667,389.4411
57141.333,384.9680
57152.000,384.9680
57162.667,384.9680
57173.333,387.1981
57184.000,391.6971
57194.667,398.5439
57205.333,403.1747
57216.000,405.5103
57226.667,407.8594
57237.333,403.1747
57248.000,400.8526
57258.667,400.8526
57269.333,0.0000
57280.000,0.0000
57290.667,0.0000
57301.333,0.0000
57312.000,0.0000
57322.667,0.0000
57333.333,0.0000
57344.000,0.0000
57354.667,0.0000
57365.333,0.0000
57376.000,0.0000
57386.667,0.0000
57397.333,0.0000
57408.000,0.0000
57418.667,0.0000
57429.333,487.8390
57440.000,496.3663
57450.667,496.3663
57461.333,499.2417
57472.000,496.3663
57482.667,496.3663
57493.333,496.3663
57504.000,496.3663
57514.667,496.3663
57525.333,493.5075
57536.000,485.0293
57546.667,482.2357
57557.333,482.2357
57568.000,490.6651
57578.667,510.9110
57589.333,525.8818
57600.000,525.8818
57610.667,525.8818
57621.333,522.8529
57632.000,522.8529
57642.667,522.8529
57653.333,522.8529
57664.000,519.8415
57674.667,516.8475
57685.333,516.8475
57696.000,516.8475
57706.667,519.8415
57717.333,519.8415
57728.000,522.8529
57738.667,525.8818
57749.333,525.8818
57760.000,528.9282
57770.667,525.8818
57781.333,522.8529
57792.000,519.8415
57802.667,513.8706
57813.333,505.0427
57824.000,487.8390
57834.667,471.2215
57845.333,468.5074
57856.000,463.1262
57866.667,455.1699
57877.333,452.5483
57888.000,447.3504
57898.667,447.3504
57909.333,447.3504
57920.000,452.5483
57930.667,460.4587
57941.333,471.2215
57952.000,476.6968
57962.667,485.0293
57973.333,493.5075
57984.000,499.2417
57994.667,499.2417
58005.333,496.3663
58016.000,493.5075
58026.667,490.6651
58037.333,487.8390
58048.000,487.8390
58058.667,485.0293
58069.333,473.9512
58080.000,449.9419
58090.667,444.7738
58101.333,437.1329
58112.000,380.5463
58122.667,355.0622
58133.333,369.7129
58144.000,389.4411
58154.667,391.6971
58165.333,393.9662
58176.000,396.2484
58186.667,393.9662
58197.333,393.9662
58208.000,391.6971
58218.667,387.1981
58229.333,387.1981
58240.000,387.1981
58250.667,391.6971
58261.333,396.2484
58272.000,398.5439
58282.667,398.5439
58293.333,398.5439
58304.000,398.5439
58314.667,396.2484
58325.333,391.6971
58336.000,389.4411
58346.667,387.1981
58357.333,384.9680
58368.000,384.9680
58378.667,389.4411
58389.333,391.6971
58400.000,393.9662
58410.667,396.2484
58421.333,398.5439
58432.000,398.5439
58442.667,396.2484
58453.333,0.0000
58464.000,0.0000
58474.667,0.0000
58485.333,0.0000
58496.000,0.0000
58506.667,0.0000
58517.333,0.0000
58528.000,0.0000
58538.667,0.0000
58549.333,0.0000
58560.000,0.0000
58570.667,0.0000
58581.333,0.0000
58592.000,0.0000
58602.667,0.0000
58613.333,0.0000
58624.000,0.0000
58634.667,0.0000
58645.333,0.0000
58656.000,0.0000
58666.667,0.0000
58677.333,0.0000
58688.000,0.0000
58698.667,0.0000
58709.333,0.0000
58720.000,0.0000
58730.667,0.0000
58741.333,0.0000
58752.000,0.0000
58762.667,0.0000
58773.333,0.0000
58784.000,0.0000
58794.667,0.0000
58805.333,0.0000
58816.000,0.0000
58826.667,0.0000
58837.333,0.0000
58848.000,0.0000
58858.667,0.0000
58869.333,0.0000
58880.000,0.0000
58890.667,0.0000
58901.333,0.0000
58912.000,0.0000
58922.667,0.0000
58933.333,0.0000
58944.000,0.0000
58954.667,0.0000
58965.333,0.0000
58976.000,0.0000
58986.667,0.0000
58997.333,0.0000
59008.000,0.0000
59018.667,0.0000
59029.333,0.0000
59040.000,0.0000
59050.667,0.0000
59061.333,0.0000
59072.000,0.0000
59082.667,0.0000
59093.333,0.0000
59104.000,396.2484
59114.667,396.2484
59125.333,393.9662
59136.000,391.6971
59146.667,391.6971
59157.333,393.9662
59168.000,396.2484
59178.667,396.2484
59189.333,398.5439
59200.000,393.9662
59210.667,376.1753
59221.333,376.1753
59232.000,376.1753
59242.667,0.0000
59253.333,0.0000
59264.000,0.0000
59274.667,0.0000
59285.333,0.0000
59296.000,0.0000
59306.667,0.0000
59317.333,0.0000
59328.000,0.0000
59338.667,0.0000
59349.333,0.0000
59360.000,0.0000
59370.667,0.0000
59381.333,0.0000
59392.000,457.8067
59402.667,455.1699
59413.333,457.8067
59424.000,455.1699
59434.667,457.8067
59445.333,465.8090
59456.000,473.9512
59466.667,479.4583
59477.333,482.2357
59488.000,487.8390
59498.667,487.8390
59509.333,487.8390
59520.000,487.8390
59530.667,485.0293
59541.333,485.0293
59552.000,476.6968
59562.667,463.1262
59573.333,452.5483
59584.000,449.9419
59594.667,449.9419
59605.333,449.9419
59616.000,449.9419
59626.667,447.3504
59637.333,444.7738
59648.000,444.7738
59658.667,442.2121
59669.333,442.2121
59680.000,444.7738
59690.667,444.7738
59701.333,455.1699
59712.000,449.9419
59722.667,442.2121
59733.333,439.6652
59744.000,439.6652
59754.667,437.1329
59765.333,427.1488
59776.000,424.6886
59786.667,424.6886
59797.333,419.8106
59808.000,400.8526
59818.667,400.8526
59829.333,398.5439
59840.000,398.5439
59850.667,398.5439
59861.333,398.5439
59872.000,398.5439
59882.667,400.8526
59893.333,403.1747
59904.000,410.2221
59914.667,427.1488
59925.333,434.6152
59936.000,437.1329
59946.667,442.2121
59957.333,442.2121
59968.000,442.2121
59978.667,442.2121
59989.333,439.6652
60000.000,439.6652
60010.667,439.6652
60021.333,439.6652
60032.000,439.6652
60042.667,439.6652
60053.333,380.5463
60064.000,380.5463
60074.667,382.7508
60085.333,382.7508
60096.000,391.6971
60106.667,393.9662
60117.333,393.9662
60128.000,393.9662
60138.667,391.6971
60149.333,389.4411
60160.000,387.1981
60170.667,387.1981
60181.333,387.1981
60192.000,391.6971
60202.667,396.2484
60213.333,403.1747
60224.000,403.1747
60234.667,405.5103
60245.333,400.8526
60256.000,396.2484
60266.667,391.6971
60277.333,389.4411
60288.000,387.1981
60298.667,387.1981
60309.333,387.1981
60320.000,391.6971
60330.667,393.9662
60341.333,393.9662
60352.000,393.9662
60362.667,393.9662
60373.333,393.9662
60384.000,391.6971
60394.667,391.6971
60405.333,391.6971
60416.000,391.6971
60426.667,391.6971
60437.333,391.6971
60448.000,391.6971
60458.667,389.4411
60469.333,389.4411
60480.000,389.4411
60490.667,384.9680
60501.333,0.0000
60512.000,0.0000
60522.667,0.0000
60533.333,0.0000
60544.000,0.0000
60554.667,0.0000
60565.333,0.0000
60576.000,0.0000
60586.667,0.0000
60597.333,0.0000
60608.000,0.0000
60618.667,0.0000
60629.333,0.0000
60640.000,0.0000
60650.667,0.0000
60661.333,0.0000
60672.000,0.0000
60682.667,0.0000
60693.333,0.0000
60704.000,0.0000
60714.667,0.0000
60725.333,0.0000
60736.000,0.0000
60746.667,0.0000
60757.333,0.0000
60768.000,0.0000
60778.667,0.0000
60789.333,0.0000
60800.000,0.0000
60810.667,0.0000
60821.333,0.0000
60832.000,0.0000
60842.667,0.0000
60853.333,0.0000
60864.000,0.0000
60874.667,0.0000
60885.333,0.0000
60896.000,0.0000
60906.667,0.0000
60917.333,0.0000
60928.000,0.0000
60938.667,0.0000
60949.333,0.0000
60960.000,0.0000
60970.667,0.0000
60981.333,0.0000
60992.000,0.0000
61002.667,0.0000
61013.333,0.0000
61024.000,0.0000
61034.667,0.0000
61045.333,0.0000
61056.000,0.0000
61066.667,0.0000
61077.333,0.0000
61088.000,0.0000
61098.667,0.0000
61109.333,0.0000
61120.000,0.0000
61130.667,0.0000
61141.333,0.0000
61152.000,0.0000
61162.667,0.0000
61173.333,0.0000
61184.000,0.0000
61194.667,0.0000
61205.333,0.0000
61216.000,0.0000
61226.667,0.0000
61237.333,0.0000
61248.000,0.0000
61258.667,0.0000
61269.333,0.0000
61280.000,0.0000
61290.667,0.0000
61301.333,0.0000
61312.000,0.0000
61322.667,0.0000
61333.333,0.0000
61344.000,0.0000
61354.667,0.0000
61365.333,0.0000
61376.000,0.0000
61386.667,0.0000
61397.333,0.0000
61408.000,0.0000
61418.667,0.0000
61429.333,0.0000
61440.000,0.0000
61450.667,0.0000
61461.333,0.0000
61472.000,0.0000
61482.667,0.0000
61493.333,0.0000
61504.000,0.0000
61514.667,0.0000
61525.333,0.0000
61536.000,0.0000
61546.667,0.0000
61557.333,0.0000
61568.000,0.0000
61578.667,0.0000
61589.333,0.0000
61600.000,0.0000
61610.667,0.0000
61621.333,0.0000
61632.000,0.0000
61642.667,0.0000
61653.333,0.0000
61664.000,0.0000
61674.667,0.0000
61685.333,0.0000
61696.000,0.0000
61706.667,0.0000
61717.333,0.0000
61728.000,0.0000
61738.667,0.0000
61749.333,0.0000
61760.000,0.0000
61770.667,0.0000
61781.333,0.0000
61792.000,0.0000
61802.667,0.0000
61813.333,0.0000
61824.000,0.0000
61834.667,0.0000
61845.333,0.0000
61856.000,0.0000
61866.667,0.0000
61877.333,0.0000
61888.000,0.0000
61898.667,0.0000
61909.333,0.0000
61920.000,0.0000
61930.667,0.0000
61941.333,0.0000
61952.000,0.0000
61962.667,0.0000
61973.333,0.0000
61984.000,0.0000
61994.667,0.0000
62005.333,0.0000
62016.000,0.0000
62026.667,0.0000
62037.333,0.0000
62048.000,0.0000
62058.667,0.0000
62069.333,0.0000
62080.000,0.0000
62090.667,0.0000
62101.333,0.0000
62112.000,0.0000
62122.667,0.0000
62133.333,0.0000
62144.000,0.0000
62154.667,0.0000
62165.333,0.0000
62176.000,0.0000
62186.667,0.0000
62197.333,0.0000
62208.000,0.0000
62218.667,0.0000
62229.333,0.0000
62240.000,0.0000
62250.667,0.0000
62261.333,0.0000
62272.000,0.0000
62282.667,0.0000
62293.333,0.0000
62304.000,0.0000
62314.667,0.0000
62325.333,0.0000
62336.000,0.0000
62346.667,0.0000
62357.333,0.0000
62368.000,0.0000
62378.667,0.0000
62389.333,0.0000
62400.000,0.0000
62410.667,0.0000
62421.333,0.0000
62432.000,0.0000
62442.667,0.0000
62453.333,0.0000
62464.000,0.0000
62474.667,0.0000
62485.333,0.0000
62496.000,0.0000
62506.667,0.0000
62517.333,0.0000
62528.000,0.0000
62538.667,0.0000
62549.333,0.0000
62560.000,0.0000
62570.667,0.0000
62581.333,0.0000
62592.000,0.0000
62602.667,0.0000
62613.333,0.0000
62624.000,0.0000
62634.667,0.0000
62645.333,0.0000
62656.000,0.0000
62666.667,0.0000
62677.333,0.0000
62688.000,0.0000
62698.667,0.0000
62709.333,0.0000
62720.000,0.0000
62730.667,0.0000
62741.333,0.0000
62752.000,0.0000
62762.667,0.0000
62773.333,0.0000
62784.000,0.0000
62794.667,0.0000
62805.333,0.0000
62816.000,0.0000
62826.667,0.0000
62837.333,0.0000
62848.000,0.0000
62858.667,0.0000
62869.333,0.0000
62880.000,0.0000
62890.667,0.0000
62901.333,0.0000
62912.000,0.0000
62922.667,0.0000
62933.333,0.0000
62944.000,0.0000
62954.667,0.0000
62965.333,0.0000
62976.000,0.0000
62986.667,0.0000
62997.333,0.0000
