timestamp_ms,frequency_hz
0.000,165.6424
10.667,163.7398
21.333,162.7968
32.000,161.8591
42.667,160.0000
53.333,160.0000
64.000,160.0000
74.667,160.9269
85.333,161.8591
96.000,161.8591
106.667,162.7968
117.333,162.7968
128.000,163.7398
138.667,163.7398
149.333,163.7398
160.000,162.7968
170.667,161.8591
181.333,161.8591
192.000,161.8591
202.667,161.8591
213.333,161.8591
224.000,163.7398
234.667,163.7398
245.333,163.7398
256.000,163.7398
266.667,160.9269
277.333,161.8591
288.000,162.7968
298.667,160.9269
309.333,162.7968
320.000,161.8591
330.667,160.9269
341.333,154.5498
352.000,160.9269
362.667,160.9269
373.333,160.0000
384.000,160.0000
394.667,164.6884
405.333,164.6884
416.000,165.6424
426.667,164.6884
437.333,157.2513
448.000,158.1622
458.667,164.6884
469.333,167.5671
480.000,167.5671
490.667,167.5671
501.333,168.5378
512.000,167.5671
522.667,167.5671
533.333,165.6424
544.000,162.7968
554.667,162.7968
565.333,163.7398
576.000,163.7398
586.667,165.6424
597.333,167.5671
608.000,168.5378
618.667,169.5141
629.333,171.4838
640.000,174.4812
650.667,176.5086
661.333,178.5595
672.000,179.5939
682.667,180.6343
693.333,181.6807
704.000,182.7332
714.667,182.7332
725.333,182.7332
736.000,181.6807
746.667,180.6343
757.333,180.6343
768.000,180.6343
778.667,181.6807
789.333,181.6807
800.000,182.7332
810.667,183.7917
821.333,183.7917
832.000,183.7917
842.667,182.7332
853.333,181.6807
864.000,180.6343
874.667,181.6807
885.333,181.6807
896.000,180.6343
906.667,180.6343
917.333,180.6343
928.000,169.5141
938.667,166.6019
949.333,161.8591
960.000,162.7968
970.667,162.7968
981.333,163.7398
992.000,163.7398
1002.667,163.7398
1013.333,163.7398
1024.000,163.7398
1034.667,162.7968
1045.333,161.8591
1056.000,161.8591
1066.667,161.8591
1077.333,162.7968
1088.000,162.7968
1098.667,163.7398
1109.333,163.7398
1120.000,163.7398
1130.667,163.7398
1141.333,163.7398
1152.000,163.7398
1162.667,161.8591
1173.333,161.8591
1184.000,160.9269
1194.667,159.0785
1205.333,160.0000
1216.000,161.8591
1226.667,162.7968
1237.333,163.7398
1248.000,165.6424
1258.667,166.6019
1269.333,166.6019
1280.000,166.6019
1290.667,168.5378
1301.333,167.5671
1312.000,166.6019
1322.667,165.6424
1333.333,165.6424
1344.000,166.6019
1354.667,166.6019
1365.333,166.6019
1376.000,168.5378
1386.667,166.6019
1397.333,165.6424
1408.000,164.6884
1418.667,163.7398
1429.333,163.7398
1440.000,164.6884
1450.667,163.7398
1461.333,163.7398
1472.000,163.7398
1482.667,162.7968
1493.333,162.7968
1504.000,162.7968
1514.667,162.7968
1525.333,162.7968
1536.000,163.7398
1546.667,163.7398
1557.333,163.7398
1568.000,162.7968
1578.667,163.7398
1589.333,162.7968
1600.000,163.7398
1610.667,164.6884
1621.333,164.6884
1632.000,165.6424
1642.667,165.6424
1653.333,164.6884
1664.000,163.7398
1674.667,162.7968
1685.333,162.7968
1696.000,162.7968
1706.667,162.7968
1717.333,162.7968
1728.000,162.7968
1738.667,163.7398
1749.333,163.7398
1760.000,163.7398
1770.667,163.7398
1781.333,162.7968
1792.000,163.7398
1802.667,162.7968
1813.333,162.7968
1824.000,162.7968
1834.667,162.7968
1845.333,163.7398
1856.000,163.7398
1866.667,164.6884
1877.333,173.4763
1888.000,171.4838
1898.667,172.4771
1909.333,165.6424
1920.000,160.9269
1930.667,160.9269
1941.333,164.6884
1952.000,164.6884
1962.667,164.6884
1973.333,163.7398
1984.000,163.7398
1994.667,162.7968
2005.333,161.8591
2016.000,161.8591
2026.667,160.9269
2037.333,160.9269
2048.000,161.8591
2058.667,161.8591
2069.333,162.7968
2080.000,162.7968
2090.667,164.6884
2101.333,163.7398
2112.000,162.7968
2122.667,161.8591
2133.333,162.7968
2144.000,162.7968
2154.667,162.7968
2165.333,161.8591
2176.000,160.9269
2186.667,164.6884
2197.333,165.6424
2208.000,166.6019
2218.667,167.5671
2229.333,164.6884
2240.000,163.7398
2250.667,164.6884
2261.333,161.8591
2272.000,169.5141
2282.667,168.5378
2293.333,0.0000
2304.000,0.0000
2314.667,0.0000
2325.333,175.4920
2336.000,174.4812
2346.667,175.4920
2357.333,175.4920
2368.000,166.6019
2378.667,164.6884
2389.333,162.7968
2400.000,162.7968
2410.667,162.7968
2421.333,0.0000
2432.000,166.6019
2442.667,160.9269
2453.333,160.0000
2464.000,164.6884
2474.667,166.6019
2485.333,161.8591
2496.000,160.9269
2506.667,160.9269
2517.333,161.8591
2528.000,0.0000
2538.667,0.0000
2549.333,0.0000
2560.000,116.4523
2570.667,115.1147
2581.333,116.4523
2592.000,119.1742
2602.667,126.9921
2613.333,137.6882
2624.000,148.4255
2634.667,154.5498
2645.333,160.9269
2656.000,167.5671
2666.667,173.4763
2677.333,177.5311
2688.000,179.5939
2698.667,180.6343
2709.333,180.6343
2720.000,181.6807
2730.667,181.6807
2741.333,181.6807
2752.000,181.6807
2762.667,180.6343
2773.333,176.5086
2784.000,176.5086
2794.667,176.5086
2805.333,175.4920
2816.000,175.4920
2826.667,182.7332
2837.333,182.7332
2848.000,181.6807
2858.667,181.6807
2869.333,181.6807
2880.000,179.5939
2890.667,180.6343
2901.333,180.6343
2912.000,176.5086
2922.667,178.5595
2933.333,178.5595
2944.000,179.5939
2954.667,178.5595
2965.333,175.4920
2976.000,167.5671
2986.667,161.8591
2997.333,162.7968
3008.000,161.8591
3018.667,161.8591
3029.333,161.8591
3040.000,161.8591
3050.667,161.8591
3061.333,165.6424
3072.000,169.5141
3082.667,172.4771
3093.333,179.5939
3104.000,179.5939
3114.667,178.5595
3125.333,168.5378
3136.000,167.5671
3146.667,164.6884
3157.333,172.4771
3168.000,180.6343
3178.667,181.6807
3189.333,182.7332
3200.000,184.8564
3210.667,184.8564
3221.333,185.9273
3232.000,185.9273
3242.667,184.8564
3253.333,183.7917
3264.000,183.7917
3274.667,183.7917
3285.333,183.7917
3296.000,184.8564
3306.667,183.7917
3317.333,183.7917
3328.000,183.7917
3338.667,184.8564
3349.333,184.8564
3360.000,184.8564
3370.667,184.8564
3381.333,184.8564
3392.000,184.8564
3402.667,184.8564
3413.333,184.8564
3424.000,184.8564
3434.667,184.8564
3445.333,185.9273
3456.000,187.0044
3466.667,195.8486
3477.333,199.2719
3488.000,206.2992
3498.667,209.9053
3509.333,217.3076
3520.000,219.8326
3530.667,221.1061
3541.333,222.3869
3552.000,222.3869
3562.667,222.3869
3573.333,222.3869
3584.000,221.1061
3594.667,219.8326
3605.333,219.8326
3616.000,219.8326
3626.667,219.8326
3637.333,221.1061
3648.000,222.3869
3658.667,226.2742
3669.333,227.5850
3680.000,228.9033
3690.667,228.9033
3701.333,226.2742
3712.000,224.9709
3722.667,223.6752
3733.333,222.3869
3744.000,221.1061
3754.667,221.1061
3765.333,221.1061
3776.000,221.1061
3786.667,222.3869
3797.333,223.6752
3808.000,223.6752
3818.667,224.9709
3829.333,223.6752
3840.000,222.3869
3850.667,222.3869
3861.333,221.1061
3872.000,221.1061
3882.667,219.8326
3893.333,219.8326
3904.000,219.8326
3914.667,219.8326
3925.333,221.1061
3936.000,222.3869
3946.667,223.6752
3957.333,224.9709
3968.000,224.9709
3978.667,223.6752
3989.333,223.6752
4000.000,222.3869
4010.667,221.1061
4021.333,219.8326
4032.000,218.5664
4042.667,217.3076
4053.333,217.3076
4064.000,218.5664
4074.667,219.8326
4085.333,221.1061
4096.000,221.1061
4106.667,221.1061
4117.333,221.1061
4128.000,219.8326
4138.667,219.8326
4149.333,219.8326
4160.000,218.5664
4170.667,218.5664
4181.333,218.5664
4192.000,218.5664
4202.667,219.8326
4213.333,219.8326
4224.000,219.8326
4234.667,221.1061
4245.333,221.1061
4256.000,219.8326
4266.667,219.8326
4277.333,219.8326
4288.000,221.1061
4298.667,221.1061
4309.333,222.3869
4320.000,222.3869
4330.667,222.3869
4341.333,222.3869
4352.000,221.1061
4362.667,221.1061
4373.333,221.1061
4384.000,221.1061
4394.667,221.1061
4405.333,221.1061
4416.000,222.3869
4426.667,222.3869
4437.333,222.3869
4448.000,221.1061
4458.667,219.8326
4469.333,219.8326
4480.000,219.8326
4490.667,221.1061
4501.333,221.1061
4512.000,221.1061
4522.667,222.3869
4533.333,222.3869
4544.000,222.3869
4554.667,223.6752
4565.333,223.6752
4576.000,223.6752
4586.667,223.6752
4597.333,223.6752
4608.000,222.3869
4618.667,223.6752
4629.333,223.6752
4640.000,224.9709
4650.667,224.9709
4661.333,224.9709
4672.000,224.9709
4682.667,224.9709
4693.333,224.9709
4704.000,224.9709
4714.667,224.9709
4725.333,224.9709
4736.000,224.9709
4746.667,224.9709
4757.333,224.9709
4768.000,224.9709
4778.667,223.6752
4789.333,222.3869
4800.000,222.3869
4810.667,222.3869
4821.333,223.6752
4832.000,223.6752
4842.667,223.6752
4853.333,223.6752
4864.000,223.6752
4874.667,224.9709
4885.333,224.9709
4896.000,224.9709
4906.667,223.6752
4917.333,224.9709
4928.000,224.9709
4938.667,224.9709
4949.333,223.6752
4960.000,223.6752
4970.667,223.6752
4981.333,223.6752
4992.000,223.6752
5002.667,222.3869
5013.333,222.3869
5024.000,223.6752
5034.667,223.6752
5045.333,224.9709
5056.000,224.9709
5066.667,223.6752
5077.333,222.3869
5088.000,223.6752
5098.667,224.9709
5109.333,226.2742
5120.000,226.2742
5130.667,226.2742
5141.333,224.9709
5152.000,224.9709
5162.667,226.2742
5173.333,0.0000
5184.000,0.0000
5194.667,0.0000
5205.333,0.0000
5216.000,0.0000
5226.667,0.0000
5237.333,0.0000
5248.000,0.0000
5258.667,0.0000
5269.333,0.0000
5280.000,0.0000
5290.667,0.0000
5301.333,0.0000
5312.000,0.0000
5322.667,0.0000
5333.333,0.0000
5344.000,0.0000
5354.667,0.0000
5365.333,0.0000
5376.000,0.0000
5386.667,0.0000
5397.333,0.0000
5408.000,0.0000
5418.667,151.8947
5429.333,145.0354
5440.000,144.2001
5450.667,139.2881
5461.333,139.2881
5472.000,139.2881
5482.667,0.0000
5493.333,175.4920
5504.000,195.8486
5514.667,207.4943
5525.333,221.1061
5536.000,231.5631
5546.667,236.9756
5557.333,246.7537
5568.000,253.9842
5578.667,253.9842
5589.333,252.5213
5600.000,249.6209
5610.667,248.1832
5621.333,246.7537
5632.000,243.9195
5642.667,242.5147
5653.333,241.1179
5664.000,239.7291
5674.667,242.5147
5685.333,246.7537
5696.000,248.1832
5706.667,249.6209
5717.333,249.6209
5728.000,249.6209
5738.667,249.6209
5749.333,248.1832
5760.000,248.1832
5770.667,248.1832
5781.333,248.1832
5792.000,248.1832
5802.667,249.6209
5813.333,249.6209
5824.000,251.0669
5834.667,252.5213
5845.333,251.0669
5856.000,251.0669
5866.667,249.6209
5877.333,248.1832
5888.000,246.7537
5898.667,246.7537
5909.333,246.7537
5920.000,248.1832
5930.667,249.6209
5941.333,251.0669
5952.000,253.9842
5962.667,253.9842
5973.333,255.4555
5984.000,253.9842
5994.667,249.6209
6005.333,248.1832
6016.000,248.1832
6026.667,248.1832
6037.333,248.1832
6048.000,246.7537
6058.667,248.1832
6069.333,248.1832
6080.000,248.1832
6090.667,223.6752
6101.333,223.6752
6112.000,201.5874
6122.667,201.5874
6133.333,201.5874
6144.000,221.1061
6154.667,222.3869
6165.333,224.9709
6176.000,232.9045
6186.667,243.9195
6197.333,245.3325
6208.000,243.9195
6218.667,242.5147
6229.333,242.5147
6240.000,242.5147
6250.667,242.5147
6261.333,243.9195
6272.000,245.3325
6282.667,245.3325
6293.333,246.7537
6304.000,246.7537
6314.667,246.7537
6325.333,245.3325
6336.000,245.3325
6346.667,246.7537
6357.333,248.1832
6368.000,249.6209
6378.667,252.5213
6389.333,256.9353
6400.000,262.9409
6410.667,269.0869
6421.333,275.3765
6432.000,278.5762
6442.667,278.5762
6453.333,280.1900
6464.000,278.5762
6474.667,278.5762
6485.333,276.9717
6496.000,276.9717
6506.667,276.9717
6517.333,278.5762
6528.000,278.5762
6538.667,278.5762
6549.333,278.5762
6560.000,278.5762
6570.667,276.9717
6581.333,275.3765
6592.000,275.3765
6602.667,273.7904
6613.333,273.7904
6624.000,273.7904
6634.667,273.7904
6645.333,273.7904
6656.000,275.3765
6666.667,275.3765
6677.333,276.9717
6688.000,276.9717
6698.667,278.5762
6709.333,278.5762
6720.000,278.5762
6730.667,276.9717
6741.333,278.5762
6752.000,276.9717
6762.667,278.5762
6773.333,278.5762
6784.000,278.5762
6794.667,276.9717
6805.333,272.2135
6816.000,236.9756
6826.667,238.3484
6837.333,239.7291
6848.000,241.1179
6858.667,242.5147
6869.333,243.9195
6880.000,243.9195
6890.667,243.9195
6901.333,242.5147
6912.000,242.5147
6922.667,242.5147
6933.333,242.5147
6944.000,242.5147
6954.667,243.9195
6965.333,245.3325
6976.000,248.1832
6986.667,249.6209
6997.333,249.6209
7008.000,249.6209
7018.667,248.1832
7029.333,246.7537
7040.000,245.3325
7050.667,243.9195
7061.333,243.9195
7072.000,242.5147
7082.667,243.9195
7093.333,243.9195
7104.000,243.9195
7114.667,245.3325
7125.333,245.3325
7136.000,245.3325
7146.667,245.3325
7157.333,245.3325
7168.000,246.7537
7178.667,246.7537
7189.333,245.3325
7200.000,245.3325
7210.667,245.3325
7221.333,243.9195
7232.000,243.9195
7242.667,243.9195
7253.333,243.9195
7264.000,243.9195
7274.667,242.5147
7285.333,242.5147
7296.000,242.5147
7306.667,0.0000
7317.333,0.0000
7328.000,0.0000
7338.667,243.9195
7349.333,243.9195
7360.000,245.3325
7370.667,245.3325
7381.333,245.3325
7392.000,243.9195
7402.667,243.9195
7413.333,243.9195
7424.000,243.9195
7434.667,245.3325
7445.333,245.3325
7456.000,243.9195
7466.667,242.5147
7477.333,241.1179
7488.000,0.0000
7498.667,0.0000
7509.333,0.0000
7520.000,0.0000
7530.667,0.0000
7541.333,242.5147
7552.000,243.9195
7562.667,242.5147
7573.333,241.1179
7584.000,239.7291
7594.667,242.5147
7605.333,0.0000
7616.000,0.0000
7626.667,0.0000
7637.333,0.0000
7648.000,0.0000
7658.667,0.0000
7669.333,167.5671
7680.000,162.7968
7690.667,162.7968
7701.333,161.8591
7712.000,162.7968
7722.667,163.7398
7733.333,165.6424
7744.000,166.6019
7754.667,166.6019
7765.333,166.6019
7776.000,166.6019
7786.667,165.6424
7797.333,164.6884
7808.000,164.6884
7818.667,165.6424
7829.333,166.6019
7840.000,168.5378
7850.667,177.5311
7861.333,180.6343
7872.000,182.7332
7882.667,183.7917
7893.333,183.7917
7904.000,183.7917
7914.667,182.7332
7925.333,181.6807
7936.000,179.5939
7946.667,178.5595
7957.333,178.5595
7968.000,179.5939
7978.667,182.7332
7989.333,183.7917
8000.000,184.8564
8010.667,184.8564
8021.333,183.7917
8032.000,182.7332
8042.667,182.7332
8053.333,183.7917
8064.000,184.8564
8074.667,184.8564
8085.333,184.8564
8096.000,184.8564
8106.667,184.8564
8117.333,184.8564
8128.000,184.8564
8138.667,182.7332
8149.333,182.7332
8160.000,182.7332
8170.667,182.7332
8181.333,182.7332
8192.000,183.7917
8202.667,183.7917
8213.333,183.7917
8224.000,183.7917
8234.667,183.7917
8245.333,183.7917
8256.000,183.7917
8266.667,183.7917
8277.333,183.7917
8288.000,183.7917
8298.667,183.7917
8309.333,182.7332
8320.000,181.6807
8330.667,181.6807
8341.333,182.7332
8352.000,182.7332
8362.667,182.7332
8373.333,183.7917
8384.000,182.7332
8394.667,181.6807
8405.333,184.8564
8416.000,184.8564
8426.667,184.8564
8437.333,184.8564
8448.000,184.8564
8458.667,183.7917
8469.333,183.7917
8480.000,183.7917
8490.667,183.7917
8501.333,183.7917
8512.000,183.7917
8522.667,183.7917
8533.333,183.7917
8544.000,182.7332
8554.667,182.7332
8565.333,182.7332
8576.000,183.7917
8586.667,183.7917
8597.333,183.7917
8608.000,183.7917
8618.667,183.7917
8629.333,183.7917
8640.000,183.7917
8650.667,184.8564
8661.333,184.8564
8672.000,184.8564
8682.667,184.8564
8693.333,184.8564
8704.000,183.7917
8714.667,183.7917
8725.333,182.7332
8736.000,181.6807
8746.667,180.6343
8757.333,172.4771
8768.000,165.6424
8778.667,161.8591
8789.333,160.9269
8800.000,160.9269
8810.667,161.8591
8821.333,162.7968
8832.000,162.7968
8842.667,163.7398
8853.333,163.7398
8864.000,163.7398
8874.667,162.7968
8885.333,162.7968
8896.000,161.8591
8906.667,161.8591
8917.333,161.8591
8928.000,162.7968
8938.667,164.6884
8949.333,165.6424
8960.000,166.6019
8970.667,166.6019
8981.333,166.6019
8992.000,165.6424
9002.667,165.6424
9013.333,165.6424
9024.000,164.6884
9034.667,163.7398
9045.333,163.7398
9056.000,162.7968
9066.667,161.8591
9077.333,164.6884
9088.000,170.4961
9098.667,176.5086
9109.333,181.6807
9120.000,182.7332
9130.667,181.6807
9141.333,181.6807
9152.000,182.7332
9162.667,183.7917
9173.333,184.8564
9184.000,185.9273
9194.667,187.0044
9205.333,187.0044
9216.000,188.0877
9226.667,187.0044
9237.333,187.0044
9248.000,188.0877
9258.667,188.0877
9269.333,196.9831
9280.000,199.2719
9290.667,206.2992
9301.333,209.9053
9312.000,219.8326
9322.667,222.3869
9333.333,224.9709
9344.000,226.2742
9354.667,226.2742
9365.333,224.9709
9376.000,222.3869
9386.667,221.1061
9397.333,219.8326
9408.000,219.8326
9418.667,221.1061
9429.333,221.1061
9440.000,222.3869
9450.667,223.6752
9461.333,223.6752
9472.000,223.6752
9482.667,222.3869
9493.333,222.3869
9504.000,222.3869
9514.667,221.1061
9525.333,221.1061
9536.000,222.3869
9546.667,222.3869
9557.333,221.1061
9568.000,221.1061
9578.667,219.8326
9589.333,218.5664
9600.000,203.9297
9610.667,199.2719
9621.333,180.6343
9632.000,179.5939
9642.667,198.1242
9653.333,205.1111
9664.000,211.1213
9674.667,214.8116
9685.333,217.3076
9696.000,219.8326
9706.667,221.1061
9717.333,222.3869
9728.000,222.3869
9738.667,222.3869
9749.333,221.1061
9760.000,219.8326
9770.667,218.5664
9781.333,217.3076
9792.000,216.0560
9802.667,216.0560
9813.333,217.3076
9824.000,218.5664
9834.667,219.8326
9845.333,221.1061
9856.000,221.1061
9866.667,221.1061
9877.333,219.8326
9888.000,219.8326
9898.667,218.5664
9909.333,217.3076
9920.000,217.3076
9930.667,216.0560
9941.333,216.0560
9952.000,216.0560
9962.667,216.0560
9973.333,217.3076
9984.000,219.8326
9994.667,219.8326
10005.333,221.1061
10016.000,221.1061
10026.667,222.3869
10037.333,221.1061
10048.000,221.1061
10058.667,219.8326
10069.333,217.3076
10080.000,217.3076
10090.667,216.0560
10101.333,216.0560
10112.000,217.3076
10122.667,218.5664
10133.333,219.8326
10144.000,221.1061
10154.667,222.3869
10165.333,222.3869
10176.000,222.3869
10186.667,222.3869
10197.333,219.8326
10208.000,218.5664
10218.667,217.3076
10229.333,216.0560
10240.000,216.0560
10250.667,216.0560
10261.333,216.0560
10272.000,218.5664
10282.667,221.1061
10293.333,222.3869
10304.000,223.6752
10314.667,224.9709
10325.333,224.9709
10336.000,223.6752
10346.667,222.3869
10357.333,221.1061
10368.000,218.5664
10378.667,217.3076
10389.333,217.3076
10400.000,216.0560
10410.667,217.3076
10421.333,218.5664
10432.000,219.8326
10442.667,221.1061
10453.333,221.1061
10464.000,222.3869
10474.667,221.1061
10485.333,221.1061
10496.000,219.8326
10506.667,218.5664
10517.333,217.3076
10528.000,217.3076
10538.667,216.0560
10549.333,216.0560
10560.000,217.3076
10570.667,217.3076
10581.333,219.8326
10592.000,222.3869
10602.667,223.6752
10613.333,223.6752
10624.000,223.6752
10634.667,223.6752
10645.333,222.3869
10656.000,221.1061
10666.667,219.8326
10677.333,218.5664
10688.000,218.5664
10698.667,217.3076
10709.333,218.5664
10720.000,219.8326
10730.667,222.3869
10741.333,223.6752
10752.000,224.9709
10762.667,224.9709
10773.333,224.9709
10784.000,223.6752
10794.667,222.3869
10805.333,221.1061
10816.000,219.8326
10826.667,218.5664
10837.333,217.3076
10848.000,217.3076
10858.667,217.3076
10869.333,218.5664
10880.000,219.8326
10890.667,221.1061
10901.333,222.3869
10912.000,222.3869
10922.667,222.3869
10933.333,222.3869
10944.000,221.1061
10954.667,219.8326
10965.333,219.8326
10976.000,218.5664
10986.667,217.3076
10997.333,216.0560
11008.000,216.0560
11018.667,217.3076
11029.333,218.5664
11040.000,219.8326
11050.667,222.3869
11061.333,223.6752
11072.000,223.6752
11082.667,223.6752
11093.333,222.3869
11104.000,222.3869
11114.667,221.1061
11125.333,218.5664
11136.000,217.3076
11146.667,216.0560
11157.333,216.0560
11168.000,216.0560
11178.667,217.3076
11189.333,218.5664
11200.000,219.8326
11210.667,221.1061
11221.333,222.3869
11232.000,222.3869
11242.667,222.3869
11253.333,221.1061
11264.000,219.8326
11274.667,218.5664
11285.333,218.5664
11296.000,217.3076
11306.667,217.3076
11317.333,217.3076
11328.000,217.3076
11338.667,218.5664
11349.333,219.8326
11360.000,221.1061
11370.667,222.3869
11381.333,222.3869
11392.000,222.3869
11402.667,221.1061
11413.333,219.8326
11424.000,218.5664
11434.667,218.5664
11445.333,218.5664
11456.000,219.8326
11466.667,221.1061
11477.333,221.1061
11488.000,222.3869
11498.667,223.6752
11509.333,224.9709
11520.000,224.9709
11530.667,224.9709
11541.333,223.6752
11552.000,222.3869
11562.667,222.3869
11573.333,222.3869
11584.000,222.3869
11594.667,223.6752
11605.333,224.9709
11616.000,224.9709
11626.667,224.9709
11637.333,224.9709
11648.000,223.6752
11658.667,223.6752
11669.333,222.3869
11680.000,222.3869
11690.667,221.1061
11701.333,219.8326
11712.000,218.5664
11722.667,218.5664
11733.333,218.5664
11744.000,218.5664
11754.667,218.5664
11765.333,218.5664
11776.000,221.1061
11786.667,221.1061
11797.333,221.1061
11808.000,221.1061
11818.667,221.1061
11829.333,222.3869
11840.000,221.1061
11850.667,222.3869
11861.333,223.6752
11872.000,224.9709
11882.667,224.9709
11893.333,223.6752
11904.000,224.9709
11914.667,224.9709
11925.333,224.9709
11936.000,223.6752
11946.667,223.6752
11957.333,222.3869
11968.000,223.6752
11978.667,223.6752
11989.333,222.3869
12000.000,219.8326
12010.667,218.5664
12021.333,217.3076
12032.000,221.1061
12042.667,227.5850
12053.333,228.9033
12064.000,228.9033
12074.667,227.5850
12085.333,224.9709
12096.000,223.6752
12106.667,222.3869
12117.333,222.3869
12128.000,222.3869
12138.667,221.1061
12149.333,222.3869
12160.000,222.3869
12170.667,221.1061
12181.333,222.3869
12192.000,222.3869
12202.667,223.6752
12213.333,222.3869
12224.000,219.8326
12234.667,218.5664
12245.333,218.5664
12256.000,218.5664
12266.667,218.5664
12277.333,218.5664
12288.000,219.8326
12298.667,0.0000
12309.333,0.0000
12320.000,0.0000
12330.667,0.0000
12341.333,0.0000
12352.000,0.0000
12362.667,0.0000
12373.333,0.0000
12384.000,0.0000
12394.667,0.0000
12405.333,0.0000
12416.000,0.0000
12426.667,0.0000
12437.333,0.0000
12448.000,0.0000
12458.667,0.0000
12469.333,0.0000
12480.000,0.0000
12490.667,0.0000
12501.333,0.0000
12512.000,0.0000
12522.667,0.0000
12533.333,0.0000
12544.000,0.0000
12554.667,0.0000
12565.333,0.0000
12576.000,0.0000
12586.667,0.0000
12597.333,0.0000
12608.000,0.0000
12618.667,0.0000
12629.333,0.0000
12640.000,0.0000
12650.667,0.0000
12661.333,0.0000
12672.000,0.0000
12682.667,0.0000
12693.333,0.0000
12704.000,0.0000
12714.667,0.0000
12725.333,0.0000
12736.000,0.0000
12746.667,0.0000
12757.333,0.0000
12768.000,0.0000
12778.667,0.0000
12789.333,0.0000
12800.000,0.0000
12810.667,0.0000
12821.333,0.0000
12832.000,0.0000
12842.667,0.0000
12853.333,0.0000
12864.000,0.0000
12874.667,0.0000
12885.333,0.0000
12896.000,0.0000
12906.667,0.0000
12917.333,0.0000
12928.000,0.0000
12938.667,0.0000
12949.333,0.0000
12960.000,0.0000
12970.667,0.0000
12981.333,0.0000
12992.000,0.0000
13002.667,0.0000
13013.333,0.0000
13024.000,0.0000
13034.667,0.0000
13045.333,0.0000
13056.000,0.0000
13066.667,0.0000
13077.333,0.0000
13088.000,0.0000
13098.667,0.0000
13109.333,0.0000
13120.000,169.5141
13130.667,170.4961
13141.333,170.4961
13152.000,169.5141
13162.667,169.5141
13173.333,169.5141
13184.000,169.5141
13194.667,168.5378
13205.333,161.8591
13216.000,161.8591
13226.667,161.8591
13237.333,160.9269
13248.000,159.0785
13258.667,0.0000
13269.333,159.0785
13280.000,159.0785
13290.667,159.0785
13301.333,160.0000
13312.000,163.7398
13322.667,162.7968
13333.333,163.7398
13344.000,163.7398
13354.667,164.6884
13365.333,165.6424
13376.000,165.6424
13386.667,165.6424
13397.333,166.6019
13408.000,166.6019
13418.667,166.6019
13429.333,166.6019
13440.000,166.6019
13450.667,165.6424
13461.333,165.6424
13472.000,165.6424
13482.667,165.6424
13493.333,165.6424
13504.000,165.6424
13514.667,166.6019
13525.333,167.5671
13536.000,170.4961
13546.667,173.4763
13557.333,180.6343
13568.000,181.6807
13578.667,182.7332
13589.333,184.8564
13600.000,184.8564
13610.667,183.7917
13621.333,182.7332
13632.000,182.7332
13642.667,181.6807
13653.333,182.7332
13664.000,182.7332
13674.667,183.7917
13685.333,184.8564
13696.000,185.9273
13706.667,185.9273
13717.333,185.9273
13728.000,184.8564
13738.667,184.8564
13749.333,183.7917
13760.000,183.7917
13770.667,182.7332
13781.333,182.7332
13792.000,182.7332
13802.667,183.7917
13813.333,184.8564
13824.000,185.9273
13834.667,185.9273
13845.333,185.9273
13856.000,184.8564
13866.667,184.8564
13877.333,184.8564
13888.000,184.8564
13898.667,184.8564
13909.333,184.8564
13920.000,184.8564
13930.667,185.9273
13941.333,187.0044
13952.000,187.0044
13962.667,188.0877
13973.333,187.0044
13984.000,185.9273
13994.667,184.8564
14005.333,182.7332
14016.000,182.7332
14026.667,183.7917
14037.333,184.8564
14048.000,183.7917
14058.667,185.9273
14069.333,0.0000
14080.000,0.0000
14090.667,0.0000
14101.333,0.0000
14112.000,0.0000
14122.667,0.0000
14133.333,0.0000
14144.000,0.0000
14154.667,0.0000
14165.333,0.0000
14176.000,0.0000
14186.667,80.0000
14197.333,80.0000
14208.000,80.0000
14218.667,80.0000
14229.333,80.0000
14240.000,80.9296
14250.667,81.3984
14261.333,81.8699
14272.000,81.8699
14282.667,82.3442
14293.333,81.8699
14304.000,80.4634
14314.667,80.0000
14325.333,80.0000
14336.000,80.0000
14346.667,80.0000
14357.333,80.0000
14368.000,80.0000
14378.667,80.0000
14389.333,80.4634
14400.000,0.0000
14410.667,0.0000
14421.333,0.0000
14432.000,0.0000
14442.667,0.0000
14453.333,0.0000
14464.000,0.0000
14474.667,0.0000
14485.333,0.0000
14496.000,161.8591
14506.667,162.7968
14517.333,163.7398
14528.000,163.7398
14538.667,163.7398
14549.333,164.6884
14560.000,164.6884
14570.667,165.6424
14581.333,163.7398
14592.000,163.7398
14602.667,162.7968
14613.333,162.7968
14624.000,159.0785
14634.667,0.0000
14645.333,0.0000
14656.000,0.0000
14666.667,0.0000
14677.333,161.8591
14688.000,162.7968
14698.667,162.7968
14709.333,162.7968
14720.000,162.7968
14730.667,162.7968
14741.333,162.7968
14752.000,160.9269
14762.667,160.9269
14773.333,160.9269
14784.000,160.9269
14794.667,0.0000
14805.333,160.0000
14816.000,160.0000
14826.667,160.9269
14837.333,162.7968
14848.000,161.8591
14858.667,161.8591
14869.333,161.8591
14880.000,161.8591
14890.667,161.8591
14901.333,161.8591
14912.000,161.8591
14922.667,160.0000
14933.333,0.0000
14944.000,0.0000
14954.667,133.7685
14965.333,140.9065
14976.000,142.5438
14986.667,144.2001
14997.333,148.4255
15008.000,161.8591
15018.667,162.7968
15029.333,164.6884
15040.000,165.6424
15050.667,165.6424
15061.333,165.6424
15072.000,165.6424
15082.667,166.6019
15093.333,170.4961
15104.000,0.0000
15114.667,0.0000
15125.333,0.0000
15136.000,0.0000
15146.667,92.9636
15157.333,93.5022
15168.000,93.5022
15178.667,93.5022
15189.333,93.5022
15200.000,92.9636
15210.667,91.8959
15221.333,91.8959
15232.000,91.8959
15242.667,92.4282
15253.333,92.9636
15264.000,92.9636
15274.667,94.0438
15285.333,94.0438
15296.000,94.0438
15306.667,0.0000
15317.333,0.0000
15328.000,0.0000
15338.667,0.0000
15349.333,0.0000
15360.000,0.0000
15370.667,0.0000
15381.333,226.2742
15392.000,226.2742
15402.667,226.2742
15413.333,224.9709
15424.000,219.8326
15434.667,216.0560
15445.333,211.1213
15456.000,198.1242
15466.667,209.9053
15477.333,211.1213
15488.000,198.1242
15498.667,209.9053
15509.333,217.3076
15520.000,218.5664
15530.667,219.8326
15541.333,219.8326
15552.000,219.8326
15562.667,218.5664
15573.333,217.3076
15584.000,216.0560
15594.667,214.8116
15605.333,214.8116
15616.000,214.8116
15626.667,214.8116
15637.333,214.8116
15648.000,214.8116
15658.667,216.0560
15669.333,216.0560
15680.000,217.3076
15690.667,217.3076
15701.333,217.3076
15712.000,217.3076
15722.667,217.3076
15733.333,217.3076
15744.000,217.3076
15754.667,218.5664
15765.333,218.5664
15776.000,219.8326
15786.667,221.1061
15797.333,221.1061
15808.000,222.3869
15818.667,222.3869
15829.333,222.3869
15840.000,221.1061
15850.667,218.5664
15861.333,218.5664
15872.000,218.5664
15882.667,218.5664
15893.333,218.5664
15904.000,218.5664
15914.667,218.5664
15925.333,245.3325
15936.000,245.3325
15946.667,245.3325
15957.333,245.3325
15968.000,221.1061
15978.667,221.1061
15989.333,219.8326
16000.000,218.5664
16010.667,217.3076
16021.333,217.3076
16032.000,217.3076
16042.667,235.6107
16053.333,239.7291
16064.000,239.7291
16074.667,241.1179
16085.333,242.5147
16096.000,245.3325
16106.667,246.7537
16117.333,249.6209
16128.000,249.6209
16138.667,249.6209
16149.333,249.6209
16160.000,248.1832
16170.667,248.1832
16181.333,249.6209
16192.000,0.0000
16202.667,0.0000
16213.333,0.0000
16224.000,267.5370
16234.667,270.6457
16245.333,275.3765
16256.000,276.9717
16266.667,278.5762
16277.333,276.9717
16288.000,276.9717
16298.667,275.3765
16309.333,273.7904
16320.000,273.7904
16330.667,273.7904
16341.333,273.7904
16352.000,273.7904
16362.667,275.3765
16373.333,275.3765
16384.000,275.3765
16394.667,275.3765
16405.333,273.7904
16416.000,273.7904
16426.667,273.7904
16437.333,273.7904
16448.000,275.3765
16458.667,275.3765
16469.333,275.3765
16480.000,275.3765
16490.667,273.7904
16501.333,273.7904
16512.000,273.7904
16522.667,273.7904
16533.333,273.7904
16544.000,272.2135
16554.667,273.7904
16565.333,273.7904
16576.000,273.7904
16586.667,275.3765
16597.333,273.7904
16608.000,273.7904
16618.667,273.7904
16629.333,275.3765
16640.000,275.3765
16650.667,275.3765
16661.333,275.3765
16672.000,275.3765
16682.667,273.7904
16693.333,273.7904
16704.000,273.7904
16714.667,273.7904
16725.333,273.7904
16736.000,0.0000
16746.667,0.0000
16757.333,0.0000
16768.000,0.0000
16778.667,0.0000
16789.333,0.0000
16800.000,0.0000
16810.667,0.0000
16821.333,0.0000
16832.000,0.0000
16842.667,0.0000
16853.333,0.0000
16864.000,0.0000
16874.667,0.0000
16885.333,0.0000
16896.000,275.3765
16906.667,278.5762
16917.333,280.1900
16928.000,281.8131
16938.667,281.8131
16949.333,316.3245
16960.000,353.0172
16970.667,350.9840
16981.333,348.9625
16992.000,348.9625
17002.667,346.9526
17013.333,346.9526
17024.000,348.9625
17034.667,350.9840
17045.333,353.0172
17056.000,357.1191
17066.667,359.1879
17077.333,359.1879
17088.000,357.1191
17098.667,357.1191
17109.333,353.0172
17120.000,350.9840
17130.667,350.9840
17141.333,350.9840
17152.000,348.9625
17162.667,350.9840
17173.333,350.9840
17184.000,353.0172
17194.667,355.0622
17205.333,355.0622
17216.000,357.1191
17226.667,357.1191
17237.333,355.0622
17248.000,353.0172
17258.667,350.9840
17269.333,350.9840
17280.000,348.9625
17290.667,348.9625
17301.333,348.9625
17312.000,350.9840
17322.667,353.0172
17333.333,355.0622
17344.000,355.0622
17354.667,355.0622
17365.333,355.0622
17376.000,355.0622
17386.667,353.0172
17397.333,350.9840
17408.000,350.9840
17418.667,348.9625
17429.333,346.9526
17440.000,346.9526
17450.667,346.9526
17461.333,348.9625
17472.000,350.9840
17482.667,350.9840
17493.333,350.9840
17504.000,350.9840
17514.667,350.9840
17525.333,309.0996
17536.000,273.7904
17546.667,275.3765
17557.333,275.3765
17568.000,275.3765
17578.667,276.9717
17589.333,276.9717
17600.000,276.9717
17610.667,275.3765
17621.333,0.0000
17632.000,350.9840
17642.667,353.0172
17653.333,353.0172
17664.000,353.0172
17674.667,353.0172
17685.333,309.0996
17696.000,309.0996
17706.667,275.3765
17717.333,275.3765
17728.000,275.3765
17738.667,275.3765
17749.333,275.3765
17760.000,275.3765
17770.667,275.3765
17781.333,275.3765
17792.000,275.3765
17802.667,275.3765
17813.333,275.3765
17824.000,275.3765
17834.667,276.9717
17845.333,276.9717
17856.000,276.9717
17866.667,0.0000
17877.333,0.0000
17888.000,0.0000
17898.667,181.6807
17909.333,184.8564
17920.000,187.0044
17930.667,192.4840
17941.333,193.5991
17952.000,195.8486
17962.667,198.1242
17973.333,199.2719
17984.000,199.2719
17994.667,200.4263
18005.333,200.4263
18016.000,201.5874
18026.667,203.9297
18037.333,0.0000
18048.000,0.0000
18058.667,0.0000
18069.333,0.0000
18080.000,0.0000
18090.667,0.0000
18101.333,0.0000
18112.000,0.0000
18122.667,83.3010
18133.333,82.8212
18144.000,82.3442
18154.667,81.8699
18165.333,81.8699
18176.000,81.8699
18186.667,81.8699
18197.333,82.8212
18208.000,82.3442
18218.667,82.3442
18229.333,82.3442
18240.000,82.3442
18250.667,0.0000
18261.333,0.0000
18272.000,0.0000
18282.667,0.0000
18293.333,0.0000
18304.000,82.8212
18314.667,82.8212
18325.333,82.3442
18336.000,82.3442
18346.667,82.3442
18357.333,81.8699
18368.000,81.8699
18378.667,81.8699
18389.333,82.3442
18400.000,0.0000
18410.667,0.0000
18421.333,0.0000
18432.000,0.0000
18442.667,0.0000
18453.333,0.0000
18464.000,0.0000
18474.667,0.0000
18485.333,0.0000
18496.000,0.0000
18506.667,0.0000
18517.333,0.0000
18528.000,0.0000
18538.667,0.0000
18549.333,0.0000
18560.000,82.3442
18570.667,82.3442
18581.333,81.8699
18592.000,81.8699
18602.667,82.3442
18613.333,82.3442
18624.000,82.8212
18634.667,83.7835
18645.333,84.2689
18656.000,84.2689
18666.667,83.7835
18677.333,83.3010
18688.000,82.8212
18698.667,82.3442
18709.333,81.8699
18720.000,81.8699
18730.667,81.8699
18741.333,82.3442
18752.000,82.8212
18762.667,82.8212
18773.333,83.7835
18784.000,83.7835
18794.667,83.7835
18805.333,83.7835
18816.000,83.7835
18826.667,83.3010
18837.333,83.3010
18848.000,82.8212
18858.667,82.8212
18869.333,81.8699
18880.000,81.8699
18890.667,81.8699
18901.333,0.0000
18912.000,0.0000
18922.667,0.0000
18933.333,0.0000
18944.000,0.0000
18954.667,0.0000
18965.333,0.0000
18976.000,0.0000
18986.667,0.0000
18997.333,0.0000
19008.000,0.0000
19018.667,0.0000
19029.333,0.0000
19040.000,0.0000
19050.667,0.0000
19061.333,0.0000
19072.000,0.0000
19082.667,0.0000
19093.333,82.3442
19104.000,82.8212
19114.667,82.8212
19125.333,82.8212
19136.000,81.8699
19146.667,81.8699
19157.333,0.0000
19168.000,0.0000
19178.667,0.0000
19189.333,0.0000
19200.000,0.0000
19210.667,82.3442
19221.333,82.3442
19232.000,82.3442
19242.667,82.8212
19253.333,82.8212
19264.000,82.8212
19274.667,82.8212
19285.333,82.8212
19296.000,0.0000
19306.667,0.0000
19317.333,0.0000
19328.000,0.0000
19338.667,0.0000
19349.333,0.0000
19360.000,0.0000
19370.667,0.0000
19381.333,0.0000
19392.000,0.0000
19402.667,0.0000
19413.333,0.0000
19424.000,0.0000
19434.667,0.0000
19445.333,0.0000
19456.000,0.0000
19466.667,0.0000
19477.333,0.0000
19488.000,0.0000
19498.667,0.0000
19509.333,0.0000
19520.000,275.3765
19530.667,275.3765
19541.333,276.9717
19552.000,276.9717
19562.667,275.3765
19573.333,275.3765
19584.000,275.3765
19594.667,273.7904
19605.333,273.7904
19616.000,273.7904
19626.667,275.3765
19637.333,273.7904
19648.000,275.3765
19658.667,275.3765
19669.333,275.3765
19680.000,275.3765
19690.667,275.3765
19701.333,275.3765
19712.000,275.3765
19722.667,275.3765
19733.333,275.3765
19744.000,275.3765
19754.667,275.3765
19765.333,273.7904
19776.000,273.7904
19786.667,272.2135
19797.333,272.2135
19808.000,272.2135
19818.667,272.2135
19829.333,272.2135
19840.000,272.2135
19850.667,272.2135
19861.333,272.2135
19872.000,272.2135
19882.667,272.2135
19893.333,272.2135
19904.000,273.7904
19914.667,273.7904
19925.333,273.7904
19936.000,273.7904
19946.667,0.0000
19957.333,0.0000
19968.000,0.0000
19978.667,0.0000
19989.333,0.0000
20000.000,0.0000
20010.667,0.0000
20021.333,0.0000
20032.000,0.0000
20042.667,0.0000
20053.333,0.0000
20064.000,0.0000
20074.667,0.0000
20085.333,0.0000
20096.000,0.0000
20106.667,0.0000
20117.333,0.0000
20128.000,0.0000
20138.667,0.0000
20149.333,0.0000
20160.000,0.0000
20170.667,0.0000
20181.333,82.8212
20192.000,82.8212
20202.667,82.8212
20213.333,82.8212
20224.000,82.8212
20234.667,82.3442
20245.333,80.9296
20256.000,80.9296
20266.667,80.9296
20277.333,80.9296
20288.000,81.3984
20298.667,81.3984
20309.333,82.8212
20320.000,82.8212
20330.667,82.8212
20341.333,82.8212
20352.000,83.3010
20362.667,83.3010
20373.333,81.8699
20384.000,81.3984
20394.667,0.0000
20405.333,0.0000
20416.000,0.0000
20426.667,0.0000
20437.333,0.0000
20448.000,0.0000
20458.667,0.0000
20469.333,0.0000
20480.000,0.0000
20490.667,0.0000
20501.333,0.0000
20512.000,0.0000
20522.667,0.0000
20533.333,0.0000
20544.000,0.0000
20554.667,0.0000
20565.333,0.0000
20576.000,0.0000
20586.667,0.0000
20597.333,0.0000
20608.000,0.0000
20618.667,0.0000
20629.333,0.0000
20640.000,0.0000
20650.667,0.0000
20661.333,0.0000
20672.000,0.0000
20682.667,0.0000
20693.333,0.0000
20704.000,0.0000
20714.667,0.0000
20725.333,0.0000
20736.000,0.0000
20746.667,0.0000
20757.333,0.0000
20768.000,0.0000
20778.667,153.6597
20789.333,156.3456
20800.000,165.6424
20810.667,169.5141
20821.333,173.4763
20832.000,176.5086
20842.667,179.5939
20853.333,182.7332
20864.000,183.7917
20874.667,184.8564
20885.333,184.8564
20896.000,184.8564
20906.667,183.7917
20917.333,183.7917
20928.000,183.7917
20938.667,184.8564
20949.333,184.8564
20960.000,184.8564
20970.667,184.8564
20981.333,183.7917
20992.000,183.7917
21002.667,183.7917
21013.333,183.7917
21024.000,183.7917
21034.667,183.7917
21045.333,184.8564
21056.000,185.9273
21066.667,185.9273
21077.333,187.0044
21088.000,187.0044
21098.667,187.0044
21109.333,187.0044
21120.000,187.0044
21130.667,187.0044
21141.333,187.0044
21152.000,188.0877
21162.667,189.1772
21173.333,196.9831
21184.000,198.1242
21194.667,200.4263
21205.333,195.8486
21216.000,219.8326
21226.667,222.3869
21237.333,222.3869
21248.000,222.3869
21258.667,222.3869
21269.333,222.3869
21280.000,221.1061
21290.667,221.1061
21301.333,221.1061
21312.000,221.1061
21322.667,221.1061
21333.333,221.1061
21344.000,198.1242
21354.667,198.1242
21365.333,199.2719
21376.000,198.1242
21386.667,198.1242
21397.333,196.9831
21408.000,189.1772
21418.667,188.0877
21429.333,187.0044
21440.000,0.0000
21450.667,0.0000
21461.333,0.0000
21472.000,0.0000
21482.667,0.0000
21493.333,0.0000
21504.000,0.0000
21514.667,0.0000
21525.333,219.8326
21536.000,221.1061
21546.667,221.1061
21557.333,221.1061
21568.000,221.1061
21578.667,221.1061
21589.333,222.3869
21600.000,221.1061
21610.667,221.1061
21621.333,219.8326
21632.000,218.5664
21642.667,218.5664
21653.333,0.0000
21664.000,0.0000
21674.667,0.0000
21685.333,0.0000
21696.000,0.0000
21706.667,109.9163
21717.333,109.9163
21728.000,109.9163
21738.667,109.9163
21749.333,109.9163
21760.000,109.9163
21770.667,109.2832
21781.333,109.2832
21792.000,109.2832
21802.667,109.2832
21813.333,109.2832
21824.000,108.6538
21834.667,108.6538
21845.333,108.0280
21856.000,109.2832
21866.667,109.9163
21877.333,109.9163
21888.000,109.9163
21898.667,109.9163
21909.333,109.9163
21920.000,109.9163
21930.667,109.2832
21941.333,109.2832
21952.000,0.0000
21962.667,0.0000
21973.333,0.0000
21984.000,0.0000
21994.667,0.0000
22005.333,0.0000
22016.000,0.0000
22026.667,0.0000
22037.333,0.0000
22048.000,0.0000
22058.667,0.0000
22069.333,0.0000
22080.000,0.0000
22090.667,0.0000
22101.333,109.9163
22112.000,109.9163
22122.667,109.9163
22133.333,109.2832
22144.000,109.2832
22154.667,110.5530
22165.333,111.1935
22176.000,111.1935
22186.667,110.5530
22197.333,109.2832
22208.000,108.0280
22218.667,107.4058
22229.333,106.7872
22240.000,106.7872
22250.667,107.4058
22261.333,108.0280
22272.000,110.5530
22282.667,110.5530
22293.333,111.1935
22304.000,111.8376
22314.667,111.1935
22325.333,111.1935
22336.000,110.5530
22346.667,109.9163
22357.333,109.2832
22368.000,108.6538
22378.667,108.6538
22389.333,0.0000
22400.000,0.0000
22410.667,0.0000
22421.333,0.0000
22432.000,0.0000
22442.667,0.0000
22453.333,0.0000
22464.000,0.0000
22474.667,0.0000
22485.333,221.1061
22496.000,219.8326
22506.667,218.5664
22517.333,217.3076
22528.000,218.5664
22538.667,221.1061
22549.333,221.1061
22560.000,222.3869
22570.667,223.6752
22581.333,223.6752
22592.000,222.3869
22602.667,221.1061
22613.333,219.8326
22624.000,218.5664
22634.667,218.5664
22645.333,218.5664
22656.000,219.8326
22666.667,221.1061
22677.333,222.3869
22688.000,222.3869
22698.667,223.6752
22709.333,222.3869
22720.000,221.1061
22730.667,0.0000
22741.333,0.0000
22752.000,0.0000
22762.667,0.0000
22773.333,0.0000
22784.000,0.0000
22794.667,0.0000
22805.333,222.3869
22816.000,221.1061
22826.667,221.1061
22837.333,219.8326
22848.000,221.1061
22858.667,221.1061
22869.333,221.1061
22880.000,221.1061
22890.667,219.8326
22901.333,218.5664
22912.000,219.8326
22922.667,219.8326
22933.333,221.1061
22944.000,221.1061
22954.667,222.3869
22965.333,221.1061
22976.000,221.1061
22986.667,221.1061
22997.333,219.8326
23008.000,221.1061
23018.667,221.1061
23029.333,221.1061
23040.000,219.8326
23050.667,217.3076
23061.333,217.3076
23072.000,218.5664
23082.667,221.1061
23093.333,221.1061
23104.000,221.1061
23114.667,219.8326
23125.333,217.3076
23136.000,216.0560
23146.667,216.0560
23157.333,217.3076
23168.000,219.8326
23178.667,221.1061
23189.333,222.3869
23200.000,222.3869
23210.667,221.1061
23221.333,219.8326
23232.000,219.8326
23242.667,221.1061
23253.333,221.1061
23264.000,219.8326
23274.667,219.8326
23285.333,219.8326
23296.000,218.5664
23306.667,218.5664
23317.333,217.3076
23328.000,217.3076
23338.667,217.3076
23349.333,217.3076
23360.000,219.8326
23370.667,217.3076
23381.333,219.8326
23392.000,249.6209
23402.667,249.6209
23413.333,249.6209
23424.000,249.6209
23434.667,249.6209
23445.333,249.6209
23456.000,251.0669
23466.667,251.0669
23477.333,251.0669
23488.000,251.0669
23498.667,249.6209
23509.333,248.1832
23520.000,246.7537
23530.667,245.3325
23541.333,245.3325
23552.000,243.9195
23562.667,245.3325
23573.333,246.7537
23584.000,246.7537
23594.667,248.1832
23605.333,248.1832
23616.000,248.1832
23626.667,248.1832
23637.333,249.6209
23648.000,249.6209
23658.667,248.1832
23669.333,248.1832
23680.000,248.1832
23690.667,248.1832
23701.333,248.1832
23712.000,246.7537
23722.667,246.7537
23733.333,246.7537
23744.000,246.7537
23754.667,249.6209
23765.333,252.5213
23776.000,256.9353
23786.667,264.4641
23797.333,269.0869
23808.000,272.2135
23818.667,272.2135
23829.333,272.2135
23840.000,272.2135
23850.667,0.0000
23861.333,0.0000
23872.000,0.0000
23882.667,0.0000
23893.333,0.0000
23904.000,0.0000
23914.667,557.1524
23925.333,560.3799
23936.000,560.3799
23946.667,563.6262
23957.333,566.8912
23968.000,566.8912
23978.667,563.6262
23989.333,560.3799
24000.000,557.1524
24010.667,553.9434
24021.333,553.9434
24032.000,550.7529
24042.667,550.7529
24053.333,550.7529
24064.000,547.5808
24074.667,550.7529
24085.333,553.9434
24096.000,553.9434
24106.667,557.1524
24117.333,553.9434
24128.000,550.7529
24138.667,547.5808
24149.333,547.5808
24160.000,547.5808
24170.667,547.5808
24181.333,547.5808
24192.000,550.7529
24202.667,550.7529
24213.333,0.0000
24224.000,0.0000
24234.667,0.0000
24245.333,0.0000
24256.000,0.0000
24266.667,0.0000
24277.333,0.0000
24288.000,275.3765
24298.667,273.7904
24309.333,273.7904
24320.000,273.7904
24330.667,273.7904
24341.333,273.7904
24352.000,275.3765
24362.667,275.3765
24373.333,276.9717
24384.000,278.5762
24394.667,278.5762
24405.333,278.5762
24416.000,278.5762
24426.667,278.5762
24437.333,0.0000
24448.000,0.0000
24458.667,0.0000
24469.333,0.0000
24480.000,0.0000
24490.667,0.0000
24501.333,0.0000
24512.000,0.0000
24522.667,0.0000
24533.333,0.0000
24544.000,0.0000
24554.667,139.2881
24565.333,138.4858
24576.000,137.6882
24586.667,136.8952
24597.333,136.1067
24608.000,136.1067
24618.667,135.3228
24629.333,136.1067
24640.000,136.1067
24650.667,136.1067
24661.333,136.8952
24672.000,136.8952
24682.667,137.6882
24693.333,138.4858
24704.000,139.2881
24714.667,139.2881
24725.333,139.2881
24736.000,138.4858
24746.667,138.4858
24757.333,137.6882
24768.000,136.8952
24778.667,136.8952
24789.333,136.8952
24800.000,137.6882
24810.667,137.6882
24821.333,137.6882
24832.000,137.6882
24842.667,137.6882
24853.333,137.6882
24864.000,137.6882
24874.667,137.6882
24885.333,136.8952
24896.000,136.8952
24906.667,136.8952
24917.333,136.8952
24928.000,136.8952
24938.667,137.6882
24949.333,138.4858
24960.000,138.4858
24970.667,139.2881
24981.333,139.2881
24992.000,0.0000
25002.667,111.1935
25013.333,110.5530
25024.000,110.5530
25034.667,109.9163
25045.333,109.9163
25056.000,109.2832
25066.667,109.2832
25077.333,109.2832
25088.000,109.2832
25098.667,109.9163
25109.333,0.0000
25120.000,0.0000
25130.667,0.0000
25141.333,136.1067
25152.000,136.1067
25162.667,135.3228
25173.333,135.3228
25184.000,135.3228
25194.667,135.3228
25205.333,136.1067
25216.000,0.0000
25226.667,0.0000
25237.333,0.0000
25248.000,0.0000
25258.667,0.0000
25269.333,0.0000
25280.000,0.0000
25290.667,0.0000
25301.333,0.0000
25312.000,273.7904
25322.667,272.2135
25333.333,272.2135
25344.000,272.2135
25354.667,272.2135
25365.333,273.7904
25376.000,273.7904
25386.667,273.7904
25397.333,273.7904
25408.000,272.2135
25418.667,273.7904
25429.333,272.2135
25440.000,0.0000
25450.667,0.0000
25461.333,0.0000
25472.000,296.8509
25482.667,275.3765
25493.333,276.9717
25504.000,275.3765
25514.667,275.3765
25525.333,275.3765
25536.000,276.9717
25546.667,275.3765
25557.333,275.3765
25568.000,275.3765
25578.667,273.7904
25589.333,281.8131
25600.000,281.8131
25610.667,281.8131
25621.333,283.4456
25632.000,283.4456
25642.667,283.4456
25653.333,273.7904
25664.000,273.7904
25674.667,273.7904
25685.333,273.7904
25696.000,273.7904
25706.667,273.7904
25717.333,272.2135
25728.000,272.2135
25738.667,273.7904
25749.333,273.7904
25760.000,275.3765
25770.667,275.3765
25781.333,275.3765
25792.000,275.3765
25802.667,275.3765
25813.333,276.9717
25824.000,276.9717
25834.667,276.9717
25845.333,275.3765
25856.000,275.3765
25866.667,275.3765
25877.333,275.3765
25888.000,273.7904
25898.667,275.3765
25909.333,273.7904
25920.000,275.3765
25930.667,276.9717
25941.333,0.0000
25952.000,0.0000
25962.667,0.0000
25973.333,0.0000
25984.000,256.9353
25994.667,256.9353
26005.333,259.9208
26016.000,261.4265
26026.667,264.4641
26037.333,267.5370
26048.000,270.6457
26058.667,270.6457
26069.333,269.0869
26080.000,265.9961
26090.667,261.4265
26101.333,258.4237
26112.000,255.4555
26122.667,253.9842
26133.333,252.5213
26144.000,251.0669
26154.667,251.0669
26165.333,251.0669
26176.000,249.6209
26186.667,249.6209
26197.333,249.6209
26208.000,249.6209
26218.667,251.0669
26229.333,251.0669
26240.000,249.6209
26250.667,251.0669
26261.333,251.0669
26272.000,251.0669
26282.667,252.5213
26293.333,252.5213
26304.000,253.9842
26314.667,255.4555
26325.333,249.6209
26336.000,224.9709
26346.667,223.6752
26357.333,222.3869
26368.000,222.3869
26378.667,222.3869
26389.333,221.1061
26400.000,219.8326
26410.667,219.8326
26421.333,219.8326
26432.000,219.8326
26442.667,219.8326
26453.333,221.1061
26464.000,221.1061
26474.667,221.1061
26485.333,221.1061
26496.000,219.8326
26506.667,221.1061
26517.333,221.1061
26528.000,221.1061
26538.667,221.1061
26549.333,221.1061
26560.000,222.3869
26570.667,227.5850
26581.333,235.6107
26592.000,238.3484
26602.667,239.7291
26613.333,241.1179
26624.000,242.5147
26634.667,243.9195
26645.333,243.9195
26656.000,243.9195
26666.667,242.5147
26677.333,242.5147
26688.000,243.9195
26698.667,243.9195
26709.333,243.9195
26720.000,245.3325
26730.667,246.7537
26741.333,246.7537
26752.000,245.3325
26762.667,243.9195
26773.333,242.5147
26784.000,241.1179
26794.667,239.7291
26805.333,238.3484
26816.000,236.9756
26826.667,238.3484
26837.333,241.1179
26848.000,242.5147
26858.667,245.3325
26869.333,246.7537
26880.000,246.7537
26890.667,246.7537
26901.333,246.7537
26912.000,246.7537
26922.667,245.3325
26933.333,243.9195
26944.000,242.5147
26954.667,242.5147
26965.333,242.5147
26976.000,242.5147
26986.667,243.9195
26997.333,243.9195
27008.000,245.3325
27018.667,248.1832
27029.333,248.1832
27040.000,246.7537
27050.667,246.7537
27061.333,245.3325
27072.000,243.9195
27082.667,242.5147
27093.333,241.1179
27104.000,241.1179
27114.667,242.5147
27125.333,243.9195
27136.000,245.3325
27146.667,248.1832
27157.333,251.0669
27168.000,251.0669
27178.667,251.0669
27189.333,249.6209
27200.000,248.1832
27210.667,248.1832
27221.333,246.7537
27232.000,245.3325
27242.667,243.9195
27253.333,243.9195
27264.000,245.3325
27274.667,246.7537
27285.333,246.7537
27296.000,249.6209
27306.667,249.6209
27317.333,251.0669
27328.000,251.0669
27338.667,249.6209
27349.333,249.6209
27360.000,248.1832
27370.667,246.7537
27381.333,243.9195
27392.000,243.9195
27402.667,243.9195
27413.333,243.9195
27424.000,245.3325
27434.667,246.7537
27445.333,249.6209
27456.000,251.0669
27466.667,252.5213
27477.333,252.5213
27488.000,252.5213
27498.667,251.0669
27509.333,249.6209
27520.000,248.1832
27530.667,246.7537
27541.333,245.3325
27552.000,245.3325
27562.667,245.3325
27573.333,245.3325
27584.000,246.7537
27594.667,248.1832
27605.333,249.6209
27616.000,249.6209
27626.667,249.6209
27637.333,249.6209
27648.000,248.1832
27658.667,246.7537
27669.333,243.9195
27680.000,241.1179
27690.667,241.1179
27701.333,241.1179
27712.000,241.1179
27722.667,242.5147
27733.333,243.9195
27744.000,246.7537
27754.667,249.6209
27765.333,249.6209
27776.000,249.6209
27786.667,249.6209
27797.333,249.6209
27808.000,248.1832
27818.667,245.3325
27829.333,243.9195
27840.000,242.5147
27850.667,242.5147
27861.333,242.5147
27872.000,243.9195
27882.667,245.3325
27893.333,248.1832
27904.000,248.1832
27914.667,249.6209
27925.333,249.6209
27936.000,248.1832
27946.667,246.7537
27957.333,245.3325
27968.000,243.9195
27978.667,242.5147
27989.333,241.1179
28000.000,241.1179
28010.667,242.5147
28021.333,243.9195
28032.000,246.7537
28042.667,248.1832
28053.333,249.6209
28064.000,249.6209
28074.667,248.1832
28085.333,248.1832
28096.000,246.7537
28106.667,245.3325
28117.333,245.3325
28128.000,243.9195
28138.667,243.9195
28149.333,245.3325
28160.000,246.7537
28170.667,248.1832
28181.333,248.1832
28192.000,249.6209
28202.667,251.0669
28213.333,251.0669
28224.000,249.6209
28234.667,248.1832
28245.333,246.7537
28256.000,245.3325
28266.667,243.9195
28277.333,243.9195
28288.000,245.3325
28298.667,246.7537
28309.333,248.1832
28320.000,249.6209
28330.667,249.6209
28341.333,249.6209
28352.000,249.6209
28362.667,249.6209
28373.333,248.1832
28384.000,246.7537
28394.667,245.3325
28405.333,245.3325
28416.000,245.3325
28426.667,245.3325
28437.333,248.1832
28448.000,246.7537
28458.667,249.6209
28469.333,249.6209
28480.000,249.6209
28490.667,249.6209
28501.333,248.1832
28512.000,248.1832
28522.667,245.3325
28533.333,243.9195
28544.000,243.9195
28554.667,243.9195
28565.333,243.9195
28576.000,245.3325
28586.667,245.3325
28597.333,246.7537
28608.000,246.7537
28618.667,245.3325
28629.333,246.7537
28640.000,246.7537
28650.667,245.3325
28661.333,246.7537
28672.000,230.2294
28682.667,232.9045
28693.333,234.2537
28704.000,235.6107
28714.667,236.9756
28725.333,236.9756
28736.000,242.5147
28746.667,242.5147
28757.333,243.9195
28768.000,245.3325
28778.667,248.1832
28789.333,249.6209
28800.000,248.1832
28810.667,248.1832
28821.333,246.7537
28832.000,245.3325
28842.667,246.7537
28853.333,242.5147
28864.000,242.5147
28874.667,241.1179
28885.333,0.0000
28896.000,0.0000
28906.667,0.0000
28917.333,0.0000
28928.000,0.0000
28938.667,0.0000
28949.333,0.0000
28960.000,0.0000
28970.667,0.0000
28981.333,0.0000
28992.000,0.0000
29002.667,0.0000
29013.333,249.6209
29024.000,251.0669
29034.667,256.9353
29045.333,269.0869
29056.000,275.3765
29066.667,278.5762
29077.333,280.1900
29088.000,307.3193
29098.667,305.5493
29109.333,303.7895
29120.000,303.7895
29130.667,300.3002
29141.333,300.3002
29152.000,300.3002
29162.667,298.5706
29173.333,300.3002
29184.000,298.5706
29194.667,300.3002
29205.333,298.5706
29216.000,275.3765
29226.667,275.3765
29237.333,273.7904
29248.000,272.2135
29258.667,281.8131
29269.333,0.0000
29280.000,0.0000
29290.667,0.0000
29301.333,0.0000
29312.000,0.0000
29322.667,0.0000
29333.333,0.0000
29344.000,0.0000
29354.667,0.0000
29365.333,0.0000
29376.000,0.0000
29386.667,0.0000
29397.333,0.0000
29408.000,0.0000
29418.667,0.0000
29429.333,0.0000
29440.000,0.0000
29450.667,0.0000
29461.333,0.0000
29472.000,0.0000
29482.667,0.0000
29493.333,0.0000
29504.000,209.9053
29514.667,219.8326
29525.333,222.3869
29536.000,222.3869
29546.667,221.1061
29557.333,219.8326
29568.000,217.3076
29578.667,216.0560
29589.333,214.8116
29600.000,213.5744
29610.667,213.5744
29621.333,214.8116
29632.000,216.0560
29642.667,218.5664
29653.333,221.1061
29664.000,222.3869
29674.667,222.3869
29685.333,222.3869
29696.000,221.1061
29706.667,219.8326
29717.333,218.5664
29728.000,216.0560
29738.667,214.8116
29749.333,213.5744
29760.000,214.8116
29770.667,216.0560
29781.333,217.3076
29792.000,219.8326
29802.667,222.3869
29813.333,222.3869
29824.000,222.3869
29834.667,221.1061
29845.333,219.8326
29856.000,219.8326
29866.667,218.5664
29877.333,216.0560
29888.000,216.0560
29898.667,216.0560
29909.333,218.5664
29920.000,221.1061
29930.667,222.3869
29941.333,223.6752
29952.000,223.6752
29962.667,223.6752
29973.333,222.3869
29984.000,221.1061
29994.667,219.8326
30005.333,218.5664
30016.000,217.3076
30026.667,216.0560
30037.333,217.3076
30048.000,218.5664
30058.667,219.8326
30069.333,222.3869
30080.000,224.9709
30090.667,224.9709
30101.333,226.2742
30112.000,224.9709
30122.667,223.6752
30133.333,222.3869
30144.000,219.8326
30154.667,218.5664
30165.333,218.5664
30176.000,218.5664
30186.667,219.8326
30197.333,221.1061
30208.000,223.6752
30218.667,224.9709
30229.333,224.9709
30240.000,224.9709
30250.667,224.9709
30261.333,223.6752
30272.000,221.1061
30282.667,219.8326
30293.333,218.5664
30304.000,217.3076
30314.667,218.5664
30325.333,218.5664
30336.000,219.8326
30346.667,221.1061
30357.333,223.6752
30368.000,223.6752
30378.667,224.9709
30389.333,224.9709
30400.000,224.9709
30410.667,223.6752
30421.333,222.3869
30432.000,221.1061
30442.667,218.5664
30453.333,217.3076
30464.000,217.3076
30474.667,218.5664
30485.333,219.8326
30496.000,222.3869
30506.667,223.6752
30517.333,223.6752
30528.000,223.6752
30538.667,223.6752
30549.333,222.3869
30560.000,221.1061
30570.667,219.8326
30581.333,218.5664
30592.000,217.3076
30602.667,217.3076
30613.333,218.5664
30624.000,219.8326
30634.667,222.3869
30645.333,223.6752
30656.000,223.6752
30666.667,224.9709
30677.333,223.6752
30688.000,223.6752
30698.667,222.3869
30709.333,221.1061
30720.000,0.0000
30730.667,0.0000
30741.333,0.0000
30752.000,0.0000
30762.667,0.0000
30773.333,0.0000
30784.000,0.0000
30794.667,224.9709
30805.333,224.9709
30816.000,224.9709
30826.667,224.9709
30837.333,222.3869
30848.000,221.1061
30858.667,219.8326
30869.333,218.5664
30880.000,218.5664
30890.667,0.0000
30901.333,0.0000
30912.000,0.0000
30922.667,0.0000
30933.333,0.0000
30944.000,0.0000
30954.667,0.0000
30965.333,0.0000
30976.000,0.0000
30986.667,201.5874
30997.333,218.5664
31008.000,217.3076
31018.667,216.0560
31029.333,216.0560
31040.000,217.3076
31050.667,218.5664
31061.333,221.1061
31072.000,222.3869
31082.667,223.6752
31093.333,223.6752
31104.000,224.9709
31114.667,223.6752
31125.333,222.3869
31136.000,221.1061
31146.667,219.8326
31157.333,219.8326
31168.000,219.8326
31178.667,221.1061
31189.333,222.3869
31200.000,223.6752
31210.667,0.0000
31221.333,0.0000
31232.000,0.0000
31242.667,0.0000
31253.333,0.0000
31264.000,0.0000
31274.667,0.0000
31285.333,0.0000
31296.000,0.0000
31306.667,221.1061
31317.333,221.1061
31328.000,221.1061
31338.667,222.3869
31349.333,222.3869
31360.000,223.6752
31370.667,223.6752
31381.333,223.6752
31392.000,222.3869
31402.667,222.3869
31413.333,222.3869
31424.000,223.6752
31434.667,223.6752
31445.333,223.6752
31456.000,223.6752
31466.667,0.0000
31477.333,0.0000
31488.000,0.0000
31498.667,223.6752
31509.333,223.6752
31520.000,222.3869
31530.667,222.3869
31541.333,221.1061
31552.000,219.8326
31562.667,219.8326
31573.333,219.8326
31584.000,221.1061
31594.667,221.1061
31605.333,222.3869
31616.000,222.3869
31626.667,222.3869
31637.333,223.6752
31648.000,222.3869
31658.667,222.3869
31669.333,222.3869
31680.000,222.3869
31690.667,222.3869
31701.333,222.3869
31712.000,222.3869
31722.667,0.0000
31733.333,0.0000
31744.000,222.3869
31754.667,222.3869
31765.333,222.3869
31776.000,222.3869
31786.667,222.3869
31797.333,219.8326
31808.000,221.1061
31818.667,224.9709
31829.333,200.4263
31840.000,206.2992
31850.667,207.4943
31861.333,206.2992
31872.000,0.0000
31882.667,242.5147
31893.333,246.7537
31904.000,246.7537
31914.667,246.7537
31925.333,246.7537
31936.000,246.7537
31946.667,246.7537
31957.333,248.1832
31968.000,251.0669
31978.667,259.9208
31989.333,262.9409
32000.000,267.5370
32010.667,275.3765
32021.333,278.5762
32032.000,0.0000
32042.667,0.0000
32053.333,0.0000
32064.000,0.0000
32074.667,0.0000
32085.333,0.0000
32096.000,0.0000
32106.667,275.3765
32117.333,276.9717
32128.000,276.9717
32138.667,278.5762
32149.333,280.1900
32160.000,0.0000
32170.667,0.0000
32181.333,0.0000
32192.000,0.0000
32202.667,323.7182
32213.333,325.5935
32224.000,327.4796
32234.667,329.3767
32245.333,331.2848
32256.000,331.2848
32266.667,329.3767
32277.333,329.3767
32288.000,327.4796
32298.667,325.5935
32309.333,325.5935
32320.000,325.5935
32330.667,325.5935
32341.333,327.4796
32352.000,327.4796
32362.667,329.3767
32373.333,0.0000
32384.000,0.0000
32394.667,0.0000
32405.333,0.0000
32416.000,0.0000
32426.667,164.6884
32437.333,164.6884
32448.000,164.6884
32458.667,164.6884
32469.333,164.6884
32480.000,164.6884
32490.667,164.6884
32501.333,165.6424
32512.000,165.6424
32522.667,166.6019
32533.333,165.6424
32544.000,165.6424
32554.667,165.6424
32565.333,0.0000
32576.000,0.0000
32586.667,0.0000
32597.333,0.0000
32608.000,0.0000
32618.667,181.6807
32629.333,183.7917
32640.000,184.8564
32650.667,185.9273
32661.333,184.8564
32672.000,183.7917
32682.667,182.7332
32693.333,181.6807
32704.000,181.6807
32714.667,180.6343
32725.333,180.6343
32736.000,180.6343
32746.667,180.6343
32757.333,180.6343
32768.000,181.6807
32778.667,180.6343
32789.333,181.6807
32800.000,181.6807
32810.667,181.6807
32821.333,181.6807
32832.000,181.6807
32842.667,181.6807
32853.333,181.6807
32864.000,182.7332
32874.667,182.7332
32885.333,182.7332
32896.000,182.7332
32906.667,181.6807
32917.333,181.6807
32928.000,181.6807
32938.667,182.7332
32949.333,182.7332
32960.000,182.7332
32970.667,182.7332
32981.333,182.7332
32992.000,182.7332
33002.667,181.6807
33013.333,182.7332
33024.000,182.7332
33034.667,183.7917
33045.333,183.7917
33056.000,183.7917
33066.667,183.7917
33077.333,183.7917
33088.000,182.7332
33098.667,182.7332
33109.333,182.7332
33120.000,182.7332
33130.667,182.7332
33141.333,182.7332
33152.000,182.7332
33162.667,182.7332
33173.333,182.7332
33184.000,182.7332
33194.667,182.7332
33205.333,182.7332
33216.000,182.7332
33226.667,182.7332
33237.333,182.7332
33248.000,183.7917
33258.667,183.7917
33269.333,183.7917
33280.000,183.7917
33290.667,183.7917
33301.333,182.7332
33312.000,182.7332
33322.667,182.7332
33333.333,182.7332
33344.000,182.7332
33354.667,182.7332
33365.333,182.7332
33376.000,182.7332
33386.667,181.6807
33397.333,181.6807
33408.000,181.6807
33418.667,181.6807
33429.333,181.6807
33440.000,182.7332
33450.667,182.7332
33461.333,182.7332
33472.000,182.7332
33482.667,182.7332
33493.333,182.7332
33504.000,182.7332
33514.667,182.7332
33525.333,182.7332
33536.000,182.7332
33546.667,182.7332
33557.333,182.7332
33568.000,182.7332
33578.667,182.7332
33589.333,182.7332
33600.000,181.6807
33610.667,181.6807
33621.333,181.6807
33632.000,181.6807
33642.667,181.6807
33653.333,181.6807
33664.000,181.6807
33674.667,182.7332
33685.333,182.7332
33696.000,182.7332
33706.667,182.7332
33717.333,181.6807
33728.000,181.6807
33738.667,181.6807
33749.333,181.6807
33760.000,181.6807
33770.667,181.6807
33781.333,182.7332
33792.000,182.7332
33802.667,182.7332
33813.333,182.7332
33824.000,182.7332
33834.667,182.7332
33845.333,182.7332
33856.000,182.7332
33866.667,182.7332
33877.333,182.7332
33888.000,182.7332
33898.667,181.6807
33909.333,181.6807
33920.000,182.7332
33930.667,182.7332
33941.333,183.7917
33952.000,183.7917
33962.667,183.7917
33973.333,183.7917
33984.000,183.7917
33994.667,183.7917
34005.333,183.7917
34016.000,183.7917
34026.667,182.7332
34037.333,182.7332
34048.000,182.7332
34058.667,182.7332
34069.333,183.7917
34080.000,183.7917
34090.667,183.7917
34101.333,184.8564
34112.000,183.7917
34122.667,183.7917
34133.333,183.7917
34144.000,183.7917
34154.667,183.7917
34165.333,183.7917
34176.000,183.7917
34186.667,184.8564
34197.333,184.8564
34208.000,184.8564
34218.667,184.8564
34229.333,184.8564
34240.000,0.0000
34250.667,0.0000
34261.333,0.0000
34272.000,0.0000
34282.667,0.0000
34293.333,369.7129
34304.000,369.7129
34314.667,369.7129
34325.333,367.5835
34336.000,367.5835
34346.667,365.4663
34357.333,365.4663
34368.000,367.5835
34378.667,367.5835
34389.333,367.5835
34400.000,367.5835
34410.667,367.5835
34421.333,369.7129
34432.000,369.7129
34442.667,369.7129
34453.333,369.7129
34464.000,369.7129
34474.667,369.7129
34485.333,369.7129
34496.000,369.7129
34506.667,369.7129
34517.333,369.7129
34528.000,369.7129
34538.667,369.7129
34549.333,369.7129
34560.000,369.7129
34570.667,369.7129
34581.333,369.7129
34592.000,369.7129
34602.667,369.7129
34613.333,367.5835
34624.000,367.5835
34634.667,367.5835
34645.333,367.5835
34656.000,365.4663
34666.667,367.5835
34677.333,367.5835
34688.000,0.0000
34698.667,0.0000
34709.333,0.0000
34720.000,0.0000
34730.667,0.0000
34741.333,0.0000
34752.000,0.0000
34762.667,0.0000
34773.333,0.0000
34784.000,0.0000
34794.667,0.0000
34805.333,0.0000
34816.000,348.9625
34826.667,353.0172
34837.333,357.1191
34848.000,359.1879
34858.667,361.2686
34869.333,363.3614
34880.000,365.4663
34890.667,365.4663
34901.333,367.5835
34912.000,365.4663
34922.667,363.3614
34933.333,361.2686
34944.000,359.1879
34954.667,357.1191
34965.333,359.1879
34976.000,363.3614
34986.667,363.3614
34997.333,363.3614
35008.000,365.4663
35018.667,365.4663
35029.333,357.1191
35040.000,357.1191
35050.667,355.0622
35061.333,355.0622
35072.000,355.0622
35082.667,353.0172
35093.333,359.1879
35104.000,359.1879
35114.667,359.1879
35125.333,359.1879
35136.000,359.1879
35146.667,357.1191
35157.333,0.0000
35168.000,0.0000
35178.667,0.0000
35189.333,0.0000
35200.000,0.0000
35210.667,0.0000
35221.333,0.0000
35232.000,0.0000
35242.667,0.0000
35253.333,0.0000
35264.000,0.0000
35274.667,0.0000
35285.333,0.0000
35296.000,0.0000
35306.667,0.0000
35317.333,0.0000
35328.000,0.0000
35338.667,0.0000
35349.333,0.0000
35360.000,0.0000
35370.667,0.0000
35381.333,0.0000
35392.000,0.0000
35402.667,0.0000
35413.333,0.0000
35424.000,0.0000
35434.667,0.0000
35445.333,0.0000
35456.000,323.7182
35466.667,327.4796
35477.333,329.3767
35488.000,331.2848
35498.667,331.2848
35509.333,331.2848
35520.000,329.3767
35530.667,325.5935
35541.333,323.7182
35552.000,321.8537
35562.667,323.7182
35573.333,325.5935
35584.000,325.5935
35594.667,327.4796
35605.333,329.3767
35616.000,331.2848
35626.667,327.4796
35637.333,325.5935
35648.000,323.7182
35658.667,323.7182
35669.333,0.0000
35680.000,0.0000
35690.667,0.0000
35701.333,259.9208
35712.000,258.4237
35722.667,256.9353
35733.333,256.9353
35744.000,253.9842
35754.667,251.0669
35765.333,249.6209
35776.000,251.0669
35786.667,251.0669
35797.333,251.0669
35808.000,251.0669
35818.667,251.0669
35829.333,251.0669
35840.000,251.0669
35850.667,251.0669
35861.333,252.5213
35872.000,252.5213
35882.667,256.9353
35893.333,264.4641
35904.000,267.5370
35914.667,269.0869
35925.333,273.7904
35936.000,276.9717
35946.667,276.9717
35957.333,276.9717
35968.000,276.9717
35978.667,275.3765
35989.333,273.7904
36000.000,272.2135
36010.667,272.2135
36021.333,272.2135
36032.000,272.2135
36042.667,273.7904
36053.333,275.3765
36064.000,276.9717
36074.667,276.9717
36085.333,276.9717
36096.000,275.3765
36106.667,275.3765
36117.333,273.7904
36128.000,272.2135
36138.667,272.2135
36149.333,272.2135
36160.000,272.2135
36170.667,273.7904
36181.333,273.7904
36192.000,275.3765
36202.667,275.3765
36213.333,276.9717
36224.000,0.0000
36234.667,0.0000
36245.333,0.0000
36256.000,0.0000
36266.667,0.0000
36277.333,134.5434
36288.000,133.7685
36298.667,134.5434
36309.333,134.5434
36320.000,135.3228
36330.667,136.1067
36341.333,136.8952
36352.000,137.6882
36362.667,138.4858
36373.333,138.4858
36384.000,137.6882
36394.667,136.8952
36405.333,136.1067
36416.000,135.3228
36426.667,135.3228
36437.333,135.3228
36448.000,135.3228
36458.667,136.1067
36469.333,136.8952
36480.000,137.6882
36490.667,138.4858
36501.333,138.4858
36512.000,137.6882
36522.667,136.8952
36533.333,136.8952
36544.000,136.1067
36554.667,136.1067
36565.333,135.3228
36576.000,135.3228
36586.667,136.1067
36597.333,136.1067
36608.000,136.8952
36618.667,137.6882
36629.333,138.4858
36640.000,138.4858
36650.667,137.6882
36661.333,136.8952
36672.000,136.8952
36682.667,136.1067
36693.333,135.3228
36704.000,135.3228
36714.667,135.3228
36725.333,136.1067
36736.000,136.8952
36746.667,137.6882
36757.333,137.6882
36768.000,137.6882
36778.667,137.6882
36789.333,137.6882
36800.000,136.8952
36810.667,136.8952
36821.333,136.1067
36832.000,135.3228
36842.667,135.3228
36853.333,136.1067
36864.000,136.8952
36874.667,137.6882
36885.333,138.4858
36896.000,139.2881
36906.667,139.2881
36917.333,139.2881
36928.000,139.2881
36938.667,138.4858
36949.333,137.6882
36960.000,136.8952
36970.667,136.8952
36981.333,136.8952
36992.000,136.8952
37002.667,137.6882
37013.333,137.6882
37024.000,138.4858
37034.667,138.4858
37045.333,138.4858
37056.000,138.4858
37066.667,138.4858
37077.333,138.4858
37088.000,138.4858
37098.667,138.4858
37109.333,138.4858
37120.000,139.2881
37130.667,139.2881
37141.333,139.2881
37152.000,139.2881
37162.667,138.4858
37173.333,137.6882
37184.000,0.0000
37194.667,0.0000
37205.333,0.0000
37216.000,0.0000
37226.667,0.0000
37237.333,0.0000
37248.000,0.0000
37258.667,0.0000
37269.333,0.0000
37280.000,0.0000
37290.667,0.0000
37301.333,0.0000
37312.000,0.0000
37322.667,0.0000
37333.333,0.0000
37344.000,0.0000
37354.667,164.6884
37365.333,165.6424
37376.000,165.6424
37386.667,165.6424
37397.333,165.6424
37408.000,166.6019
37418.667,166.6019
37429.333,166.6019
37440.000,166.6019
37450.667,166.6019
37461.333,166.6019
37472.000,165.6424
37482.667,165.6424
37493.333,167.5671
37504.000,168.5378
37514.667,167.5671
37525.333,166.6019
37536.000,166.6019
37546.667,0.0000
37557.333,0.0000
37568.000,0.0000
37578.667,0.0000
37589.333,0.0000
37600.000,0.0000
37610.667,0.0000
37621.333,0.0000
37632.000,0.0000
37642.667,0.0000
37653.333,0.0000
37664.000,0.0000
37674.667,0.0000
37685.333,238.3484
37696.000,239.7291
37706.667,243.9195
37717.333,252.5213
37728.000,255.4555
37738.667,255.4555
37749.333,255.4555
37760.000,253.9842
37770.667,251.0669
37781.333,248.1832
37792.000,246.7537
37802.667,246.7537
37813.333,246.7537
37824.000,246.7537
37834.667,248.1832
37845.333,248.1832
37856.000,248.1832
37866.667,248.1832
37877.333,248.1832
37888.000,249.6209
37898.667,249.6209
37909.333,249.6209
37920.000,251.0669
37930.667,251.0669
37941.333,251.0669
37952.000,249.6209
37962.667,249.6209
37973.333,249.6209
37984.000,248.1832
37994.667,249.6209
38005.333,249.6209
38016.000,249.6209
38026.667,249.6209
38037.333,249.6209
38048.000,249.6209
38058.667,249.6209
38069.333,248.1832
38080.000,246.7537
38090.667,213.5744
38101.333,216.0560
38112.000,218.5664
38122.667,218.5664
38133.333,241.1179
38144.000,245.3325
38154.667,245.3325
38165.333,246.7537
38176.000,245.3325
38186.667,243.9195
38197.333,243.9195
38208.000,242.5147
38218.667,243.9195
38229.333,245.3325
38240.000,245.3325
38250.667,243.9195
38261.333,245.3325
38272.000,246.7537
38282.667,246.7537
38293.333,246.7537
38304.000,246.7537
38314.667,246.7537
38325.333,245.3325
38336.000,245.3325
38346.667,245.3325
38357.333,245.3325
38368.000,246.7537
38378.667,248.1832
38389.333,248.1832
38400.000,249.6209
38410.667,249.6209
38421.333,249.6209
38432.000,249.6209
38442.667,249.6209
38453.333,248.1832
38464.000,248.1832
38474.667,248.1832
38485.333,248.1832
38496.000,248.1832
38506.667,249.6209
38517.333,249.6209
38528.000,249.6209
38538.667,249.6209
38549.333,249.6209
38560.000,248.1832
38570.667,248.1832
38581.333,248.1832
38592.000,248.1832
38602.667,248.1832
38613.333,248.1832
38624.000,246.7537
38634.667,246.7537
38645.333,248.1832
38656.000,248.1832
38666.667,248.1832
38677.333,248.1832
38688.000,249.6209
38698.667,249.6209
38709.333,249.6209
38720.000,249.6209
38730.667,249.6209
38741.333,249.6209
38752.000,249.6209
38762.667,249.6209
38773.333,249.6209
38784.000,251.0669
38794.667,252.5213
38805.333,255.4555
38816.000,262.9409
38826.667,267.5370
38837.333,270.6457
38848.000,0.0000
38858.667,0.0000
38869.333,0.0000
38880.000,275.3765
38890.667,273.7904
38901.333,272.2135
38912.000,272.2135
38922.667,272.2135
38933.333,272.2135
38944.000,273.7904
38954.667,273.7904
38965.333,275.3765
38976.000,275.3765
38986.667,275.3765
38997.333,273.7904
39008.000,275.3765
39018.667,273.7904
39029.333,273.7904
39040.000,273.7904
39050.667,273.7904
39061.333,273.7904
39072.000,273.7904
39082.667,273.7904
39093.333,273.7904
39104.000,273.7904
39114.667,273.7904
39125.333,273.7904
39136.000,273.7904
39146.667,273.7904
39157.333,273.7904
39168.000,273.7904
39178.667,275.3765
39189.333,275.3765
39200.000,275.3765
39210.667,275.3765
39221.333,275.3765
39232.000,275.3765
39242.667,275.3765
39253.333,275.3765
39264.000,275.3765
39274.667,275.3765
39285.333,275.3765
39296.000,275.3765
39306.667,275.3765
39317.333,275.3765
39328.000,275.3765
39338.667,275.3765
39349.333,275.3765
39360.000,275.3765
39370.667,275.3765
39381.333,273.7904
39392.000,273.7904
39402.667,275.3765
39413.333,275.3765
39424.000,275.3765
39434.667,275.3765
39445.333,273.7904
39456.000,273.7904
39466.667,273.7904
39477.333,273.7904
39488.000,273.7904
39498.667,273.7904
39509.333,273.7904
39520.000,275.3765
39530.667,275.3765
39541.333,275.3765
39552.000,275.3765
39562.667,275.3765
39573.333,273.7904
39584.000,273.7904
39594.667,273.7904
39605.333,275.3765
39616.000,275.3765
39626.667,275.3765
39637.333,275.3765
39648.000,275.3765
39658.667,275.3765
39669.333,275.3765
39680.000,275.3765
39690.667,275.3765
39701.333,275.3765
39712.000,275.3765
39722.667,275.3765
39733.333,275.3765
39744.000,275.3765
39754.667,275.3765
39765.333,275.3765
39776.000,275.3765
39786.667,275.3765
39797.333,276.9717
39808.000,276.9717
39818.667,275.3765
39829.333,276.9717
39840.000,276.9717
39850.667,275.3765
39861.333,275.3765
39872.000,275.3765
39882.667,275.3765
39893.333,275.3765
39904.000,275.3765
39914.667,275.3765
39925.333,273.7904
39936.000,272.2135
39946.667,270.6457
39957.333,270.6457
39968.000,269.0869
39978.667,269.0869
39989.333,269.0869
40000.000,267.5370
40010.667,265.9961
40021.333,264.4641
40032.000,262.9409
40042.667,262.9409
40053.333,261.4265
40064.000,258.4237
40074.667,256.9353
40085.333,255.4555
40096.000,0.0000
40106.667,0.0000
40117.333,0.0000
40128.000,0.0000
40138.667,0.0000
40149.333,267.5370
40160.000,267.5370
40170.667,269.0869
40181.333,270.6457
40192.000,270.6457
40202.667,272.2135
40213.333,270.6457
40224.000,270.6457
40234.667,272.2135
40245.333,272.2135
40256.000,272.2135
40266.667,272.2135
40277.333,272.2135
40288.000,272.2135
40298.667,272.2135
40309.333,272.2135
40320.000,272.2135
40330.667,272.2135
40341.333,272.2135
40352.000,272.2135
40362.667,273.7904
40373.333,273.7904
40384.000,273.7904
40394.667,272.2135
40405.333,272.2135
40416.000,272.2135
40426.667,272.2135
40437.333,272.2135
40448.000,272.2135
40458.667,272.2135
40469.333,272.2135
40480.000,273.7904
40490.667,273.7904
40501.333,272.2135
40512.000,272.2135
40522.667,273.7904
40533.333,273.7904
40544.000,273.7904
40554.667,273.7904
40565.333,272.2135
40576.000,273.7904
40586.667,272.2135
40597.333,253.9842
40608.000,253.9842
40618.667,255.4555
40629.333,258.4237
40640.000,264.4641
40650.667,267.5370
40661.333,267.5370
40672.000,267.5370
40682.667,265.9961
40693.333,264.4641
40704.000,261.4265
40714.667,259.9208
40725.333,259.9208
40736.000,258.4237
40746.667,256.9353
40757.333,255.4555
40768.000,253.9842
40778.667,252.5213
40789.333,251.0669
40800.000,251.0669
40810.667,249.6209
40821.333,252.5213
40832.000,256.9353
40842.667,258.4237
40853.333,258.4237
40864.000,258.4237
40874.667,256.9353
40885.333,0.0000
40896.000,0.0000
40906.667,0.0000
40917.333,0.0000
40928.000,0.0000
40938.667,0.0000
40949.333,0.0000
40960.000,0.0000
40970.667,0.0000
40981.333,0.0000
40992.000,0.0000
41002.667,0.0000
41013.333,0.0000
41024.000,0.0000
41034.667,0.0000
41045.333,0.0000
41056.000,0.0000
41066.667,0.0000
41077.333,0.0000
41088.000,0.0000
41098.667,0.0000
41109.333,0.0000
41120.000,0.0000
41130.667,0.0000
41141.333,0.0000
41152.000,207.4943
41162.667,214.8116
41173.333,217.3076
41184.000,218.5664
41194.667,222.3869
41205.333,223.6752
41216.000,222.3869
41226.667,222.3869
41237.333,219.8326
41248.000,218.5664
41258.667,217.3076
41269.333,216.0560
41280.000,216.0560
41290.667,216.0560
41301.333,218.5664
41312.000,222.3869
41322.667,223.6752
41333.333,223.6752
41344.000,223.6752
41354.667,223.6752
41365.333,222.3869
41376.000,221.1061
41386.667,219.8326
41397.333,216.0560
41408.000,213.5744
41418.667,213.5744
41429.333,213.5744
41440.000,216.0560
41450.667,219.8326
41461.333,221.1061
41472.000,222.3869
41482.667,223.6752
41493.333,223.6752
41504.000,223.6752
41514.667,222.3869
41525.333,221.1061
41536.000,218.5664
41546.667,217.3076
41557.333,214.8116
41568.000,214.8116
41578.667,216.0560
41589.333,218.5664
41600.000,219.8326
41610.667,221.1061
41621.333,221.1061
41632.000,221.1061
41642.667,221.1061
41653.333,219.8326
41664.000,219.8326
41674.667,217.3076
41685.333,216.0560
41696.000,214.8116
41706.667,214.8116
41717.333,216.0560
41728.000,217.3076
41738.667,219.8326
41749.333,221.1061
41760.000,222.3869
41770.667,222.3869
41781.333,222.3869
41792.000,221.1061
41802.667,219.8326
41813.333,230.2294
41824.000,217.3076
41834.667,214.8116
41845.333,214.8116
41856.000,217.3076
41866.667,219.8326
41877.333,221.1061
41888.000,221.1061
41898.667,222.3869
41909.333,223.6752
41920.000,222.3869
41930.667,222.3869
41941.333,221.1061
41952.000,219.8326
41962.667,0.0000
41973.333,0.0000
41984.000,0.0000
41994.667,217.3076
42005.333,218.5664
42016.000,219.8326
42026.667,221.1061
42037.333,222.3869
42048.000,222.3869
42058.667,221.1061
42069.333,219.8326
42080.000,219.8326
42090.667,218.5664
42101.333,217.3076
42112.000,217.3076
42122.667,216.0560
42133.333,217.3076
42144.000,218.5664
42154.667,219.8326
42165.333,223.6752
42176.000,223.6752
42186.667,224.9709
42197.333,224.9709
42208.000,224.9709
42218.667,223.6752
42229.333,222.3869
42240.000,219.8326
42250.667,219.8326
42261.333,218.5664
42272.000,218.5664
42282.667,219.8326
42293.333,221.1061
42304.000,222.3869
42314.667,223.6752
42325.333,223.6752
42336.000,223.6752
42346.667,222.3869
42357.333,222.3869
42368.000,219.8326
42378.667,219.8326
42389.333,218.5664
42400.000,219.8326
42410.667,219.8326
42421.333,221.1061
42432.000,222.3869
42442.667,223.6752
42453.333,224.9709
42464.000,224.9709
42474.667,226.2742
42485.333,224.9709
42496.000,223.6752
42506.667,222.3869
42517.333,222.3869
42528.000,222.3869
42538.667,224.9709
42549.333,224.9709
42560.000,224.9709
42570.667,224.9709
42581.333,224.9709
42592.000,224.9709
42602.667,224.9709
42613.333,224.9709
42624.000,226.2742
42634.667,226.2742
42645.333,226.2742
42656.000,227.5850
42666.667,224.9709
42677.333,224.9709
42688.000,223.6752
42698.667,223.6752
42709.333,223.6752
42720.000,219.8326
42730.667,219.8326
42741.333,221.1061
42752.000,222.3869
42762.667,222.3869
42773.333,222.3869
42784.000,221.1061
42794.667,219.8326
42805.333,219.8326
42816.000,219.8326
42826.667,218.5664
42837.333,218.5664
42848.000,219.8326
42858.667,219.8326
42869.333,221.1061
42880.000,222.3869
42890.667,223.6752
42901.333,223.6752
42912.000,222.3869
42922.667,222.3869
42933.333,222.3869
42944.000,221.1061
42954.667,219.8326
42965.333,219.8326
42976.000,218.5664
42986.667,218.5664
42997.333,219.8326
43008.000,219.8326
43018.667,219.8326
43029.333,221.1061
43040.000,219.8326
43050.667,219.8326
43061.333,219.8326
43072.000,219.8326
43082.667,219.8326
43093.333,221.1061
43104.000,222.3869
43114.667,222.3869
43125.333,222.3869
43136.000,222.3869
43146.667,222.3869
43157.333,222.3869
43168.000,222.3869
43178.667,222.3869
43189.333,222.3869
43200.000,221.1061
43210.667,222.3869
43221.333,222.3869
43232.000,222.3869
43242.667,222.3869
43253.333,222.3869
43264.000,222.3869
43274.667,222.3869
43285.333,223.6752
43296.000,221.1061
43306.667,219.8326
43317.333,218.5664
43328.000,217.3076
43338.667,217.3076
43349.333,218.5664
43360.000,222.3869
43370.667,221.1061
43381.333,221.1061
43392.000,218.5664
43402.667,218.5664
43413.333,221.1061
43424.000,221.1061
43434.667,223.6752
43445.333,223.6752
43456.000,217.3076
43466.667,218.5664
43477.333,219.8326
43488.000,0.0000
43498.667,182.7332
43509.333,182.7332
43520.000,184.8564
43530.667,185.9273
43541.333,188.0877
43552.000,192.4840
43562.667,196.9831
43573.333,198.1242
43584.000,198.1242
43594.667,196.9831
43605.333,196.9831
43616.000,198.1242
43626.667,199.2719
43637.333,202.7552
43648.000,205.1111
43658.667,209.9053
43669.333,217.3076
43680.000,221.1061
43690.667,223.6752
43701.333,224.9709
43712.000,224.9709
43722.667,224.9709
43733.333,223.6752
43744.000,223.6752
43754.667,224.9709
43765.333,226.2742
43776.000,227.5850
43786.667,200.4263
43797.333,200.4263
43808.000,200.4263
43818.667,200.4263
43829.333,194.7206
43840.000,0.0000
43850.667,0.0000
43861.333,0.0000
43872.000,0.0000
43882.667,253.9842
43893.333,252.5213
43904.000,252.5213
43914.667,251.0669
43925.333,249.6209
43936.000,249.6209
43946.667,249.6209
43957.333,249.6209
43968.000,249.6209
43978.667,249.6209
43989.333,249.6209
44000.000,249.6209
44010.667,249.6209
44021.333,0.0000
44032.000,0.0000
44042.667,0.0000
44053.333,0.0000
44064.000,0.0000
44074.667,218.5664
44085.333,221.1061
44096.000,223.6752
44106.667,224.9709
44117.333,227.5850
44128.000,228.9033
44138.667,228.9033
44149.333,227.5850
44160.000,224.9709
44170.667,222.3869
44181.333,221.1061
44192.000,219.8326
44202.667,218.5664
44213.333,218.5664
44224.000,219.8326
44234.667,219.8326
44245.333,222.3869
44256.000,223.6752
44266.667,223.6752
44277.333,223.6752
44288.000,222.3869
44298.667,221.1061
44309.333,219.8326
44320.000,218.5664
44330.667,217.3076
44341.333,217.3076
44352.000,217.3076
44362.667,218.5664
44373.333,219.8326
44384.000,221.1061
44394.667,223.6752
44405.333,226.2742
44416.000,226.2742
44426.667,224.9709
44437.333,223.6752
44448.000,222.3869
44458.667,221.1061
44469.333,219.8326
44480.000,219.8326
44490.667,218.5664
44501.333,218.5664
44512.000,219.8326
44522.667,219.8326
44533.333,221.1061
44544.000,222.3869
44554.667,223.6752
44565.333,223.6752
44576.000,222.3869
44586.667,221.1061
44597.333,219.8326
44608.000,218.5664
44618.667,218.5664
44629.333,218.5664
44640.000,218.5664
44650.667,218.5664
44661.333,221.1061
44672.000,223.6752
44682.667,224.9709
44693.333,226.2742
44704.000,226.2742
44714.667,226.2742
44725.333,224.9709
44736.000,223.6752
44746.667,221.1061
44757.333,219.8326
44768.000,218.5664
44778.667,217.3076
44789.333,217.3076
44800.000,218.5664
44810.667,221.1061
44821.333,222.3869
44832.000,224.9709
44842.667,226.2742
44853.333,224.9709
44864.000,224.9709
44874.667,223.6752
44885.333,221.1061
44896.000,221.1061
44906.667,219.8326
44917.333,218.5664
44928.000,218.5664
44938.667,218.5664
44949.333,218.5664
44960.000,221.1061
44970.667,224.9709
44981.333,226.2742
44992.000,226.2742
45002.667,226.2742
45013.333,226.2742
45024.000,223.6752
45034.667,222.3869
45045.333,221.1061
45056.000,219.8326
45066.667,219.8326
45077.333,219.8326
45088.000,219.8326
45098.667,221.1061
45109.333,221.1061
45120.000,222.3869
45130.667,223.6752
45141.333,224.9709
45152.000,226.2742
45162.667,226.2742
45173.333,224.9709
45184.000,222.3869
45194.667,221.1061
45205.333,219.8326
45216.000,219.8326
45226.667,219.8326
45237.333,219.8326
45248.000,219.8326
45258.667,221.1061
45269.333,222.3869
45280.000,223.6752
45290.667,223.6752
45301.333,223.6752
45312.000,222.3869
45322.667,222.3869
45333.333,222.3869
45344.000,219.8326
45354.667,219.8326
45365.333,218.5664
45376.000,218.5664
45386.667,219.8326
45397.333,219.8326
45408.000,221.1061
45418.667,223.6752
45429.333,224.9709
45440.000,224.9709
45450.667,224.9709
45461.333,223.6752
45472.000,223.6752
45482.667,222.3869
45493.333,221.1061
45504.000,221.1061
45514.667,219.8326
45525.333,219.8326
45536.000,221.1061
45546.667,222.3869
45557.333,223.6752
45568.000,223.6752
45578.667,224.9709
45589.333,224.9709
45600.000,224.9709
45610.667,223.6752
45621.333,222.3869
45632.000,221.1061
45642.667,219.8326
45653.333,219.8326
45664.000,219.8326
45674.667,219.8326
45685.333,219.8326
45696.000,219.8326
45706.667,221.1061
45717.333,223.6752
45728.000,223.6752
45738.667,223.6752
45749.333,222.3869
45760.000,221.1061
45770.667,219.8326
45781.333,218.5664
45792.000,218.5664
45802.667,218.5664
45813.333,218.5664
45824.000,219.8326
45834.667,219.8326
45845.333,221.1061
45856.000,223.6752
45866.667,226.2742
45877.333,224.9709
45888.000,223.6752
45898.667,222.3869
45909.333,221.1061
45920.000,219.8326
45930.667,219.8326
45941.333,219.8326
45952.000,221.1061
45962.667,222.3869
45973.333,222.3869
45984.000,222.3869
45994.667,223.6752
46005.333,223.6752
46016.000,223.6752
46026.667,223.6752
46037.333,223.6752
46048.000,222.3869
46058.667,219.8326
46069.333,219.8326
46080.000,219.8326
46090.667,221.1061
46101.333,222.3869
46112.000,223.6752
46122.667,224.9709
46133.333,224.9709
46144.000,224.9709
46154.667,224.9709
46165.333,223.6752
46176.000,223.6752
46186.667,222.3869
46197.333,222.3869
46208.000,222.3869
46218.667,222.3869
46229.333,222.3869
46240.000,223.6752
46250.667,223.6752
46261.333,222.3869
46272.000,223.6752
46282.667,223.6752
46293.333,223.6752
46304.000,223.6752
46314.667,222.3869
46325.333,222.3869
46336.000,221.1061
46346.667,221.1061
46357.333,219.8326
46368.000,219.8326
46378.667,219.8326
46389.333,219.8326
46400.000,219.8326
46410.667,219.8326
46421.333,222.3869
46432.000,223.6752
46442.667,223.6752
46453.333,226.2742
46464.000,223.6752
46474.667,224.9709
46485.333,224.9709
46496.000,224.9709
46506.667,221.1061
46517.333,219.8326
46528.000,221.1061
46538.667,0.0000
46549.333,0.0000
46560.000,0.0000
46570.667,0.0000
46581.333,0.0000
46592.000,0.0000
46602.667,0.0000
46613.333,0.0000
46624.000,0.0000
46634.667,0.0000
46645.333,0.0000
46656.000,0.0000
46666.667,0.0000
46677.333,0.0000
46688.000,0.0000
46698.667,0.0000
46709.333,0.0000
46720.000,0.0000
46730.667,0.0000
46741.333,0.0000
46752.000,0.0000
46762.667,228.9033
46773.333,230.2294
46784.000,241.1179
46794.667,241.1179
46805.333,231.5631
46816.000,231.5631
46826.667,232.9045
46837.333,231.5631
46848.000,231.5631
46858.667,230.2294
46869.333,230.2294
46880.000,230.2294
46890.667,230.2294
46901.333,221.1061
46912.000,213.5744
46922.667,216.0560
46933.333,216.0560
46944.000,216.0560
46954.667,214.8116
46965.333,216.0560
46976.000,216.0560
46986.667,217.3076
46997.333,213.5744
47008.000,212.3443
47018.667,211.1213
47029.333,212.3443
47040.000,212.3443
47050.667,219.8326
47061.333,226.2742
47072.000,230.2294
47082.667,235.6107
47093.333,234.2537
47104.000,235.6107
47114.667,238.3484
47125.333,249.6209
47136.000,258.4237
47146.667,245.3325
47157.333,230.2294
47168.000,232.9045
47178.667,0.0000
47189.333,0.0000
47200.000,0.0000
47210.667,0.0000
47221.333,0.0000
47232.000,0.0000
47242.667,0.0000
47253.333,0.0000
47264.000,0.0000
47274.667,0.0000
47285.333,0.0000
47296.000,0.0000
47306.667,0.0000
47317.333,0.0000
47328.000,0.0000
47338.667,0.0000
47349.333,0.0000
47360.000,0.0000
47370.667,0.0000
47381.333,0.0000
47392.000,0.0000
47402.667,0.0000
47413.333,0.0000
47424.000,0.0000
47434.667,0.0000
47445.333,0.0000
47456.000,0.0000
47466.667,0.0000
47477.333,0.0000
47488.000,0.0000
47498.667,0.0000
47509.333,0.0000
47520.000,0.0000
47530.667,0.0000
47541.333,0.0000
47552.000,0.0000
47562.667,0.0000
47573.333,0.0000
47584.000,0.0000
47594.667,0.0000
47605.333,0.0000
47616.000,0.0000
47626.667,0.0000
47637.333,0.0000
47648.000,0.0000
47658.667,0.0000
47669.333,0.0000
47680.000,0.0000
47690.667,0.0000
47701.333,0.0000
47712.000,0.0000
47722.667,0.0000
47733.333,0.0000
47744.000,0.0000
47754.667,0.0000
47765.333,0.0000
47776.000,0.0000
47786.667,0.0000
47797.333,0.0000
47808.000,0.0000
47818.667,0.0000
47829.333,0.0000
47840.000,0.0000
47850.667,0.0000
47861.333,0.0000
47872.000,0.0000
47882.667,0.0000
47893.333,0.0000
47904.000,0.0000
47914.667,0.0000
47925.333,0.0000
47936.000,140.0950
47946.667,145.8756
47957.333,151.8947
47968.000,157.2513
47978.667,158.1622
47989.333,162.7968
48000.000,167.5671
48010.667,167.5671
48021.333,167.5671
48032.000,166.6019
48042.667,165.6424
48053.333,163.7398
48064.000,162.7968
48074.667,161.8591
48085.333,165.6424
48096.000,163.7398
48106.667,164.6884
48117.333,164.6884
48128.000,165.6424
48138.667,165.6424
48149.333,165.6424
48160.000,164.6884
48170.667,162.7968
48181.333,162.7968
48192.000,162.7968
48202.667,162.7968
48213.333,162.7968
48224.000,161.8591
48234.667,162.7968
48245.333,162.7968
48256.000,164.6884
48266.667,165.6424
48277.333,165.6424
48288.000,166.6019
48298.667,166.6019
48309.333,165.6424
48320.000,165.6424
48330.667,164.6884
48341.333,163.7398
48352.000,163.7398
48362.667,162.7968
48373.333,162.7968
48384.000,162.7968
48394.667,163.7398
48405.333,165.6424
48416.000,165.6424
48426.667,166.6019
48437.333,165.6424
48448.000,165.6424
48458.667,164.6884
48469.333,164.6884
48480.000,163.7398
48490.667,162.7968
48501.333,162.7968
48512.000,162.7968
48522.667,163.7398
48533.333,164.6884
48544.000,164.6884
48554.667,164.6884
48565.333,164.6884
48576.000,165.6424
48586.667,165.6424
48597.333,165.6424
48608.000,164.6884
48618.667,164.6884
48629.333,164.6884
48640.000,165.6424
48650.667,167.5671
48661.333,169.5141
48672.000,170.4961
48682.667,170.4961
48693.333,169.5141
48704.000,168.5378
48714.667,167.5671
48725.333,166.6019
48736.000,166.6019
48746.667,166.6019
48757.333,167.5671
48768.000,168.5378
48778.667,170.4961
48789.333,171.4838
48800.000,178.5595
48810.667,184.8564
48821.333,184.8564
48832.000,187.0044
48842.667,188.0877
48853.333,188.0877
48864.000,187.0044
48874.667,185.9273
48885.333,185.9273
48896.000,184.8564
48906.667,184.8564
48917.333,184.8564
48928.000,184.8564
48938.667,185.9273
48949.333,187.0044
48960.000,187.0044
48970.667,185.9273
48981.333,185.9273
48992.000,184.8564
49002.667,184.8564
49013.333,184.8564
49024.000,185.9273
49034.667,184.8564
49045.333,184.8564
49056.000,185.9273
49066.667,184.8564
49077.333,185.9273
49088.000,185.9273
49098.667,185.9273
49109.333,185.9273
49120.000,185.9273
49130.667,184.8564
49141.333,181.6807
49152.000,177.5311
49162.667,169.5141
49173.333,163.7398
49184.000,156.3456
49194.667,155.4451
49205.333,155.4451
49216.000,157.2513
49226.667,160.9269
49237.333,164.6884
49248.000,167.5671
49258.667,168.5378
49269.333,167.5671
49280.000,167.5671
49290.667,166.6019
49301.333,164.6884
49312.000,161.8591
49322.667,160.9269
49333.333,160.0000
49344.000,160.0000
49354.667,160.9269
49365.333,161.8591
49376.000,162.7968
49386.667,163.7398
49397.333,164.6884
49408.000,164.6884
49418.667,163.7398
49429.333,161.8591
49440.000,160.9269
49450.667,160.0000
49461.333,159.0785
49472.000,160.0000
49482.667,160.9269
49493.333,161.8591
49504.000,162.7968
49514.667,163.7398
49525.333,164.6884
49536.000,165.6424
49546.667,166.6019
49557.333,166.6019
49568.000,165.6424
49578.667,163.7398
49589.333,161.8591
49600.000,160.9269
49610.667,160.0000
49621.333,160.0000
49632.000,160.0000
49642.667,162.7968
49653.333,164.6884
49664.000,166.6019
49674.667,166.6019
49685.333,166.6019
49696.000,165.6424
49706.667,163.7398
49717.333,161.8591
49728.000,160.9269
49738.667,160.0000
49749.333,159.0785
49760.000,162.7968
49770.667,163.7398
49781.333,164.6884
49792.000,165.6424
49802.667,166.6019
49813.333,166.6019
49824.000,163.7398
49834.667,164.6884
49845.333,166.6019
49856.000,165.6424
49866.667,164.6884
49877.333,162.7968
49888.000,162.7968
49898.667,164.6884
49909.333,161.8591
49920.000,161.8591
49930.667,161.8591
49941.333,161.8591
49952.000,166.6019
49962.667,165.6424
49973.333,153.6597
49984.000,154.5498
49994.667,0.0000
50005.333,0.0000
50016.000,0.0000
50026.667,0.0000
50037.333,0.0000
50048.000,0.0000
50058.667,0.0000
50069.333,0.0000
50080.000,0.0000
50090.667,0.0000
50101.333,0.0000
50112.000,0.0000
50122.667,0.0000
50133.333,0.0000
50144.000,0.0000
50154.667,0.0000
50165.333,0.0000
50176.000,0.0000
50186.667,0.0000
50197.333,0.0000
50208.000,0.0000
50218.667,0.0000
50229.333,0.0000
50240.000,0.0000
50250.667,0.0000
50261.333,0.0000
50272.000,0.0000
50282.667,0.0000
50293.333,0.0000
50304.000,0.0000
50314.667,0.0000
50325.333,0.0000
50336.000,0.0000
50346.667,0.0000
50357.333,0.0000
50368.000,0.0000
50378.667,0.0000
50389.333,0.0000
50400.000,0.0000
50410.667,0.0000
50421.333,0.0000
50432.000,0.0000
50442.667,0.0000
50453.333,0.0000
50464.000,0.0000
50474.667,0.0000
50485.333,0.0000
50496.000,0.0000
50506.667,0.0000
50517.333,0.0000
50528.000,0.0000
50538.667,0.0000
50549.333,0.0000
50560.000,0.0000
50570.667,0.0000
50581.333,0.0000
50592.000,0.0000
50602.667,0.0000
50613.333,0.0000
50624.000,0.0000
50634.667,0.0000
50645.333,0.0000
50656.000,0.0000
50666.667,0.0000
50677.333,0.0000
50688.000,0.0000
50698.667,0.0000
50709.333,0.0000
50720.000,0.0000
50730.667,0.0000
50741.333,0.0000
50752.000,135.3228
50762.667,130.7132
50773.333,128.4677
50784.000,125.5335
50794.667,131.4705
50805.333,138.4858
50816.000,144.2001
50826.667,145.8756
50837.333,155.4451
50848.000,154.5498
50858.667,155.4451
50869.333,155.4451
50880.000,163.7398
50890.667,170.4961
50901.333,174.4812
50912.000,176.5086
50922.667,179.5939
50933.333,180.6343
50944.000,181.6807
50954.667,182.7332
50965.333,183.7917
50976.000,183.7917
50986.667,184.8564
50997.333,184.8564
51008.000,184.8564
51018.667,184.8564
51029.333,184.8564
51040.000,185.9273
51050.667,185.9273
51061.333,185.9273
51072.000,185.9273
51082.667,185.9273
51093.333,184.8564
51104.000,183.7917
51114.667,182.7332
51125.333,182.7332
51136.000,173.4763
51146.667,163.7398
51157.333,163.7398
51168.000,164.6884
51178.667,164.6884
51189.333,164.6884
51200.000,164.6884
51210.667,164.6884
51221.333,165.6424
51232.000,165.6424
51242.667,166.6019
51253.333,167.5671
51264.000,167.5671
51274.667,167.5671
51285.333,166.6019
51296.000,164.6884
51306.667,163.7398
51317.333,162.7968
51328.000,161.8591
51338.667,161.8591
51349.333,164.6884
51360.000,170.4961
51370.667,177.5311
51381.333,181.6807
51392.000,183.7917
51402.667,184.8564
51413.333,185.9273
51424.000,185.9273
51434.667,185.9273
51445.333,184.8564
51456.000,184.8564
51466.667,183.7917
51477.333,183.7917
51488.000,183.7917
51498.667,184.8564
51509.333,184.8564
51520.000,185.9273
51530.667,185.9273
51541.333,185.9273
51552.000,185.9273
51562.667,184.8564
51573.333,184.8564
51584.000,183.7917
51594.667,183.7917
51605.333,183.7917
51616.000,184.8564
51626.667,185.9273
51637.333,187.0044
51648.000,188.0877
51658.667,188.0877
51669.333,188.0877
51680.000,187.0044
51690.667,185.9273
51701.333,185.9273
51712.000,184.8564
51722.667,184.8564
51733.333,184.8564
51744.000,184.8564
51754.667,184.8564
51765.333,185.9273
51776.000,185.9273
51786.667,185.9273
51797.333,185.9273
51808.000,185.9273
51818.667,184.8564
51829.333,183.7917
51840.000,183.7917
51850.667,183.7917
51861.333,183.7917
51872.000,184.8564
51882.667,205.1111
51893.333,209.9053
51904.000,214.8116
51914.667,218.5664
51925.333,221.1061
51936.000,222.3869
51946.667,221.1061
51957.333,218.5664
51968.000,216.0560
51978.667,213.5744
51989.333,211.1213
52000.000,211.1213
52010.667,211.1213
52021.333,213.5744
52032.000,214.8116
52042.667,216.0560
52053.333,217.3076
52064.000,218.5664
52074.667,218.5664
52085.333,218.5664
52096.000,217.3076
52106.667,216.0560
52117.333,214.8116
52128.000,213.5744
52138.667,213.5744
52149.333,213.5744
52160.000,216.0560
52170.667,218.5664
52181.333,221.1061
52192.000,222.3869
52202.667,223.6752
52213.333,223.6752
52224.000,222.3869
52234.667,221.1061
52245.333,219.8326
52256.000,217.3076
52266.667,216.0560
52277.333,214.8116
52288.000,214.8116
52298.667,216.0560
52309.333,218.5664
52320.000,222.3869
52330.667,223.6752
52341.333,224.9709
52352.000,224.9709
52362.667,224.9709
52373.333,222.3869
52384.000,221.1061
52394.667,218.5664
52405.333,217.3076
52416.000,216.0560
52426.667,214.8116
52437.333,214.8116
52448.000,216.0560
52458.667,218.5664
52469.333,219.8326
52480.000,221.1061
52490.667,222.3869
52501.333,223.6752
52512.000,223.6752
52522.667,222.3869
52533.333,221.1061
52544.000,219.8326
52554.667,218.5664
52565.333,218.5664
52576.000,218.5664
52586.667,218.5664
52597.333,219.8326
52608.000,222.3869
52618.667,223.6752
52629.333,223.6752
52640.000,223.6752
52650.667,223.6752
52661.333,222.3869
52672.000,221.1061
52682.667,221.1061
52693.333,219.8326
52704.000,219.8326
52714.667,221.1061
52725.333,221.1061
52736.000,221.1061
52746.667,221.1061
52757.333,221.1061
52768.000,221.1061
52778.667,221.1061
52789.333,221.1061
52800.000,219.8326
52810.667,221.1061
52821.333,222.3869
52832.000,223.6752
52842.667,223.6752
52853.333,223.6752
52864.000,223.6752
52874.667,223.6752
52885.333,223.6752
52896.000,222.3869
52906.667,222.3869
52917.333,222.3869
52928.000,222.3869
52938.667,221.1061
52949.333,221.1061
52960.000,221.1061
52970.667,221.1061
52981.333,221.1061
52992.000,221.1061
53002.667,222.3869
53013.333,222.3869
53024.000,222.3869
53034.667,223.6752
53045.333,224.9709
53056.000,224.9709
53066.667,223.6752
53077.333,222.3869
53088.000,221.1061
53098.667,221.1061
53109.333,221.1061
53120.000,219.8326
53130.667,219.8326
53141.333,218.5664
53152.000,218.5664
53162.667,222.3869
53173.333,222.3869
53184.000,223.6752
53194.667,224.9709
53205.333,223.6752
53216.000,223.6752
53226.667,221.1061
53237.333,219.8326
53248.000,217.3076
53258.667,218.5664
53269.333,221.1061
53280.000,222.3869
53290.667,223.6752
53301.333,223.6752
53312.000,223.6752
53322.667,223.6752
53333.333,223.6752
53344.000,223.6752
53354.667,223.6752
53365.333,222.3869
53376.000,219.8326
53386.667,219.8326
53397.333,219.8326
53408.000,218.5664
53418.667,0.0000
53429.333,0.0000
53440.000,0.0000
53450.667,0.0000
53461.333,0.0000
53472.000,0.0000
53482.667,0.0000
53493.333,0.0000
53504.000,0.0000
53514.667,0.0000
53525.333,0.0000
53536.000,0.0000
53546.667,0.0000
53557.333,0.0000
53568.000,0.0000
53578.667,0.0000
53589.333,0.0000
53600.000,0.0000
53610.667,0.0000
53621.333,0.0000
53632.000,0.0000
53642.667,0.0000
53653.333,0.0000
53664.000,0.0000
53674.667,151.8947
53685.333,141.7228
53696.000,140.9065
53706.667,140.0950
53717.333,148.4255
53728.000,161.8591
53738.667,176.5086
53749.333,178.5595
53760.000,0.0000
53770.667,196.9831
53781.333,205.1111
53792.000,207.4943
53802.667,208.6963
53813.333,209.9053
53824.000,209.9053
53834.667,209.9053
53845.333,209.9053
53856.000,211.1213
53866.667,222.3869
53877.333,227.5850
53888.000,231.5631
53898.667,236.9756
53909.333,242.5147
53920.000,243.9195
53930.667,245.3325
53941.333,246.7537
53952.000,246.7537
53962.667,245.3325
53973.333,243.9195
53984.000,243.9195
53994.667,242.5147
54005.333,242.5147
54016.000,243.9195
54026.667,245.3325
54037.333,246.7537
54048.000,246.7537
54058.667,246.7537
54069.333,246.7537
54080.000,245.3325
54090.667,245.3325
54101.333,243.9195
54112.000,239.7291
54122.667,241.1179
54133.333,243.9195
54144.000,245.3325
54154.667,246.7537
54165.333,246.7537
54176.000,246.7537
54186.667,246.7537
54197.333,245.3325
54208.000,243.9195
54218.667,242.5147
54229.333,242.5147
54240.000,242.5147
54250.667,242.5147
54261.333,245.3325
54272.000,248.1832
54282.667,248.1832
54293.333,246.7537
54304.000,245.3325
54314.667,245.3325
54325.333,245.3325
54336.000,245.3325
54346.667,245.3325
54357.333,0.0000
54368.000,0.0000
54378.667,0.0000
54389.333,0.0000
54400.000,0.0000
54410.667,245.3325
54421.333,243.9195
54432.000,245.3325
54442.667,245.3325
54453.333,246.7537
54464.000,248.1832
54474.667,248.1832
54485.333,248.1832
54496.000,248.1832
54506.667,248.1832
54517.333,248.1832
54528.000,249.6209
54538.667,249.6209
54549.333,251.0669
54560.000,251.0669
54570.667,252.5213
54581.333,252.5213
54592.000,252.5213
54602.667,252.5213
54613.333,251.0669
54624.000,251.0669
54634.667,249.6209
54645.333,248.1832
54656.000,248.1832
54666.667,249.6209
54677.333,258.4237
54688.000,245.3325
54698.667,272.2135
54709.333,273.7904
54720.000,275.3765
54730.667,276.9717
54741.333,275.3765
54752.000,275.3765
54762.667,273.7904
54773.333,273.7904
54784.000,272.2135
54794.667,272.2135
54805.333,272.2135
54816.000,273.7904
54826.667,275.3765
54837.333,275.3765
54848.000,276.9717
54858.667,276.9717
54869.333,275.3765
54880.000,275.3765
54890.667,273.7904
54901.333,273.7904
54912.000,273.7904
54922.667,273.7904
54933.333,273.7904
54944.000,275.3765
54954.667,276.9717
54965.333,276.9717
54976.000,276.9717
54986.667,276.9717
54997.333,275.3765
55008.000,272.2135
55018.667,270.6457
55029.333,267.5370
55040.000,261.4265
55050.667,256.9353
55061.333,251.0669
55072.000,248.1832
55082.667,245.3325
55093.333,243.9195
55104.000,243.9195
55114.667,245.3325
55125.333,246.7537
55136.000,248.1832
55146.667,248.1832
55157.333,248.1832
55168.000,246.7537
55178.667,245.3325
55189.333,243.9195
55200.000,242.5147
55210.667,241.1179
55221.333,241.1179
55232.000,241.1179
55242.667,242.5147
55253.333,245.3325
55264.000,246.7537
55274.667,248.1832
55285.333,248.1832
55296.000,248.1832
55306.667,246.7537
55317.333,246.7537
55328.000,245.3325
55338.667,245.3325
55349.333,245.3325
55360.000,245.3325
55370.667,245.3325
55381.333,245.3325
55392.000,246.7537
55402.667,248.1832
55413.333,249.6209
55424.000,251.0669
55434.667,251.0669
55445.333,249.6209
55456.000,248.1832
55466.667,248.1832
55477.333,246.7537
55488.000,246.7537
55498.667,246.7537
55509.333,246.7537
55520.000,246.7537
55530.667,248.1832
55541.333,246.7537
55552.000,246.7537
55562.667,246.7537
55573.333,246.7537
55584.000,248.1832
55594.667,248.1832
55605.333,246.7537
55616.000,248.1832
55626.667,248.1832
55637.333,248.1832
55648.000,246.7537
55658.667,246.7537
55669.333,246.7537
55680.000,248.1832
55690.667,246.7537
55701.333,248.1832
55712.000,246.7537
55722.667,246.7537
55733.333,245.3325
55744.000,245.3325
55754.667,246.7537
55765.333,246.7537
55776.000,246.7537
55786.667,246.7537
55797.333,246.7537
55808.000,246.7537
55818.667,248.1832
55829.333,246.7537
55840.000,246.7537
55850.667,0.0000
55861.333,0.0000
55872.000,0.0000
55882.667,0.0000
55893.333,0.0000
55904.000,0.0000
55914.667,0.0000
55925.333,0.0000
55936.000,152.7747
55946.667,151.8947
55957.333,152.7747
55968.000,153.6597
55978.667,153.6597
55989.333,161.8591
56000.000,162.7968
56010.667,163.7398
56021.333,163.7398
56032.000,162.7968
56042.667,162.7968
56053.333,161.8591
56064.000,162.7968
56074.667,162.7968
56085.333,163.7398
56096.000,166.6019
56106.667,170.4961
56117.333,174.4812
56128.000,184.8564
56138.667,185.9273
56149.333,187.0044
56160.000,187.0044
56170.667,187.0044
56181.333,187.0044
56192.000,187.0044
56202.667,185.9273
56213.333,185.9273
56224.000,185.9273
56234.667,185.9273
56245.333,185.9273
56256.000,185.9273
56266.667,187.0044
56277.333,172.4771
56288.000,171.4838
56298.667,164.6884
56309.333,168.5378
56320.000,175.4920
56330.667,175.4920
56341.333,187.0044
56352.000,190.2731
56362.667,191.3754
56373.333,192.4840
56384.000,193.5991
56394.667,193.5991
56405.333,192.4840
56416.000,189.1772
56426.667,188.0877
56437.333,187.0044
56448.000,190.2731
56458.667,0.0000
56469.333,0.0000
56480.000,0.0000
56490.667,0.0000
56501.333,191.3754
56512.000,207.4943
56522.667,191.3754
56533.333,188.0877
56544.000,188.0877
56554.667,188.0877
56565.333,189.1772
56576.000,190.2731
56586.667,190.2731
56597.333,190.2731
56608.000,189.1772
56618.667,189.1772
56629.333,188.0877
56640.000,187.0044
56650.667,187.0044
56661.333,187.0044
56672.000,187.0044
56682.667,188.0877
56693.333,188.0877
56704.000,188.0877
56714.667,188.0877
56725.333,188.0877
56736.000,187.0044
56746.667,187.0044
56757.333,185.9273
56768.000,185.9273
56778.667,185.9273
56789.333,187.0044
56800.000,188.0877
56810.667,189.1772
56821.333,189.1772
56832.000,189.1772
56842.667,189.1772
56853.333,188.0877
56864.000,189.1772
56874.667,189.1772
56885.333,189.1772
56896.000,190.2731
56906.667,189.1772
56917.333,189.1772
56928.000,168.5378
56938.667,161.8591
56949.333,161.8591
56960.000,162.7968
56970.667,163.7398
56981.333,167.5671
56992.000,168.5378
57002.667,168.5378
57013.333,167.5671
57024.000,166.6019
57034.667,165.6424
57045.333,164.6884
57056.000,164.6884
57066.667,163.7398
57077.333,163.7398
57088.000,164.6884
57098.667,165.6424
57109.333,166.6019
57120.000,167.5671
57130.667,168.5378
57141.333,167.5671
57152.000,166.6019
57162.667,166.6019
57173.333,165.6424
57184.000,164.6884
57194.667,163.7398
57205.333,163.7398
57216.000,163.7398
57226.667,165.6424
57237.333,166.6019
57248.000,167.5671
57258.667,167.5671
57269.333,167.5671
57280.000,167.5671
57290.667,167.5671
57301.333,166.6019
57312.000,165.6424
57322.667,165.6424
57333.333,164.6884
57344.000,164.6884
57354.667,164.6884
57365.333,164.6884
57376.000,164.6884
57386.667,165.6424
57397.333,165.6424
57408.000,165.6424
57418.667,167.5671
57429.333,170.4961
57440.000,175.4920
57450.667,179.5939
57461.333,180.6343
57472.000,182.7332
57482.667,182.7332
57493.333,184.8564
57504.000,185.9273
57514.667,185.9273
57525.333,185.9273
57536.000,187.0044
57546.667,187.0044
57557.333,187.0044
57568.000,188.0877
57578.667,191.3754
57589.333,196.9831
57600.000,203.9297
57610.667,207.4943
57621.333,212.3443
57632.000,218.5664
57642.667,222.3869
57653.333,223.6752
57664.000,223.6752
57674.667,221.1061
57685.333,219.8326
57696.000,218.5664
57706.667,217.3076
57717.333,217.3076
57728.000,218.5664
57738.667,218.5664
57749.333,219.8326
57760.000,221.1061
57770.667,221.1061
57781.333,221.1061
57792.000,219.8326
57802.667,218.5664
57813.333,218.5664
57824.000,217.3076
57834.667,217.3076
57845.333,218.5664
57856.000,218.5664
57866.667,218.5664
57877.333,218.5664
57888.000,218.5664
57898.667,218.5664
57909.333,218.5664
57920.000,219.8326
57930.667,219.8326
57941.333,218.5664
57952.000,218.5664
57962.667,218.5664
57973.333,218.5664
57984.000,219.8326
57994.667,221.1061
