Analysis & Synthesis report for autotune
Mon Mar  9 17:20:04 2026
Quartus Prime Version 25.1std.0 Build 1129 10/21/2025 SC Lite Edition


---------------------
; Table of Contents ;
---------------------
  1. Legal Notice
  2. Analysis & Synthesis Summary
  3. Analysis & Synthesis Settings
  4. Parallel Compilation
  5. Analysis & Synthesis Source Files Read
  6. Analysis & Synthesis Resource Usage Summary
  7. Analysis & Synthesis Resource Utilization by Entity
  8. Analysis & Synthesis RAM Summary
  9. Analysis & Synthesis IP Cores Summary
 10. State Machine - |autotune|audio_cntrl:audio_cntrl|i2c_master:iI2C|state
 11. State Machine - |autotune|audio_cntrl:audio_cntrl|i2c_master:iI2C|byte_writer:writer|state
 12. State Machine - |autotune|audio_cntrl:audio_cntrl|codec_fsm:iCONFIG|state
 13. State Machine - |autotune|audio_cntrl:audio_cntrl|i2s_transmitter:iI2S_TRANS|state
 14. State Machine - |autotune|audio_cntrl:audio_cntrl|i2s_receiver:iI2S_REC|state
 15. Registers Protected by Synthesis
 16. Registers Removed During Synthesis
 17. General Register Statistics
 18. Inverted Register Statistics
 19. Multiplexer Restructuring Statistics (Restructuring Performed)
 20. Source assignments for audio_cntrl:audio_cntrl|fifo_2_16:comb_3|dcfifo:dcfifo_component
 21. Source assignments for audio_cntrl:audio_cntrl|fifo_2_16:comb_3|dcfifo:dcfifo_component|dcfifo_a3q1:auto_generated
 22. Source assignments for audio_cntrl:audio_cntrl|fifo_2_16:comb_3|dcfifo:dcfifo_component|dcfifo_a3q1:auto_generated|a_graycounter_au6:rdptr_g1p
 23. Source assignments for audio_cntrl:audio_cntrl|fifo_2_16:comb_3|dcfifo:dcfifo_component|dcfifo_a3q1:auto_generated|a_graycounter_6cc:wrptr_g1p
 24. Source assignments for audio_cntrl:audio_cntrl|fifo_2_16:comb_3|dcfifo:dcfifo_component|dcfifo_a3q1:auto_generated|altsyncram_o5d1:fifo_ram
 25. Source assignments for audio_cntrl:audio_cntrl|fifo_2_16:comb_3|dcfifo:dcfifo_component|dcfifo_a3q1:auto_generated|alt_synch_pipe_tnl:rs_dgwp
 26. Source assignments for audio_cntrl:audio_cntrl|fifo_2_16:comb_3|dcfifo:dcfifo_component|dcfifo_a3q1:auto_generated|alt_synch_pipe_tnl:rs_dgwp|dffpipe_ed9:dffpipe6
 27. Source assignments for audio_cntrl:audio_cntrl|fifo_2_16:comb_3|dcfifo:dcfifo_component|dcfifo_a3q1:auto_generated|alt_synch_pipe_unl:ws_dgrp
 28. Source assignments for audio_cntrl:audio_cntrl|fifo_2_16:comb_3|dcfifo:dcfifo_component|dcfifo_a3q1:auto_generated|alt_synch_pipe_unl:ws_dgrp|dffpipe_fd9:dffpipe9
 29. Source assignments for audio_cntrl:audio_cntrl|fifo_2_16:comb_4|dcfifo:dcfifo_component
 30. Source assignments for audio_cntrl:audio_cntrl|fifo_2_16:comb_4|dcfifo:dcfifo_component|dcfifo_a3q1:auto_generated
 31. Source assignments for audio_cntrl:audio_cntrl|fifo_2_16:comb_4|dcfifo:dcfifo_component|dcfifo_a3q1:auto_generated|a_graycounter_au6:rdptr_g1p
 32. Source assignments for audio_cntrl:audio_cntrl|fifo_2_16:comb_4|dcfifo:dcfifo_component|dcfifo_a3q1:auto_generated|a_graycounter_6cc:wrptr_g1p
 33. Source assignments for audio_cntrl:audio_cntrl|fifo_2_16:comb_4|dcfifo:dcfifo_component|dcfifo_a3q1:auto_generated|altsyncram_o5d1:fifo_ram
 34. Source assignments for audio_cntrl:audio_cntrl|fifo_2_16:comb_4|dcfifo:dcfifo_component|dcfifo_a3q1:auto_generated|alt_synch_pipe_tnl:rs_dgwp
 35. Source assignments for audio_cntrl:audio_cntrl|fifo_2_16:comb_4|dcfifo:dcfifo_component|dcfifo_a3q1:auto_generated|alt_synch_pipe_tnl:rs_dgwp|dffpipe_ed9:dffpipe6
 36. Source assignments for audio_cntrl:audio_cntrl|fifo_2_16:comb_4|dcfifo:dcfifo_component|dcfifo_a3q1:auto_generated|alt_synch_pipe_unl:ws_dgrp
 37. Source assignments for audio_cntrl:audio_cntrl|fifo_2_16:comb_4|dcfifo:dcfifo_component|dcfifo_a3q1:auto_generated|alt_synch_pipe_unl:ws_dgrp|dffpipe_fd9:dffpipe9
 38. Parameter Settings for User Entity Instance: audio_cntrl:audio_cntrl
 39. Parameter Settings for User Entity Instance: audio_cntrl:audio_cntrl|fifo_2_16:comb_3|dcfifo:dcfifo_component
 40. Parameter Settings for User Entity Instance: audio_cntrl:audio_cntrl|fifo_2_16:comb_4|dcfifo:dcfifo_component
 41. Parameter Settings for User Entity Instance: audio_cntrl:audio_cntrl|audio_clk_gen:iCLKGEN
 42. Parameter Settings for User Entity Instance: audio_cntrl:audio_cntrl|audio_clk_gen:iCLKGEN|pll_mult_16_bit:comb_3|altera_pll:altera_pll_i
 43. Parameter Settings for User Entity Instance: audio_cntrl:audio_cntrl|i2s_receiver:iI2S_REC
 44. Parameter Settings for User Entity Instance: audio_cntrl:audio_cntrl|i2s_transmitter:iI2S_TRANS
 45. Parameter Settings for User Entity Instance: audio_cntrl:audio_cntrl|codec_fsm:iCONFIG
 46. Parameter Settings for User Entity Instance: audio_cntrl:audio_cntrl|i2c_master:iI2C
 47. Parameter Settings for User Entity Instance: audio_cntrl:audio_cntrl|i2c_master:iI2C|byte_writer:writer
 48. Parameter Settings for User Entity Instance: vad:dut
 49. dcfifo Parameter Settings by Entity Instance
 50. Port Connectivity Checks: "audio_cntrl:audio_cntrl|i2c_master:iI2C"
 51. Port Connectivity Checks: "audio_cntrl:audio_cntrl|codec_fsm:iCONFIG"
 52. Port Connectivity Checks: "audio_cntrl:audio_cntrl|audio_clk_gen:iCLKGEN|pll_mult_16_bit:comb_3|altera_pll:altera_pll_i"
 53. Port Connectivity Checks: "audio_cntrl:audio_cntrl|audio_clk_gen:iCLKGEN|pll_mult_16_bit:comb_3"
 54. Port Connectivity Checks: "audio_cntrl:audio_cntrl|fifo_2_16:comb_4"
 55. Port Connectivity Checks: "audio_cntrl:audio_cntrl|fifo_2_16:comb_3"
 56. Post-Synthesis Netlist Statistics for Top Partition
 57. Elapsed Time Per Partition
 58. Analysis & Synthesis Messages
 59. Analysis & Synthesis Suppressed Messages



----------------
; Legal Notice ;
----------------
Copyright (C) 2025  Altera Corporation. All rights reserved.
Your use of Altera Corporation's design tools, logic functions 
and other software and tools, and any partner logic 
functions, and any output files from any of the foregoing 
(including device programming or simulation files), and any 
associated documentation or information are expressly subject 
to the terms and conditions of the Altera Program License 
Subscription Agreement, the Altera Quartus Prime License Agreement,
the Altera IP License Agreement, or other applicable license
agreement, including, without limitation, that your use is for
the sole purpose of programming logic devices manufactured by
Altera and sold by Altera or its authorized distributors.  Please
refer to the Altera Software License Subscription Agreements 
on the Quartus Prime software download page.



+-----------------------------------------------------------------------------------+
; Analysis & Synthesis Summary                                                      ;
+---------------------------------+-------------------------------------------------+
; Analysis & Synthesis Status     ; Successful - Mon Mar  9 17:20:04 2026           ;
; Quartus Prime Version           ; 25.1std.0 Build 1129 10/21/2025 SC Lite Edition ;
; Revision Name                   ; autotune                                        ;
; Top-level Entity Name           ; autotune                                        ;
; Family                          ; Cyclone V                                       ;
; Logic utilization (in ALMs)     ; N/A                                             ;
; Total registers                 ; 268                                             ;
; Total pins                      ; 168                                             ;
; Total virtual pins              ; 0                                               ;
; Total block memory bits         ; 512                                             ;
; Total DSP Blocks                ; 0                                               ;
; Total HSSI RX PCSs              ; 0                                               ;
; Total HSSI PMA RX Deserializers ; 0                                               ;
; Total HSSI TX PCSs              ; 0                                               ;
; Total HSSI PMA TX Serializers   ; 0                                               ;
; Total PLLs                      ; 1                                               ;
; Total DLLs                      ; 0                                               ;
+---------------------------------+-------------------------------------------------+


+---------------------------------------------------------------------------------------------------------------------------+
; Analysis & Synthesis Settings                                                                                             ;
+---------------------------------------------------------------------------------+--------------------+--------------------+
; Option                                                                          ; Setting            ; Default Value      ;
+---------------------------------------------------------------------------------+--------------------+--------------------+
; Device                                                                          ; 5CSEMA5F31C6       ;                    ;
; Top-level entity name                                                           ; autotune           ; autotune           ;
; Family name                                                                     ; Cyclone V          ; Cyclone V          ;
; Use smart compilation                                                           ; Off                ; Off                ;
; Enable parallel Assembler and Timing Analyzer during compilation                ; On                 ; On                 ;
; Enable compact report table                                                     ; Off                ; Off                ;
; Restructure Multiplexers                                                        ; Auto               ; Auto               ;
; MLAB Add Timing Constraints For Mixed-Port Feed-Through Mode Setting Don't Care ; Off                ; Off                ;
; Create Debugging Nodes for IP Cores                                             ; Off                ; Off                ;
; Preserve fewer node names                                                       ; On                 ; On                 ;
; Intel FPGA IP Evaluation Mode                                                   ; Enable             ; Enable             ;
; Verilog Version                                                                 ; Verilog_2001       ; Verilog_2001       ;
; VHDL Version                                                                    ; VHDL_1993          ; VHDL_1993          ;
; State Machine Processing                                                        ; Auto               ; Auto               ;
; Safe State Machine                                                              ; Off                ; Off                ;
; Extract Verilog State Machines                                                  ; On                 ; On                 ;
; Extract VHDL State Machines                                                     ; On                 ; On                 ;
; Ignore Verilog initial constructs                                               ; Off                ; Off                ;
; Iteration limit for constant Verilog loops                                      ; 5000               ; 5000               ;
; Iteration limit for non-constant Verilog loops                                  ; 250                ; 250                ;
; Add Pass-Through Logic to Inferred RAMs                                         ; On                 ; On                 ;
; Infer RAMs from Raw Logic                                                       ; On                 ; On                 ;
; Parallel Synthesis                                                              ; On                 ; On                 ;
; DSP Block Balancing                                                             ; Auto               ; Auto               ;
; NOT Gate Push-Back                                                              ; On                 ; On                 ;
; Power-Up Don't Care                                                             ; On                 ; On                 ;
; Remove Redundant Logic Cells                                                    ; Off                ; Off                ;
; Remove Duplicate Registers                                                      ; On                 ; On                 ;
; Ignore CARRY Buffers                                                            ; Off                ; Off                ;
; Ignore CASCADE Buffers                                                          ; Off                ; Off                ;
; Ignore GLOBAL Buffers                                                           ; Off                ; Off                ;
; Ignore ROW GLOBAL Buffers                                                       ; Off                ; Off                ;
; Ignore LCELL Buffers                                                            ; Off                ; Off                ;
; Ignore SOFT Buffers                                                             ; On                 ; On                 ;
; Limit AHDL Integers to 32 Bits                                                  ; Off                ; Off                ;
; Optimization Technique                                                          ; Balanced           ; Balanced           ;
; Carry Chain Length                                                              ; 70                 ; 70                 ;
; Auto Carry Chains                                                               ; On                 ; On                 ;
; Auto Open-Drain Pins                                                            ; On                 ; On                 ;
; Perform WYSIWYG Primitive Resynthesis                                           ; Off                ; Off                ;
; Auto ROM Replacement                                                            ; On                 ; On                 ;
; Auto RAM Replacement                                                            ; On                 ; On                 ;
; Auto DSP Block Replacement                                                      ; On                 ; On                 ;
; Auto Shift Register Replacement                                                 ; Auto               ; Auto               ;
; Allow Shift Register Merging across Hierarchies                                 ; Auto               ; Auto               ;
; Auto Clock Enable Replacement                                                   ; On                 ; On                 ;
; Strict RAM Replacement                                                          ; Off                ; Off                ;
; Allow Synchronous Control Signals                                               ; On                 ; On                 ;
; Force Use of Synchronous Clear Signals                                          ; Off                ; Off                ;
; Auto Resource Sharing                                                           ; Off                ; Off                ;
; Allow Any RAM Size For Recognition                                              ; Off                ; Off                ;
; Allow Any ROM Size For Recognition                                              ; Off                ; Off                ;
; Allow Any Shift Register Size For Recognition                                   ; Off                ; Off                ;
; Use LogicLock Constraints during Resource Balancing                             ; On                 ; On                 ;
; Ignore translate_off and synthesis_off directives                               ; Off                ; Off                ;
; Timing-Driven Synthesis                                                         ; On                 ; On                 ;
; Report Parameter Settings                                                       ; On                 ; On                 ;
; Report Source Assignments                                                       ; On                 ; On                 ;
; Report Connectivity Checks                                                      ; On                 ; On                 ;
; Ignore Maximum Fan-Out Assignments                                              ; Off                ; Off                ;
; Synchronization Register Chain Length                                           ; 3                  ; 3                  ;
; Power Optimization During Synthesis                                             ; Normal compilation ; Normal compilation ;
; HDL message level                                                               ; Level2             ; Level2             ;
; Suppress Register Optimization Related Messages                                 ; Off                ; Off                ;
; Number of Removed Registers Reported in Synthesis Report                        ; 5000               ; 5000               ;
; Number of Swept Nodes Reported in Synthesis Report                              ; 5000               ; 5000               ;
; Number of Inverted Registers Reported in Synthesis Report                       ; 100                ; 100                ;
; Clock MUX Protection                                                            ; On                 ; On                 ;
; Auto Gated Clock Conversion                                                     ; Off                ; Off                ;
; Block Design Naming                                                             ; Auto               ; Auto               ;
; SDC constraint protection                                                       ; Off                ; Off                ;
; Synthesis Effort                                                                ; Auto               ; Auto               ;
; Shift Register Replacement - Allow Asynchronous Clear Signal                    ; On                 ; On                 ;
; Pre-Mapping Resynthesis Optimization                                            ; Off                ; Off                ;
; Analysis & Synthesis Message Level                                              ; Medium             ; Medium             ;
; Disable Register Merging Across Hierarchies                                     ; Auto               ; Auto               ;
; Resource Aware Inference For Block RAM                                          ; On                 ; On                 ;
; Automatic Parallel Synthesis                                                    ; On                 ; On                 ;
; Partial Reconfiguration Bitstream ID                                            ; Off                ; Off                ;
+---------------------------------------------------------------------------------+--------------------+--------------------+


+------------------------------------------+
; Parallel Compilation                     ;
+----------------------------+-------------+
; Processors                 ; Number      ;
+----------------------------+-------------+
; Number detected on machine ; 12          ;
; Maximum allowed            ; 6           ;
;                            ;             ;
; Average used               ; 1.00        ;
; Maximum used               ; 6           ;
;                            ;             ;
; Usage by Processor         ; % Time Used ;
;     Processor 1            ; 100.0%      ;
;     Processors 2-6         ;   0.0%      ;
+----------------------------+-------------+


+--------------------------------------------------------------------------------------------------------------------------------------------------------------------------+
; Analysis & Synthesis Source Files Read                                                                                                                                   ;
+----------------------------------+-----------------+------------------------------+----------------------------------------------------------------------------+---------+
; File Name with User-Entered Path ; Used in Netlist ; File Type                    ; File Name with Absolute Path                                               ; Library ;
+----------------------------------+-----------------+------------------------------+----------------------------------------------------------------------------+---------+
; vad.sv                           ; yes             ; User SystemVerilog HDL File  ; C:/Users/avery/ece554/autotune/rtl/vad.sv                                  ;         ;
; ip/pll_mult_16_bit.v             ; yes             ; User Verilog HDL File        ; C:/Users/avery/ece554/autotune/rtl/ip/pll_mult_16_bit.v                    ;         ;
; ip/fifo_2_16.v                   ; yes             ; User Wizard-Generated File   ; C:/Users/avery/ece554/autotune/rtl/ip/fifo_2_16.v                          ;         ;
; i2s_transmitter.sv               ; yes             ; User SystemVerilog HDL File  ; C:/Users/avery/ece554/autotune/rtl/i2s_transmitter.sv                      ;         ;
; i2s_receiver.sv                  ; yes             ; User SystemVerilog HDL File  ; C:/Users/avery/ece554/autotune/rtl/i2s_receiver.sv                         ;         ;
; i2c_master.sv                    ; yes             ; User SystemVerilog HDL File  ; C:/Users/avery/ece554/autotune/rtl/i2c_master.sv                           ;         ;
; codec_fsm.sv                     ; yes             ; User SystemVerilog HDL File  ; C:/Users/avery/ece554/autotune/rtl/codec_fsm.sv                            ;         ;
; autotune.sv                      ; yes             ; User SystemVerilog HDL File  ; C:/Users/avery/ece554/autotune/rtl/autotune.sv                             ;         ;
; audio_cntrl.sv                   ; yes             ; User SystemVerilog HDL File  ; C:/Users/avery/ece554/autotune/rtl/audio_cntrl.sv                          ;         ;
; audio_clk_gen.sv                 ; yes             ; User SystemVerilog HDL File  ; C:/Users/avery/ece554/autotune/rtl/audio_clk_gen.sv                        ;         ;
; dcfifo.tdf                       ; yes             ; Megafunction                 ; c:/altera_lite/25.1std/quartus/libraries/megafunctions/dcfifo.tdf          ;         ;
; lpm_counter.inc                  ; yes             ; Megafunction                 ; c:/altera_lite/25.1std/quartus/libraries/megafunctions/lpm_counter.inc     ;         ;
; lpm_add_sub.inc                  ; yes             ; Megafunction                 ; c:/altera_lite/25.1std/quartus/libraries/megafunctions/lpm_add_sub.inc     ;         ;
; altdpram.inc                     ; yes             ; Megafunction                 ; c:/altera_lite/25.1std/quartus/libraries/megafunctions/altdpram.inc        ;         ;
; a_graycounter.inc                ; yes             ; Megafunction                 ; c:/altera_lite/25.1std/quartus/libraries/megafunctions/a_graycounter.inc   ;         ;
; a_fefifo.inc                     ; yes             ; Megafunction                 ; c:/altera_lite/25.1std/quartus/libraries/megafunctions/a_fefifo.inc        ;         ;
; a_gray2bin.inc                   ; yes             ; Megafunction                 ; c:/altera_lite/25.1std/quartus/libraries/megafunctions/a_gray2bin.inc      ;         ;
; dffpipe.inc                      ; yes             ; Megafunction                 ; c:/altera_lite/25.1std/quartus/libraries/megafunctions/dffpipe.inc         ;         ;
; alt_sync_fifo.inc                ; yes             ; Megafunction                 ; c:/altera_lite/25.1std/quartus/libraries/megafunctions/alt_sync_fifo.inc   ;         ;
; lpm_compare.inc                  ; yes             ; Megafunction                 ; c:/altera_lite/25.1std/quartus/libraries/megafunctions/lpm_compare.inc     ;         ;
; altsyncram_fifo.inc              ; yes             ; Megafunction                 ; c:/altera_lite/25.1std/quartus/libraries/megafunctions/altsyncram_fifo.inc ;         ;
; aglobal251.inc                   ; yes             ; Megafunction                 ; c:/altera_lite/25.1std/quartus/libraries/megafunctions/aglobal251.inc      ;         ;
; db/dcfifo_a3q1.tdf               ; yes             ; Auto-Generated Megafunction  ; C:/Users/avery/ece554/autotune/rtl/db/dcfifo_a3q1.tdf                      ;         ;
; db/a_graycounter_au6.tdf         ; yes             ; Auto-Generated Megafunction  ; C:/Users/avery/ece554/autotune/rtl/db/a_graycounter_au6.tdf                ;         ;
; db/a_graycounter_6cc.tdf         ; yes             ; Auto-Generated Megafunction  ; C:/Users/avery/ece554/autotune/rtl/db/a_graycounter_6cc.tdf                ;         ;
; db/altsyncram_o5d1.tdf           ; yes             ; Auto-Generated Megafunction  ; C:/Users/avery/ece554/autotune/rtl/db/altsyncram_o5d1.tdf                  ;         ;
; db/alt_synch_pipe_tnl.tdf        ; yes             ; Auto-Generated Megafunction  ; C:/Users/avery/ece554/autotune/rtl/db/alt_synch_pipe_tnl.tdf               ;         ;
; db/dffpipe_ed9.tdf               ; yes             ; Auto-Generated Megafunction  ; C:/Users/avery/ece554/autotune/rtl/db/dffpipe_ed9.tdf                      ;         ;
; db/alt_synch_pipe_unl.tdf        ; yes             ; Auto-Generated Megafunction  ; C:/Users/avery/ece554/autotune/rtl/db/alt_synch_pipe_unl.tdf               ;         ;
; db/dffpipe_fd9.tdf               ; yes             ; Auto-Generated Megafunction  ; C:/Users/avery/ece554/autotune/rtl/db/dffpipe_fd9.tdf                      ;         ;
; db/cmpr_su5.tdf                  ; yes             ; Auto-Generated Megafunction  ; C:/Users/avery/ece554/autotune/rtl/db/cmpr_su5.tdf                         ;         ;
; altera_pll.v                     ; yes             ; Megafunction                 ; c:/altera_lite/25.1std/quartus/libraries/megafunctions/altera_pll.v        ;         ;
+----------------------------------+-----------------+------------------------------+----------------------------------------------------------------------------+---------+


+------------------------------------------------------------+
; Analysis & Synthesis Resource Usage Summary                ;
+---------------------------------------------+--------------+
; Resource                                    ; Usage        ;
+---------------------------------------------+--------------+
; Estimate of Logic utilization (ALMs needed) ; 176          ;
;                                             ;              ;
; Combinational ALUT usage for logic          ; 279          ;
;     -- 7 input functions                    ; 2            ;
;     -- 6 input functions                    ; 56           ;
;     -- 5 input functions                    ; 53           ;
;     -- 4 input functions                    ; 38           ;
;     -- <=3 input functions                  ; 130          ;
;                                             ;              ;
; Dedicated logic registers                   ; 268          ;
;                                             ;              ;
; I/O pins                                    ; 168          ;
; Total MLAB memory bits                      ; 0            ;
; Total block memory bits                     ; 512          ;
;                                             ;              ;
; Total DSP Blocks                            ; 0            ;
;                                             ;              ;
; Total PLLs                                  ; 2            ;
;     -- PLLs                                 ; 2            ;
;                                             ;              ;
; Maximum fan-out node                        ; KEY[0]~input ;
; Maximum fan-out                             ; 290          ;
; Total fan-out                               ; 2933         ;
; Average fan-out                             ; 3.01         ;
+---------------------------------------------+--------------+


+---------------------------------------------------------------------------------------------------------------------------------------------------------------------------------------------------------------------------------------------------------------------------------------------------------------------------------------------------+
; Analysis & Synthesis Resource Utilization by Entity                                                                                                                                                                                                                                                                                               ;
+----------------------------------------------+---------------------+---------------------------+-------------------+------------+------+--------------+-------------------------------------------------------------------------------------------------------------------------------------------------------+--------------------+--------------+
; Compilation Hierarchy Node                   ; Combinational ALUTs ; Dedicated Logic Registers ; Block Memory Bits ; DSP Blocks ; Pins ; Virtual Pins ; Full Hierarchy Name                                                                                                                                   ; Entity Name        ; Library Name ;
+----------------------------------------------+---------------------+---------------------------+-------------------+------------+------+--------------+-------------------------------------------------------------------------------------------------------------------------------------------------------+--------------------+--------------+
; |autotune                                    ; 279 (14)            ; 268 (11)                  ; 512               ; 0          ; 168  ; 0            ; |autotune                                                                                                                                             ; autotune           ; work         ;
;    |audio_cntrl:audio_cntrl|                 ; 211 (0)             ; 225 (0)                   ; 512               ; 0          ; 0    ; 0            ; |autotune|audio_cntrl:audio_cntrl                                                                                                                     ; audio_cntrl        ; work         ;
;       |audio_clk_gen:iCLKGEN|                ; 0 (0)               ; 0 (0)                     ; 0                 ; 0          ; 0    ; 0            ; |autotune|audio_cntrl:audio_cntrl|audio_clk_gen:iCLKGEN                                                                                               ; audio_clk_gen      ; work         ;
;          |pll_mult_16_bit:comb_3|            ; 0 (0)               ; 0 (0)                     ; 0                 ; 0          ; 0    ; 0            ; |autotune|audio_cntrl:audio_cntrl|audio_clk_gen:iCLKGEN|pll_mult_16_bit:comb_3                                                                        ; pll_mult_16_bit    ; work         ;
;             |altera_pll:altera_pll_i|        ; 0 (0)               ; 0 (0)                     ; 0                 ; 0          ; 0    ; 0            ; |autotune|audio_cntrl:audio_cntrl|audio_clk_gen:iCLKGEN|pll_mult_16_bit:comb_3|altera_pll:altera_pll_i                                                ; altera_pll         ; work         ;
;       |codec_fsm:iCONFIG|                    ; 46 (46)             ; 29 (29)                   ; 0                 ; 0          ; 0    ; 0            ; |autotune|audio_cntrl:audio_cntrl|codec_fsm:iCONFIG                                                                                                   ; codec_fsm          ; work         ;
;       |fifo_2_16:comb_3|                     ; 23 (0)              ; 38 (0)                    ; 256               ; 0          ; 0    ; 0            ; |autotune|audio_cntrl:audio_cntrl|fifo_2_16:comb_3                                                                                                    ; fifo_2_16          ; work         ;
;          |dcfifo:dcfifo_component|           ; 23 (0)              ; 38 (0)                    ; 256               ; 0          ; 0    ; 0            ; |autotune|audio_cntrl:audio_cntrl|fifo_2_16:comb_3|dcfifo:dcfifo_component                                                                            ; dcfifo             ; work         ;
;             |dcfifo_a3q1:auto_generated|     ; 23 (6)              ; 38 (12)                   ; 256               ; 0          ; 0    ; 0            ; |autotune|audio_cntrl:audio_cntrl|fifo_2_16:comb_3|dcfifo:dcfifo_component|dcfifo_a3q1:auto_generated                                                 ; dcfifo_a3q1        ; work         ;
;                |a_graycounter_6cc:wrptr_g1p| ; 5 (5)               ; 5 (5)                     ; 0                 ; 0          ; 0    ; 0            ; |autotune|audio_cntrl:audio_cntrl|fifo_2_16:comb_3|dcfifo:dcfifo_component|dcfifo_a3q1:auto_generated|a_graycounter_6cc:wrptr_g1p                     ; a_graycounter_6cc  ; work         ;
;                |a_graycounter_au6:rdptr_g1p| ; 7 (7)               ; 5 (5)                     ; 0                 ; 0          ; 0    ; 0            ; |autotune|audio_cntrl:audio_cntrl|fifo_2_16:comb_3|dcfifo:dcfifo_component|dcfifo_a3q1:auto_generated|a_graycounter_au6:rdptr_g1p                     ; a_graycounter_au6  ; work         ;
;                |alt_synch_pipe_tnl:rs_dgwp|  ; 0 (0)               ; 8 (0)                     ; 0                 ; 0          ; 0    ; 0            ; |autotune|audio_cntrl:audio_cntrl|fifo_2_16:comb_3|dcfifo:dcfifo_component|dcfifo_a3q1:auto_generated|alt_synch_pipe_tnl:rs_dgwp                      ; alt_synch_pipe_tnl ; work         ;
;                   |dffpipe_ed9:dffpipe6|     ; 0 (0)               ; 8 (8)                     ; 0                 ; 0          ; 0    ; 0            ; |autotune|audio_cntrl:audio_cntrl|fifo_2_16:comb_3|dcfifo:dcfifo_component|dcfifo_a3q1:auto_generated|alt_synch_pipe_tnl:rs_dgwp|dffpipe_ed9:dffpipe6 ; dffpipe_ed9        ; work         ;
;                |alt_synch_pipe_unl:ws_dgrp|  ; 0 (0)               ; 8 (0)                     ; 0                 ; 0          ; 0    ; 0            ; |autotune|audio_cntrl:audio_cntrl|fifo_2_16:comb_3|dcfifo:dcfifo_component|dcfifo_a3q1:auto_generated|alt_synch_pipe_unl:ws_dgrp                      ; alt_synch_pipe_unl ; work         ;
;                   |dffpipe_fd9:dffpipe9|     ; 0 (0)               ; 8 (8)                     ; 0                 ; 0          ; 0    ; 0            ; |autotune|audio_cntrl:audio_cntrl|fifo_2_16:comb_3|dcfifo:dcfifo_component|dcfifo_a3q1:auto_generated|alt_synch_pipe_unl:ws_dgrp|dffpipe_fd9:dffpipe9 ; dffpipe_fd9        ; work         ;
;                |altsyncram_o5d1:fifo_ram|    ; 0 (0)               ; 0 (0)                     ; 256               ; 0          ; 0    ; 0            ; |autotune|audio_cntrl:audio_cntrl|fifo_2_16:comb_3|dcfifo:dcfifo_component|dcfifo_a3q1:auto_generated|altsyncram_o5d1:fifo_ram                        ; altsyncram_o5d1    ; work         ;
;                |cmpr_su5:rdempty_eq_comp|    ; 3 (3)               ; 0 (0)                     ; 0                 ; 0          ; 0    ; 0            ; |autotune|audio_cntrl:audio_cntrl|fifo_2_16:comb_3|dcfifo:dcfifo_component|dcfifo_a3q1:auto_generated|cmpr_su5:rdempty_eq_comp                        ; cmpr_su5           ; work         ;
;                |cmpr_su5:wrfull_eq_comp|     ; 2 (2)               ; 0 (0)                     ; 0                 ; 0          ; 0    ; 0            ; |autotune|audio_cntrl:audio_cntrl|fifo_2_16:comb_3|dcfifo:dcfifo_component|dcfifo_a3q1:auto_generated|cmpr_su5:wrfull_eq_comp                         ; cmpr_su5           ; work         ;
;       |fifo_2_16:comb_4|                     ; 24 (0)              ; 38 (0)                    ; 256               ; 0          ; 0    ; 0            ; |autotune|audio_cntrl:audio_cntrl|fifo_2_16:comb_4                                                                                                    ; fifo_2_16          ; work         ;
;          |dcfifo:dcfifo_component|           ; 24 (0)              ; 38 (0)                    ; 256               ; 0          ; 0    ; 0            ; |autotune|audio_cntrl:audio_cntrl|fifo_2_16:comb_4|dcfifo:dcfifo_component                                                                            ; dcfifo             ; work         ;
;             |dcfifo_a3q1:auto_generated|     ; 24 (8)              ; 38 (12)                   ; 256               ; 0          ; 0    ; 0            ; |autotune|audio_cntrl:audio_cntrl|fifo_2_16:comb_4|dcfifo:dcfifo_component|dcfifo_a3q1:auto_generated                                                 ; dcfifo_a3q1        ; work         ;
;                |a_graycounter_6cc:wrptr_g1p| ; 5 (5)               ; 5 (5)                     ; 0                 ; 0          ; 0    ; 0            ; |autotune|audio_cntrl:audio_cntrl|fifo_2_16:comb_4|dcfifo:dcfifo_component|dcfifo_a3q1:auto_generated|a_graycounter_6cc:wrptr_g1p                     ; a_graycounter_6cc  ; work         ;
;                |a_graycounter_au6:rdptr_g1p| ; 7 (7)               ; 5 (5)                     ; 0                 ; 0          ; 0    ; 0            ; |autotune|audio_cntrl:audio_cntrl|fifo_2_16:comb_4|dcfifo:dcfifo_component|dcfifo_a3q1:auto_generated|a_graycounter_au6:rdptr_g1p                     ; a_graycounter_au6  ; work         ;
;                |alt_synch_pipe_tnl:rs_dgwp|  ; 0 (0)               ; 8 (0)                     ; 0                 ; 0          ; 0    ; 0            ; |autotune|audio_cntrl:audio_cntrl|fifo_2_16:comb_4|dcfifo:dcfifo_component|dcfifo_a3q1:auto_generated|alt_synch_pipe_tnl:rs_dgwp                      ; alt_synch_pipe_tnl ; work         ;
;                   |dffpipe_ed9:dffpipe6|     ; 0 (0)               ; 8 (8)                     ; 0                 ; 0          ; 0    ; 0            ; |autotune|audio_cntrl:audio_cntrl|fifo_2_16:comb_4|dcfifo:dcfifo_component|dcfifo_a3q1:auto_generated|alt_synch_pipe_tnl:rs_dgwp|dffpipe_ed9:dffpipe6 ; dffpipe_ed9        ; work         ;
;                |alt_synch_pipe_unl:ws_dgrp|  ; 0 (0)               ; 8 (0)                     ; 0                 ; 0          ; 0    ; 0            ; |autotune|audio_cntrl:audio_cntrl|fifo_2_16:comb_4|dcfifo:dcfifo_component|dcfifo_a3q1:auto_generated|alt_synch_pipe_unl:ws_dgrp                      ; alt_synch_pipe_unl ; work         ;
;                   |dffpipe_fd9:dffpipe9|     ; 0 (0)               ; 8 (8)                     ; 0                 ; 0          ; 0    ; 0            ; |autotune|audio_cntrl:audio_cntrl|fifo_2_16:comb_4|dcfifo:dcfifo_component|dcfifo_a3q1:auto_generated|alt_synch_pipe_unl:ws_dgrp|dffpipe_fd9:dffpipe9 ; dffpipe_fd9        ; work         ;
;                |altsyncram_o5d1:fifo_ram|    ; 0 (0)               ; 0 (0)                     ; 256               ; 0          ; 0    ; 0            ; |autotune|audio_cntrl:audio_cntrl|fifo_2_16:comb_4|dcfifo:dcfifo_component|dcfifo_a3q1:auto_generated|altsyncram_o5d1:fifo_ram                        ; altsyncram_o5d1    ; work         ;
;                |cmpr_su5:rdempty_eq_comp|    ; 2 (2)               ; 0 (0)                     ; 0                 ; 0          ; 0    ; 0            ; |autotune|audio_cntrl:audio_cntrl|fifo_2_16:comb_4|dcfifo:dcfifo_component|dcfifo_a3q1:auto_generated|cmpr_su5:rdempty_eq_comp                        ; cmpr_su5           ; work         ;
;                |cmpr_su5:wrfull_eq_comp|     ; 2 (2)               ; 0 (0)                     ; 0                 ; 0          ; 0    ; 0            ; |autotune|audio_cntrl:audio_cntrl|fifo_2_16:comb_4|dcfifo:dcfifo_component|dcfifo_a3q1:auto_generated|cmpr_su5:wrfull_eq_comp                         ; cmpr_su5           ; work         ;
;       |i2c_master:iI2C|                      ; 79 (42)             ; 57 (30)                   ; 0                 ; 0          ; 0    ; 0            ; |autotune|audio_cntrl:audio_cntrl|i2c_master:iI2C                                                                                                     ; i2c_master         ; work         ;
;          |byte_writer:writer|                ; 37 (37)             ; 27 (27)                   ; 0                 ; 0          ; 0    ; 0            ; |autotune|audio_cntrl:audio_cntrl|i2c_master:iI2C|byte_writer:writer                                                                                  ; byte_writer        ; work         ;
;       |i2s_receiver:iI2S_REC|                ; 11 (11)             ; 39 (39)                   ; 0                 ; 0          ; 0    ; 0            ; |autotune|audio_cntrl:audio_cntrl|i2s_receiver:iI2S_REC                                                                                               ; i2s_receiver       ; work         ;
;       |i2s_transmitter:iI2S_TRANS|           ; 28 (28)             ; 24 (24)                   ; 0                 ; 0          ; 0    ; 0            ; |autotune|audio_cntrl:audio_cntrl|i2s_transmitter:iI2S_TRANS                                                                                          ; i2s_transmitter    ; work         ;
;    |vad:dut|                                 ; 54 (54)             ; 32 (32)                   ; 0                 ; 0          ; 0    ; 0            ; |autotune|vad:dut                                                                                                                                     ; vad                ; work         ;
+----------------------------------------------+---------------------+---------------------------+-------------------+------------+------+--------------+-------------------------------------------------------------------------------------------------------------------------------------------------------+--------------------+--------------+
Note: For table entries with two numbers listed, the numbers in parentheses indicate the number of resources of the given type used by the specific entity alone. The numbers listed outside of parentheses indicate the total resources of the given type used by the specific entity and all of its sub-entities in the hierarchy.


+-------------------------------------------------------------------------------------------------------------------------------------------------------------------------------------------------------------------------------------+
; Analysis & Synthesis RAM Summary                                                                                                                                                                                                    ;
+---------------------------------------------------------------------------------------------------------------------------------+------+------------------+--------------+--------------+--------------+--------------+------+------+
; Name                                                                                                                            ; Type ; Mode             ; Port A Depth ; Port A Width ; Port B Depth ; Port B Width ; Size ; MIF  ;
+---------------------------------------------------------------------------------------------------------------------------------+------+------------------+--------------+--------------+--------------+--------------+------+------+
; audio_cntrl:audio_cntrl|fifo_2_16:comb_3|dcfifo:dcfifo_component|dcfifo_a3q1:auto_generated|altsyncram_o5d1:fifo_ram|ALTSYNCRAM ; AUTO ; Simple Dual Port ; 8            ; 32           ; 8            ; 32           ; 256  ; None ;
; audio_cntrl:audio_cntrl|fifo_2_16:comb_4|dcfifo:dcfifo_component|dcfifo_a3q1:auto_generated|altsyncram_o5d1:fifo_ram|ALTSYNCRAM ; AUTO ; Simple Dual Port ; 8            ; 32           ; 8            ; 32           ; 256  ; None ;
+---------------------------------------------------------------------------------------------------------------------------------+------+------------------+--------------+--------------+--------------+--------------+------+------+


+--------------------------------------------------------------------------------------------------------------------------------------+
; Analysis & Synthesis IP Cores Summary                                                                                                ;
+--------+--------------+---------+--------------+--------------+----------------------------------------------------+-----------------+
; Vendor ; IP Core Name ; Version ; Release Date ; License Type ; Entity Instance                                    ; IP Include File ;
+--------+--------------+---------+--------------+--------------+----------------------------------------------------+-----------------+
; Altera ; FIFO         ; 25.1    ; N/A          ; N/A          ; |autotune|audio_cntrl:audio_cntrl|fifo_2_16:comb_3 ; ip/fifo_2_16.v  ;
; Altera ; FIFO         ; 25.1    ; N/A          ; N/A          ; |autotune|audio_cntrl:audio_cntrl|fifo_2_16:comb_4 ; ip/fifo_2_16.v  ;
+--------+--------------+---------+--------------+--------------+----------------------------------------------------+-----------------+


Encoding Type:  One-Hot
+-------------------------------------------------------------------------------+
; State Machine - |autotune|audio_cntrl:audio_cntrl|i2c_master:iI2C|state       ;
+-------------+------------+------------+-------------+------------+------------+
; Name        ; state.WAIT ; state.SEND ; state.START ; state.IDLE ; state.STOP ;
+-------------+------------+------------+-------------+------------+------------+
; state.IDLE  ; 0          ; 0          ; 0           ; 0          ; 0          ;
; state.START ; 0          ; 0          ; 1           ; 1          ; 0          ;
; state.SEND  ; 0          ; 1          ; 0           ; 1          ; 0          ;
; state.WAIT  ; 1          ; 0          ; 0           ; 1          ; 0          ;
; state.STOP  ; 0          ; 0          ; 0           ; 1          ; 1          ;
+-------------+------------+------------+-------------+------------+------------+


Encoding Type:  One-Hot
+--------------------------------------------------------------------------------------------+
; State Machine - |autotune|audio_cntrl:audio_cntrl|i2c_master:iI2C|byte_writer:writer|state ;
+------------+------------+------------+-----------------------------------------------------+
; Name       ; state.IDLE ; state.SACK ; state.XMIT                                          ;
+------------+------------+------------+-----------------------------------------------------+
; state.IDLE ; 0          ; 0          ; 0                                                   ;
; state.XMIT ; 1          ; 0          ; 1                                                   ;
; state.SACK ; 1          ; 1          ; 0                                                   ;
+------------+------------+------------+-----------------------------------------------------+


Encoding Type:  One-Hot
+-------------------------------------------------------------------------------+
; State Machine - |autotune|audio_cntrl:audio_cntrl|codec_fsm:iCONFIG|state     ;
+-------------+------------+------------+------------+------------+-------------+
; Name        ; state.DONE ; state.WAIT ; state.LOAD ; state.INIT ; state.ERROR ;
+-------------+------------+------------+------------+------------+-------------+
; state.INIT  ; 0          ; 0          ; 0          ; 0          ; 0           ;
; state.LOAD  ; 0          ; 0          ; 1          ; 1          ; 0           ;
; state.WAIT  ; 0          ; 1          ; 0          ; 1          ; 0           ;
; state.DONE  ; 1          ; 0          ; 0          ; 1          ; 0           ;
; state.ERROR ; 0          ; 0          ; 0          ; 1          ; 1           ;
+-------------+------------+------------+------------+------------+-------------+


Encoding Type:  One-Hot
+------------------------------------------------------------------------------------+
; State Machine - |autotune|audio_cntrl:audio_cntrl|i2s_transmitter:iI2S_TRANS|state ;
+-------------+------------+-------------+-------------------------------------------+
; Name        ; state.IDLE ; state.RIGHT ; state.LEFT                                ;
+-------------+------------+-------------+-------------------------------------------+
; state.IDLE  ; 0          ; 0           ; 0                                         ;
; state.LEFT  ; 1          ; 0           ; 1                                         ;
; state.RIGHT ; 1          ; 1           ; 0                                         ;
+-------------+------------+-------------+-------------------------------------------+


Encoding Type:  One-Hot
+-------------------------------------------------------------------------------+
; State Machine - |autotune|audio_cntrl:audio_cntrl|i2s_receiver:iI2S_REC|state ;
+-----------------+------------+-----------------+------------------------------+
; Name            ; state.IDLE ; state.GET_RIGHT ; state.GET_LEFT               ;
+-----------------+------------+-----------------+------------------------------+
; state.IDLE      ; 0          ; 0               ; 0                            ;
; state.GET_LEFT  ; 1          ; 0               ; 1                            ;
; state.GET_RIGHT ; 1          ; 1               ; 0                            ;
+-----------------+------------+-----------------+------------------------------+


+------------------------------------------------------------------------------------------------------------------------------------------------------------------------------------------------------------------------------------------------------------------------+
; Registers Protected by Synthesis                                                                                                                                                                                                                                       ;
+--------------------------------------------------------------------------------------------------------------------------------------------------------+------------------------------------------------------------------+--------------------------------------------+
; Register Name                                                                                                                                          ; Protected by Synthesis Attribute or Preserve Register Assignment ; Not to be Touched by Netlist Optimizations ;
+--------------------------------------------------------------------------------------------------------------------------------------------------------+------------------------------------------------------------------+--------------------------------------------+
; audio_cntrl:audio_cntrl|fifo_2_16:comb_3|dcfifo:dcfifo_component|dcfifo_a3q1:auto_generated|alt_synch_pipe_tnl:rs_dgwp|dffpipe_ed9:dffpipe6|dffe8a[2]  ; yes                                                              ; yes                                        ;
; audio_cntrl:audio_cntrl|fifo_2_16:comb_3|dcfifo:dcfifo_component|dcfifo_a3q1:auto_generated|alt_synch_pipe_tnl:rs_dgwp|dffpipe_ed9:dffpipe6|dffe8a[3]  ; yes                                                              ; yes                                        ;
; audio_cntrl:audio_cntrl|fifo_2_16:comb_3|dcfifo:dcfifo_component|dcfifo_a3q1:auto_generated|alt_synch_pipe_tnl:rs_dgwp|dffpipe_ed9:dffpipe6|dffe8a[0]  ; yes                                                              ; yes                                        ;
; audio_cntrl:audio_cntrl|fifo_2_16:comb_3|dcfifo:dcfifo_component|dcfifo_a3q1:auto_generated|alt_synch_pipe_tnl:rs_dgwp|dffpipe_ed9:dffpipe6|dffe8a[1]  ; yes                                                              ; yes                                        ;
; audio_cntrl:audio_cntrl|fifo_2_16:comb_3|dcfifo:dcfifo_component|dcfifo_a3q1:auto_generated|alt_synch_pipe_tnl:rs_dgwp|dffpipe_ed9:dffpipe6|dffe7a[2]  ; yes                                                              ; yes                                        ;
; audio_cntrl:audio_cntrl|fifo_2_16:comb_3|dcfifo:dcfifo_component|dcfifo_a3q1:auto_generated|alt_synch_pipe_tnl:rs_dgwp|dffpipe_ed9:dffpipe6|dffe7a[3]  ; yes                                                              ; yes                                        ;
; audio_cntrl:audio_cntrl|fifo_2_16:comb_3|dcfifo:dcfifo_component|dcfifo_a3q1:auto_generated|alt_synch_pipe_tnl:rs_dgwp|dffpipe_ed9:dffpipe6|dffe7a[0]  ; yes                                                              ; yes                                        ;
; audio_cntrl:audio_cntrl|fifo_2_16:comb_3|dcfifo:dcfifo_component|dcfifo_a3q1:auto_generated|alt_synch_pipe_tnl:rs_dgwp|dffpipe_ed9:dffpipe6|dffe7a[1]  ; yes                                                              ; yes                                        ;
; audio_cntrl:audio_cntrl|fifo_2_16:comb_4|dcfifo:dcfifo_component|dcfifo_a3q1:auto_generated|alt_synch_pipe_unl:ws_dgrp|dffpipe_fd9:dffpipe9|dffe11a[2] ; yes                                                              ; yes                                        ;
; audio_cntrl:audio_cntrl|fifo_2_16:comb_4|dcfifo:dcfifo_component|dcfifo_a3q1:auto_generated|alt_synch_pipe_unl:ws_dgrp|dffpipe_fd9:dffpipe9|dffe11a[3] ; yes                                                              ; yes                                        ;
; audio_cntrl:audio_cntrl|fifo_2_16:comb_4|dcfifo:dcfifo_component|dcfifo_a3q1:auto_generated|alt_synch_pipe_unl:ws_dgrp|dffpipe_fd9:dffpipe9|dffe11a[0] ; yes                                                              ; yes                                        ;
; audio_cntrl:audio_cntrl|fifo_2_16:comb_4|dcfifo:dcfifo_component|dcfifo_a3q1:auto_generated|alt_synch_pipe_unl:ws_dgrp|dffpipe_fd9:dffpipe9|dffe11a[1] ; yes                                                              ; yes                                        ;
; audio_cntrl:audio_cntrl|fifo_2_16:comb_4|dcfifo:dcfifo_component|dcfifo_a3q1:auto_generated|alt_synch_pipe_tnl:rs_dgwp|dffpipe_ed9:dffpipe6|dffe8a[2]  ; yes                                                              ; yes                                        ;
; audio_cntrl:audio_cntrl|fifo_2_16:comb_4|dcfifo:dcfifo_component|dcfifo_a3q1:auto_generated|alt_synch_pipe_tnl:rs_dgwp|dffpipe_ed9:dffpipe6|dffe8a[3]  ; yes                                                              ; yes                                        ;
; audio_cntrl:audio_cntrl|fifo_2_16:comb_4|dcfifo:dcfifo_component|dcfifo_a3q1:auto_generated|alt_synch_pipe_tnl:rs_dgwp|dffpipe_ed9:dffpipe6|dffe8a[0]  ; yes                                                              ; yes                                        ;
; audio_cntrl:audio_cntrl|fifo_2_16:comb_4|dcfifo:dcfifo_component|dcfifo_a3q1:auto_generated|alt_synch_pipe_tnl:rs_dgwp|dffpipe_ed9:dffpipe6|dffe8a[1]  ; yes                                                              ; yes                                        ;
; audio_cntrl:audio_cntrl|fifo_2_16:comb_4|dcfifo:dcfifo_component|dcfifo_a3q1:auto_generated|alt_synch_pipe_unl:ws_dgrp|dffpipe_fd9:dffpipe9|dffe10a[2] ; yes                                                              ; yes                                        ;
; audio_cntrl:audio_cntrl|fifo_2_16:comb_4|dcfifo:dcfifo_component|dcfifo_a3q1:auto_generated|alt_synch_pipe_unl:ws_dgrp|dffpipe_fd9:dffpipe9|dffe10a[3] ; yes                                                              ; yes                                        ;
; audio_cntrl:audio_cntrl|fifo_2_16:comb_4|dcfifo:dcfifo_component|dcfifo_a3q1:auto_generated|alt_synch_pipe_unl:ws_dgrp|dffpipe_fd9:dffpipe9|dffe10a[0] ; yes                                                              ; yes                                        ;
; audio_cntrl:audio_cntrl|fifo_2_16:comb_4|dcfifo:dcfifo_component|dcfifo_a3q1:auto_generated|alt_synch_pipe_unl:ws_dgrp|dffpipe_fd9:dffpipe9|dffe10a[1] ; yes                                                              ; yes                                        ;
; audio_cntrl:audio_cntrl|fifo_2_16:comb_4|dcfifo:dcfifo_component|dcfifo_a3q1:auto_generated|alt_synch_pipe_tnl:rs_dgwp|dffpipe_ed9:dffpipe6|dffe7a[2]  ; yes                                                              ; yes                                        ;
; audio_cntrl:audio_cntrl|fifo_2_16:comb_4|dcfifo:dcfifo_component|dcfifo_a3q1:auto_generated|alt_synch_pipe_tnl:rs_dgwp|dffpipe_ed9:dffpipe6|dffe7a[3]  ; yes                                                              ; yes                                        ;
; audio_cntrl:audio_cntrl|fifo_2_16:comb_4|dcfifo:dcfifo_component|dcfifo_a3q1:auto_generated|alt_synch_pipe_tnl:rs_dgwp|dffpipe_ed9:dffpipe6|dffe7a[0]  ; yes                                                              ; yes                                        ;
; audio_cntrl:audio_cntrl|fifo_2_16:comb_4|dcfifo:dcfifo_component|dcfifo_a3q1:auto_generated|alt_synch_pipe_tnl:rs_dgwp|dffpipe_ed9:dffpipe6|dffe7a[1]  ; yes                                                              ; yes                                        ;
; audio_cntrl:audio_cntrl|fifo_2_16:comb_3|dcfifo:dcfifo_component|dcfifo_a3q1:auto_generated|alt_synch_pipe_unl:ws_dgrp|dffpipe_fd9:dffpipe9|dffe11a[2] ; yes                                                              ; yes                                        ;
; audio_cntrl:audio_cntrl|fifo_2_16:comb_3|dcfifo:dcfifo_component|dcfifo_a3q1:auto_generated|alt_synch_pipe_unl:ws_dgrp|dffpipe_fd9:dffpipe9|dffe11a[3] ; yes                                                              ; yes                                        ;
; audio_cntrl:audio_cntrl|fifo_2_16:comb_3|dcfifo:dcfifo_component|dcfifo_a3q1:auto_generated|alt_synch_pipe_unl:ws_dgrp|dffpipe_fd9:dffpipe9|dffe11a[0] ; yes                                                              ; yes                                        ;
; audio_cntrl:audio_cntrl|fifo_2_16:comb_3|dcfifo:dcfifo_component|dcfifo_a3q1:auto_generated|alt_synch_pipe_unl:ws_dgrp|dffpipe_fd9:dffpipe9|dffe11a[1] ; yes                                                              ; yes                                        ;
; audio_cntrl:audio_cntrl|fifo_2_16:comb_3|dcfifo:dcfifo_component|dcfifo_a3q1:auto_generated|alt_synch_pipe_unl:ws_dgrp|dffpipe_fd9:dffpipe9|dffe10a[2] ; yes                                                              ; yes                                        ;
; audio_cntrl:audio_cntrl|fifo_2_16:comb_3|dcfifo:dcfifo_component|dcfifo_a3q1:auto_generated|alt_synch_pipe_unl:ws_dgrp|dffpipe_fd9:dffpipe9|dffe10a[3] ; yes                                                              ; yes                                        ;
; audio_cntrl:audio_cntrl|fifo_2_16:comb_3|dcfifo:dcfifo_component|dcfifo_a3q1:auto_generated|alt_synch_pipe_unl:ws_dgrp|dffpipe_fd9:dffpipe9|dffe10a[0] ; yes                                                              ; yes                                        ;
; audio_cntrl:audio_cntrl|fifo_2_16:comb_3|dcfifo:dcfifo_component|dcfifo_a3q1:auto_generated|alt_synch_pipe_unl:ws_dgrp|dffpipe_fd9:dffpipe9|dffe10a[1] ; yes                                                              ; yes                                        ;
; Total number of protected registers is 32                                                                                                              ;                                                                  ;                                            ;
+--------------------------------------------------------------------------------------------------------------------------------------------------------+------------------------------------------------------------------+--------------------------------------------+


+---------------------------------------------------------------------------------------------------------------------------------+
; Registers Removed During Synthesis                                                                                              ;
+-------------------------------------------------------------------+-------------------------------------------------------------+
; Register name                                                     ; Reason for Removal                                          ;
+-------------------------------------------------------------------+-------------------------------------------------------------+
; audio_cntrl:audio_cntrl|i2s_transmitter:iI2S_TRANS|send_buffer[0] ; Stuck at GND due to stuck port data_in                      ;
; audio_cntrl:audio_cntrl|i2c_master:iI2C|addr[7]                   ; Stuck at GND due to stuck port data_in                      ;
; audio_cntrl:audio_cntrl|i2c_master:iI2C|data[7]                   ; Stuck at GND due to stuck port data_in                      ;
; audio_cntrl:audio_cntrl|i2c_master:iI2C|addr[6]                   ; Stuck at GND due to stuck port data_in                      ;
; audio_cntrl:audio_cntrl|i2c_master:iI2C|data[6]                   ; Stuck at GND due to stuck port data_in                      ;
; audio_cntrl:audio_cntrl|i2c_master:iI2C|addr[5]                   ; Stuck at GND due to stuck port data_in                      ;
; audio_cntrl:audio_cntrl|i2c_master:iI2C|data[5]                   ; Stuck at GND due to stuck port data_in                      ;
; audio_cntrl:audio_cntrl|i2c_master:iI2C|addr[0]                   ; Stuck at GND due to stuck port data_in                      ;
; audio_cntrl:audio_cntrl|i2c_master:iI2C|data[2]                   ; Merged with audio_cntrl:audio_cntrl|i2c_master:iI2C|data[3] ;
; audio_cntrl:audio_cntrl|i2c_master:iI2C|state~8                   ; Lost fanout                                                 ;
; audio_cntrl:audio_cntrl|i2c_master:iI2C|state~9                   ; Lost fanout                                                 ;
; audio_cntrl:audio_cntrl|codec_fsm:iCONFIG|state~2                 ; Lost fanout                                                 ;
; audio_cntrl:audio_cntrl|codec_fsm:iCONFIG|state~3                 ; Lost fanout                                                 ;
; audio_cntrl:audio_cntrl|i2s_receiver:iI2S_REC|state.GET_LEFT      ; Lost fanout                                                 ;
; audio_cntrl:audio_cntrl|i2s_receiver:iI2S_REC|state.GET_RIGHT     ; Lost fanout                                                 ;
; audio_cntrl:audio_cntrl|i2s_receiver:iI2S_REC|state.IDLE          ; Lost fanout                                                 ;
; Total Number of Removed Registers = 16                            ;                                                             ;
+-------------------------------------------------------------------+-------------------------------------------------------------+


+------------------------------------------------------+
; General Register Statistics                          ;
+----------------------------------------------+-------+
; Statistic                                    ; Value ;
+----------------------------------------------+-------+
; Total registers                              ; 268   ;
; Number of registers using Synchronous Clear  ; 139   ;
; Number of registers using Synchronous Load   ; 3     ;
; Number of registers using Asynchronous Clear ; 76    ;
; Number of registers using Asynchronous Load  ; 0     ;
; Number of registers using Clock Enable       ; 138   ;
; Number of registers using Preset             ; 0     ;
+----------------------------------------------+-------+


+----------------------------------------------------------------------------------------------------------------------------------------------+
; Inverted Register Statistics                                                                                                                 ;
+------------------------------------------------------------------------------------------------------------------------------------+---------+
; Inverted Register                                                                                                                  ; Fan out ;
+------------------------------------------------------------------------------------------------------------------------------------+---------+
; audio_cntrl:audio_cntrl|fifo_2_16:comb_3|dcfifo:dcfifo_component|dcfifo_a3q1:auto_generated|a_graycounter_au6:rdptr_g1p|counter5a0 ; 7       ;
; audio_cntrl:audio_cntrl|fifo_2_16:comb_4|dcfifo:dcfifo_component|dcfifo_a3q1:auto_generated|a_graycounter_au6:rdptr_g1p|counter5a0 ; 7       ;
; audio_cntrl:audio_cntrl|fifo_2_16:comb_4|dcfifo:dcfifo_component|dcfifo_a3q1:auto_generated|a_graycounter_6cc:wrptr_g1p|counter7a0 ; 6       ;
; audio_cntrl:audio_cntrl|fifo_2_16:comb_3|dcfifo:dcfifo_component|dcfifo_a3q1:auto_generated|a_graycounter_6cc:wrptr_g1p|counter7a0 ; 6       ;
; Total number of inverted registers = 4                                                                                             ;         ;
+------------------------------------------------------------------------------------------------------------------------------------+---------+


+---------------------------------------------------------------------------------------------------------------------------------------------------------------------------------------------------+
; Multiplexer Restructuring Statistics (Restructuring Performed)                                                                                                                                    ;
+--------------------+-----------+---------------+----------------------+------------------------+------------+-------------------------------------------------------------------------------------+
; Multiplexer Inputs ; Bus Width ; Baseline Area ; Area if Restructured ; Saving if Restructured ; Registered ; Example Multiplexer Output                                                          ;
+--------------------+-----------+---------------+----------------------+------------------------+------------+-------------------------------------------------------------------------------------+
; 3:1                ; 19 bits   ; 38 LEs        ; 0 LEs                ; 38 LEs                 ; Yes        ; |autotune|audio_cntrl:audio_cntrl|codec_fsm:iCONFIG|pwr_cnt[16]                     ;
; 3:1                ; 32 bits   ; 64 LEs        ; 0 LEs                ; 64 LEs                 ; Yes        ; |autotune|vad:dut|y_prev[9]                                                         ;
; 3:1                ; 9 bits    ; 18 LEs        ; 0 LEs                ; 18 LEs                 ; Yes        ; |autotune|audio_cntrl:audio_cntrl|i2c_master:iI2C|phase_count[7]                    ;
; 3:1                ; 9 bits    ; 18 LEs        ; 0 LEs                ; 18 LEs                 ; Yes        ; |autotune|audio_cntrl:audio_cntrl|i2c_master:iI2C|byte_writer:writer|phase_count[1] ;
; 3:1                ; 4 bits    ; 8 LEs         ; 4 LEs                ; 4 LEs                  ; Yes        ; |autotune|audio_cntrl:audio_cntrl|codec_fsm:iCONFIG|idx[1]                          ;
; 3:1                ; 11 bits   ; 22 LEs        ; 0 LEs                ; 22 LEs                 ; Yes        ; |autotune|sample_counter[3]                                                         ;
; 3:1                ; 16 bits   ; 32 LEs        ; 0 LEs                ; 32 LEs                 ; Yes        ; |autotune|audio_cntrl:audio_cntrl|i2s_receiver:iI2S_REC|o_left_data[6]              ;
; 3:1                ; 16 bits   ; 32 LEs        ; 0 LEs                ; 32 LEs                 ; Yes        ; |autotune|audio_cntrl:audio_cntrl|i2s_receiver:iI2S_REC|o_right_data[2]             ;
; 3:1                ; 5 bits    ; 10 LEs        ; 10 LEs               ; 0 LEs                  ; Yes        ; |autotune|audio_cntrl:audio_cntrl|i2s_receiver:iI2S_REC|cnt[2]                      ;
; 4:1                ; 5 bits    ; 10 LEs        ; 10 LEs               ; 0 LEs                  ; Yes        ; |autotune|audio_cntrl:audio_cntrl|i2s_transmitter:iI2S_TRANS|cnt[0]                 ;
; 5:1                ; 15 bits   ; 45 LEs        ; 30 LEs               ; 15 LEs                 ; Yes        ; |autotune|audio_cntrl:audio_cntrl|i2s_transmitter:iI2S_TRANS|send_buffer[15]        ;
; 5:1                ; 2 bits    ; 6 LEs         ; 2 LEs                ; 4 LEs                  ; Yes        ; |autotune|audio_cntrl:audio_cntrl|i2c_master:iI2C|byte_count[0]                     ;
; 5:1                ; 3 bits    ; 9 LEs         ; 3 LEs                ; 6 LEs                  ; Yes        ; |autotune|audio_cntrl:audio_cntrl|i2c_master:iI2C|byte_writer:writer|bit_count[2]   ;
; 7:1                ; 4 bits    ; 16 LEs        ; 8 LEs                ; 8 LEs                  ; Yes        ; |autotune|audio_cntrl:audio_cntrl|i2c_master:iI2C|byte_writer:writer|data[1]        ;
; 7:1                ; 3 bits    ; 12 LEs        ; 9 LEs                ; 3 LEs                  ; No         ; |autotune|audio_cntrl:audio_cntrl|i2c_master:iI2C|byte_writer:writer|state          ;
; 7:1                ; 2 bits    ; 8 LEs         ; 6 LEs                ; 2 LEs                  ; No         ; |autotune|audio_cntrl:audio_cntrl|i2s_receiver:iI2S_REC|state                       ;
; 10:1               ; 2 bits    ; 12 LEs        ; 8 LEs                ; 4 LEs                  ; No         ; |autotune|audio_cntrl:audio_cntrl|i2c_master:iI2C|state                             ;
; 10:1               ; 2 bits    ; 12 LEs        ; 6 LEs                ; 6 LEs                  ; No         ; |autotune|audio_cntrl:audio_cntrl|i2c_master:iI2C|state                             ;
+--------------------+-----------+---------------+----------------------+------------------------+------------+-------------------------------------------------------------------------------------+


+-----------------------------------------------------------------------------------------+
; Source assignments for audio_cntrl:audio_cntrl|fifo_2_16:comb_3|dcfifo:dcfifo_component ;
+---------------------------------+-------+------+----------------------------------------+
; Assignment                      ; Value ; From ; To                                     ;
+---------------------------------+-------+------+----------------------------------------+
; AUTO_SHIFT_REGISTER_RECOGNITION ; OFF   ; -    ; -                                      ;
+---------------------------------+-------+------+----------------------------------------+


+--------------------------------------------------------------------------------------------------------------------+
; Source assignments for audio_cntrl:audio_cntrl|fifo_2_16:comb_3|dcfifo:dcfifo_component|dcfifo_a3q1:auto_generated ;
+---------------------------------------+-------+------+-------------------------------------------------------------+
; Assignment                            ; Value ; From ; To                                                          ;
+---------------------------------------+-------+------+-------------------------------------------------------------+
; AUTO_SHIFT_REGISTER_RECOGNITION       ; OFF   ; -    ; -                                                           ;
; REMOVE_DUPLICATE_REGISTERS            ; OFF   ; -    ; -                                                           ;
; SYNCHRONIZER_IDENTIFICATION           ; OFF   ; -    ; -                                                           ;
; SYNCHRONIZATION_REGISTER_CHAIN_LENGTH ; 2     ; -    ; -                                                           ;
; POWER_UP_LEVEL                        ; LOW   ; -    ; wrptr_g                                                     ;
+---------------------------------------+-------+------+-------------------------------------------------------------+


+------------------------------------------------------------------------------------------------------------------------------------------------+
; Source assignments for audio_cntrl:audio_cntrl|fifo_2_16:comb_3|dcfifo:dcfifo_component|dcfifo_a3q1:auto_generated|a_graycounter_au6:rdptr_g1p ;
+----------------+-------+------+----------------------------------------------------------------------------------------------------------------+
; Assignment     ; Value ; From ; To                                                                                                             ;
+----------------+-------+------+----------------------------------------------------------------------------------------------------------------+
; POWER_UP_LEVEL ; HIGH  ; -    ; counter5a0                                                                                                     ;
; POWER_UP_LEVEL ; LOW   ; -    ; parity6                                                                                                        ;
+----------------+-------+------+----------------------------------------------------------------------------------------------------------------+


+------------------------------------------------------------------------------------------------------------------------------------------------+
; Source assignments for audio_cntrl:audio_cntrl|fifo_2_16:comb_3|dcfifo:dcfifo_component|dcfifo_a3q1:auto_generated|a_graycounter_6cc:wrptr_g1p ;
+----------------+-------+------+----------------------------------------------------------------------------------------------------------------+
; Assignment     ; Value ; From ; To                                                                                                             ;
+----------------+-------+------+----------------------------------------------------------------------------------------------------------------+
; POWER_UP_LEVEL ; HIGH  ; -    ; counter7a0                                                                                                     ;
; POWER_UP_LEVEL ; LOW   ; -    ; parity8                                                                                                        ;
+----------------+-------+------+----------------------------------------------------------------------------------------------------------------+


+---------------------------------------------------------------------------------------------------------------------------------------------+
; Source assignments for audio_cntrl:audio_cntrl|fifo_2_16:comb_3|dcfifo:dcfifo_component|dcfifo_a3q1:auto_generated|altsyncram_o5d1:fifo_ram ;
+---------------------------------+--------------------+------+-------------------------------------------------------------------------------+
; Assignment                      ; Value              ; From ; To                                                                            ;
+---------------------------------+--------------------+------+-------------------------------------------------------------------------------+
; OPTIMIZE_POWER_DURING_SYNTHESIS ; NORMAL_COMPILATION ; -    ; -                                                                             ;
+---------------------------------+--------------------+------+-------------------------------------------------------------------------------+


+-----------------------------------------------------------------------------------------------------------------------------------------------+
; Source assignments for audio_cntrl:audio_cntrl|fifo_2_16:comb_3|dcfifo:dcfifo_component|dcfifo_a3q1:auto_generated|alt_synch_pipe_tnl:rs_dgwp ;
+-----------------------------+------------------------+------+---------------------------------------------------------------------------------+
; Assignment                  ; Value                  ; From ; To                                                                              ;
+-----------------------------+------------------------+------+---------------------------------------------------------------------------------+
; X_ON_VIOLATION_OPTION       ; OFF                    ; -    ; -                                                                               ;
; SYNCHRONIZER_IDENTIFICATION ; FORCED_IF_ASYNCHRONOUS ; -    ; -                                                                               ;
; PRESERVE_REGISTER           ; ON                     ; -    ; -                                                                               ;
; DONT_MERGE_REGISTER         ; ON                     ; -    ; -                                                                               ;
; ADV_NETLIST_OPT_ALLOWED     ; NEVER_ALLOW            ; -    ; -                                                                               ;
+-----------------------------+------------------------+------+---------------------------------------------------------------------------------+


+--------------------------------------------------------------------------------------------------------------------------------------------------------------------+
; Source assignments for audio_cntrl:audio_cntrl|fifo_2_16:comb_3|dcfifo:dcfifo_component|dcfifo_a3q1:auto_generated|alt_synch_pipe_tnl:rs_dgwp|dffpipe_ed9:dffpipe6 ;
+---------------------------------+-------+------+-------------------------------------------------------------------------------------------------------------------+
; Assignment                      ; Value ; From ; To                                                                                                                ;
+---------------------------------+-------+------+-------------------------------------------------------------------------------------------------------------------+
; AUTO_SHIFT_REGISTER_RECOGNITION ; OFF   ; -    ; -                                                                                                                 ;
+---------------------------------+-------+------+-------------------------------------------------------------------------------------------------------------------+


+-----------------------------------------------------------------------------------------------------------------------------------------------+
; Source assignments for audio_cntrl:audio_cntrl|fifo_2_16:comb_3|dcfifo:dcfifo_component|dcfifo_a3q1:auto_generated|alt_synch_pipe_unl:ws_dgrp ;
+-----------------------------+------------------------+------+---------------------------------------------------------------------------------+
; Assignment                  ; Value                  ; From ; To                                                                              ;
+-----------------------------+------------------------+------+---------------------------------------------------------------------------------+
; X_ON_VIOLATION_OPTION       ; OFF                    ; -    ; -                                                                               ;
; SYNCHRONIZER_IDENTIFICATION ; FORCED_IF_ASYNCHRONOUS ; -    ; -                                                                               ;
; PRESERVE_REGISTER           ; ON                     ; -    ; -                                                                               ;
; DONT_MERGE_REGISTER         ; ON                     ; -    ; -                                                                               ;
; ADV_NETLIST_OPT_ALLOWED     ; NEVER_ALLOW            ; -    ; -                                                                               ;
+-----------------------------+------------------------+------+---------------------------------------------------------------------------------+


+--------------------------------------------------------------------------------------------------------------------------------------------------------------------+
; Source assignments for audio_cntrl:audio_cntrl|fifo_2_16:comb_3|dcfifo:dcfifo_component|dcfifo_a3q1:auto_generated|alt_synch_pipe_unl:ws_dgrp|dffpipe_fd9:dffpipe9 ;
+---------------------------------+-------+------+-------------------------------------------------------------------------------------------------------------------+
; Assignment                      ; Value ; From ; To                                                                                                                ;
+---------------------------------+-------+------+-------------------------------------------------------------------------------------------------------------------+
; AUTO_SHIFT_REGISTER_RECOGNITION ; OFF   ; -    ; -                                                                                                                 ;
+---------------------------------+-------+------+-------------------------------------------------------------------------------------------------------------------+


+-----------------------------------------------------------------------------------------+
; Source assignments for audio_cntrl:audio_cntrl|fifo_2_16:comb_4|dcfifo:dcfifo_component ;
+---------------------------------+-------+------+----------------------------------------+
; Assignment                      ; Value ; From ; To                                     ;
+---------------------------------+-------+------+----------------------------------------+
; AUTO_SHIFT_REGISTER_RECOGNITION ; OFF   ; -    ; -                                      ;
+---------------------------------+-------+------+----------------------------------------+


+--------------------------------------------------------------------------------------------------------------------+
; Source assignments for audio_cntrl:audio_cntrl|fifo_2_16:comb_4|dcfifo:dcfifo_component|dcfifo_a3q1:auto_generated ;
+---------------------------------------+-------+------+-------------------------------------------------------------+
; Assignment                            ; Value ; From ; To                                                          ;
+---------------------------------------+-------+------+-------------------------------------------------------------+
; AUTO_SHIFT_REGISTER_RECOGNITION       ; OFF   ; -    ; -                                                           ;
; REMOVE_DUPLICATE_REGISTERS            ; OFF   ; -    ; -                                                           ;
; SYNCHRONIZER_IDENTIFICATION           ; OFF   ; -    ; -                                                           ;
; SYNCHRONIZATION_REGISTER_CHAIN_LENGTH ; 2     ; -    ; -                                                           ;
; POWER_UP_LEVEL                        ; LOW   ; -    ; wrptr_g                                                     ;
+---------------------------------------+-------+------+-------------------------------------------------------------+


+------------------------------------------------------------------------------------------------------------------------------------------------+
; Source assignments for audio_cntrl:audio_cntrl|fifo_2_16:comb_4|dcfifo:dcfifo_component|dcfifo_a3q1:auto_generated|a_graycounter_au6:rdptr_g1p ;
+----------------+-------+------+----------------------------------------------------------------------------------------------------------------+
; Assignment     ; Value ; From ; To                                                                                                             ;
+----------------+-------+------+----------------------------------------------------------------------------------------------------------------+
; POWER_UP_LEVEL ; HIGH  ; -    ; counter5a0                                                                                                     ;
; POWER_UP_LEVEL ; LOW   ; -    ; parity6                                                                                                        ;
+----------------+-------+------+----------------------------------------------------------------------------------------------------------------+


+------------------------------------------------------------------------------------------------------------------------------------------------+
; Source assignments for audio_cntrl:audio_cntrl|fifo_2_16:comb_4|dcfifo:dcfifo_component|dcfifo_a3q1:auto_generated|a_graycounter_6cc:wrptr_g1p ;
+----------------+-------+------+----------------------------------------------------------------------------------------------------------------+
; Assignment     ; Value ; From ; To                                                                                                             ;
+----------------+-------+------+----------------------------------------------------------------------------------------------------------------+
; POWER_UP_LEVEL ; HIGH  ; -    ; counter7a0                                                                                                     ;
; POWER_UP_LEVEL ; LOW   ; -    ; parity8                                                                                                        ;
+----------------+-------+------+----------------------------------------------------------------------------------------------------------------+


+---------------------------------------------------------------------------------------------------------------------------------------------+
; Source assignments for audio_cntrl:audio_cntrl|fifo_2_16:comb_4|dcfifo:dcfifo_component|dcfifo_a3q1:auto_generated|altsyncram_o5d1:fifo_ram ;
+---------------------------------+--------------------+------+-------------------------------------------------------------------------------+
; Assignment                      ; Value              ; From ; To                                                                            ;
+---------------------------------+--------------------+------+-------------------------------------------------------------------------------+
; OPTIMIZE_POWER_DURING_SYNTHESIS ; NORMAL_COMPILATION ; -    ; -                                                                             ;
+---------------------------------+--------------------+------+-------------------------------------------------------------------------------+


+-----------------------------------------------------------------------------------------------------------------------------------------------+
; Source assignments for audio_cntrl:audio_cntrl|fifo_2_16:comb_4|dcfifo:dcfifo_component|dcfifo_a3q1:auto_generated|alt_synch_pipe_tnl:rs_dgwp ;
+-----------------------------+------------------------+------+---------------------------------------------------------------------------------+
; Assignment                  ; Value                  ; From ; To                                                                              ;
+-----------------------------+------------------------+------+---------------------------------------------------------------------------------+
; X_ON_VIOLATION_OPTION       ; OFF                    ; -    ; -                                                                               ;
; SYNCHRONIZER_IDENTIFICATION ; FORCED_IF_ASYNCHRONOUS ; -    ; -                                                                               ;
; PRESERVE_REGISTER           ; ON                     ; -    ; -                                                                               ;
; DONT_MERGE_REGISTER         ; ON                     ; -    ; -                                                                               ;
; ADV_NETLIST_OPT_ALLOWED     ; NEVER_ALLOW            ; -    ; -                                                                               ;
+-----------------------------+------------------------+------+---------------------------------------------------------------------------------+


+--------------------------------------------------------------------------------------------------------------------------------------------------------------------+
; Source assignments for audio_cntrl:audio_cntrl|fifo_2_16:comb_4|dcfifo:dcfifo_component|dcfifo_a3q1:auto_generated|alt_synch_pipe_tnl:rs_dgwp|dffpipe_ed9:dffpipe6 ;
+---------------------------------+-------+------+-------------------------------------------------------------------------------------------------------------------+
; Assignment                      ; Value ; From ; To                                                                                                                ;
+---------------------------------+-------+------+-------------------------------------------------------------------------------------------------------------------+
; AUTO_SHIFT_REGISTER_RECOGNITION ; OFF   ; -    ; -                                                                                                                 ;
+---------------------------------+-------+------+-------------------------------------------------------------------------------------------------------------------+


+-----------------------------------------------------------------------------------------------------------------------------------------------+
; Source assignments for audio_cntrl:audio_cntrl|fifo_2_16:comb_4|dcfifo:dcfifo_component|dcfifo_a3q1:auto_generated|alt_synch_pipe_unl:ws_dgrp ;
+-----------------------------+------------------------+------+---------------------------------------------------------------------------------+
; Assignment                  ; Value                  ; From ; To                                                                              ;
+-----------------------------+------------------------+------+---------------------------------------------------------------------------------+
; X_ON_VIOLATION_OPTION       ; OFF                    ; -    ; -                                                                               ;
; SYNCHRONIZER_IDENTIFICATION ; FORCED_IF_ASYNCHRONOUS ; -    ; -                                                                               ;
; PRESERVE_REGISTER           ; ON                     ; -    ; -                                                                               ;
; DONT_MERGE_REGISTER         ; ON                     ; -    ; -                                                                               ;
; ADV_NETLIST_OPT_ALLOWED     ; NEVER_ALLOW            ; -    ; -                                                                               ;
+-----------------------------+------------------------+------+---------------------------------------------------------------------------------+


+--------------------------------------------------------------------------------------------------------------------------------------------------------------------+
; Source assignments for audio_cntrl:audio_cntrl|fifo_2_16:comb_4|dcfifo:dcfifo_component|dcfifo_a3q1:auto_generated|alt_synch_pipe_unl:ws_dgrp|dffpipe_fd9:dffpipe9 ;
+---------------------------------+-------+------+-------------------------------------------------------------------------------------------------------------------+
; Assignment                      ; Value ; From ; To                                                                                                                ;
+---------------------------------+-------+------+-------------------------------------------------------------------------------------------------------------------+
; AUTO_SHIFT_REGISTER_RECOGNITION ; OFF   ; -    ; -                                                                                                                 ;
+---------------------------------+-------+------+-------------------------------------------------------------------------------------------------------------------+


+----------------------------------------------------------------------+
; Parameter Settings for User Entity Instance: audio_cntrl:audio_cntrl ;
+----------------+-------+---------------------------------------------+
; Parameter Name ; Value ; Type                                        ;
+----------------+-------+---------------------------------------------+
; P24_BIT        ; 0     ; Signed Integer                              ;
; DATA_WIDTH     ; 16    ; Signed Integer                              ;
+----------------+-------+---------------------------------------------+
Note: In order to hide this table in the UI and the text report file, please set the "Show Parameter Settings in Synthesis Report" option in "Analysis and Synthesis Settings -> More Settings" to "Off".


+---------------------------------------------------------------------------------------------------------------+
; Parameter Settings for User Entity Instance: audio_cntrl:audio_cntrl|fifo_2_16:comb_3|dcfifo:dcfifo_component ;
+-------------------------+-------------+-----------------------------------------------------------------------+
; Parameter Name          ; Value       ; Type                                                                  ;
+-------------------------+-------------+-----------------------------------------------------------------------+
; WIDTH_BYTEENA           ; 1           ; Untyped                                                               ;
; AUTO_CARRY_CHAINS       ; ON          ; AUTO_CARRY                                                            ;
; IGNORE_CARRY_BUFFERS    ; OFF         ; IGNORE_CARRY                                                          ;
; AUTO_CASCADE_CHAINS     ; ON          ; AUTO_CASCADE                                                          ;
; IGNORE_CASCADE_BUFFERS  ; OFF         ; IGNORE_CASCADE                                                        ;
; LPM_WIDTH               ; 32          ; Signed Integer                                                        ;
; LPM_NUMWORDS            ; 8           ; Signed Integer                                                        ;
; LPM_WIDTHU              ; 3           ; Signed Integer                                                        ;
; LPM_SHOWAHEAD           ; OFF         ; Untyped                                                               ;
; UNDERFLOW_CHECKING      ; ON          ; Untyped                                                               ;
; OVERFLOW_CHECKING       ; ON          ; Untyped                                                               ;
; USE_EAB                 ; ON          ; Untyped                                                               ;
; ADD_RAM_OUTPUT_REGISTER ; OFF         ; Untyped                                                               ;
; ENABLE_ECC              ; FALSE       ; Untyped                                                               ;
; DELAY_RDUSEDW           ; 1           ; Untyped                                                               ;
; DELAY_WRUSEDW           ; 1           ; Untyped                                                               ;
; RDSYNC_DELAYPIPE        ; 4           ; Signed Integer                                                        ;
; WRSYNC_DELAYPIPE        ; 4           ; Signed Integer                                                        ;
; CLOCKS_ARE_SYNCHRONIZED ; FALSE       ; Untyped                                                               ;
; MAXIMIZE_SPEED          ; 5           ; Untyped                                                               ;
; DEVICE_FAMILY           ; Cyclone V   ; Untyped                                                               ;
; ADD_USEDW_MSB_BIT       ; OFF         ; Untyped                                                               ;
; WRITE_ACLR_SYNCH        ; OFF         ; Untyped                                                               ;
; READ_ACLR_SYNCH         ; OFF         ; Untyped                                                               ;
; CBXI_PARAMETER          ; dcfifo_a3q1 ; Untyped                                                               ;
+-------------------------+-------------+-----------------------------------------------------------------------+
Note: In order to hide this table in the UI and the text report file, please set the "Show Parameter Settings in Synthesis Report" option in "Analysis and Synthesis Settings -> More Settings" to "Off".


+---------------------------------------------------------------------------------------------------------------+
; Parameter Settings for User Entity Instance: audio_cntrl:audio_cntrl|fifo_2_16:comb_4|dcfifo:dcfifo_component ;
+-------------------------+-------------+-----------------------------------------------------------------------+
; Parameter Name          ; Value       ; Type                                                                  ;
+-------------------------+-------------+-----------------------------------------------------------------------+
; WIDTH_BYTEENA           ; 1           ; Untyped                                                               ;
; AUTO_CARRY_CHAINS       ; ON          ; AUTO_CARRY                                                            ;
; IGNORE_CARRY_BUFFERS    ; OFF         ; IGNORE_CARRY                                                          ;
; AUTO_CASCADE_CHAINS     ; ON          ; AUTO_CASCADE                                                          ;
; IGNORE_CASCADE_BUFFERS  ; OFF         ; IGNORE_CASCADE                                                        ;
; LPM_WIDTH               ; 32          ; Signed Integer                                                        ;
; LPM_NUMWORDS            ; 8           ; Signed Integer                                                        ;
; LPM_WIDTHU              ; 3           ; Signed Integer                                                        ;
; LPM_SHOWAHEAD           ; OFF         ; Untyped                                                               ;
; UNDERFLOW_CHECKING      ; ON          ; Untyped                                                               ;
; OVERFLOW_CHECKING       ; ON          ; Untyped                                                               ;
; USE_EAB                 ; ON          ; Untyped                                                               ;
; ADD_RAM_OUTPUT_REGISTER ; OFF         ; Untyped                                                               ;
; ENABLE_ECC              ; FALSE       ; Untyped                                                               ;
; DELAY_RDUSEDW           ; 1           ; Untyped                                                               ;
; DELAY_WRUSEDW           ; 1           ; Untyped                                                               ;
; RDSYNC_DELAYPIPE        ; 4           ; Signed Integer                                                        ;
; WRSYNC_DELAYPIPE        ; 4           ; Signed Integer                                                        ;
; CLOCKS_ARE_SYNCHRONIZED ; FALSE       ; Untyped                                                               ;
; MAXIMIZE_SPEED          ; 5           ; Untyped                                                               ;
; DEVICE_FAMILY           ; Cyclone V   ; Untyped                                                               ;
; ADD_USEDW_MSB_BIT       ; OFF         ; Untyped                                                               ;
; WRITE_ACLR_SYNCH        ; OFF         ; Untyped                                                               ;
; READ_ACLR_SYNCH         ; OFF         ; Untyped                                                               ;
; CBXI_PARAMETER          ; dcfifo_a3q1 ; Untyped                                                               ;
+-------------------------+-------------+-----------------------------------------------------------------------+
Note: In order to hide this table in the UI and the text report file, please set the "Show Parameter Settings in Synthesis Report" option in "Analysis and Synthesis Settings -> More Settings" to "Off".


+--------------------------------------------------------------------------------------------+
; Parameter Settings for User Entity Instance: audio_cntrl:audio_cntrl|audio_clk_gen:iCLKGEN ;
+----------------+-------+-------------------------------------------------------------------+
; Parameter Name ; Value ; Type                                                              ;
+----------------+-------+-------------------------------------------------------------------+
; P24_BIT        ; 0     ; Signed Integer                                                    ;
+----------------+-------+-------------------------------------------------------------------+
Note: In order to hide this table in the UI and the text report file, please set the "Show Parameter Settings in Synthesis Report" option in "Analysis and Synthesis Settings -> More Settings" to "Off".


+-------------------------------------------------------------------------------------------------------------------------------------------+
; Parameter Settings for User Entity Instance: audio_cntrl:audio_cntrl|audio_clk_gen:iCLKGEN|pll_mult_16_bit:comb_3|altera_pll:altera_pll_i ;
+--------------------------------------+------------------------+---------------------------------------------------------------------------+
; Parameter Name                       ; Value                  ; Type                                                                      ;
+--------------------------------------+------------------------+---------------------------------------------------------------------------+
; reference_clock_frequency            ; 50.0 MHz               ; String                                                                    ;
; fractional_vco_multiplier            ; true                   ; String                                                                    ;
; pll_type                             ; General                ; String                                                                    ;
; pll_subtype                          ; General                ; String                                                                    ;
; number_of_clocks                     ; 2                      ; Signed Integer                                                            ;
; operation_mode                       ; direct                 ; String                                                                    ;
; deserialization_factor               ; 4                      ; Signed Integer                                                            ;
; data_rate                            ; 0                      ; Signed Integer                                                            ;
; sim_additional_refclk_cycles_to_lock ; 0                      ; Signed Integer                                                            ;
; output_clock_frequency0              ; 12.288000 MHz          ; String                                                                    ;
; phase_shift0                         ; 0 ps                   ; String                                                                    ;
; duty_cycle0                          ; 50                     ; Signed Integer                                                            ;
; output_clock_frequency1              ; 1.536000 MHz           ; String                                                                    ;
; phase_shift1                         ; 0 ps                   ; String                                                                    ;
; duty_cycle1                          ; 50                     ; Signed Integer                                                            ;
; output_clock_frequency2              ; 0 MHz                  ; String                                                                    ;
; phase_shift2                         ; 0 ps                   ; String                                                                    ;
; duty_cycle2                          ; 50                     ; Signed Integer                                                            ;
; output_clock_frequency3              ; 0 MHz                  ; String                                                                    ;
; phase_shift3                         ; 0 ps                   ; String                                                                    ;
; duty_cycle3                          ; 50                     ; Signed Integer                                                            ;
; output_clock_frequency4              ; 0 MHz                  ; String                                                                    ;
; phase_shift4                         ; 0 ps                   ; String                                                                    ;
; duty_cycle4                          ; 50                     ; Signed Integer                                                            ;
; output_clock_frequency5              ; 0 MHz                  ; String                                                                    ;
; phase_shift5                         ; 0 ps                   ; String                                                                    ;
; duty_cycle5                          ; 50                     ; Signed Integer                                                            ;
; output_clock_frequency6              ; 0 MHz                  ; String                                                                    ;
; phase_shift6                         ; 0 ps                   ; String                                                                    ;
; duty_cycle6                          ; 50                     ; Signed Integer                                                            ;
; output_clock_frequency7              ; 0 MHz                  ; String                                                                    ;
; phase_shift7                         ; 0 ps                   ; String                                                                    ;
; duty_cycle7                          ; 50                     ; Signed Integer                                                            ;
; output_clock_frequency8              ; 0 MHz                  ; String                                                                    ;
; phase_shift8                         ; 0 ps                   ; String                                                                    ;
; duty_cycle8                          ; 50                     ; Signed Integer                                                            ;
; output_clock_frequency9              ; 0 MHz                  ; String                                                                    ;
; phase_shift9                         ; 0 ps                   ; String                                                                    ;
; duty_cycle9                          ; 50                     ; Signed Integer                                                            ;
; output_clock_frequency10             ; 0 MHz                  ; String                                                                    ;
; phase_shift10                        ; 0 ps                   ; String                                                                    ;
; duty_cycle10                         ; 50                     ; Signed Integer                                                            ;
; output_clock_frequency11             ; 0 MHz                  ; String                                                                    ;
; phase_shift11                        ; 0 ps                   ; String                                                                    ;
; duty_cycle11                         ; 50                     ; Signed Integer                                                            ;
; output_clock_frequency12             ; 0 MHz                  ; String                                                                    ;
; phase_shift12                        ; 0 ps                   ; String                                                                    ;
; duty_cycle12                         ; 50                     ; Signed Integer                                                            ;
; output_clock_frequency13             ; 0 MHz                  ; String                                                                    ;
; phase_shift13                        ; 0 ps                   ; String                                                                    ;
; duty_cycle13                         ; 50                     ; Signed Integer                                                            ;
; output_clock_frequency14             ; 0 MHz                  ; String                                                                    ;
; phase_shift14                        ; 0 ps                   ; String                                                                    ;
; duty_cycle14                         ; 50                     ; Signed Integer                                                            ;
; output_clock_frequency15             ; 0 MHz                  ; String                                                                    ;
; phase_shift15                        ; 0 ps                   ; String                                                                    ;
; duty_cycle15                         ; 50                     ; Signed Integer                                                            ;
; output_clock_frequency16             ; 0 MHz                  ; String                                                                    ;
; phase_shift16                        ; 0 ps                   ; String                                                                    ;
; duty_cycle16                         ; 50                     ; Signed Integer                                                            ;
; output_clock_frequency17             ; 0 MHz                  ; String                                                                    ;
; phase_shift17                        ; 0 ps                   ; String                                                                    ;
; duty_cycle17                         ; 50                     ; Signed Integer                                                            ;
; clock_name_0                         ;                        ; String                                                                    ;
; clock_name_1                         ;                        ; String                                                                    ;
; clock_name_2                         ;                        ; String                                                                    ;
; clock_name_3                         ;                        ; String                                                                    ;
; clock_name_4                         ;                        ; String                                                                    ;
; clock_name_5                         ;                        ; String                                                                    ;
; clock_name_6                         ;                        ; String                                                                    ;
; clock_name_7                         ;                        ; String                                                                    ;
; clock_name_8                         ;                        ; String                                                                    ;
; clock_name_global_0                  ; false                  ; String                                                                    ;
; clock_name_global_1                  ; false                  ; String                                                                    ;
; clock_name_global_2                  ; false                  ; String                                                                    ;
; clock_name_global_3                  ; false                  ; String                                                                    ;
; clock_name_global_4                  ; false                  ; String                                                                    ;
; clock_name_global_5                  ; false                  ; String                                                                    ;
; clock_name_global_6                  ; false                  ; String                                                                    ;
; clock_name_global_7                  ; false                  ; String                                                                    ;
; clock_name_global_8                  ; false                  ; String                                                                    ;
; m_cnt_hi_div                         ; 1                      ; Signed Integer                                                            ;
; m_cnt_lo_div                         ; 1                      ; Signed Integer                                                            ;
; m_cnt_bypass_en                      ; false                  ; String                                                                    ;
; m_cnt_odd_div_duty_en                ; false                  ; String                                                                    ;
; n_cnt_hi_div                         ; 1                      ; Signed Integer                                                            ;
; n_cnt_lo_div                         ; 1                      ; Signed Integer                                                            ;
; n_cnt_bypass_en                      ; false                  ; String                                                                    ;
; n_cnt_odd_div_duty_en                ; false                  ; String                                                                    ;
; c_cnt_hi_div0                        ; 1                      ; Signed Integer                                                            ;
; c_cnt_lo_div0                        ; 1                      ; Signed Integer                                                            ;
; c_cnt_bypass_en0                     ; false                  ; String                                                                    ;
; c_cnt_in_src0                        ; ph_mux_clk             ; String                                                                    ;
; c_cnt_odd_div_duty_en0               ; false                  ; String                                                                    ;
; c_cnt_prst0                          ; 1                      ; Signed Integer                                                            ;
; c_cnt_ph_mux_prst0                   ; 0                      ; Signed Integer                                                            ;
; c_cnt_hi_div1                        ; 1                      ; Signed Integer                                                            ;
; c_cnt_lo_div1                        ; 1                      ; Signed Integer                                                            ;
; c_cnt_bypass_en1                     ; false                  ; String                                                                    ;
; c_cnt_in_src1                        ; ph_mux_clk             ; String                                                                    ;
; c_cnt_odd_div_duty_en1               ; false                  ; String                                                                    ;
; c_cnt_prst1                          ; 1                      ; Signed Integer                                                            ;
; c_cnt_ph_mux_prst1                   ; 0                      ; Signed Integer                                                            ;
; c_cnt_hi_div2                        ; 1                      ; Signed Integer                                                            ;
; c_cnt_lo_div2                        ; 1                      ; Signed Integer                                                            ;
; c_cnt_bypass_en2                     ; false                  ; String                                                                    ;
; c_cnt_in_src2                        ; ph_mux_clk             ; String                                                                    ;
; c_cnt_odd_div_duty_en2               ; false                  ; String                                                                    ;
; c_cnt_prst2                          ; 1                      ; Signed Integer                                                            ;
; c_cnt_ph_mux_prst2                   ; 0                      ; Signed Integer                                                            ;
; c_cnt_hi_div3                        ; 1                      ; Signed Integer                                                            ;
; c_cnt_lo_div3                        ; 1                      ; Signed Integer                                                            ;
; c_cnt_bypass_en3                     ; false                  ; String                                                                    ;
; c_cnt_in_src3                        ; ph_mux_clk             ; String                                                                    ;
; c_cnt_odd_div_duty_en3               ; false                  ; String                                                                    ;
; c_cnt_prst3                          ; 1                      ; Signed Integer                                                            ;
; c_cnt_ph_mux_prst3                   ; 0                      ; Signed Integer                                                            ;
; c_cnt_hi_div4                        ; 1                      ; Signed Integer                                                            ;
; c_cnt_lo_div4                        ; 1                      ; Signed Integer                                                            ;
; c_cnt_bypass_en4                     ; false                  ; String                                                                    ;
; c_cnt_in_src4                        ; ph_mux_clk             ; String                                                                    ;
; c_cnt_odd_div_duty_en4               ; false                  ; String                                                                    ;
; c_cnt_prst4                          ; 1                      ; Signed Integer                                                            ;
; c_cnt_ph_mux_prst4                   ; 0                      ; Signed Integer                                                            ;
; c_cnt_hi_div5                        ; 1                      ; Signed Integer                                                            ;
; c_cnt_lo_div5                        ; 1                      ; Signed Integer                                                            ;
; c_cnt_bypass_en5                     ; false                  ; String                                                                    ;
; c_cnt_in_src5                        ; ph_mux_clk             ; String                                                                    ;
; c_cnt_odd_div_duty_en5               ; false                  ; String                                                                    ;
; c_cnt_prst5                          ; 1                      ; Signed Integer                                                            ;
; c_cnt_ph_mux_prst5                   ; 0                      ; Signed Integer                                                            ;
; c_cnt_hi_div6                        ; 1                      ; Signed Integer                                                            ;
; c_cnt_lo_div6                        ; 1                      ; Signed Integer                                                            ;
; c_cnt_bypass_en6                     ; false                  ; String                                                                    ;
; c_cnt_in_src6                        ; ph_mux_clk             ; String                                                                    ;
; c_cnt_odd_div_duty_en6               ; false                  ; String                                                                    ;
; c_cnt_prst6                          ; 1                      ; Signed Integer                                                            ;
; c_cnt_ph_mux_prst6                   ; 0                      ; Signed Integer                                                            ;
; c_cnt_hi_div7                        ; 1                      ; Signed Integer                                                            ;
; c_cnt_lo_div7                        ; 1                      ; Signed Integer                                                            ;
; c_cnt_bypass_en7                     ; false                  ; String                                                                    ;
; c_cnt_in_src7                        ; ph_mux_clk             ; String                                                                    ;
; c_cnt_odd_div_duty_en7               ; false                  ; String                                                                    ;
; c_cnt_prst7                          ; 1                      ; Signed Integer                                                            ;
; c_cnt_ph_mux_prst7                   ; 0                      ; Signed Integer                                                            ;
; c_cnt_hi_div8                        ; 1                      ; Signed Integer                                                            ;
; c_cnt_lo_div8                        ; 1                      ; Signed Integer                                                            ;
; c_cnt_bypass_en8                     ; false                  ; String                                                                    ;
; c_cnt_in_src8                        ; ph_mux_clk             ; String                                                                    ;
; c_cnt_odd_div_duty_en8               ; false                  ; String                                                                    ;
; c_cnt_prst8                          ; 1                      ; Signed Integer                                                            ;
; c_cnt_ph_mux_prst8                   ; 0                      ; Signed Integer                                                            ;
; c_cnt_hi_div9                        ; 1                      ; Signed Integer                                                            ;
; c_cnt_lo_div9                        ; 1                      ; Signed Integer                                                            ;
; c_cnt_bypass_en9                     ; false                  ; String                                                                    ;
; c_cnt_in_src9                        ; ph_mux_clk             ; String                                                                    ;
; c_cnt_odd_div_duty_en9               ; false                  ; String                                                                    ;
; c_cnt_prst9                          ; 1                      ; Signed Integer                                                            ;
; c_cnt_ph_mux_prst9                   ; 0                      ; Signed Integer                                                            ;
; c_cnt_hi_div10                       ; 1                      ; Signed Integer                                                            ;
; c_cnt_lo_div10                       ; 1                      ; Signed Integer                                                            ;
; c_cnt_bypass_en10                    ; false                  ; String                                                                    ;
; c_cnt_in_src10                       ; ph_mux_clk             ; String                                                                    ;
; c_cnt_odd_div_duty_en10              ; false                  ; String                                                                    ;
; c_cnt_prst10                         ; 1                      ; Signed Integer                                                            ;
; c_cnt_ph_mux_prst10                  ; 0                      ; Signed Integer                                                            ;
; c_cnt_hi_div11                       ; 1                      ; Signed Integer                                                            ;
; c_cnt_lo_div11                       ; 1                      ; Signed Integer                                                            ;
; c_cnt_bypass_en11                    ; false                  ; String                                                                    ;
; c_cnt_in_src11                       ; ph_mux_clk             ; String                                                                    ;
; c_cnt_odd_div_duty_en11              ; false                  ; String                                                                    ;
; c_cnt_prst11                         ; 1                      ; Signed Integer                                                            ;
; c_cnt_ph_mux_prst11                  ; 0                      ; Signed Integer                                                            ;
; c_cnt_hi_div12                       ; 1                      ; Signed Integer                                                            ;
; c_cnt_lo_div12                       ; 1                      ; Signed Integer                                                            ;
; c_cnt_bypass_en12                    ; false                  ; String                                                                    ;
; c_cnt_in_src12                       ; ph_mux_clk             ; String                                                                    ;
; c_cnt_odd_div_duty_en12              ; false                  ; String                                                                    ;
; c_cnt_prst12                         ; 1                      ; Signed Integer                                                            ;
; c_cnt_ph_mux_prst12                  ; 0                      ; Signed Integer                                                            ;
; c_cnt_hi_div13                       ; 1                      ; Signed Integer                                                            ;
; c_cnt_lo_div13                       ; 1                      ; Signed Integer                                                            ;
; c_cnt_bypass_en13                    ; false                  ; String                                                                    ;
; c_cnt_in_src13                       ; ph_mux_clk             ; String                                                                    ;
; c_cnt_odd_div_duty_en13              ; false                  ; String                                                                    ;
; c_cnt_prst13                         ; 1                      ; Signed Integer                                                            ;
; c_cnt_ph_mux_prst13                  ; 0                      ; Signed Integer                                                            ;
; c_cnt_hi_div14                       ; 1                      ; Signed Integer                                                            ;
; c_cnt_lo_div14                       ; 1                      ; Signed Integer                                                            ;
; c_cnt_bypass_en14                    ; false                  ; String                                                                    ;
; c_cnt_in_src14                       ; ph_mux_clk             ; String                                                                    ;
; c_cnt_odd_div_duty_en14              ; false                  ; String                                                                    ;
; c_cnt_prst14                         ; 1                      ; Signed Integer                                                            ;
; c_cnt_ph_mux_prst14                  ; 0                      ; Signed Integer                                                            ;
; c_cnt_hi_div15                       ; 1                      ; Signed Integer                                                            ;
; c_cnt_lo_div15                       ; 1                      ; Signed Integer                                                            ;
; c_cnt_bypass_en15                    ; false                  ; String                                                                    ;
; c_cnt_in_src15                       ; ph_mux_clk             ; String                                                                    ;
; c_cnt_odd_div_duty_en15              ; false                  ; String                                                                    ;
; c_cnt_prst15                         ; 1                      ; Signed Integer                                                            ;
; c_cnt_ph_mux_prst15                  ; 0                      ; Signed Integer                                                            ;
; c_cnt_hi_div16                       ; 1                      ; Signed Integer                                                            ;
; c_cnt_lo_div16                       ; 1                      ; Signed Integer                                                            ;
; c_cnt_bypass_en16                    ; false                  ; String                                                                    ;
; c_cnt_in_src16                       ; ph_mux_clk             ; String                                                                    ;
; c_cnt_odd_div_duty_en16              ; false                  ; String                                                                    ;
; c_cnt_prst16                         ; 1                      ; Signed Integer                                                            ;
; c_cnt_ph_mux_prst16                  ; 0                      ; Signed Integer                                                            ;
; c_cnt_hi_div17                       ; 1                      ; Signed Integer                                                            ;
; c_cnt_lo_div17                       ; 1                      ; Signed Integer                                                            ;
; c_cnt_bypass_en17                    ; false                  ; String                                                                    ;
; c_cnt_in_src17                       ; ph_mux_clk             ; String                                                                    ;
; c_cnt_odd_div_duty_en17              ; false                  ; String                                                                    ;
; c_cnt_prst17                         ; 1                      ; Signed Integer                                                            ;
; c_cnt_ph_mux_prst17                  ; 0                      ; Signed Integer                                                            ;
; pll_vco_div                          ; 1                      ; Signed Integer                                                            ;
; pll_slf_rst                          ; false                  ; String                                                                    ;
; pll_bw_sel                           ; low                    ; String                                                                    ;
; pll_output_clk_frequency             ; 0 MHz                  ; String                                                                    ;
; pll_cp_current                       ; 0                      ; Signed Integer                                                            ;
; pll_bwctrl                           ; 0                      ; Signed Integer                                                            ;
; pll_fractional_division              ; 1                      ; Signed Integer                                                            ;
; pll_fractional_cout                  ; 24                     ; Signed Integer                                                            ;
; pll_dsm_out_sel                      ; 1st_order              ; String                                                                    ;
; mimic_fbclk_type                     ; gclk                   ; String                                                                    ;
; pll_fbclk_mux_1                      ; glb                    ; String                                                                    ;
; pll_fbclk_mux_2                      ; fb_1                   ; String                                                                    ;
; pll_m_cnt_in_src                     ; ph_mux_clk             ; String                                                                    ;
; pll_vcoph_div                        ; 1                      ; Signed Integer                                                            ;
; refclk1_frequency                    ; 0 MHz                  ; String                                                                    ;
; pll_clkin_0_src                      ; clk_0                  ; String                                                                    ;
; pll_clkin_1_src                      ; clk_0                  ; String                                                                    ;
; pll_clk_loss_sw_en                   ; false                  ; String                                                                    ;
; pll_auto_clk_sw_en                   ; false                  ; String                                                                    ;
; pll_manu_clk_sw_en                   ; false                  ; String                                                                    ;
; pll_clk_sw_dly                       ; 0                      ; Signed Integer                                                            ;
; pll_extclk_0_cnt_src                 ; pll_extclk_cnt_src_vss ; String                                                                    ;
; pll_extclk_1_cnt_src                 ; pll_extclk_cnt_src_vss ; String                                                                    ;
+--------------------------------------+------------------------+---------------------------------------------------------------------------+
Note: In order to hide this table in the UI and the text report file, please set the "Show Parameter Settings in Synthesis Report" option in "Analysis and Synthesis Settings -> More Settings" to "Off".


+--------------------------------------------------------------------------------------------+
; Parameter Settings for User Entity Instance: audio_cntrl:audio_cntrl|i2s_receiver:iI2S_REC ;
+----------------+-------+-------------------------------------------------------------------+
; Parameter Name ; Value ; Type                                                              ;
+----------------+-------+-------------------------------------------------------------------+
; P24_BIT        ; 0     ; Signed Integer                                                    ;
; DATA_WIDTH     ; 16    ; Signed Integer                                                    ;
+----------------+-------+-------------------------------------------------------------------+
Note: In order to hide this table in the UI and the text report file, please set the "Show Parameter Settings in Synthesis Report" option in "Analysis and Synthesis Settings -> More Settings" to "Off".


+-------------------------------------------------------------------------------------------------+
; Parameter Settings for User Entity Instance: audio_cntrl:audio_cntrl|i2s_transmitter:iI2S_TRANS ;
+----------------+-------+------------------------------------------------------------------------+
; Parameter Name ; Value ; Type                                                                   ;
+----------------+-------+------------------------------------------------------------------------+
; P24_BIT        ; 0     ; Signed Integer                                                         ;
; DATA_WIDTH     ; 16    ; Signed Integer                                                         ;
+----------------+-------+------------------------------------------------------------------------+
Note: In order to hide this table in the UI and the text report file, please set the "Show Parameter Settings in Synthesis Report" option in "Analysis and Synthesis Settings -> More Settings" to "Off".


+----------------------------------------------------------------------------------------+
; Parameter Settings for User Entity Instance: audio_cntrl:audio_cntrl|codec_fsm:iCONFIG ;
+----------------+-------+---------------------------------------------------------------+
; Parameter Name ; Value ; Type                                                          ;
+----------------+-------+---------------------------------------------------------------+
; P24_BIT        ; 0     ; Signed Integer                                                ;
+----------------+-------+---------------------------------------------------------------+
Note: In order to hide this table in the UI and the text report file, please set the "Show Parameter Settings in Synthesis Report" option in "Analysis and Synthesis Settings -> More Settings" to "Off".


+--------------------------------------------------------------------------------------+
; Parameter Settings for User Entity Instance: audio_cntrl:audio_cntrl|i2c_master:iI2C ;
+----------------+---------+-----------------------------------------------------------+
; Parameter Name ; Value   ; Type                                                      ;
+----------------+---------+-----------------------------------------------------------+
; DEVICE_ADDR    ; 0011010 ; Unsigned Binary                                           ;
+----------------+---------+-----------------------------------------------------------+
Note: In order to hide this table in the UI and the text report file, please set the "Show Parameter Settings in Synthesis Report" option in "Analysis and Synthesis Settings -> More Settings" to "Off".


+---------------------------------------------------------------------------------------------------------+
; Parameter Settings for User Entity Instance: audio_cntrl:audio_cntrl|i2c_master:iI2C|byte_writer:writer ;
+----------------+-----------+----------------------------------------------------------------------------+
; Parameter Name ; Value     ; Type                                                                       ;
+----------------+-----------+----------------------------------------------------------------------------+
; COUNT          ; 000001000 ; Unsigned Binary                                                            ;
+----------------+-----------+----------------------------------------------------------------------------+
Note: In order to hide this table in the UI and the text report file, please set the "Show Parameter Settings in Synthesis Report" option in "Analysis and Synthesis Settings -> More Settings" to "Off".


+------------------------------------------------------+
; Parameter Settings for User Entity Instance: vad:dut ;
+----------------+-------+-----------------------------+
; Parameter Name ; Value ; Type                        ;
+----------------+-------+-----------------------------+
; P24_BIT        ; 0     ; Signed Integer              ;
; K              ; 6     ; Signed Integer              ;
; THRESHOLD      ; 200   ; Signed Integer              ;
; DATA_WIDTH     ; 16    ; Signed Integer              ;
+----------------+-------+-----------------------------+
Note: In order to hide this table in the UI and the text report file, please set the "Show Parameter Settings in Synthesis Report" option in "Analysis and Synthesis Settings -> More Settings" to "Off".


+-----------------------------------------------------------------------------------------------+
; dcfifo Parameter Settings by Entity Instance                                                  ;
+----------------------------+------------------------------------------------------------------+
; Name                       ; Value                                                            ;
+----------------------------+------------------------------------------------------------------+
; Number of entity instances ; 2                                                                ;
; Entity Instance            ; audio_cntrl:audio_cntrl|fifo_2_16:comb_3|dcfifo:dcfifo_component ;
;     -- FIFO Type           ; Dual Clock                                                       ;
;     -- LPM_WIDTH           ; 32                                                               ;
;     -- LPM_NUMWORDS        ; 8                                                                ;
;     -- LPM_SHOWAHEAD       ; OFF                                                              ;
;     -- USE_EAB             ; ON                                                               ;
; Entity Instance            ; audio_cntrl:audio_cntrl|fifo_2_16:comb_4|dcfifo:dcfifo_component ;
;     -- FIFO Type           ; Dual Clock                                                       ;
;     -- LPM_WIDTH           ; 32                                                               ;
;     -- LPM_NUMWORDS        ; 8                                                                ;
;     -- LPM_SHOWAHEAD       ; OFF                                                              ;
;     -- USE_EAB             ; ON                                                               ;
+----------------------------+------------------------------------------------------------------+


+----------------------------------------------------------------------------------------------------------------------------------------+
; Port Connectivity Checks: "audio_cntrl:audio_cntrl|i2c_master:iI2C"                                                                    ;
+---------+--------+----------+----------------------------------------------------------------------------------------------------------+
; Port    ; Type   ; Severity ; Details                                                                                                  ;
+---------+--------+----------+----------------------------------------------------------------------------------------------------------+
; o_count ; Output ; Warning  ; Declared by entity but not connected by instance. Logic that only feeds a dangling port will be removed. ;
+---------+--------+----------+----------------------------------------------------------------------------------------------------------+


+----------------------------------------------------------------------------------------------------------------------------------------+
; Port Connectivity Checks: "audio_cntrl:audio_cntrl|codec_fsm:iCONFIG"                                                                  ;
+---------+--------+----------+----------------------------------------------------------------------------------------------------------+
; Port    ; Type   ; Severity ; Details                                                                                                  ;
+---------+--------+----------+----------------------------------------------------------------------------------------------------------+
; o_state ; Output ; Warning  ; Declared by entity but not connected by instance. Logic that only feeds a dangling port will be removed. ;
+---------+--------+----------+----------------------------------------------------------------------------------------------------------+


+--------------------------------------------------------------------------------------------------------------------------------------------------------------------------------------+
; Port Connectivity Checks: "audio_cntrl:audio_cntrl|audio_clk_gen:iCLKGEN|pll_mult_16_bit:comb_3|altera_pll:altera_pll_i"                                                             ;
+-------------------+--------+----------+----------------------------------------------------------------------------------------------------------------------------------------------+
; Port              ; Type   ; Severity ; Details                                                                                                                                      ;
+-------------------+--------+----------+----------------------------------------------------------------------------------------------------------------------------------------------+
; fboutclk          ; Output ; Info     ; Explicitly unconnected                                                                                                                       ;
; fbclk             ; Input  ; Info     ; Stuck at GND                                                                                                                                 ;
; refclk1           ; Input  ; Warning  ; Declared by entity but not connected by instance. If a default value exists, it will be used.  Otherwise, the port will be connected to GND. ;
; phase_en          ; Input  ; Warning  ; Declared by entity but not connected by instance. If a default value exists, it will be used.  Otherwise, the port will be connected to GND. ;
; updn              ; Input  ; Warning  ; Declared by entity but not connected by instance. If a default value exists, it will be used.  Otherwise, the port will be connected to GND. ;
; num_phase_shifts  ; Input  ; Warning  ; Declared by entity but not connected by instance. If a default value exists, it will be used.  Otherwise, the port will be connected to GND. ;
; scanclk           ; Input  ; Warning  ; Declared by entity but not connected by instance. If a default value exists, it will be used.  Otherwise, the port will be connected to GND. ;
; cntsel            ; Input  ; Warning  ; Declared by entity but not connected by instance. If a default value exists, it will be used.  Otherwise, the port will be connected to GND. ;
; reconfig_to_pll   ; Input  ; Warning  ; Declared by entity but not connected by instance. If a default value exists, it will be used.  Otherwise, the port will be connected to GND. ;
; extswitch         ; Input  ; Warning  ; Declared by entity but not connected by instance. If a default value exists, it will be used.  Otherwise, the port will be connected to GND. ;
; adjpllin          ; Input  ; Warning  ; Declared by entity but not connected by instance. If a default value exists, it will be used.  Otherwise, the port will be connected to GND. ;
; cclk              ; Input  ; Warning  ; Declared by entity but not connected by instance. If a default value exists, it will be used.  Otherwise, the port will be connected to GND. ;
; phase_done        ; Output ; Warning  ; Declared by entity but not connected by instance. Logic that only feeds a dangling port will be removed.                                     ;
; reconfig_from_pll ; Output ; Warning  ; Declared by entity but not connected by instance. Logic that only feeds a dangling port will be removed.                                     ;
; activeclk         ; Output ; Warning  ; Declared by entity but not connected by instance. Logic that only feeds a dangling port will be removed.                                     ;
; clkbad            ; Output ; Warning  ; Declared by entity but not connected by instance. Logic that only feeds a dangling port will be removed.                                     ;
; phout             ; Output ; Warning  ; Declared by entity but not connected by instance. Logic that only feeds a dangling port will be removed.                                     ;
; lvds_clk          ; Output ; Warning  ; Declared by entity but not connected by instance. Logic that only feeds a dangling port will be removed.                                     ;
; loaden            ; Output ; Warning  ; Declared by entity but not connected by instance. Logic that only feeds a dangling port will be removed.                                     ;
; extclk_out        ; Output ; Warning  ; Declared by entity but not connected by instance. Logic that only feeds a dangling port will be removed.                                     ;
; cascade_out       ; Output ; Warning  ; Declared by entity but not connected by instance. Logic that only feeds a dangling port will be removed.                                     ;
; zdbfbclk          ; Bidir  ; Warning  ; Declared by entity but not connected by instance. Logic that only feeds a dangling port will be removed.                                     ;
+-------------------+--------+----------+----------------------------------------------------------------------------------------------------------------------------------------------+


+---------------------------------------------------------------------------------------------------------------------------------------+
; Port Connectivity Checks: "audio_cntrl:audio_cntrl|audio_clk_gen:iCLKGEN|pll_mult_16_bit:comb_3"                                      ;
+--------+--------+----------+----------------------------------------------------------------------------------------------------------+
; Port   ; Type   ; Severity ; Details                                                                                                  ;
+--------+--------+----------+----------------------------------------------------------------------------------------------------------+
; locked ; Output ; Warning  ; Declared by entity but not connected by instance. Logic that only feeds a dangling port will be removed. ;
+--------+--------+----------+----------------------------------------------------------------------------------------------------------+


+----------------------------------------------------------------------+
; Port Connectivity Checks: "audio_cntrl:audio_cntrl|fifo_2_16:comb_4" ;
+---------+--------+----------+----------------------------------------+
; Port    ; Type   ; Severity ; Details                                ;
+---------+--------+----------+----------------------------------------+
; rdempty ; Output ; Info     ; Explicitly unconnected                 ;
; wrfull  ; Output ; Info     ; Explicitly unconnected                 ;
+---------+--------+----------+----------------------------------------+


+----------------------------------------------------------------------+
; Port Connectivity Checks: "audio_cntrl:audio_cntrl|fifo_2_16:comb_3" ;
+--------+--------+----------+-----------------------------------------+
; Port   ; Type   ; Severity ; Details                                 ;
+--------+--------+----------+-----------------------------------------+
; wrfull ; Output ; Info     ; Explicitly unconnected                  ;
+--------+--------+----------+-----------------------------------------+


+-----------------------------------------------------+
; Post-Synthesis Netlist Statistics for Top Partition ;
+-----------------------+-----------------------------+
; Type                  ; Count                       ;
+-----------------------+-----------------------------+
; arriav_ff             ; 268                         ;
;     CLR               ; 56                          ;
;     ENA               ; 19                          ;
;     ENA CLR           ; 20                          ;
;     ENA SCLR          ; 98                          ;
;     ENA SLD           ; 1                           ;
;     SCLR              ; 41                          ;
;     SLD               ; 2                           ;
;     plain             ; 31                          ;
; arriav_io_obuf        ; 24                          ;
; arriav_lcell_comb     ; 284                         ;
;     arith             ; 98                          ;
;         0 data inputs ; 2                           ;
;         1 data inputs ; 64                          ;
;         2 data inputs ; 16                          ;
;         3 data inputs ; 1                           ;
;         4 data inputs ; 15                          ;
;     extend            ; 2                           ;
;         7 data inputs ; 2                           ;
;     normal            ; 184                         ;
;         0 data inputs ; 2                           ;
;         1 data inputs ; 9                           ;
;         2 data inputs ; 23                          ;
;         3 data inputs ; 18                          ;
;         4 data inputs ; 23                          ;
;         5 data inputs ; 53                          ;
;         6 data inputs ; 56                          ;
; boundary_port         ; 168                         ;
; generic_pll           ; 2                           ;
; stratixv_ram_block    ; 64                          ;
;                       ;                             ;
; Max LUT depth         ; 5.10                        ;
; Average LUT depth     ; 2.17                        ;
+-----------------------+-----------------------------+


+-------------------------------+
; Elapsed Time Per Partition    ;
+----------------+--------------+
; Partition Name ; Elapsed Time ;
+----------------+--------------+
; Top            ; 00:00:00     ;
+----------------+--------------+


+-------------------------------+
; Analysis & Synthesis Messages ;
+-------------------------------+
Info: *******************************************************************
Info: Running Quartus Prime Analysis & Synthesis
    Info: Version 25.1std.0 Build 1129 10/21/2025 SC Lite Edition
    Info: Processing started: Mon Mar  9 17:19:54 2026
Info: Command: quartus_map --read_settings_files=on --write_settings_files=off autotune -c autotune
Warning (18236): Number of processors has not been specified which may cause overloading on shared machines.  Set the global assignment NUM_PARALLEL_PROCESSORS in your QSF to an appropriate value for best performance.
Info (20030): Parallel compilation is enabled and will use 6 of the 6 processors detected
Info (12021): Found 1 design units, including 1 entities, in source file vad.sv
    Info (12023): Found entity 1: vad File: C:/Users/avery/ece554/autotune/rtl/vad.sv Line: 1
Info (12021): Found 1 design units, including 1 entities, in source file midi_receiver.sv
    Info (12023): Found entity 1: midi_receiver File: C:/Users/avery/ece554/autotune/rtl/midi_receiver.sv Line: 1
Info (12021): Found 1 design units, including 1 entities, in source file midi_freq_lut.sv
    Info (12023): Found entity 1: midi_freq_lut File: C:/Users/avery/ece554/autotune/rtl/midi_freq_lut.sv Line: 1
Info (12021): Found 1 design units, including 1 entities, in source file ip/pll_mult_24_bit.v
    Info (12023): Found entity 1: pll_mult_24_bit File: C:/Users/avery/ece554/autotune/rtl/ip/pll_mult_24_bit.v Line: 2
Info (12021): Found 1 design units, including 1 entities, in source file ip/pll_mult_16_bit.v
    Info (12023): Found entity 1: pll_mult_16_bit File: C:/Users/avery/ece554/autotune/rtl/ip/pll_mult_16_bit.v Line: 2
Info (12021): Found 1 design units, including 1 entities, in source file ip/fifo_2_24.v
    Info (12023): Found entity 1: fifo_2_24 File: C:/Users/avery/ece554/autotune/rtl/ip/fifo_2_24.v Line: 40
Info (12021): Found 1 design units, including 1 entities, in source file ip/fifo_2_16.v
    Info (12023): Found entity 1: fifo_2_16 File: C:/Users/avery/ece554/autotune/rtl/ip/fifo_2_16.v Line: 40
Info (12021): Found 1 design units, including 1 entities, in source file i2s_transmitter.sv
    Info (12023): Found entity 1: i2s_transmitter File: C:/Users/avery/ece554/autotune/rtl/i2s_transmitter.sv Line: 1
Info (12021): Found 1 design units, including 1 entities, in source file i2s_receiver.sv
    Info (12023): Found entity 1: i2s_receiver File: C:/Users/avery/ece554/autotune/rtl/i2s_receiver.sv Line: 1
Info (12021): Found 2 design units, including 2 entities, in source file i2c_master.sv
    Info (12023): Found entity 1: i2c_master File: C:/Users/avery/ece554/autotune/rtl/i2c_master.sv Line: 3
    Info (12023): Found entity 2: byte_writer File: C:/Users/avery/ece554/autotune/rtl/i2c_master.sv Line: 160
Info (12021): Found 1 design units, including 1 entities, in source file codec_fsm.sv
    Info (12023): Found entity 1: codec_fsm File: C:/Users/avery/ece554/autotune/rtl/codec_fsm.sv Line: 2
Info (12021): Found 1 design units, including 1 entities, in source file byte_writer_tb.sv
    Info (12023): Found entity 1: byte_writer_tb File: C:/Users/avery/ece554/autotune/rtl/byte_writer_tb.sv Line: 3
Info (12021): Found 1 design units, including 1 entities, in source file bin_to_bcd.sv
    Info (12023): Found entity 1: bin_to_bcd File: C:/Users/avery/ece554/autotune/rtl/bin_to_bcd.sv Line: 1
Info (12021): Found 1 design units, including 1 entities, in source file autotune.sv
    Info (12023): Found entity 1: autotune File: C:/Users/avery/ece554/autotune/rtl/autotune.sv Line: 6
Info (12021): Found 1 design units, including 1 entities, in source file audio_cntrl.sv
    Info (12023): Found entity 1: audio_cntrl File: C:/Users/avery/ece554/autotune/rtl/audio_cntrl.sv Line: 1
Info (12021): Found 1 design units, including 1 entities, in source file audio_clk_gen.sv
    Info (12023): Found entity 1: audio_clk_gen File: C:/Users/avery/ece554/autotune/rtl/audio_clk_gen.sv Line: 3
Warning (10236): Verilog HDL Implicit Net warning at audio_clk_gen.sv(17): created implicit net for "i_i_rst" File: C:/Users/avery/ece554/autotune/rtl/audio_clk_gen.sv Line: 17
Warning (10236): Verilog HDL Implicit Net warning at audio_clk_gen.sv(25): created implicit net for "i_i_rst" File: C:/Users/avery/ece554/autotune/rtl/audio_clk_gen.sv Line: 25
Critical Warning (10846): Verilog HDL Instantiation warning at audio_cntrl.sv(70): instance has no name File: C:/Users/avery/ece554/autotune/rtl/audio_cntrl.sv Line: 70
Critical Warning (10846): Verilog HDL Instantiation warning at audio_cntrl.sv(84): instance has no name File: C:/Users/avery/ece554/autotune/rtl/audio_cntrl.sv Line: 84
Critical Warning (10846): Verilog HDL Instantiation warning at audio_cntrl.sv(102): instance has no name File: C:/Users/avery/ece554/autotune/rtl/audio_cntrl.sv Line: 102
Critical Warning (10846): Verilog HDL Instantiation warning at audio_cntrl.sv(116): instance has no name File: C:/Users/avery/ece554/autotune/rtl/audio_cntrl.sv Line: 116
Critical Warning (10846): Verilog HDL Instantiation warning at audio_clk_gen.sv(20): instance has no name File: C:/Users/avery/ece554/autotune/rtl/audio_clk_gen.sv Line: 20
Critical Warning (10846): Verilog HDL Instantiation warning at audio_clk_gen.sv(28): instance has no name File: C:/Users/avery/ece554/autotune/rtl/audio_clk_gen.sv Line: 28
Info (12127): Elaborating entity "autotune" for the top level hierarchy
Warning (10034): Output port "HEX0" at autotune.sv(46) has no driver File: C:/Users/avery/ece554/autotune/rtl/autotune.sv Line: 46
Warning (10034): Output port "HEX1" at autotune.sv(47) has no driver File: C:/Users/avery/ece554/autotune/rtl/autotune.sv Line: 47
Warning (10034): Output port "HEX2" at autotune.sv(48) has no driver File: C:/Users/avery/ece554/autotune/rtl/autotune.sv Line: 48
Warning (10034): Output port "HEX3" at autotune.sv(49) has no driver File: C:/Users/avery/ece554/autotune/rtl/autotune.sv Line: 49
Warning (10034): Output port "HEX4" at autotune.sv(50) has no driver File: C:/Users/avery/ece554/autotune/rtl/autotune.sv Line: 50
Warning (10034): Output port "HEX5" at autotune.sv(51) has no driver File: C:/Users/avery/ece554/autotune/rtl/autotune.sv Line: 51
Warning (10034): Output port "LEDR[8..7]" at autotune.sv(61) has no driver File: C:/Users/avery/ece554/autotune/rtl/autotune.sv Line: 61
Warning (10034): Output port "LEDR[5..4]" at autotune.sv(61) has no driver File: C:/Users/avery/ece554/autotune/rtl/autotune.sv Line: 61
Info (12128): Elaborating entity "audio_cntrl" for hierarchy "audio_cntrl:audio_cntrl" File: C:/Users/avery/ece554/autotune/rtl/autotune.sv Line: 151
Warning (10034): Output port "o_write_full" at audio_cntrl.sv(13) has no driver File: C:/Users/avery/ece554/autotune/rtl/audio_cntrl.sv Line: 13
Info (12128): Elaborating entity "fifo_2_16" for hierarchy "audio_cntrl:audio_cntrl|fifo_2_16:comb_3" File: C:/Users/avery/ece554/autotune/rtl/audio_cntrl.sv Line: 84
Info (12128): Elaborating entity "dcfifo" for hierarchy "audio_cntrl:audio_cntrl|fifo_2_16:comb_3|dcfifo:dcfifo_component" File: C:/Users/avery/ece554/autotune/rtl/ip/fifo_2_16.v Line: 89
Info (12130): Elaborated megafunction instantiation "audio_cntrl:audio_cntrl|fifo_2_16:comb_3|dcfifo:dcfifo_component" File: C:/Users/avery/ece554/autotune/rtl/ip/fifo_2_16.v Line: 89
Info (12133): Instantiated megafunction "audio_cntrl:audio_cntrl|fifo_2_16:comb_3|dcfifo:dcfifo_component" with the following parameter: File: C:/Users/avery/ece554/autotune/rtl/ip/fifo_2_16.v Line: 89
    Info (12134): Parameter "intended_device_family" = "Cyclone V"
    Info (12134): Parameter "lpm_numwords" = "8"
    Info (12134): Parameter "lpm_showahead" = "OFF"
    Info (12134): Parameter "lpm_type" = "dcfifo"
    Info (12134): Parameter "lpm_width" = "32"
    Info (12134): Parameter "lpm_widthu" = "3"
    Info (12134): Parameter "overflow_checking" = "ON"
    Info (12134): Parameter "rdsync_delaypipe" = "4"
    Info (12134): Parameter "read_aclr_synch" = "OFF"
    Info (12134): Parameter "underflow_checking" = "ON"
    Info (12134): Parameter "use_eab" = "ON"
    Info (12134): Parameter "write_aclr_synch" = "OFF"
    Info (12134): Parameter "wrsync_delaypipe" = "4"
Info (12021): Found 1 design units, including 1 entities, in source file db/dcfifo_a3q1.tdf
    Info (12023): Found entity 1: dcfifo_a3q1 File: C:/Users/avery/ece554/autotune/rtl/db/dcfifo_a3q1.tdf Line: 37
Info (12128): Elaborating entity "dcfifo_a3q1" for hierarchy "audio_cntrl:audio_cntrl|fifo_2_16:comb_3|dcfifo:dcfifo_component|dcfifo_a3q1:auto_generated" File: c:/altera_lite/25.1std/quartus/libraries/megafunctions/dcfifo.tdf Line: 191
Info (12021): Found 1 design units, including 1 entities, in source file db/a_graycounter_au6.tdf
    Info (12023): Found entity 1: a_graycounter_au6 File: C:/Users/avery/ece554/autotune/rtl/db/a_graycounter_au6.tdf Line: 25
Info (12128): Elaborating entity "a_graycounter_au6" for hierarchy "audio_cntrl:audio_cntrl|fifo_2_16:comb_3|dcfifo:dcfifo_component|dcfifo_a3q1:auto_generated|a_graycounter_au6:rdptr_g1p" File: C:/Users/avery/ece554/autotune/rtl/db/dcfifo_a3q1.tdf Line: 50
Info (12021): Found 1 design units, including 1 entities, in source file db/a_graycounter_6cc.tdf
    Info (12023): Found entity 1: a_graycounter_6cc File: C:/Users/avery/ece554/autotune/rtl/db/a_graycounter_6cc.tdf Line: 25
Info (12128): Elaborating entity "a_graycounter_6cc" for hierarchy "audio_cntrl:audio_cntrl|fifo_2_16:comb_3|dcfifo:dcfifo_component|dcfifo_a3q1:auto_generated|a_graycounter_6cc:wrptr_g1p" File: C:/Users/avery/ece554/autotune/rtl/db/dcfifo_a3q1.tdf Line: 51
Info (12021): Found 1 design units, including 1 entities, in source file db/altsyncram_o5d1.tdf
    Info (12023): Found entity 1: altsyncram_o5d1 File: C:/Users/avery/ece554/autotune/rtl/db/altsyncram_o5d1.tdf Line: 28
Info (12128): Elaborating entity "altsyncram_o5d1" for hierarchy "audio_cntrl:audio_cntrl|fifo_2_16:comb_3|dcfifo:dcfifo_component|dcfifo_a3q1:auto_generated|altsyncram_o5d1:fifo_ram" File: C:/Users/avery/ece554/autotune/rtl/db/dcfifo_a3q1.tdf Line: 52
Info (12021): Found 1 design units, including 1 entities, in source file db/alt_synch_pipe_tnl.tdf
    Info (12023): Found entity 1: alt_synch_pipe_tnl File: C:/Users/avery/ece554/autotune/rtl/db/alt_synch_pipe_tnl.tdf Line: 27
Info (12128): Elaborating entity "alt_synch_pipe_tnl" for hierarchy "audio_cntrl:audio_cntrl|fifo_2_16:comb_3|dcfifo:dcfifo_component|dcfifo_a3q1:auto_generated|alt_synch_pipe_tnl:rs_dgwp" File: C:/Users/avery/ece554/autotune/rtl/db/dcfifo_a3q1.tdf Line: 59
Info (12021): Found 1 design units, including 1 entities, in source file db/dffpipe_ed9.tdf
    Info (12023): Found entity 1: dffpipe_ed9 File: C:/Users/avery/ece554/autotune/rtl/db/dffpipe_ed9.tdf Line: 25
Info (12128): Elaborating entity "dffpipe_ed9" for hierarchy "audio_cntrl:audio_cntrl|fifo_2_16:comb_3|dcfifo:dcfifo_component|dcfifo_a3q1:auto_generated|alt_synch_pipe_tnl:rs_dgwp|dffpipe_ed9:dffpipe6" File: C:/Users/avery/ece554/autotune/rtl/db/alt_synch_pipe_tnl.tdf Line: 35
Info (12021): Found 1 design units, including 1 entities, in source file db/alt_synch_pipe_unl.tdf
    Info (12023): Found entity 1: alt_synch_pipe_unl File: C:/Users/avery/ece554/autotune/rtl/db/alt_synch_pipe_unl.tdf Line: 27
Info (12128): Elaborating entity "alt_synch_pipe_unl" for hierarchy "audio_cntrl:audio_cntrl|fifo_2_16:comb_3|dcfifo:dcfifo_component|dcfifo_a3q1:auto_generated|alt_synch_pipe_unl:ws_dgrp" File: C:/Users/avery/ece554/autotune/rtl/db/dcfifo_a3q1.tdf Line: 60
Info (12021): Found 1 design units, including 1 entities, in source file db/dffpipe_fd9.tdf
    Info (12023): Found entity 1: dffpipe_fd9 File: C:/Users/avery/ece554/autotune/rtl/db/dffpipe_fd9.tdf Line: 25
Info (12128): Elaborating entity "dffpipe_fd9" for hierarchy "audio_cntrl:audio_cntrl|fifo_2_16:comb_3|dcfifo:dcfifo_component|dcfifo_a3q1:auto_generated|alt_synch_pipe_unl:ws_dgrp|dffpipe_fd9:dffpipe9" File: C:/Users/avery/ece554/autotune/rtl/db/alt_synch_pipe_unl.tdf Line: 35
Info (12021): Found 1 design units, including 1 entities, in source file db/cmpr_su5.tdf
    Info (12023): Found entity 1: cmpr_su5 File: C:/Users/avery/ece554/autotune/rtl/db/cmpr_su5.tdf Line: 23
Info (12128): Elaborating entity "cmpr_su5" for hierarchy "audio_cntrl:audio_cntrl|fifo_2_16:comb_3|dcfifo:dcfifo_component|dcfifo_a3q1:auto_generated|cmpr_su5:rdempty_eq_comp" File: C:/Users/avery/ece554/autotune/rtl/db/dcfifo_a3q1.tdf Line: 61
Info (12128): Elaborating entity "audio_clk_gen" for hierarchy "audio_cntrl:audio_cntrl|audio_clk_gen:iCLKGEN" File: C:/Users/avery/ece554/autotune/rtl/audio_cntrl.sv Line: 130
Info (12128): Elaborating entity "pll_mult_16_bit" for hierarchy "audio_cntrl:audio_cntrl|audio_clk_gen:iCLKGEN|pll_mult_16_bit:comb_3" File: C:/Users/avery/ece554/autotune/rtl/audio_clk_gen.sv Line: 28
Info (12128): Elaborating entity "altera_pll" for hierarchy "audio_cntrl:audio_cntrl|audio_clk_gen:iCLKGEN|pll_mult_16_bit:comb_3|altera_pll:altera_pll_i" File: C:/Users/avery/ece554/autotune/rtl/ip/pll_mult_16_bit.v Line: 88
Info (10008): Verilog HDL or VHDL information: EDA Netlist Writer cannot regroup multidimensional array "wire_to_nowhere_64" into its bus
Info (12130): Elaborated megafunction instantiation "audio_cntrl:audio_cntrl|audio_clk_gen:iCLKGEN|pll_mult_16_bit:comb_3|altera_pll:altera_pll_i" File: C:/Users/avery/ece554/autotune/rtl/ip/pll_mult_16_bit.v Line: 88
Info (12133): Instantiated megafunction "audio_cntrl:audio_cntrl|audio_clk_gen:iCLKGEN|pll_mult_16_bit:comb_3|altera_pll:altera_pll_i" with the following parameter: File: C:/Users/avery/ece554/autotune/rtl/ip/pll_mult_16_bit.v Line: 88
    Info (12134): Parameter "fractional_vco_multiplier" = "true"
    Info (12134): Parameter "reference_clock_frequency" = "50.0 MHz"
    Info (12134): Parameter "operation_mode" = "direct"
    Info (12134): Parameter "number_of_clocks" = "2"
    Info (12134): Parameter "output_clock_frequency0" = "12.288000 MHz"
    Info (12134): Parameter "phase_shift0" = "0 ps"
    Info (12134): Parameter "duty_cycle0" = "50"
    Info (12134): Parameter "output_clock_frequency1" = "1.536000 MHz"
    Info (12134): Parameter "phase_shift1" = "0 ps"
    Info (12134): Parameter "duty_cycle1" = "50"
    Info (12134): Parameter "output_clock_frequency2" = "0 MHz"
    Info (12134): Parameter "phase_shift2" = "0 ps"
    Info (12134): Parameter "duty_cycle2" = "50"
    Info (12134): Parameter "output_clock_frequency3" = "0 MHz"
    Info (12134): Parameter "phase_shift3" = "0 ps"
    Info (12134): Parameter "duty_cycle3" = "50"
    Info (12134): Parameter "output_clock_frequency4" = "0 MHz"
    Info (12134): Parameter "phase_shift4" = "0 ps"
    Info (12134): Parameter "duty_cycle4" = "50"
    Info (12134): Parameter "output_clock_frequency5" = "0 MHz"
    Info (12134): Parameter "phase_shift5" = "0 ps"
    Info (12134): Parameter "duty_cycle5" = "50"
    Info (12134): Parameter "output_clock_frequency6" = "0 MHz"
    Info (12134): Parameter "phase_shift6" = "0 ps"
    Info (12134): Parameter "duty_cycle6" = "50"
    Info (12134): Parameter "output_clock_frequency7" = "0 MHz"
    Info (12134): Parameter "phase_shift7" = "0 ps"
    Info (12134): Parameter "duty_cycle7" = "50"
    Info (12134): Parameter "output_clock_frequency8" = "0 MHz"
    Info (12134): Parameter "phase_shift8" = "0 ps"
    Info (12134): Parameter "duty_cycle8" = "50"
    Info (12134): Parameter "output_clock_frequency9" = "0 MHz"
    Info (12134): Parameter "phase_shift9" = "0 ps"
    Info (12134): Parameter "duty_cycle9" = "50"
    Info (12134): Parameter "output_clock_frequency10" = "0 MHz"
    Info (12134): Parameter "phase_shift10" = "0 ps"
    Info (12134): Parameter "duty_cycle10" = "50"
    Info (12134): Parameter "output_clock_frequency11" = "0 MHz"
    Info (12134): Parameter "phase_shift11" = "0 ps"
    Info (12134): Parameter "duty_cycle11" = "50"
    Info (12134): Parameter "output_clock_frequency12" = "0 MHz"
    Info (12134): Parameter "phase_shift12" = "0 ps"
    Info (12134): Parameter "duty_cycle12" = "50"
    Info (12134): Parameter "output_clock_frequency13" = "0 MHz"
    Info (12134): Parameter "phase_shift13" = "0 ps"
    Info (12134): Parameter "duty_cycle13" = "50"
    Info (12134): Parameter "output_clock_frequency14" = "0 MHz"
    Info (12134): Parameter "phase_shift14" = "0 ps"
    Info (12134): Parameter "duty_cycle14" = "50"
    Info (12134): Parameter "output_clock_frequency15" = "0 MHz"
    Info (12134): Parameter "phase_shift15" = "0 ps"
    Info (12134): Parameter "duty_cycle15" = "50"
    Info (12134): Parameter "output_clock_frequency16" = "0 MHz"
    Info (12134): Parameter "phase_shift16" = "0 ps"
    Info (12134): Parameter "duty_cycle16" = "50"
    Info (12134): Parameter "output_clock_frequency17" = "0 MHz"
    Info (12134): Parameter "phase_shift17" = "0 ps"
    Info (12134): Parameter "duty_cycle17" = "50"
    Info (12134): Parameter "pll_type" = "General"
    Info (12134): Parameter "pll_subtype" = "General"
Info (12128): Elaborating entity "i2s_receiver" for hierarchy "audio_cntrl:audio_cntrl|i2s_receiver:iI2S_REC" File: C:/Users/avery/ece554/autotune/rtl/audio_cntrl.sv Line: 148
Warning (10230): Verilog HDL assignment warning at i2s_receiver.sv(55): truncated value with size 32 to match size of target (5) File: C:/Users/avery/ece554/autotune/rtl/i2s_receiver.sv Line: 55
Info (12128): Elaborating entity "i2s_transmitter" for hierarchy "audio_cntrl:audio_cntrl|i2s_transmitter:iI2S_TRANS" File: C:/Users/avery/ece554/autotune/rtl/audio_cntrl.sv Line: 163
Info (12128): Elaborating entity "codec_fsm" for hierarchy "audio_cntrl:audio_cntrl|codec_fsm:iCONFIG" File: C:/Users/avery/ece554/autotune/rtl/audio_cntrl.sv Line: 180
Warning (10030): Net "REGISTER_DATA.data_a" at codec_fsm.sv(161) has no driver or initial value, using a default initial value '0' File: C:/Users/avery/ece554/autotune/rtl/codec_fsm.sv Line: 161
Warning (10030): Net "REGISTER_DATA.waddr_a" at codec_fsm.sv(161) has no driver or initial value, using a default initial value '0' File: C:/Users/avery/ece554/autotune/rtl/codec_fsm.sv Line: 161
Warning (10030): Net "REGISTER_ADDR.data_a" at codec_fsm.sv(174) has no driver or initial value, using a default initial value '0' File: C:/Users/avery/ece554/autotune/rtl/codec_fsm.sv Line: 174
Warning (10030): Net "REGISTER_ADDR.waddr_a" at codec_fsm.sv(174) has no driver or initial value, using a default initial value '0' File: C:/Users/avery/ece554/autotune/rtl/codec_fsm.sv Line: 174
Warning (10030): Net "REGISTER_DATA.we_a" at codec_fsm.sv(161) has no driver or initial value, using a default initial value '0' File: C:/Users/avery/ece554/autotune/rtl/codec_fsm.sv Line: 161
Warning (10030): Net "REGISTER_ADDR.we_a" at codec_fsm.sv(174) has no driver or initial value, using a default initial value '0' File: C:/Users/avery/ece554/autotune/rtl/codec_fsm.sv Line: 174
Info (12128): Elaborating entity "i2c_master" for hierarchy "audio_cntrl:audio_cntrl|i2c_master:iI2C" File: C:/Users/avery/ece554/autotune/rtl/audio_cntrl.sv Line: 198
Warning (10230): Verilog HDL assignment warning at i2c_master.sv(34): truncated value with size 32 to match size of target (9) File: C:/Users/avery/ece554/autotune/rtl/i2c_master.sv Line: 34
Warning (10230): Verilog HDL assignment warning at i2c_master.sv(46): truncated value with size 32 to match size of target (9) File: C:/Users/avery/ece554/autotune/rtl/i2c_master.sv Line: 46
Warning (10230): Verilog HDL assignment warning at i2c_master.sv(111): truncated value with size 32 to match size of target (2) File: C:/Users/avery/ece554/autotune/rtl/i2c_master.sv Line: 111
Info (12128): Elaborating entity "byte_writer" for hierarchy "audio_cntrl:audio_cntrl|i2c_master:iI2C|byte_writer:writer" File: C:/Users/avery/ece554/autotune/rtl/i2c_master.sv Line: 151
Warning (10230): Verilog HDL assignment warning at i2c_master.sv(172): truncated value with size 32 to match size of target (9) File: C:/Users/avery/ece554/autotune/rtl/i2c_master.sv Line: 172
Warning (10230): Verilog HDL assignment warning at i2c_master.sv(185): truncated value with size 32 to match size of target (9) File: C:/Users/avery/ece554/autotune/rtl/i2c_master.sv Line: 185
Warning (10230): Verilog HDL assignment warning at i2c_master.sv(239): truncated value with size 32 to match size of target (3) File: C:/Users/avery/ece554/autotune/rtl/i2c_master.sv Line: 239
Info (12128): Elaborating entity "vad" for hierarchy "vad:dut" File: C:/Users/avery/ece554/autotune/rtl/autotune.sv Line: 193
Info (276014): Found 2 instances of uninferred RAM logic
    Info (276004): RAM logic "audio_cntrl:audio_cntrl|codec_fsm:iCONFIG|REGISTER_DATA" is uninferred due to inappropriate RAM size File: C:/Users/avery/ece554/autotune/rtl/codec_fsm.sv Line: 161
    Info (276004): RAM logic "audio_cntrl:audio_cntrl|codec_fsm:iCONFIG|REGISTER_ADDR" is uninferred due to inappropriate RAM size File: C:/Users/avery/ece554/autotune/rtl/codec_fsm.sv Line: 174
Critical Warning (127005): Memory depth (16) in the design file differs from memory depth (10) in the Memory Initialization File "C:/Users/avery/ece554/autotune/rtl/db/autotune.ram0_codec_fsm_7fd34321.hdl.mif" -- setting initial value for remaining addresses to 0
Critical Warning (127005): Memory depth (16) in the design file differs from memory depth (10) in the Memory Initialization File "C:/Users/avery/ece554/autotune/rtl/db/autotune.ram1_codec_fsm_7fd34321.hdl.mif" -- setting initial value for remaining addresses to 0
Warning (12241): 4 hierarchies have connectivity warnings - see the Connectivity Checks report folder
Warning (13034): The following nodes have both tri-state and non-tri-state drivers
    Warning (13035): Inserted always-enabled tri-state buffer between "AUD_ADCLRCK" and its non-tri-state driver. File: C:/Users/avery/ece554/autotune/rtl/autotune.sv Line: 16
    Warning (13035): Inserted always-enabled tri-state buffer between "AUD_BCLK" and its non-tri-state driver. File: C:/Users/avery/ece554/autotune/rtl/autotune.sv Line: 17
    Warning (13035): Inserted always-enabled tri-state buffer between "AUD_DACLRCK" and its non-tri-state driver. File: C:/Users/avery/ece554/autotune/rtl/autotune.sv Line: 19
Warning (13039): The following bidirectional pins have no drivers
    Warning (13040): bidirectional pin "DRAM_DQ[0]" has no driver File: C:/Users/avery/ece554/autotune/rtl/autotune.sv Line: 35
    Warning (13040): bidirectional pin "DRAM_DQ[1]" has no driver File: C:/Users/avery/ece554/autotune/rtl/autotune.sv Line: 35
    Warning (13040): bidirectional pin "DRAM_DQ[2]" has no driver File: C:/Users/avery/ece554/autotune/rtl/autotune.sv Line: 35
    Warning (13040): bidirectional pin "DRAM_DQ[3]" has no driver File: C:/Users/avery/ece554/autotune/rtl/autotune.sv Line: 35
    Warning (13040): bidirectional pin "DRAM_DQ[4]" has no driver File: C:/Users/avery/ece554/autotune/rtl/autotune.sv Line: 35
    Warning (13040): bidirectional pin "DRAM_DQ[5]" has no driver File: C:/Users/avery/ece554/autotune/rtl/autotune.sv Line: 35
    Warning (13040): bidirectional pin "DRAM_DQ[6]" has no driver File: C:/Users/avery/ece554/autotune/rtl/autotune.sv Line: 35
    Warning (13040): bidirectional pin "DRAM_DQ[7]" has no driver File: C:/Users/avery/ece554/autotune/rtl/autotune.sv Line: 35
    Warning (13040): bidirectional pin "DRAM_DQ[8]" has no driver File: C:/Users/avery/ece554/autotune/rtl/autotune.sv Line: 35
    Warning (13040): bidirectional pin "DRAM_DQ[9]" has no driver File: C:/Users/avery/ece554/autotune/rtl/autotune.sv Line: 35
    Warning (13040): bidirectional pin "DRAM_DQ[10]" has no driver File: C:/Users/avery/ece554/autotune/rtl/autotune.sv Line: 35
    Warning (13040): bidirectional pin "DRAM_DQ[11]" has no driver File: C:/Users/avery/ece554/autotune/rtl/autotune.sv Line: 35
    Warning (13040): bidirectional pin "DRAM_DQ[12]" has no driver File: C:/Users/avery/ece554/autotune/rtl/autotune.sv Line: 35
    Warning (13040): bidirectional pin "DRAM_DQ[13]" has no driver File: C:/Users/avery/ece554/autotune/rtl/autotune.sv Line: 35
    Warning (13040): bidirectional pin "DRAM_DQ[14]" has no driver File: C:/Users/avery/ece554/autotune/rtl/autotune.sv Line: 35
    Warning (13040): bidirectional pin "DRAM_DQ[15]" has no driver File: C:/Users/avery/ece554/autotune/rtl/autotune.sv Line: 35
    Warning (13040): bidirectional pin "PS2_CLK" has no driver File: C:/Users/avery/ece554/autotune/rtl/autotune.sv Line: 64
    Warning (13040): bidirectional pin "PS2_CLK2" has no driver File: C:/Users/avery/ece554/autotune/rtl/autotune.sv Line: 65
    Warning (13040): bidirectional pin "PS2_DAT" has no driver File: C:/Users/avery/ece554/autotune/rtl/autotune.sv Line: 66
    Warning (13040): bidirectional pin "PS2_DAT2" has no driver File: C:/Users/avery/ece554/autotune/rtl/autotune.sv Line: 67
Warning (13009): TRI or OPNDRN buffers permanently enabled
    Warning (13010): Node "AUD_ADCLRCK~synth" File: C:/Users/avery/ece554/autotune/rtl/autotune.sv Line: 16
    Warning (13010): Node "AUD_BCLK~synth" File: C:/Users/avery/ece554/autotune/rtl/autotune.sv Line: 17
    Warning (13010): Node "AUD_DACLRCK~synth" File: C:/Users/avery/ece554/autotune/rtl/autotune.sv Line: 19
Warning (13024): Output pins are stuck at VCC or GND
    Warning (13410): Pin "ADC_CONVST" is stuck at GND File: C:/Users/avery/ece554/autotune/rtl/autotune.sv Line: 9
    Warning (13410): Pin "ADC_DIN" is stuck at GND File: C:/Users/avery/ece554/autotune/rtl/autotune.sv Line: 10
    Warning (13410): Pin "ADC_SCLK" is stuck at GND File: C:/Users/avery/ece554/autotune/rtl/autotune.sv Line: 12
    Warning (13410): Pin "DRAM_ADDR[0]" is stuck at GND File: C:/Users/avery/ece554/autotune/rtl/autotune.sv Line: 29
    Warning (13410): Pin "DRAM_ADDR[1]" is stuck at GND File: C:/Users/avery/ece554/autotune/rtl/autotune.sv Line: 29
    Warning (13410): Pin "DRAM_ADDR[2]" is stuck at GND File: C:/Users/avery/ece554/autotune/rtl/autotune.sv Line: 29
    Warning (13410): Pin "DRAM_ADDR[3]" is stuck at GND File: C:/Users/avery/ece554/autotune/rtl/autotune.sv Line: 29
    Warning (13410): Pin "DRAM_ADDR[4]" is stuck at GND File: C:/Users/avery/ece554/autotune/rtl/autotune.sv Line: 29
    Warning (13410): Pin "DRAM_ADDR[5]" is stuck at GND File: C:/Users/avery/ece554/autotune/rtl/autotune.sv Line: 29
    Warning (13410): Pin "DRAM_ADDR[6]" is stuck at GND File: C:/Users/avery/ece554/autotune/rtl/autotune.sv Line: 29
    Warning (13410): Pin "DRAM_ADDR[7]" is stuck at GND File: C:/Users/avery/ece554/autotune/rtl/autotune.sv Line: 29
    Warning (13410): Pin "DRAM_ADDR[8]" is stuck at GND File: C:/Users/avery/ece554/autotune/rtl/autotune.sv Line: 29
    Warning (13410): Pin "DRAM_ADDR[9]" is stuck at GND File: C:/Users/avery/ece554/autotune/rtl/autotune.sv Line: 29
    Warning (13410): Pin "DRAM_ADDR[10]" is stuck at GND File: C:/Users/avery/ece554/autotune/rtl/autotune.sv Line: 29
    Warning (13410): Pin "DRAM_ADDR[11]" is stuck at GND File: C:/Users/avery/ece554/autotune/rtl/autotune.sv Line: 29
    Warning (13410): Pin "DRAM_ADDR[12]" is stuck at GND File: C:/Users/avery/ece554/autotune/rtl/autotune.sv Line: 29
    Warning (13410): Pin "DRAM_BA[0]" is stuck at GND File: C:/Users/avery/ece554/autotune/rtl/autotune.sv Line: 30
    Warning (13410): Pin "DRAM_BA[1]" is stuck at GND File: C:/Users/avery/ece554/autotune/rtl/autotune.sv Line: 30
    Warning (13410): Pin "DRAM_CAS_N" is stuck at VCC File: C:/Users/avery/ece554/autotune/rtl/autotune.sv Line: 31
    Warning (13410): Pin "DRAM_CKE" is stuck at GND File: C:/Users/avery/ece554/autotune/rtl/autotune.sv Line: 32
    Warning (13410): Pin "DRAM_CLK" is stuck at GND File: C:/Users/avery/ece554/autotune/rtl/autotune.sv Line: 33
    Warning (13410): Pin "DRAM_CS_N" is stuck at VCC File: C:/Users/avery/ece554/autotune/rtl/autotune.sv Line: 34
    Warning (13410): Pin "DRAM_LDQM" is stuck at GND File: C:/Users/avery/ece554/autotune/rtl/autotune.sv Line: 36
    Warning (13410): Pin "DRAM_RAS_N" is stuck at VCC File: C:/Users/avery/ece554/autotune/rtl/autotune.sv Line: 37
    Warning (13410): Pin "DRAM_UDQM" is stuck at GND File: C:/Users/avery/ece554/autotune/rtl/autotune.sv Line: 38
    Warning (13410): Pin "DRAM_WE_N" is stuck at VCC File: C:/Users/avery/ece554/autotune/rtl/autotune.sv Line: 39
    Warning (13410): Pin "HEX0[0]" is stuck at GND File: C:/Users/avery/ece554/autotune/rtl/autotune.sv Line: 46
    Warning (13410): Pin "HEX0[1]" is stuck at GND File: C:/Users/avery/ece554/autotune/rtl/autotune.sv Line: 46
    Warning (13410): Pin "HEX0[2]" is stuck at GND File: C:/Users/avery/ece554/autotune/rtl/autotune.sv Line: 46
    Warning (13410): Pin "HEX0[3]" is stuck at GND File: C:/Users/avery/ece554/autotune/rtl/autotune.sv Line: 46
    Warning (13410): Pin "HEX0[4]" is stuck at GND File: C:/Users/avery/ece554/autotune/rtl/autotune.sv Line: 46
    Warning (13410): Pin "HEX0[5]" is stuck at GND File: C:/Users/avery/ece554/autotune/rtl/autotune.sv Line: 46
    Warning (13410): Pin "HEX0[6]" is stuck at GND File: C:/Users/avery/ece554/autotune/rtl/autotune.sv Line: 46
    Warning (13410): Pin "HEX1[0]" is stuck at GND File: C:/Users/avery/ece554/autotune/rtl/autotune.sv Line: 47
    Warning (13410): Pin "HEX1[1]" is stuck at GND File: C:/Users/avery/ece554/autotune/rtl/autotune.sv Line: 47
    Warning (13410): Pin "HEX1[2]" is stuck at GND File: C:/Users/avery/ece554/autotune/rtl/autotune.sv Line: 47
    Warning (13410): Pin "HEX1[3]" is stuck at GND File: C:/Users/avery/ece554/autotune/rtl/autotune.sv Line: 47
    Warning (13410): Pin "HEX1[4]" is stuck at GND File: C:/Users/avery/ece554/autotune/rtl/autotune.sv Line: 47
    Warning (13410): Pin "HEX1[5]" is stuck at GND File: C:/Users/avery/ece554/autotune/rtl/autotune.sv Line: 47
    Warning (13410): Pin "HEX1[6]" is stuck at GND File: C:/Users/avery/ece554/autotune/rtl/autotune.sv Line: 47
    Warning (13410): Pin "HEX2[0]" is stuck at GND File: C:/Users/avery/ece554/autotune/rtl/autotune.sv Line: 48
    Warning (13410): Pin "HEX2[1]" is stuck at GND File: C:/Users/avery/ece554/autotune/rtl/autotune.sv Line: 48
    Warning (13410): Pin "HEX2[2]" is stuck at GND File: C:/Users/avery/ece554/autotune/rtl/autotune.sv Line: 48
    Warning (13410): Pin "HEX2[3]" is stuck at GND File: C:/Users/avery/ece554/autotune/rtl/autotune.sv Line: 48
    Warning (13410): Pin "HEX2[4]" is stuck at GND File: C:/Users/avery/ece554/autotune/rtl/autotune.sv Line: 48
    Warning (13410): Pin "HEX2[5]" is stuck at GND File: C:/Users/avery/ece554/autotune/rtl/autotune.sv Line: 48
    Warning (13410): Pin "HEX2[6]" is stuck at GND File: C:/Users/avery/ece554/autotune/rtl/autotune.sv Line: 48
    Warning (13410): Pin "HEX3[0]" is stuck at GND File: C:/Users/avery/ece554/autotune/rtl/autotune.sv Line: 49
    Warning (13410): Pin "HEX3[1]" is stuck at GND File: C:/Users/avery/ece554/autotune/rtl/autotune.sv Line: 49
    Warning (13410): Pin "HEX3[2]" is stuck at GND File: C:/Users/avery/ece554/autotune/rtl/autotune.sv Line: 49
    Warning (13410): Pin "HEX3[3]" is stuck at GND File: C:/Users/avery/ece554/autotune/rtl/autotune.sv Line: 49
    Warning (13410): Pin "HEX3[4]" is stuck at GND File: C:/Users/avery/ece554/autotune/rtl/autotune.sv Line: 49
    Warning (13410): Pin "HEX3[5]" is stuck at GND File: C:/Users/avery/ece554/autotune/rtl/autotune.sv Line: 49
    Warning (13410): Pin "HEX3[6]" is stuck at GND File: C:/Users/avery/ece554/autotune/rtl/autotune.sv Line: 49
    Warning (13410): Pin "HEX4[0]" is stuck at GND File: C:/Users/avery/ece554/autotune/rtl/autotune.sv Line: 50
    Warning (13410): Pin "HEX4[1]" is stuck at GND File: C:/Users/avery/ece554/autotune/rtl/autotune.sv Line: 50
    Warning (13410): Pin "HEX4[2]" is stuck at GND File: C:/Users/avery/ece554/autotune/rtl/autotune.sv Line: 50
    Warning (13410): Pin "HEX4[3]" is stuck at GND File: C:/Users/avery/ece554/autotune/rtl/autotune.sv Line: 50
    Warning (13410): Pin "HEX4[4]" is stuck at GND File: C:/Users/avery/ece554/autotune/rtl/autotune.sv Line: 50
    Warning (13410): Pin "HEX4[5]" is stuck at GND File: C:/Users/avery/ece554/autotune/rtl/autotune.sv Line: 50
    Warning (13410): Pin "HEX4[6]" is stuck at GND File: C:/Users/avery/ece554/autotune/rtl/autotune.sv Line: 50
    Warning (13410): Pin "HEX5[0]" is stuck at GND File: C:/Users/avery/ece554/autotune/rtl/autotune.sv Line: 51
    Warning (13410): Pin "HEX5[1]" is stuck at GND File: C:/Users/avery/ece554/autotune/rtl/autotune.sv Line: 51
    Warning (13410): Pin "HEX5[2]" is stuck at GND File: C:/Users/avery/ece554/autotune/rtl/autotune.sv Line: 51
    Warning (13410): Pin "HEX5[3]" is stuck at GND File: C:/Users/avery/ece554/autotune/rtl/autotune.sv Line: 51
    Warning (13410): Pin "HEX5[4]" is stuck at GND File: C:/Users/avery/ece554/autotune/rtl/autotune.sv Line: 51
    Warning (13410): Pin "HEX5[5]" is stuck at GND File: C:/Users/avery/ece554/autotune/rtl/autotune.sv Line: 51
    Warning (13410): Pin "HEX5[6]" is stuck at GND File: C:/Users/avery/ece554/autotune/rtl/autotune.sv Line: 51
    Warning (13410): Pin "IRDA_TXD" is stuck at VCC File: C:/Users/avery/ece554/autotune/rtl/autotune.sv Line: 55
    Warning (13410): Pin "LEDR[3]" is stuck at GND File: C:/Users/avery/ece554/autotune/rtl/autotune.sv Line: 61
    Warning (13410): Pin "LEDR[4]" is stuck at GND File: C:/Users/avery/ece554/autotune/rtl/autotune.sv Line: 61
    Warning (13410): Pin "LEDR[5]" is stuck at GND File: C:/Users/avery/ece554/autotune/rtl/autotune.sv Line: 61
    Warning (13410): Pin "LEDR[7]" is stuck at GND File: C:/Users/avery/ece554/autotune/rtl/autotune.sv Line: 61
    Warning (13410): Pin "LEDR[8]" is stuck at GND File: C:/Users/avery/ece554/autotune/rtl/autotune.sv Line: 61
    Warning (13410): Pin "TD_RESET_N" is stuck at VCC File: C:/Users/avery/ece554/autotune/rtl/autotune.sv Line: 76
    Warning (13410): Pin "VGA_BLANK_N" is stuck at VCC File: C:/Users/avery/ece554/autotune/rtl/autotune.sv Line: 80
    Warning (13410): Pin "VGA_B[0]" is stuck at GND File: C:/Users/avery/ece554/autotune/rtl/autotune.sv Line: 81
    Warning (13410): Pin "VGA_B[1]" is stuck at GND File: C:/Users/avery/ece554/autotune/rtl/autotune.sv Line: 81
    Warning (13410): Pin "VGA_B[2]" is stuck at GND File: C:/Users/avery/ece554/autotune/rtl/autotune.sv Line: 81
    Warning (13410): Pin "VGA_B[3]" is stuck at GND File: C:/Users/avery/ece554/autotune/rtl/autotune.sv Line: 81
    Warning (13410): Pin "VGA_B[4]" is stuck at GND File: C:/Users/avery/ece554/autotune/rtl/autotune.sv Line: 81
    Warning (13410): Pin "VGA_B[5]" is stuck at GND File: C:/Users/avery/ece554/autotune/rtl/autotune.sv Line: 81
    Warning (13410): Pin "VGA_B[6]" is stuck at GND File: C:/Users/avery/ece554/autotune/rtl/autotune.sv Line: 81
    Warning (13410): Pin "VGA_B[7]" is stuck at GND File: C:/Users/avery/ece554/autotune/rtl/autotune.sv Line: 81
    Warning (13410): Pin "VGA_CLK" is stuck at GND File: C:/Users/avery/ece554/autotune/rtl/autotune.sv Line: 82
    Warning (13410): Pin "VGA_G[0]" is stuck at GND File: C:/Users/avery/ece554/autotune/rtl/autotune.sv Line: 83
    Warning (13410): Pin "VGA_G[1]" is stuck at GND File: C:/Users/avery/ece554/autotune/rtl/autotune.sv Line: 83
    Warning (13410): Pin "VGA_G[2]" is stuck at GND File: C:/Users/avery/ece554/autotune/rtl/autotune.sv Line: 83
    Warning (13410): Pin "VGA_G[3]" is stuck at GND File: C:/Users/avery/ece554/autotune/rtl/autotune.sv Line: 83
    Warning (13410): Pin "VGA_G[4]" is stuck at GND File: C:/Users/avery/ece554/autotune/rtl/autotune.sv Line: 83
    Warning (13410): Pin "VGA_G[5]" is stuck at GND File: C:/Users/avery/ece554/autotune/rtl/autotune.sv Line: 83
    Warning (13410): Pin "VGA_G[6]" is stuck at GND File: C:/Users/avery/ece554/autotune/rtl/autotune.sv Line: 83
    Warning (13410): Pin "VGA_G[7]" is stuck at GND File: C:/Users/avery/ece554/autotune/rtl/autotune.sv Line: 83
    Warning (13410): Pin "VGA_HS" is stuck at GND File: C:/Users/avery/ece554/autotune/rtl/autotune.sv Line: 84
    Warning (13410): Pin "VGA_R[0]" is stuck at GND File: C:/Users/avery/ece554/autotune/rtl/autotune.sv Line: 85
    Warning (13410): Pin "VGA_R[1]" is stuck at GND File: C:/Users/avery/ece554/autotune/rtl/autotune.sv Line: 85
    Warning (13410): Pin "VGA_R[2]" is stuck at GND File: C:/Users/avery/ece554/autotune/rtl/autotune.sv Line: 85
    Warning (13410): Pin "VGA_R[3]" is stuck at GND File: C:/Users/avery/ece554/autotune/rtl/autotune.sv Line: 85
    Warning (13410): Pin "VGA_R[4]" is stuck at GND File: C:/Users/avery/ece554/autotune/rtl/autotune.sv Line: 85
    Warning (13410): Pin "VGA_R[5]" is stuck at GND File: C:/Users/avery/ece554/autotune/rtl/autotune.sv Line: 85
    Warning (13410): Pin "VGA_R[6]" is stuck at GND File: C:/Users/avery/ece554/autotune/rtl/autotune.sv Line: 85
    Warning (13410): Pin "VGA_R[7]" is stuck at GND File: C:/Users/avery/ece554/autotune/rtl/autotune.sv Line: 85
    Warning (13410): Pin "VGA_SYNC_N" is stuck at VCC File: C:/Users/avery/ece554/autotune/rtl/autotune.sv Line: 86
    Warning (13410): Pin "VGA_VS" is stuck at GND File: C:/Users/avery/ece554/autotune/rtl/autotune.sv Line: 88
Info (286030): Timing-Driven Synthesis is running
Info (17049): 7 registers lost all their fanouts during netlist optimizations.
Info (144001): Generated suppressed messages file C:/Users/avery/ece554/autotune/rtl/autotune.map.smsg
Info (16010): Generating hard_block partition "hard_block:auto_generated_inst"
    Info (16011): Adding 7 node(s), including 0 DDIO, 2 PLL, 0 transceiver and 0 LCELL
Warning: RST port on the PLL is not properly connected on instance audio_cntrl:audio_cntrl|audio_clk_gen:iCLKGEN|pll_mult_16_bit:comb_3|altera_pll:altera_pll_i|general[0].gpll. The reset port on the PLL should be connected. If the PLL loses lock for any reason, you might need to manually reset the PLL in order to re-establish lock to the reference clock. File: c:/altera_lite/25.1std/quartus/libraries/megafunctions/altera_pll.v Line: 749
    Info: Must be connected
Warning: RST port on the PLL is not properly connected on instance audio_cntrl:audio_cntrl|audio_clk_gen:iCLKGEN|pll_mult_16_bit:comb_3|altera_pll:altera_pll_i|general[1].gpll. The reset port on the PLL should be connected. If the PLL loses lock for any reason, you might need to manually reset the PLL in order to re-establish lock to the reference clock. File: c:/altera_lite/25.1std/quartus/libraries/megafunctions/altera_pll.v Line: 749
    Info: Must be connected
Warning (21074): Design contains 29 input pin(s) that do not drive logic
    Warning (15610): No output dependent on input pin "ADC_DOUT" File: C:/Users/avery/ece554/autotune/rtl/autotune.sv Line: 11
    Warning (15610): No output dependent on input pin "CLOCK2_50" File: C:/Users/avery/ece554/autotune/rtl/autotune.sv Line: 23
    Warning (15610): No output dependent on input pin "CLOCK3_50" File: C:/Users/avery/ece554/autotune/rtl/autotune.sv Line: 24
    Warning (15610): No output dependent on input pin "CLOCK4_50" File: C:/Users/avery/ece554/autotune/rtl/autotune.sv Line: 25
    Warning (15610): No output dependent on input pin "IRDA_RXD" File: C:/Users/avery/ece554/autotune/rtl/autotune.sv Line: 54
    Warning (15610): No output dependent on input pin "KEY[1]" File: C:/Users/avery/ece554/autotune/rtl/autotune.sv Line: 58
    Warning (15610): No output dependent on input pin "KEY[2]" File: C:/Users/avery/ece554/autotune/rtl/autotune.sv Line: 58
    Warning (15610): No output dependent on input pin "KEY[3]" File: C:/Users/avery/ece554/autotune/rtl/autotune.sv Line: 58
    Warning (15610): No output dependent on input pin "SW[0]" File: C:/Users/avery/ece554/autotune/rtl/autotune.sv Line: 70
    Warning (15610): No output dependent on input pin "SW[1]" File: C:/Users/avery/ece554/autotune/rtl/autotune.sv Line: 70
    Warning (15610): No output dependent on input pin "SW[2]" File: C:/Users/avery/ece554/autotune/rtl/autotune.sv Line: 70
    Warning (15610): No output dependent on input pin "SW[3]" File: C:/Users/avery/ece554/autotune/rtl/autotune.sv Line: 70
    Warning (15610): No output dependent on input pin "SW[4]" File: C:/Users/avery/ece554/autotune/rtl/autotune.sv Line: 70
    Warning (15610): No output dependent on input pin "SW[5]" File: C:/Users/avery/ece554/autotune/rtl/autotune.sv Line: 70
    Warning (15610): No output dependent on input pin "SW[6]" File: C:/Users/avery/ece554/autotune/rtl/autotune.sv Line: 70
    Warning (15610): No output dependent on input pin "SW[7]" File: C:/Users/avery/ece554/autotune/rtl/autotune.sv Line: 70
    Warning (15610): No output dependent on input pin "SW[8]" File: C:/Users/avery/ece554/autotune/rtl/autotune.sv Line: 70
    Warning (15610): No output dependent on input pin "SW[9]" File: C:/Users/avery/ece554/autotune/rtl/autotune.sv Line: 70
    Warning (15610): No output dependent on input pin "TD_CLK27" File: C:/Users/avery/ece554/autotune/rtl/autotune.sv Line: 73
    Warning (15610): No output dependent on input pin "TD_DATA[0]" File: C:/Users/avery/ece554/autotune/rtl/autotune.sv Line: 74
    Warning (15610): No output dependent on input pin "TD_DATA[1]" File: C:/Users/avery/ece554/autotune/rtl/autotune.sv Line: 74
    Warning (15610): No output dependent on input pin "TD_DATA[2]" File: C:/Users/avery/ece554/autotune/rtl/autotune.sv Line: 74
    Warning (15610): No output dependent on input pin "TD_DATA[3]" File: C:/Users/avery/ece554/autotune/rtl/autotune.sv Line: 74
    Warning (15610): No output dependent on input pin "TD_DATA[4]" File: C:/Users/avery/ece554/autotune/rtl/autotune.sv Line: 74
    Warning (15610): No output dependent on input pin "TD_DATA[5]" File: C:/Users/avery/ece554/autotune/rtl/autotune.sv Line: 74
    Warning (15610): No output dependent on input pin "TD_DATA[6]" File: C:/Users/avery/ece554/autotune/rtl/autotune.sv Line: 74
    Warning (15610): No output dependent on input pin "TD_DATA[7]" File: C:/Users/avery/ece554/autotune/rtl/autotune.sv Line: 74
    Warning (15610): No output dependent on input pin "TD_HS" File: C:/Users/avery/ece554/autotune/rtl/autotune.sv Line: 75
    Warning (15610): No output dependent on input pin "TD_VS" File: C:/Users/avery/ece554/autotune/rtl/autotune.sv Line: 77
Info (21057): Implemented 614 device resources after synthesis - the final resource count might be different
    Info (21058): Implemented 32 input pins
    Info (21059): Implemented 112 output pins
    Info (21060): Implemented 24 bidirectional pins
    Info (21061): Implemented 380 logic cells
    Info (21064): Implemented 64 RAM segments
    Info (21065): Implemented 2 PLLs
Info: Quartus Prime Analysis & Synthesis was successful. 0 errors, 200 warnings
    Info: Peak virtual memory: 4904 megabytes
    Info: Processing ended: Mon Mar  9 17:20:04 2026
    Info: Elapsed time: 00:00:10
    Info: Total CPU time (on all processors): 00:00:20


+------------------------------------------+
; Analysis & Synthesis Suppressed Messages ;
+------------------------------------------+
The suppressed messages can be found in C:/Users/avery/ece554/autotune/rtl/autotune.map.smsg.


