Timing Analyzer report for autotune
Sat Apr 18 17:40:45 2026
Quartus Prime Version 25.1std.0 Build 1129 10/21/2025 SC Lite Edition


---------------------
; Table of Contents ;
---------------------
  1. Legal Notice
  2. Timing Analyzer Summary
  3. Parallel Compilation
  4. SDC File List
  5. Clocks
  6. Slow 1100mV 85C Model Fmax Summary
  7. Timing Closure Recommendations
  8. Slow 1100mV 85C Model Setup Summary
  9. Slow 1100mV 85C Model Hold Summary
 10. Slow 1100mV 85C Model Recovery Summary
 11. Slow 1100mV 85C Model Removal Summary
 12. Slow 1100mV 85C Model Minimum Pulse Width Summary
 13. Slow 1100mV 85C Model Metastability Summary
 14. Slow 1100mV 0C Model Fmax Summary
 15. Slow 1100mV 0C Model Setup Summary
 16. Slow 1100mV 0C Model Hold Summary
 17. Slow 1100mV 0C Model Recovery Summary
 18. Slow 1100mV 0C Model Removal Summary
 19. Slow 1100mV 0C Model Minimum Pulse Width Summary
 20. Slow 1100mV 0C Model Metastability Summary
 21. Fast 1100mV 85C Model Setup Summary
 22. Fast 1100mV 85C Model Hold Summary
 23. Fast 1100mV 85C Model Recovery Summary
 24. Fast 1100mV 85C Model Removal Summary
 25. Fast 1100mV 85C Model Minimum Pulse Width Summary
 26. Fast 1100mV 85C Model Metastability Summary
 27. Fast 1100mV 0C Model Setup Summary
 28. Fast 1100mV 0C Model Hold Summary
 29. Fast 1100mV 0C Model Recovery Summary
 30. Fast 1100mV 0C Model Removal Summary
 31. Fast 1100mV 0C Model Minimum Pulse Width Summary
 32. Fast 1100mV 0C Model Metastability Summary
 33. Multicorner Timing Analysis Summary
 34. Board Trace Model Assignments
 35. Input Transition Times
 36. Signal Integrity Metrics (Slow 1100mv 0c Model)
 37. Signal Integrity Metrics (Slow 1100mv 85c Model)
 38. Signal Integrity Metrics (Fast 1100mv 0c Model)
 39. Signal Integrity Metrics (Fast 1100mv 85c Model)
 40. Setup Transfers
 41. Hold Transfers
 42. Report TCCS
 43. Report RSKM
 44. Unconstrained Paths Summary
 45. Clock Status Summary
 46. Unconstrained Input Ports
 47. Unconstrained Output Ports
 48. Unconstrained Input Ports
 49. Unconstrained Output Ports
 50. Timing Analyzer Messages



----------------
; Legal Notice ;
----------------
Copyright (C) 2025  Altera Corporation. All rights reserved.
Your use of Altera Corporation's design tools, logic functions 
and other software and tools, and any partner logic 
functions, and any output files from any of the foregoing 
(including device programming or simulation files), and any 
associated documentation or information are expressly subject 
to the terms and conditions of the Altera Program License 
Subscription Agreement, the Altera Quartus Prime License Agreement,
the Altera IP License Agreement, or other applicable license
agreement, including, without limitation, that your use is for
the sole purpose of programming logic devices manufactured by
Altera and sold by Altera or its authorized distributors.  Please
refer to the Altera Software License Subscription Agreements 
on the Quartus Prime software download page.



+---------------------------------------------------------------------------------+
; Timing Analyzer Summary                                                         ;
+-----------------------+---------------------------------------------------------+
; Quartus Prime Version ; Version 25.1std.0 Build 1129 10/21/2025 SC Lite Edition ;
; Timing Analyzer       ; Legacy Timing Analyzer                                  ;
; Revision Name         ; autotune                                                ;
; Device Family         ; Cyclone V                                               ;
; Device Name           ; 5CSEMA5F31C6                                            ;
; Timing Models         ; Final                                                   ;
; Delay Model           ; Combined                                                ;
; Rise/Fall Delays      ; Enabled                                                 ;
+-----------------------+---------------------------------------------------------+


+------------------------------------------+
; Parallel Compilation                     ;
+----------------------------+-------------+
; Processors                 ; Number      ;
+----------------------------+-------------+
; Number detected on machine ; 12          ;
; Maximum allowed            ; 12          ;
;                            ;             ;
; Average used               ; 5.25        ;
; Maximum used               ; 12          ;
;                            ;             ;
; Usage by Processor         ; % Time Used ;
;     Processor 1            ; 100.0%      ;
;     Processor 2            ;  62.4%      ;
;     Processor 3            ;  61.9%      ;
;     Processor 4            ;  61.9%      ;
;     Processor 5            ;  29.9%      ;
;     Processor 6            ;  29.9%      ;
;     Processor 7            ;  29.9%      ;
;     Processor 8            ;  29.9%      ;
;     Processor 9            ;  29.9%      ;
;     Processor 10           ;  29.9%      ;
;     Processor 11           ;  29.9%      ;
;     Processor 12           ;  29.9%      ;
+----------------------------+-------------+


+---------------------------------------------------+
; SDC File List                                     ;
+---------------+--------+--------------------------+
; SDC File Path ; Status ; Read at                  ;
+---------------+--------+--------------------------+
; autotune.sdc  ; OK     ; Sat Apr 18 17:39:54 2026 ;
+---------------+--------+--------------------------+


+-----------------------------------------------------------------------------------------------------------------------------------------------------------------------------------------------------------------------------------------------------------------------------------------------------------------------------------------------------------------------------------------------------------------------------------------------------------------------------------------------------------------------------------------------------+
; Clocks                                                                                                                                                                                                                                                                                                                                                                                                                                                                                                                                              ;
+-----------------------------------------------------------------------------------------------+-----------+---------+------------+-------+---------+------------+-----------+-------------+-------+--------+-----------+------------+----------+---------------------------------------------------------------------------------------------+--------------------------------------------------------------------------------------------------+---------------------------------------------------------------------------------------------------+
; Clock Name                                                                                    ; Type      ; Period  ; Frequency  ; Rise  ; Fall    ; Duty Cycle ; Divide by ; Multiply by ; Phase ; Offset ; Edge List ; Edge Shift ; Inverted ; Master                                                                                      ; Source                                                                                           ; Targets                                                                                           ;
+-----------------------------------------------------------------------------------------------+-----------+---------+------------+-------+---------+------------+-----------+-------------+-------+--------+-----------+------------+----------+---------------------------------------------------------------------------------------------+--------------------------------------------------------------------------------------------------+---------------------------------------------------------------------------------------------------+
; clk_audxck                                                                                    ; Base      ; 54.253  ; 18.43 MHz  ; 0.000 ; 27.126  ;            ;           ;             ;       ;        ;           ;            ;          ;                                                                                             ;                                                                                                  ; { AUD_XCK }                                                                                       ;
; clk_dram                                                                                      ; Base      ; 10.000  ; 100.0 MHz  ; 0.000 ; 5.000   ;            ;           ;             ;       ;        ;           ;            ;          ;                                                                                             ;                                                                                                  ; { DRAM_CLK }                                                                                      ;
; clk_vga                                                                                       ; Base      ; 9.259   ; 108.0 MHz  ; 0.000 ; 4.629   ;            ;           ;             ;       ;        ;           ;            ;          ;                                                                                             ;                                                                                                  ; { VGA_CLK }                                                                                       ;
; CLOCK2_50                                                                                     ; Base      ; 20.000  ; 50.0 MHz   ; 0.000 ; 10.000  ;            ;           ;             ;       ;        ;           ;            ;          ;                                                                                             ;                                                                                                  ; { CLOCK2_50 }                                                                                     ;
; CLOCK3_50                                                                                     ; Base      ; 20.000  ; 50.0 MHz   ; 0.000 ; 10.000  ;            ;           ;             ;       ;        ;           ;            ;          ;                                                                                             ;                                                                                                  ; { CLOCK3_50 }                                                                                     ;
; CLOCK4_50                                                                                     ; Base      ; 20.000  ; 50.0 MHz   ; 0.000 ; 10.000  ;            ;           ;             ;       ;        ;           ;            ;          ;                                                                                             ;                                                                                                  ; { CLOCK4_50 }                                                                                     ;
; CLOCK_50                                                                                      ; Base      ; 20.000  ; 50.0 MHz   ; 0.000 ; 10.000  ;            ;           ;             ;       ;        ;           ;            ;          ;                                                                                             ;                                                                                                  ; { CLOCK_50 }                                                                                      ;
; iTOP|iAUD_CNTRL|iCLKGEN|gen_16_bit.pll|altera_pll_i|general[0].gpll~FRACTIONAL_PLL|vcoph[0]   ; Generated ; 2.466   ; 405.52 MHz ; 0.000 ; 1.233   ; 50.00      ; 64        ; 519         ;       ;        ;           ;            ; false    ; CLOCK_50                                                                                    ; iTOP|iAUD_CNTRL|iCLKGEN|gen_16_bit.pll|altera_pll_i|general[0].gpll~FRACTIONAL_PLL|refclkin      ; { iTOP|iAUD_CNTRL|iCLKGEN|gen_16_bit.pll|altera_pll_i|general[0].gpll~FRACTIONAL_PLL|vcoph[0] }   ;
; iTOP|iAUD_CNTRL|iCLKGEN|gen_16_bit.pll|altera_pll_i|general[0].gpll~PLL_OUTPUT_COUNTER|divclk ; Generated ; 81.387  ; 12.29 MHz  ; 0.000 ; 40.693  ; 50.00      ; 33        ; 1           ;       ;        ;           ;            ; false    ; iTOP|iAUD_CNTRL|iCLKGEN|gen_16_bit.pll|altera_pll_i|general[0].gpll~FRACTIONAL_PLL|vcoph[0] ; iTOP|iAUD_CNTRL|iCLKGEN|gen_16_bit.pll|altera_pll_i|general[0].gpll~PLL_OUTPUT_COUNTER|vco0ph[0] ; { iTOP|iAUD_CNTRL|iCLKGEN|gen_16_bit.pll|altera_pll_i|general[0].gpll~PLL_OUTPUT_COUNTER|divclk } ;
; iTOP|iAUD_CNTRL|iCLKGEN|gen_16_bit.pll|altera_pll_i|general[1].gpll~PLL_OUTPUT_COUNTER|divclk ; Generated ; 651.098 ; 1.54 MHz   ; 0.000 ; 325.549 ; 50.00      ; 264       ; 1           ;       ;        ;           ;            ; false    ; iTOP|iAUD_CNTRL|iCLKGEN|gen_16_bit.pll|altera_pll_i|general[0].gpll~FRACTIONAL_PLL|vcoph[0] ; iTOP|iAUD_CNTRL|iCLKGEN|gen_16_bit.pll|altera_pll_i|general[1].gpll~PLL_OUTPUT_COUNTER|vco0ph[0] ; { iTOP|iAUD_CNTRL|iCLKGEN|gen_16_bit.pll|altera_pll_i|general[1].gpll~PLL_OUTPUT_COUNTER|divclk } ;
; tv_27m                                                                                        ; Base      ; 37.037  ; 27.0 MHz   ; 0.000 ; 18.518  ;            ;           ;             ;       ;        ;           ;            ;          ;                                                                                             ;                                                                                                  ; { TD_CLK27 }                                                                                      ;
+-----------------------------------------------------------------------------------------------+-----------+---------+------------+-------+---------+------------+-----------+-------------+-------+--------+-----------+------------+----------+---------------------------------------------------------------------------------------------+--------------------------------------------------------------------------------------------------+---------------------------------------------------------------------------------------------------+


+-------------------------------------------------------------------------------------------------------------------------------------+
; Slow 1100mV 85C Model Fmax Summary                                                                                                  ;
+------------+-----------------+-----------------------------------------------------------------------------------------------+------+
; Fmax       ; Restricted Fmax ; Clock Name                                                                                    ; Note ;
+------------+-----------------+-----------------------------------------------------------------------------------------------+------+
; 31.12 MHz  ; 31.12 MHz       ; CLOCK_50                                                                                      ;      ;
; 234.69 MHz ; 234.69 MHz      ; iTOP|iAUD_CNTRL|iCLKGEN|gen_16_bit.pll|altera_pll_i|general[1].gpll~PLL_OUTPUT_COUNTER|divclk ;      ;
+------------+-----------------+-----------------------------------------------------------------------------------------------+------+
This panel reports FMAX for every clock in the design, regardless of the user-specified clock periods.  FMAX is only computed for paths where the source and destination registers or ports are driven by the same clock.  Paths of different clocks, including generated clocks, are ignored.  For paths between a clock and its inversion, FMAX is computed as if the rising and falling edges are scaled along with FMAX, such that the duty cycle (in terms of a percentage) is maintained. Altera recommends that you always use clock constraints and other slack reports for sign-off analysis.


----------------------------------
; Timing Closure Recommendations ;
----------------------------------
HTML report is unavailable in plain text report export.


+-------------------------------------------------------------------------------------------------------------------------+
; Slow 1100mV 85C Model Setup Summary                                                                                     ;
+-----------------------------------------------------------------------------------------------+---------+---------------+
; Clock                                                                                         ; Slack   ; End Point TNS ;
+-----------------------------------------------------------------------------------------------+---------+---------------+
; CLOCK_50                                                                                      ; -12.138 ; -35454.951    ;
; iTOP|iAUD_CNTRL|iCLKGEN|gen_16_bit.pll|altera_pll_i|general[1].gpll~PLL_OUTPUT_COUNTER|divclk ; 646.837 ; 0.000         ;
+-----------------------------------------------------------------------------------------------+---------+---------------+


+-----------------------------------------------------------------------------------------------------------------------+
; Slow 1100mV 85C Model Hold Summary                                                                                    ;
+-----------------------------------------------------------------------------------------------+-------+---------------+
; Clock                                                                                         ; Slack ; End Point TNS ;
+-----------------------------------------------------------------------------------------------+-------+---------------+
; CLOCK_50                                                                                      ; 0.217 ; 0.000         ;
; iTOP|iAUD_CNTRL|iCLKGEN|gen_16_bit.pll|altera_pll_i|general[1].gpll~PLL_OUTPUT_COUNTER|divclk ; 0.338 ; 0.000         ;
+-----------------------------------------------------------------------------------------------+-------+---------------+


------------------------------------------
; Slow 1100mV 85C Model Recovery Summary ;
------------------------------------------
No paths to report.


-----------------------------------------
; Slow 1100mV 85C Model Removal Summary ;
-----------------------------------------
No paths to report.


+-------------------------------------------------------------------------------------------------------------------------+
; Slow 1100mV 85C Model Minimum Pulse Width Summary                                                                       ;
+-----------------------------------------------------------------------------------------------+---------+---------------+
; Clock                                                                                         ; Slack   ; End Point TNS ;
+-----------------------------------------------------------------------------------------------+---------+---------------+
; iTOP|iAUD_CNTRL|iCLKGEN|gen_16_bit.pll|altera_pll_i|general[0].gpll~FRACTIONAL_PLL|vcoph[0]   ; 1.233   ; 0.000         ;
; CLOCK_50                                                                                      ; 8.870   ; 0.000         ;
; iTOP|iAUD_CNTRL|iCLKGEN|gen_16_bit.pll|altera_pll_i|general[0].gpll~PLL_OUTPUT_COUNTER|divclk ; 40.512  ; 0.000         ;
; iTOP|iAUD_CNTRL|iCLKGEN|gen_16_bit.pll|altera_pll_i|general[1].gpll~PLL_OUTPUT_COUNTER|divclk ; 324.331 ; 0.000         ;
+-----------------------------------------------------------------------------------------------+---------+---------------+


-----------------------------------------------
; Slow 1100mV 85C Model Metastability Summary ;
-----------------------------------------------
Worst-Case MTBF of Design is 1e+09 years or 3.15e+16 seconds.
Typical MTBF of Design is 1e+09 years or 3.15e+16 seconds.

Number of Synchronizer Chains Found: 16
Shortest Synchronizer Chain: 2 Registers
Fraction of Chains for which MTBFs Could Not be Calculated: 0.000
Worst Case Available Settling Time: 30.085 ns

Worst-Case MTBF values are calculated based on the worst-case silicon characteristics, with worst-case operating conditions.
  - Under worst-case conditions, an increase of 100ps in available settling time will increase MTBF values by a factor of 79.4
Typical MTBF values are calculated based on the nominal silicon characteristics, at nominal operating conditions.
  - Under typical conditions, an increase of 100ps in available settling time will increase MTBF values by a factor of 17.8



+-------------------------------------------------------------------------------------------------------------------------------------+
; Slow 1100mV 0C Model Fmax Summary                                                                                                   ;
+------------+-----------------+-----------------------------------------------------------------------------------------------+------+
; Fmax       ; Restricted Fmax ; Clock Name                                                                                    ; Note ;
+------------+-----------------+-----------------------------------------------------------------------------------------------+------+
; 30.54 MHz  ; 30.54 MHz       ; CLOCK_50                                                                                      ;      ;
; 243.72 MHz ; 243.72 MHz      ; iTOP|iAUD_CNTRL|iCLKGEN|gen_16_bit.pll|altera_pll_i|general[1].gpll~PLL_OUTPUT_COUNTER|divclk ;      ;
+------------+-----------------+-----------------------------------------------------------------------------------------------+------+
This panel reports FMAX for every clock in the design, regardless of the user-specified clock periods.  FMAX is only computed for paths where the source and destination registers or ports are driven by the same clock.  Paths of different clocks, including generated clocks, are ignored.  For paths between a clock and its inversion, FMAX is computed as if the rising and falling edges are scaled along with FMAX, such that the duty cycle (in terms of a percentage) is maintained. Altera recommends that you always use clock constraints and other slack reports for sign-off analysis.


+-------------------------------------------------------------------------------------------------------------------------+
; Slow 1100mV 0C Model Setup Summary                                                                                      ;
+-----------------------------------------------------------------------------------------------+---------+---------------+
; Clock                                                                                         ; Slack   ; End Point TNS ;
+-----------------------------------------------------------------------------------------------+---------+---------------+
; CLOCK_50                                                                                      ; -12.744 ; -36893.549    ;
; iTOP|iAUD_CNTRL|iCLKGEN|gen_16_bit.pll|altera_pll_i|general[1].gpll~PLL_OUTPUT_COUNTER|divclk ; 646.995 ; 0.000         ;
+-----------------------------------------------------------------------------------------------+---------+---------------+


+-----------------------------------------------------------------------------------------------------------------------+
; Slow 1100mV 0C Model Hold Summary                                                                                     ;
+-----------------------------------------------------------------------------------------------+-------+---------------+
; Clock                                                                                         ; Slack ; End Point TNS ;
+-----------------------------------------------------------------------------------------------+-------+---------------+
; CLOCK_50                                                                                      ; 0.099 ; 0.000         ;
; iTOP|iAUD_CNTRL|iCLKGEN|gen_16_bit.pll|altera_pll_i|general[1].gpll~PLL_OUTPUT_COUNTER|divclk ; 0.321 ; 0.000         ;
+-----------------------------------------------------------------------------------------------+-------+---------------+


-----------------------------------------
; Slow 1100mV 0C Model Recovery Summary ;
-----------------------------------------
No paths to report.


----------------------------------------
; Slow 1100mV 0C Model Removal Summary ;
----------------------------------------
No paths to report.


+-------------------------------------------------------------------------------------------------------------------------+
; Slow 1100mV 0C Model Minimum Pulse Width Summary                                                                        ;
+-----------------------------------------------------------------------------------------------+---------+---------------+
; Clock                                                                                         ; Slack   ; End Point TNS ;
+-----------------------------------------------------------------------------------------------+---------+---------------+
; iTOP|iAUD_CNTRL|iCLKGEN|gen_16_bit.pll|altera_pll_i|general[0].gpll~FRACTIONAL_PLL|vcoph[0]   ; 1.233   ; 0.000         ;
; CLOCK_50                                                                                      ; 8.904   ; 0.000         ;
; iTOP|iAUD_CNTRL|iCLKGEN|gen_16_bit.pll|altera_pll_i|general[0].gpll~PLL_OUTPUT_COUNTER|divclk ; 40.484  ; 0.000         ;
; iTOP|iAUD_CNTRL|iCLKGEN|gen_16_bit.pll|altera_pll_i|general[1].gpll~PLL_OUTPUT_COUNTER|divclk ; 324.312 ; 0.000         ;
+-----------------------------------------------------------------------------------------------+---------+---------------+


----------------------------------------------
; Slow 1100mV 0C Model Metastability Summary ;
----------------------------------------------
Worst-Case MTBF of Design is 1e+09 years or 3.15e+16 seconds.
Typical MTBF of Design is 1e+09 years or 3.15e+16 seconds.

Number of Synchronizer Chains Found: 16
Shortest Synchronizer Chain: 2 Registers
Fraction of Chains for which MTBFs Could Not be Calculated: 0.000
Worst Case Available Settling Time: 30.392 ns

Worst-Case MTBF values are calculated based on the worst-case silicon characteristics, with worst-case operating conditions.
  - Under worst-case conditions, an increase of 100ps in available settling time will increase MTBF values by a factor of 5.2
Typical MTBF values are calculated based on the nominal silicon characteristics, at nominal operating conditions.
  - Under typical conditions, an increase of 100ps in available settling time will increase MTBF values by a factor of 17.8



+-------------------------------------------------------------------------------------------------------------------------+
; Fast 1100mV 85C Model Setup Summary                                                                                     ;
+-----------------------------------------------------------------------------------------------+---------+---------------+
; Clock                                                                                         ; Slack   ; End Point TNS ;
+-----------------------------------------------------------------------------------------------+---------+---------------+
; CLOCK_50                                                                                      ; 2.138   ; 0.000         ;
; iTOP|iAUD_CNTRL|iCLKGEN|gen_16_bit.pll|altera_pll_i|general[1].gpll~PLL_OUTPUT_COUNTER|divclk ; 648.430 ; 0.000         ;
+-----------------------------------------------------------------------------------------------+---------+---------------+


+-----------------------------------------------------------------------------------------------------------------------+
; Fast 1100mV 85C Model Hold Summary                                                                                    ;
+-----------------------------------------------------------------------------------------------+-------+---------------+
; Clock                                                                                         ; Slack ; End Point TNS ;
+-----------------------------------------------------------------------------------------------+-------+---------------+
; CLOCK_50                                                                                      ; 0.129 ; 0.000         ;
; iTOP|iAUD_CNTRL|iCLKGEN|gen_16_bit.pll|altera_pll_i|general[1].gpll~PLL_OUTPUT_COUNTER|divclk ; 0.179 ; 0.000         ;
+-----------------------------------------------------------------------------------------------+-------+---------------+


------------------------------------------
; Fast 1100mV 85C Model Recovery Summary ;
------------------------------------------
No paths to report.


-----------------------------------------
; Fast 1100mV 85C Model Removal Summary ;
-----------------------------------------
No paths to report.


+-------------------------------------------------------------------------------------------------------------------------+
; Fast 1100mV 85C Model Minimum Pulse Width Summary                                                                       ;
+-----------------------------------------------------------------------------------------------+---------+---------------+
; Clock                                                                                         ; Slack   ; End Point TNS ;
+-----------------------------------------------------------------------------------------------+---------+---------------+
; iTOP|iAUD_CNTRL|iCLKGEN|gen_16_bit.pll|altera_pll_i|general[0].gpll~FRACTIONAL_PLL|vcoph[0]   ; 1.233   ; 0.000         ;
; CLOCK_50                                                                                      ; 8.474   ; 0.000         ;
; iTOP|iAUD_CNTRL|iCLKGEN|gen_16_bit.pll|altera_pll_i|general[0].gpll~PLL_OUTPUT_COUNTER|divclk ; 40.591  ; 0.000         ;
; iTOP|iAUD_CNTRL|iCLKGEN|gen_16_bit.pll|altera_pll_i|general[1].gpll~PLL_OUTPUT_COUNTER|divclk ; 324.442 ; 0.000         ;
+-----------------------------------------------------------------------------------------------+---------+---------------+


-----------------------------------------------
; Fast 1100mV 85C Model Metastability Summary ;
-----------------------------------------------
Worst-Case MTBF of Design is 1e+09 years or 3.15e+16 seconds.
Typical MTBF of Design is 1e+09 years or 3.15e+16 seconds.

Number of Synchronizer Chains Found: 16
Shortest Synchronizer Chain: 2 Registers
Fraction of Chains for which MTBFs Could Not be Calculated: 0.000
Worst Case Available Settling Time: 33.619 ns

Worst-Case MTBF values are calculated based on the worst-case silicon characteristics, with worst-case operating conditions.
  - Under worst-case conditions, an increase of 100ps in available settling time will increase MTBF values by a factor of 79.4
Typical MTBF values are calculated based on the nominal silicon characteristics, at nominal operating conditions.
  - Under typical conditions, an increase of 100ps in available settling time will increase MTBF values by a factor of 17.8



+-------------------------------------------------------------------------------------------------------------------------+
; Fast 1100mV 0C Model Setup Summary                                                                                      ;
+-----------------------------------------------------------------------------------------------+---------+---------------+
; Clock                                                                                         ; Slack   ; End Point TNS ;
+-----------------------------------------------------------------------------------------------+---------+---------------+
; CLOCK_50                                                                                      ; 3.324   ; 0.000         ;
; iTOP|iAUD_CNTRL|iCLKGEN|gen_16_bit.pll|altera_pll_i|general[1].gpll~PLL_OUTPUT_COUNTER|divclk ; 648.696 ; 0.000         ;
+-----------------------------------------------------------------------------------------------+---------+---------------+


+-----------------------------------------------------------------------------------------------------------------------+
; Fast 1100mV 0C Model Hold Summary                                                                                     ;
+-----------------------------------------------------------------------------------------------+-------+---------------+
; Clock                                                                                         ; Slack ; End Point TNS ;
+-----------------------------------------------------------------------------------------------+-------+---------------+
; CLOCK_50                                                                                      ; 0.106 ; 0.000         ;
; iTOP|iAUD_CNTRL|iCLKGEN|gen_16_bit.pll|altera_pll_i|general[1].gpll~PLL_OUTPUT_COUNTER|divclk ; 0.170 ; 0.000         ;
+-----------------------------------------------------------------------------------------------+-------+---------------+


-----------------------------------------
; Fast 1100mV 0C Model Recovery Summary ;
-----------------------------------------
No paths to report.


----------------------------------------
; Fast 1100mV 0C Model Removal Summary ;
----------------------------------------
No paths to report.


+-------------------------------------------------------------------------------------------------------------------------+
; Fast 1100mV 0C Model Minimum Pulse Width Summary                                                                        ;
+-----------------------------------------------------------------------------------------------+---------+---------------+
; Clock                                                                                         ; Slack   ; End Point TNS ;
+-----------------------------------------------------------------------------------------------+---------+---------------+
; iTOP|iAUD_CNTRL|iCLKGEN|gen_16_bit.pll|altera_pll_i|general[0].gpll~FRACTIONAL_PLL|vcoph[0]   ; 1.233   ; 0.000         ;
; CLOCK_50                                                                                      ; 8.430   ; 0.000         ;
; iTOP|iAUD_CNTRL|iCLKGEN|gen_16_bit.pll|altera_pll_i|general[0].gpll~PLL_OUTPUT_COUNTER|divclk ; 40.584  ; 0.000         ;
; iTOP|iAUD_CNTRL|iCLKGEN|gen_16_bit.pll|altera_pll_i|general[1].gpll~PLL_OUTPUT_COUNTER|divclk ; 324.438 ; 0.000         ;
+-----------------------------------------------------------------------------------------------+---------+---------------+


----------------------------------------------
; Fast 1100mV 0C Model Metastability Summary ;
----------------------------------------------
Worst-Case MTBF of Design is 1e+09 years or 3.15e+16 seconds.
Typical MTBF of Design is 1e+09 years or 3.15e+16 seconds.

Number of Synchronizer Chains Found: 16
Shortest Synchronizer Chain: 2 Registers
Fraction of Chains for which MTBFs Could Not be Calculated: 0.000
Worst Case Available Settling Time: 34.293 ns

Worst-Case MTBF values are calculated based on the worst-case silicon characteristics, with worst-case operating conditions.
  - Under worst-case conditions, an increase of 100ps in available settling time will increase MTBF values by a factor of 5.2
Typical MTBF values are calculated based on the nominal silicon characteristics, at nominal operating conditions.
  - Under typical conditions, an increase of 100ps in available settling time will increase MTBF values by a factor of 17.8



+----------------------------------------------------------------------------------------------------------------------------------------------------------------+
; Multicorner Timing Analysis Summary                                                                                                                            ;
+------------------------------------------------------------------------------------------------+------------+-------+----------+---------+---------------------+
; Clock                                                                                          ; Setup      ; Hold  ; Recovery ; Removal ; Minimum Pulse Width ;
+------------------------------------------------------------------------------------------------+------------+-------+----------+---------+---------------------+
; Worst-case Slack                                                                               ; -12.744    ; 0.099 ; N/A      ; N/A     ; 1.233               ;
;  CLOCK_50                                                                                      ; -12.744    ; 0.099 ; N/A      ; N/A     ; 8.430               ;
;  iTOP|iAUD_CNTRL|iCLKGEN|gen_16_bit.pll|altera_pll_i|general[0].gpll~FRACTIONAL_PLL|vcoph[0]   ; N/A        ; N/A   ; N/A      ; N/A     ; 1.233               ;
;  iTOP|iAUD_CNTRL|iCLKGEN|gen_16_bit.pll|altera_pll_i|general[0].gpll~PLL_OUTPUT_COUNTER|divclk ; N/A        ; N/A   ; N/A      ; N/A     ; 40.484              ;
;  iTOP|iAUD_CNTRL|iCLKGEN|gen_16_bit.pll|altera_pll_i|general[1].gpll~PLL_OUTPUT_COUNTER|divclk ; 646.837    ; 0.170 ; N/A      ; N/A     ; 324.312             ;
; Design-wide TNS                                                                                ; -36893.549 ; 0.0   ; 0.0      ; 0.0     ; 0.0                 ;
;  CLOCK_50                                                                                      ; -36893.549 ; 0.000 ; N/A      ; N/A     ; 0.000               ;
;  iTOP|iAUD_CNTRL|iCLKGEN|gen_16_bit.pll|altera_pll_i|general[0].gpll~FRACTIONAL_PLL|vcoph[0]   ; N/A        ; N/A   ; N/A      ; N/A     ; 0.000               ;
;  iTOP|iAUD_CNTRL|iCLKGEN|gen_16_bit.pll|altera_pll_i|general[0].gpll~PLL_OUTPUT_COUNTER|divclk ; N/A        ; N/A   ; N/A      ; N/A     ; 0.000               ;
;  iTOP|iAUD_CNTRL|iCLKGEN|gen_16_bit.pll|altera_pll_i|general[1].gpll~PLL_OUTPUT_COUNTER|divclk ; 0.000      ; 0.000 ; N/A      ; N/A     ; 0.000               ;
+------------------------------------------------------------------------------------------------+------------+-------+----------+---------+---------------------+


+------------------------------------------------------------------------------------------------------------------------------------------------------------------------------------------------------------------------------------------------------------------------------------------------------------------------------------------------------------------------------------------------------------------+
; Board Trace Model Assignments                                                                                                                                                                                                                                                                                                                                                                                    ;
+---------------+--------------+-------------------+-------------------------+-------------------------+---------------+---------------------+----------------+------------------+--------+------------------+------------------------+------------------------+--------------+---------------+-----------------+-------+---------------------+--------------------+---------------+-----------------+-------------+
; Pin           ; I/O Standard ; Near Tline Length ; Near Tline L per Length ; Near Tline C per Length ; Near Series R ; Near Differential R ; Near Pull-up R ; Near Pull-down R ; Near C ; Far Tline Length ; Far Tline L per Length ; Far Tline C per Length ; Far Series R ; Far Pull-up R ; Far Pull-down R ; Far C ; Termination Voltage ; Far Differential R ; EBD File Name ; EBD Signal Name ; EBD Far-end ;
+---------------+--------------+-------------------+-------------------------+-------------------------+---------------+---------------------+----------------+------------------+--------+------------------+------------------------+------------------------+--------------+---------------+-----------------+-------+---------------------+--------------------+---------------+-----------------+-------------+
; AUD_DACDAT    ; 3.3-V LVTTL  ; 0 in              ; 0 H/in                  ; 0 F/in                  ; short         ; -                   ; open           ; open             ; open   ; 0 in             ; 0 H/in                 ; 0 F/in                 ; short        ; open          ; open            ; open  ; 0 V                 ; -                  ; n/a           ; n/a             ; n/a         ;
; AUD_XCK       ; 3.3-V LVTTL  ; 0 in              ; 0 H/in                  ; 0 F/in                  ; short         ; -                   ; open           ; open             ; open   ; 0 in             ; 0 H/in                 ; 0 F/in                 ; short        ; open          ; open            ; open  ; 0 V                 ; -                  ; n/a           ; n/a             ; n/a         ;
; FPGA_I2C_SCLK ; 3.3-V LVTTL  ; 0 in              ; 0 H/in                  ; 0 F/in                  ; short         ; -                   ; open           ; open             ; open   ; 0 in             ; 0 H/in                 ; 0 F/in                 ; short        ; open          ; open            ; open  ; 0 V                 ; -                  ; n/a           ; n/a             ; n/a         ;
; LEDR[0]       ; 3.3-V LVTTL  ; 0 in              ; 0 H/in                  ; 0 F/in                  ; short         ; -                   ; open           ; open             ; open   ; 0 in             ; 0 H/in                 ; 0 F/in                 ; short        ; open          ; open            ; open  ; 0 V                 ; -                  ; n/a           ; n/a             ; n/a         ;
; LEDR[1]       ; 3.3-V LVTTL  ; 0 in              ; 0 H/in                  ; 0 F/in                  ; short         ; -                   ; open           ; open             ; open   ; 0 in             ; 0 H/in                 ; 0 F/in                 ; short        ; open          ; open            ; open  ; 0 V                 ; -                  ; n/a           ; n/a             ; n/a         ;
; LEDR[5]       ; 3.3-V LVTTL  ; 0 in              ; 0 H/in                  ; 0 F/in                  ; short         ; -                   ; open           ; open             ; open   ; 0 in             ; 0 H/in                 ; 0 F/in                 ; short        ; open          ; open            ; open  ; 0 V                 ; -                  ; n/a           ; n/a             ; n/a         ;
; LEDR[9]       ; 3.3-V LVTTL  ; 0 in              ; 0 H/in                  ; 0 F/in                  ; short         ; -                   ; open           ; open             ; open   ; 0 in             ; 0 H/in                 ; 0 F/in                 ; short        ; open          ; open            ; open  ; 0 V                 ; -                  ; n/a           ; n/a             ; n/a         ;
; HEX0[0]       ; 3.3-V LVTTL  ; 0 in              ; 0 H/in                  ; 0 F/in                  ; short         ; -                   ; open           ; open             ; open   ; 0 in             ; 0 H/in                 ; 0 F/in                 ; short        ; open          ; open            ; open  ; 0 V                 ; -                  ; n/a           ; n/a             ; n/a         ;
; HEX0[1]       ; 3.3-V LVTTL  ; 0 in              ; 0 H/in                  ; 0 F/in                  ; short         ; -                   ; open           ; open             ; open   ; 0 in             ; 0 H/in                 ; 0 F/in                 ; short        ; open          ; open            ; open  ; 0 V                 ; -                  ; n/a           ; n/a             ; n/a         ;
; HEX0[2]       ; 3.3-V LVTTL  ; 0 in              ; 0 H/in                  ; 0 F/in                  ; short         ; -                   ; open           ; open             ; open   ; 0 in             ; 0 H/in                 ; 0 F/in                 ; short        ; open          ; open            ; open  ; 0 V                 ; -                  ; n/a           ; n/a             ; n/a         ;
; HEX0[3]       ; 3.3-V LVTTL  ; 0 in              ; 0 H/in                  ; 0 F/in                  ; short         ; -                   ; open           ; open             ; open   ; 0 in             ; 0 H/in                 ; 0 F/in                 ; short        ; open          ; open            ; open  ; 0 V                 ; -                  ; n/a           ; n/a             ; n/a         ;
; HEX0[4]       ; 3.3-V LVTTL  ; 0 in              ; 0 H/in                  ; 0 F/in                  ; short         ; -                   ; open           ; open             ; open   ; 0 in             ; 0 H/in                 ; 0 F/in                 ; short        ; open          ; open            ; open  ; 0 V                 ; -                  ; n/a           ; n/a             ; n/a         ;
; HEX0[5]       ; 3.3-V LVTTL  ; 0 in              ; 0 H/in                  ; 0 F/in                  ; short         ; -                   ; open           ; open             ; open   ; 0 in             ; 0 H/in                 ; 0 F/in                 ; short        ; open          ; open            ; open  ; 0 V                 ; -                  ; n/a           ; n/a             ; n/a         ;
; HEX0[6]       ; 3.3-V LVTTL  ; 0 in              ; 0 H/in                  ; 0 F/in                  ; short         ; -                   ; open           ; open             ; open   ; 0 in             ; 0 H/in                 ; 0 F/in                 ; short        ; open          ; open            ; open  ; 0 V                 ; -                  ; n/a           ; n/a             ; n/a         ;
; HEX1[0]       ; 3.3-V LVTTL  ; 0 in              ; 0 H/in                  ; 0 F/in                  ; short         ; -                   ; open           ; open             ; open   ; 0 in             ; 0 H/in                 ; 0 F/in                 ; short        ; open          ; open            ; open  ; 0 V                 ; -                  ; n/a           ; n/a             ; n/a         ;
; HEX1[1]       ; 3.3-V LVTTL  ; 0 in              ; 0 H/in                  ; 0 F/in                  ; short         ; -                   ; open           ; open             ; open   ; 0 in             ; 0 H/in                 ; 0 F/in                 ; short        ; open          ; open            ; open  ; 0 V                 ; -                  ; n/a           ; n/a             ; n/a         ;
; HEX1[2]       ; 3.3-V LVTTL  ; 0 in              ; 0 H/in                  ; 0 F/in                  ; short         ; -                   ; open           ; open             ; open   ; 0 in             ; 0 H/in                 ; 0 F/in                 ; short        ; open          ; open            ; open  ; 0 V                 ; -                  ; n/a           ; n/a             ; n/a         ;
; HEX1[3]       ; 3.3-V LVTTL  ; 0 in              ; 0 H/in                  ; 0 F/in                  ; short         ; -                   ; open           ; open             ; open   ; 0 in             ; 0 H/in                 ; 0 F/in                 ; short        ; open          ; open            ; open  ; 0 V                 ; -                  ; n/a           ; n/a             ; n/a         ;
; HEX1[4]       ; 3.3-V LVTTL  ; 0 in              ; 0 H/in                  ; 0 F/in                  ; short         ; -                   ; open           ; open             ; open   ; 0 in             ; 0 H/in                 ; 0 F/in                 ; short        ; open          ; open            ; open  ; 0 V                 ; -                  ; n/a           ; n/a             ; n/a         ;
; HEX1[5]       ; 3.3-V LVTTL  ; 0 in              ; 0 H/in                  ; 0 F/in                  ; short         ; -                   ; open           ; open             ; open   ; 0 in             ; 0 H/in                 ; 0 F/in                 ; short        ; open          ; open            ; open  ; 0 V                 ; -                  ; n/a           ; n/a             ; n/a         ;
; HEX1[6]       ; 3.3-V LVTTL  ; 0 in              ; 0 H/in                  ; 0 F/in                  ; short         ; -                   ; open           ; open             ; open   ; 0 in             ; 0 H/in                 ; 0 F/in                 ; short        ; open          ; open            ; open  ; 0 V                 ; -                  ; n/a           ; n/a             ; n/a         ;
; HEX2[0]       ; 3.3-V LVTTL  ; 0 in              ; 0 H/in                  ; 0 F/in                  ; short         ; -                   ; open           ; open             ; open   ; 0 in             ; 0 H/in                 ; 0 F/in                 ; short        ; open          ; open            ; open  ; 0 V                 ; -                  ; n/a           ; n/a             ; n/a         ;
; HEX2[1]       ; 3.3-V LVTTL  ; 0 in              ; 0 H/in                  ; 0 F/in                  ; short         ; -                   ; open           ; open             ; open   ; 0 in             ; 0 H/in                 ; 0 F/in                 ; short        ; open          ; open            ; open  ; 0 V                 ; -                  ; n/a           ; n/a             ; n/a         ;
; HEX2[2]       ; 3.3-V LVTTL  ; 0 in              ; 0 H/in                  ; 0 F/in                  ; short         ; -                   ; open           ; open             ; open   ; 0 in             ; 0 H/in                 ; 0 F/in                 ; short        ; open          ; open            ; open  ; 0 V                 ; -                  ; n/a           ; n/a             ; n/a         ;
; HEX2[3]       ; 3.3-V LVTTL  ; 0 in              ; 0 H/in                  ; 0 F/in                  ; short         ; -                   ; open           ; open             ; open   ; 0 in             ; 0 H/in                 ; 0 F/in                 ; short        ; open          ; open            ; open  ; 0 V                 ; -                  ; n/a           ; n/a             ; n/a         ;
; HEX2[4]       ; 3.3-V LVTTL  ; 0 in              ; 0 H/in                  ; 0 F/in                  ; short         ; -                   ; open           ; open             ; open   ; 0 in             ; 0 H/in                 ; 0 F/in                 ; short        ; open          ; open            ; open  ; 0 V                 ; -                  ; n/a           ; n/a             ; n/a         ;
; HEX2[5]       ; 3.3-V LVTTL  ; 0 in              ; 0 H/in                  ; 0 F/in                  ; short         ; -                   ; open           ; open             ; open   ; 0 in             ; 0 H/in                 ; 0 F/in                 ; short        ; open          ; open            ; open  ; 0 V                 ; -                  ; n/a           ; n/a             ; n/a         ;
; HEX2[6]       ; 3.3-V LVTTL  ; 0 in              ; 0 H/in                  ; 0 F/in                  ; short         ; -                   ; open           ; open             ; open   ; 0 in             ; 0 H/in                 ; 0 F/in                 ; short        ; open          ; open            ; open  ; 0 V                 ; -                  ; n/a           ; n/a             ; n/a         ;
; HEX3[0]       ; 3.3-V LVTTL  ; 0 in              ; 0 H/in                  ; 0 F/in                  ; short         ; -                   ; open           ; open             ; open   ; 0 in             ; 0 H/in                 ; 0 F/in                 ; short        ; open          ; open            ; open  ; 0 V                 ; -                  ; n/a           ; n/a             ; n/a         ;
; HEX3[1]       ; 3.3-V LVTTL  ; 0 in              ; 0 H/in                  ; 0 F/in                  ; short         ; -                   ; open           ; open             ; open   ; 0 in             ; 0 H/in                 ; 0 F/in                 ; short        ; open          ; open            ; open  ; 0 V                 ; -                  ; n/a           ; n/a             ; n/a         ;
; HEX3[2]       ; 3.3-V LVTTL  ; 0 in              ; 0 H/in                  ; 0 F/in                  ; short         ; -                   ; open           ; open             ; open   ; 0 in             ; 0 H/in                 ; 0 F/in                 ; short        ; open          ; open            ; open  ; 0 V                 ; -                  ; n/a           ; n/a             ; n/a         ;
; HEX3[3]       ; 3.3-V LVTTL  ; 0 in              ; 0 H/in                  ; 0 F/in                  ; short         ; -                   ; open           ; open             ; open   ; 0 in             ; 0 H/in                 ; 0 F/in                 ; short        ; open          ; open            ; open  ; 0 V                 ; -                  ; n/a           ; n/a             ; n/a         ;
; HEX3[4]       ; 3.3-V LVTTL  ; 0 in              ; 0 H/in                  ; 0 F/in                  ; short         ; -                   ; open           ; open             ; open   ; 0 in             ; 0 H/in                 ; 0 F/in                 ; short        ; open          ; open            ; open  ; 0 V                 ; -                  ; n/a           ; n/a             ; n/a         ;
; HEX3[5]       ; 3.3-V LVTTL  ; 0 in              ; 0 H/in                  ; 0 F/in                  ; short         ; -                   ; open           ; open             ; open   ; 0 in             ; 0 H/in                 ; 0 F/in                 ; short        ; open          ; open            ; open  ; 0 V                 ; -                  ; n/a           ; n/a             ; n/a         ;
; HEX3[6]       ; 3.3-V LVTTL  ; 0 in              ; 0 H/in                  ; 0 F/in                  ; short         ; -                   ; open           ; open             ; open   ; 0 in             ; 0 H/in                 ; 0 F/in                 ; short        ; open          ; open            ; open  ; 0 V                 ; -                  ; n/a           ; n/a             ; n/a         ;
; HEX4[0]       ; 3.3-V LVTTL  ; 0 in              ; 0 H/in                  ; 0 F/in                  ; short         ; -                   ; open           ; open             ; open   ; 0 in             ; 0 H/in                 ; 0 F/in                 ; short        ; open          ; open            ; open  ; 0 V                 ; -                  ; n/a           ; n/a             ; n/a         ;
; HEX4[1]       ; 3.3-V LVTTL  ; 0 in              ; 0 H/in                  ; 0 F/in                  ; short         ; -                   ; open           ; open             ; open   ; 0 in             ; 0 H/in                 ; 0 F/in                 ; short        ; open          ; open            ; open  ; 0 V                 ; -                  ; n/a           ; n/a             ; n/a         ;
; HEX4[2]       ; 3.3-V LVTTL  ; 0 in              ; 0 H/in                  ; 0 F/in                  ; short         ; -                   ; open           ; open             ; open   ; 0 in             ; 0 H/in                 ; 0 F/in                 ; short        ; open          ; open            ; open  ; 0 V                 ; -                  ; n/a           ; n/a             ; n/a         ;
; HEX4[3]       ; 3.3-V LVTTL  ; 0 in              ; 0 H/in                  ; 0 F/in                  ; short         ; -                   ; open           ; open             ; open   ; 0 in             ; 0 H/in                 ; 0 F/in                 ; short        ; open          ; open            ; open  ; 0 V                 ; -                  ; n/a           ; n/a             ; n/a         ;
; HEX4[4]       ; 3.3-V LVTTL  ; 0 in              ; 0 H/in                  ; 0 F/in                  ; short         ; -                   ; open           ; open             ; open   ; 0 in             ; 0 H/in                 ; 0 F/in                 ; short        ; open          ; open            ; open  ; 0 V                 ; -                  ; n/a           ; n/a             ; n/a         ;
; HEX4[5]       ; 3.3-V LVTTL  ; 0 in              ; 0 H/in                  ; 0 F/in                  ; short         ; -                   ; open           ; open             ; open   ; 0 in             ; 0 H/in                 ; 0 F/in                 ; short        ; open          ; open            ; open  ; 0 V                 ; -                  ; n/a           ; n/a             ; n/a         ;
; HEX4[6]       ; 3.3-V LVTTL  ; 0 in              ; 0 H/in                  ; 0 F/in                  ; short         ; -                   ; open           ; open             ; open   ; 0 in             ; 0 H/in                 ; 0 F/in                 ; short        ; open          ; open            ; open  ; 0 V                 ; -                  ; n/a           ; n/a             ; n/a         ;
; HEX5[0]       ; 3.3-V LVTTL  ; 0 in              ; 0 H/in                  ; 0 F/in                  ; short         ; -                   ; open           ; open             ; open   ; 0 in             ; 0 H/in                 ; 0 F/in                 ; short        ; open          ; open            ; open  ; 0 V                 ; -                  ; n/a           ; n/a             ; n/a         ;
; HEX5[1]       ; 3.3-V LVTTL  ; 0 in              ; 0 H/in                  ; 0 F/in                  ; short         ; -                   ; open           ; open             ; open   ; 0 in             ; 0 H/in                 ; 0 F/in                 ; short        ; open          ; open            ; open  ; 0 V                 ; -                  ; n/a           ; n/a             ; n/a         ;
; HEX5[2]       ; 3.3-V LVTTL  ; 0 in              ; 0 H/in                  ; 0 F/in                  ; short         ; -                   ; open           ; open             ; open   ; 0 in             ; 0 H/in                 ; 0 F/in                 ; short        ; open          ; open            ; open  ; 0 V                 ; -                  ; n/a           ; n/a             ; n/a         ;
; HEX5[3]       ; 3.3-V LVTTL  ; 0 in              ; 0 H/in                  ; 0 F/in                  ; short         ; -                   ; open           ; open             ; open   ; 0 in             ; 0 H/in                 ; 0 F/in                 ; short        ; open          ; open            ; open  ; 0 V                 ; -                  ; n/a           ; n/a             ; n/a         ;
; HEX5[4]       ; 3.3-V LVTTL  ; 0 in              ; 0 H/in                  ; 0 F/in                  ; short         ; -                   ; open           ; open             ; open   ; 0 in             ; 0 H/in                 ; 0 F/in                 ; short        ; open          ; open            ; open  ; 0 V                 ; -                  ; n/a           ; n/a             ; n/a         ;
; HEX5[5]       ; 3.3-V LVTTL  ; 0 in              ; 0 H/in                  ; 0 F/in                  ; short         ; -                   ; open           ; open             ; open   ; 0 in             ; 0 H/in                 ; 0 F/in                 ; short        ; open          ; open            ; open  ; 0 V                 ; -                  ; n/a           ; n/a             ; n/a         ;
; HEX5[6]       ; 3.3-V LVTTL  ; 0 in              ; 0 H/in                  ; 0 F/in                  ; short         ; -                   ; open           ; open             ; open   ; 0 in             ; 0 H/in                 ; 0 F/in                 ; short        ; open          ; open            ; open  ; 0 V                 ; -                  ; n/a           ; n/a             ; n/a         ;
; LEDR[2]       ; 3.3-V LVTTL  ; 0 in              ; 0 H/in                  ; 0 F/in                  ; short         ; -                   ; open           ; open             ; open   ; 0 in             ; 0 H/in                 ; 0 F/in                 ; short        ; open          ; open            ; open  ; 0 V                 ; -                  ; n/a           ; n/a             ; n/a         ;
; LEDR[3]       ; 3.3-V LVTTL  ; 0 in              ; 0 H/in                  ; 0 F/in                  ; short         ; -                   ; open           ; open             ; open   ; 0 in             ; 0 H/in                 ; 0 F/in                 ; short        ; open          ; open            ; open  ; 0 V                 ; -                  ; n/a           ; n/a             ; n/a         ;
; LEDR[7]       ; 3.3-V LVTTL  ; 0 in              ; 0 H/in                  ; 0 F/in                  ; short         ; -                   ; open           ; open             ; open   ; 0 in             ; 0 H/in                 ; 0 F/in                 ; short        ; open          ; open            ; open  ; 0 V                 ; -                  ; n/a           ; n/a             ; n/a         ;
; LEDR[8]       ; 3.3-V LVTTL  ; 0 in              ; 0 H/in                  ; 0 F/in                  ; short         ; -                   ; open           ; open             ; open   ; 0 in             ; 0 H/in                 ; 0 F/in                 ; short        ; open          ; open            ; open  ; 0 V                 ; -                  ; n/a           ; n/a             ; n/a         ;
; ADC_CONVST    ; 3.3-V LVTTL  ; 0 in              ; 0 H/in                  ; 0 F/in                  ; short         ; -                   ; open           ; open             ; open   ; 0 in             ; 0 H/in                 ; 0 F/in                 ; short        ; open          ; open            ; open  ; 0 V                 ; -                  ; n/a           ; n/a             ; n/a         ;
; ADC_DIN       ; 3.3-V LVTTL  ; 0 in              ; 0 H/in                  ; 0 F/in                  ; short         ; -                   ; open           ; open             ; open   ; 0 in             ; 0 H/in                 ; 0 F/in                 ; short        ; open          ; open            ; open  ; 0 V                 ; -                  ; n/a           ; n/a             ; n/a         ;
; ADC_SCLK      ; 3.3-V LVTTL  ; 0 in              ; 0 H/in                  ; 0 F/in                  ; short         ; -                   ; open           ; open             ; open   ; 0 in             ; 0 H/in                 ; 0 F/in                 ; short        ; open          ; open            ; open  ; 0 V                 ; -                  ; n/a           ; n/a             ; n/a         ;
; DRAM_ADDR[0]  ; 3.3-V LVTTL  ; 0 in              ; 0 H/in                  ; 0 F/in                  ; short         ; -                   ; open           ; open             ; open   ; 0 in             ; 0 H/in                 ; 0 F/in                 ; short        ; open          ; open            ; open  ; 0 V                 ; -                  ; n/a           ; n/a             ; n/a         ;
; DRAM_ADDR[1]  ; 3.3-V LVTTL  ; 0 in              ; 0 H/in                  ; 0 F/in                  ; short         ; -                   ; open           ; open             ; open   ; 0 in             ; 0 H/in                 ; 0 F/in                 ; short        ; open          ; open            ; open  ; 0 V                 ; -                  ; n/a           ; n/a             ; n/a         ;
; DRAM_ADDR[2]  ; 3.3-V LVTTL  ; 0 in              ; 0 H/in                  ; 0 F/in                  ; short         ; -                   ; open           ; open             ; open   ; 0 in             ; 0 H/in                 ; 0 F/in                 ; short        ; open          ; open            ; open  ; 0 V                 ; -                  ; n/a           ; n/a             ; n/a         ;
; DRAM_ADDR[3]  ; 3.3-V LVTTL  ; 0 in              ; 0 H/in                  ; 0 F/in                  ; short         ; -                   ; open           ; open             ; open   ; 0 in             ; 0 H/in                 ; 0 F/in                 ; short        ; open          ; open            ; open  ; 0 V                 ; -                  ; n/a           ; n/a             ; n/a         ;
; DRAM_ADDR[4]  ; 3.3-V LVTTL  ; 0 in              ; 0 H/in                  ; 0 F/in                  ; short         ; -                   ; open           ; open             ; open   ; 0 in             ; 0 H/in                 ; 0 F/in                 ; short        ; open          ; open            ; open  ; 0 V                 ; -                  ; n/a           ; n/a             ; n/a         ;
; DRAM_ADDR[5]  ; 3.3-V LVTTL  ; 0 in              ; 0 H/in                  ; 0 F/in                  ; short         ; -                   ; open           ; open             ; open   ; 0 in             ; 0 H/in                 ; 0 F/in                 ; short        ; open          ; open            ; open  ; 0 V                 ; -                  ; n/a           ; n/a             ; n/a         ;
; DRAM_ADDR[6]  ; 3.3-V LVTTL  ; 0 in              ; 0 H/in                  ; 0 F/in                  ; short         ; -                   ; open           ; open             ; open   ; 0 in             ; 0 H/in                 ; 0 F/in                 ; short        ; open          ; open            ; open  ; 0 V                 ; -                  ; n/a           ; n/a             ; n/a         ;
; DRAM_ADDR[7]  ; 3.3-V LVTTL  ; 0 in              ; 0 H/in                  ; 0 F/in                  ; short         ; -                   ; open           ; open             ; open   ; 0 in             ; 0 H/in                 ; 0 F/in                 ; short        ; open          ; open            ; open  ; 0 V                 ; -                  ; n/a           ; n/a             ; n/a         ;
; DRAM_ADDR[8]  ; 3.3-V LVTTL  ; 0 in              ; 0 H/in                  ; 0 F/in                  ; short         ; -                   ; open           ; open             ; open   ; 0 in             ; 0 H/in                 ; 0 F/in                 ; short        ; open          ; open            ; open  ; 0 V                 ; -                  ; n/a           ; n/a             ; n/a         ;
; DRAM_ADDR[9]  ; 3.3-V LVTTL  ; 0 in              ; 0 H/in                  ; 0 F/in                  ; short         ; -                   ; open           ; open             ; open   ; 0 in             ; 0 H/in                 ; 0 F/in                 ; short        ; open          ; open            ; open  ; 0 V                 ; -                  ; n/a           ; n/a             ; n/a         ;
; DRAM_ADDR[10] ; 3.3-V LVTTL  ; 0 in              ; 0 H/in                  ; 0 F/in                  ; short         ; -                   ; open           ; open             ; open   ; 0 in             ; 0 H/in                 ; 0 F/in                 ; short        ; open          ; open            ; open  ; 0 V                 ; -                  ; n/a           ; n/a             ; n/a         ;
; DRAM_ADDR[11] ; 3.3-V LVTTL  ; 0 in              ; 0 H/in                  ; 0 F/in                  ; short         ; -                   ; open           ; open             ; open   ; 0 in             ; 0 H/in                 ; 0 F/in                 ; short        ; open          ; open            ; open  ; 0 V                 ; -                  ; n/a           ; n/a             ; n/a         ;
; DRAM_ADDR[12] ; 3.3-V LVTTL  ; 0 in              ; 0 H/in                  ; 0 F/in                  ; short         ; -                   ; open           ; open             ; open   ; 0 in             ; 0 H/in                 ; 0 F/in                 ; short        ; open          ; open            ; open  ; 0 V                 ; -                  ; n/a           ; n/a             ; n/a         ;
; DRAM_BA[0]    ; 3.3-V LVTTL  ; 0 in              ; 0 H/in                  ; 0 F/in                  ; short         ; -                   ; open           ; open             ; open   ; 0 in             ; 0 H/in                 ; 0 F/in                 ; short        ; open          ; open            ; open  ; 0 V                 ; -                  ; n/a           ; n/a             ; n/a         ;
; DRAM_BA[1]    ; 3.3-V LVTTL  ; 0 in              ; 0 H/in                  ; 0 F/in                  ; short         ; -                   ; open           ; open             ; open   ; 0 in             ; 0 H/in                 ; 0 F/in                 ; short        ; open          ; open            ; open  ; 0 V                 ; -                  ; n/a           ; n/a             ; n/a         ;
; DRAM_CAS_N    ; 3.3-V LVTTL  ; 0 in              ; 0 H/in                  ; 0 F/in                  ; short         ; -                   ; open           ; open             ; open   ; 0 in             ; 0 H/in                 ; 0 F/in                 ; short        ; open          ; open            ; open  ; 0 V                 ; -                  ; n/a           ; n/a             ; n/a         ;
; DRAM_CKE      ; 3.3-V LVTTL  ; 0 in              ; 0 H/in                  ; 0 F/in                  ; short         ; -                   ; open           ; open             ; open   ; 0 in             ; 0 H/in                 ; 0 F/in                 ; short        ; open          ; open            ; open  ; 0 V                 ; -                  ; n/a           ; n/a             ; n/a         ;
; DRAM_CLK      ; 3.3-V LVTTL  ; 0 in              ; 0 H/in                  ; 0 F/in                  ; short         ; -                   ; open           ; open             ; open   ; 0 in             ; 0 H/in                 ; 0 F/in                 ; short        ; open          ; open            ; open  ; 0 V                 ; -                  ; n/a           ; n/a             ; n/a         ;
; DRAM_CS_N     ; 3.3-V LVTTL  ; 0 in              ; 0 H/in                  ; 0 F/in                  ; short         ; -                   ; open           ; open             ; open   ; 0 in             ; 0 H/in                 ; 0 F/in                 ; short        ; open          ; open            ; open  ; 0 V                 ; -                  ; n/a           ; n/a             ; n/a         ;
; DRAM_LDQM     ; 3.3-V LVTTL  ; 0 in              ; 0 H/in                  ; 0 F/in                  ; short         ; -                   ; open           ; open             ; open   ; 0 in             ; 0 H/in                 ; 0 F/in                 ; short        ; open          ; open            ; open  ; 0 V                 ; -                  ; n/a           ; n/a             ; n/a         ;
; DRAM_RAS_N    ; 3.3-V LVTTL  ; 0 in              ; 0 H/in                  ; 0 F/in                  ; short         ; -                   ; open           ; open             ; open   ; 0 in             ; 0 H/in                 ; 0 F/in                 ; short        ; open          ; open            ; open  ; 0 V                 ; -                  ; n/a           ; n/a             ; n/a         ;
; DRAM_UDQM     ; 3.3-V LVTTL  ; 0 in              ; 0 H/in                  ; 0 F/in                  ; short         ; -                   ; open           ; open             ; open   ; 0 in             ; 0 H/in                 ; 0 F/in                 ; short        ; open          ; open            ; open  ; 0 V                 ; -                  ; n/a           ; n/a             ; n/a         ;
; DRAM_WE_N     ; 3.3-V LVTTL  ; 0 in              ; 0 H/in                  ; 0 F/in                  ; short         ; -                   ; open           ; open             ; open   ; 0 in             ; 0 H/in                 ; 0 F/in                 ; short        ; open          ; open            ; open  ; 0 V                 ; -                  ; n/a           ; n/a             ; n/a         ;
; IRDA_TXD      ; 3.3-V LVTTL  ; 0 in              ; 0 H/in                  ; 0 F/in                  ; short         ; -                   ; open           ; open             ; open   ; 0 in             ; 0 H/in                 ; 0 F/in                 ; short        ; open          ; open            ; open  ; 0 V                 ; -                  ; n/a           ; n/a             ; n/a         ;
; LEDR[4]       ; 3.3-V LVTTL  ; 0 in              ; 0 H/in                  ; 0 F/in                  ; short         ; -                   ; open           ; open             ; open   ; 0 in             ; 0 H/in                 ; 0 F/in                 ; short        ; open          ; open            ; open  ; 0 V                 ; -                  ; n/a           ; n/a             ; n/a         ;
; LEDR[6]       ; 3.3-V LVTTL  ; 0 in              ; 0 H/in                  ; 0 F/in                  ; short         ; -                   ; open           ; open             ; open   ; 0 in             ; 0 H/in                 ; 0 F/in                 ; short        ; open          ; open            ; open  ; 0 V                 ; -                  ; n/a           ; n/a             ; n/a         ;
; TD_RESET_N    ; 3.3-V LVTTL  ; 0 in              ; 0 H/in                  ; 0 F/in                  ; short         ; -                   ; open           ; open             ; open   ; 0 in             ; 0 H/in                 ; 0 F/in                 ; short        ; open          ; open            ; open  ; 0 V                 ; -                  ; n/a           ; n/a             ; n/a         ;
; VGA_BLANK_N   ; 3.3-V LVTTL  ; 0 in              ; 0 H/in                  ; 0 F/in                  ; short         ; -                   ; open           ; open             ; open   ; 0 in             ; 0 H/in                 ; 0 F/in                 ; short        ; open          ; open            ; open  ; 0 V                 ; -                  ; n/a           ; n/a             ; n/a         ;
; VGA_B[0]      ; 3.3-V LVTTL  ; 0 in              ; 0 H/in                  ; 0 F/in                  ; short         ; -                   ; open           ; open             ; open   ; 0 in             ; 0 H/in                 ; 0 F/in                 ; short        ; open          ; open            ; open  ; 0 V                 ; -                  ; n/a           ; n/a             ; n/a         ;
; VGA_B[1]      ; 3.3-V LVTTL  ; 0 in              ; 0 H/in                  ; 0 F/in                  ; short         ; -                   ; open           ; open             ; open   ; 0 in             ; 0 H/in                 ; 0 F/in                 ; short        ; open          ; open            ; open  ; 0 V                 ; -                  ; n/a           ; n/a             ; n/a         ;
; VGA_B[2]      ; 3.3-V LVTTL  ; 0 in              ; 0 H/in                  ; 0 F/in                  ; short         ; -                   ; open           ; open             ; open   ; 0 in             ; 0 H/in                 ; 0 F/in                 ; short        ; open          ; open            ; open  ; 0 V                 ; -                  ; n/a           ; n/a             ; n/a         ;
; VGA_B[3]      ; 3.3-V LVTTL  ; 0 in              ; 0 H/in                  ; 0 F/in                  ; short         ; -                   ; open           ; open             ; open   ; 0 in             ; 0 H/in                 ; 0 F/in                 ; short        ; open          ; open            ; open  ; 0 V                 ; -                  ; n/a           ; n/a             ; n/a         ;
; VGA_B[4]      ; 3.3-V LVTTL  ; 0 in              ; 0 H/in                  ; 0 F/in                  ; short         ; -                   ; open           ; open             ; open   ; 0 in             ; 0 H/in                 ; 0 F/in                 ; short        ; open          ; open            ; open  ; 0 V                 ; -                  ; n/a           ; n/a             ; n/a         ;
; VGA_B[5]      ; 3.3-V LVTTL  ; 0 in              ; 0 H/in                  ; 0 F/in                  ; short         ; -                   ; open           ; open             ; open   ; 0 in             ; 0 H/in                 ; 0 F/in                 ; short        ; open          ; open            ; open  ; 0 V                 ; -                  ; n/a           ; n/a             ; n/a         ;
; VGA_B[6]      ; 3.3-V LVTTL  ; 0 in              ; 0 H/in                  ; 0 F/in                  ; short         ; -                   ; open           ; open             ; open   ; 0 in             ; 0 H/in                 ; 0 F/in                 ; short        ; open          ; open            ; open  ; 0 V                 ; -                  ; n/a           ; n/a             ; n/a         ;
; VGA_B[7]      ; 3.3-V LVTTL  ; 0 in              ; 0 H/in                  ; 0 F/in                  ; short         ; -                   ; open           ; open             ; open   ; 0 in             ; 0 H/in                 ; 0 F/in                 ; short        ; open          ; open            ; open  ; 0 V                 ; -                  ; n/a           ; n/a             ; n/a         ;
; VGA_CLK       ; 3.3-V LVTTL  ; 0 in              ; 0 H/in                  ; 0 F/in                  ; short         ; -                   ; open           ; open             ; open   ; 0 in             ; 0 H/in                 ; 0 F/in                 ; short        ; open          ; open            ; open  ; 0 V                 ; -                  ; n/a           ; n/a             ; n/a         ;
; VGA_G[0]      ; 3.3-V LVTTL  ; 0 in              ; 0 H/in                  ; 0 F/in                  ; short         ; -                   ; open           ; open             ; open   ; 0 in             ; 0 H/in                 ; 0 F/in                 ; short        ; open          ; open            ; open  ; 0 V                 ; -                  ; n/a           ; n/a             ; n/a         ;
; VGA_G[1]      ; 3.3-V LVTTL  ; 0 in              ; 0 H/in                  ; 0 F/in                  ; short         ; -                   ; open           ; open             ; open   ; 0 in             ; 0 H/in                 ; 0 F/in                 ; short        ; open          ; open            ; open  ; 0 V                 ; -                  ; n/a           ; n/a             ; n/a         ;
; VGA_G[2]      ; 3.3-V LVTTL  ; 0 in              ; 0 H/in                  ; 0 F/in                  ; short         ; -                   ; open           ; open             ; open   ; 0 in             ; 0 H/in                 ; 0 F/in                 ; short        ; open          ; open            ; open  ; 0 V                 ; -                  ; n/a           ; n/a             ; n/a         ;
; VGA_G[3]      ; 3.3-V LVTTL  ; 0 in              ; 0 H/in                  ; 0 F/in                  ; short         ; -                   ; open           ; open             ; open   ; 0 in             ; 0 H/in                 ; 0 F/in                 ; short        ; open          ; open            ; open  ; 0 V                 ; -                  ; n/a           ; n/a             ; n/a         ;
; VGA_G[4]      ; 3.3-V LVTTL  ; 0 in              ; 0 H/in                  ; 0 F/in                  ; short         ; -                   ; open           ; open             ; open   ; 0 in             ; 0 H/in                 ; 0 F/in                 ; short        ; open          ; open            ; open  ; 0 V                 ; -                  ; n/a           ; n/a             ; n/a         ;
; VGA_G[5]      ; 3.3-V LVTTL  ; 0 in              ; 0 H/in                  ; 0 F/in                  ; short         ; -                   ; open           ; open             ; open   ; 0 in             ; 0 H/in                 ; 0 F/in                 ; short        ; open          ; open            ; open  ; 0 V                 ; -                  ; n/a           ; n/a             ; n/a         ;
; VGA_G[6]      ; 3.3-V LVTTL  ; 0 in              ; 0 H/in                  ; 0 F/in                  ; short         ; -                   ; open           ; open             ; open   ; 0 in             ; 0 H/in                 ; 0 F/in                 ; short        ; open          ; open            ; open  ; 0 V                 ; -                  ; n/a           ; n/a             ; n/a         ;
; VGA_G[7]      ; 3.3-V LVTTL  ; 0 in              ; 0 H/in                  ; 0 F/in                  ; short         ; -                   ; open           ; open             ; open   ; 0 in             ; 0 H/in                 ; 0 F/in                 ; short        ; open          ; open            ; open  ; 0 V                 ; -                  ; n/a           ; n/a             ; n/a         ;
; VGA_HS        ; 3.3-V LVTTL  ; 0 in              ; 0 H/in                  ; 0 F/in                  ; short         ; -                   ; open           ; open             ; open   ; 0 in             ; 0 H/in                 ; 0 F/in                 ; short        ; open          ; open            ; open  ; 0 V                 ; -                  ; n/a           ; n/a             ; n/a         ;
; VGA_R[0]      ; 3.3-V LVTTL  ; 0 in              ; 0 H/in                  ; 0 F/in                  ; short         ; -                   ; open           ; open             ; open   ; 0 in             ; 0 H/in                 ; 0 F/in                 ; short        ; open          ; open            ; open  ; 0 V                 ; -                  ; n/a           ; n/a             ; n/a         ;
; VGA_R[1]      ; 3.3-V LVTTL  ; 0 in              ; 0 H/in                  ; 0 F/in                  ; short         ; -                   ; open           ; open             ; open   ; 0 in             ; 0 H/in                 ; 0 F/in                 ; short        ; open          ; open            ; open  ; 0 V                 ; -                  ; n/a           ; n/a             ; n/a         ;
; VGA_R[2]      ; 3.3-V LVTTL  ; 0 in              ; 0 H/in                  ; 0 F/in                  ; short         ; -                   ; open           ; open             ; open   ; 0 in             ; 0 H/in                 ; 0 F/in                 ; short        ; open          ; open            ; open  ; 0 V                 ; -                  ; n/a           ; n/a             ; n/a         ;
; VGA_R[3]      ; 3.3-V LVTTL  ; 0 in              ; 0 H/in                  ; 0 F/in                  ; short         ; -                   ; open           ; open             ; open   ; 0 in             ; 0 H/in                 ; 0 F/in                 ; short        ; open          ; open            ; open  ; 0 V                 ; -                  ; n/a           ; n/a             ; n/a         ;
; VGA_R[4]      ; 3.3-V LVTTL  ; 0 in              ; 0 H/in                  ; 0 F/in                  ; short         ; -                   ; open           ; open             ; open   ; 0 in             ; 0 H/in                 ; 0 F/in                 ; short        ; open          ; open            ; open  ; 0 V                 ; -                  ; n/a           ; n/a             ; n/a         ;
; VGA_R[5]      ; 3.3-V LVTTL  ; 0 in              ; 0 H/in                  ; 0 F/in                  ; short         ; -                   ; open           ; open             ; open   ; 0 in             ; 0 H/in                 ; 0 F/in                 ; short        ; open          ; open            ; open  ; 0 V                 ; -                  ; n/a           ; n/a             ; n/a         ;
; VGA_R[6]      ; 3.3-V LVTTL  ; 0 in              ; 0 H/in                  ; 0 F/in                  ; short         ; -                   ; open           ; open             ; open   ; 0 in             ; 0 H/in                 ; 0 F/in                 ; short        ; open          ; open            ; open  ; 0 V                 ; -                  ; n/a           ; n/a             ; n/a         ;
; VGA_R[7]      ; 3.3-V LVTTL  ; 0 in              ; 0 H/in                  ; 0 F/in                  ; short         ; -                   ; open           ; open             ; open   ; 0 in             ; 0 H/in                 ; 0 F/in                 ; short        ; open          ; open            ; open  ; 0 V                 ; -                  ; n/a           ; n/a             ; n/a         ;
; VGA_SYNC_N    ; 3.3-V LVTTL  ; 0 in              ; 0 H/in                  ; 0 F/in                  ; short         ; -                   ; open           ; open             ; open   ; 0 in             ; 0 H/in                 ; 0 F/in                 ; short        ; open          ; open            ; open  ; 0 V                 ; -                  ; n/a           ; n/a             ; n/a         ;
; VGA_VS        ; 3.3-V LVTTL  ; 0 in              ; 0 H/in                  ; 0 F/in                  ; short         ; -                   ; open           ; open             ; open   ; 0 in             ; 0 H/in                 ; 0 F/in                 ; short        ; open          ; open            ; open  ; 0 V                 ; -                  ; n/a           ; n/a             ; n/a         ;
; GPIO[5]       ; 3.3-V LVTTL  ; 0 in              ; 0 H/in                  ; 0 F/in                  ; short         ; -                   ; open           ; open             ; open   ; 0 in             ; 0 H/in                 ; 0 F/in                 ; short        ; open          ; open            ; open  ; 0 V                 ; -                  ; n/a           ; n/a             ; n/a         ;
; GPIO[4]       ; 3.3-V LVTTL  ; 0 in              ; 0 H/in                  ; 0 F/in                  ; short         ; -                   ; open           ; open             ; open   ; 0 in             ; 0 H/in                 ; 0 F/in                 ; short        ; open          ; open            ; open  ; 0 V                 ; -                  ; n/a           ; n/a             ; n/a         ;
; AUD_BCLK      ; 3.3-V LVTTL  ; 0 in              ; 0 H/in                  ; 0 F/in                  ; short         ; -                   ; open           ; open             ; open   ; 0 in             ; 0 H/in                 ; 0 F/in                 ; short        ; open          ; open            ; open  ; 0 V                 ; -                  ; n/a           ; n/a             ; n/a         ;
; AUD_ADCLRCK   ; 3.3-V LVTTL  ; 0 in              ; 0 H/in                  ; 0 F/in                  ; short         ; -                   ; open           ; open             ; open   ; 0 in             ; 0 H/in                 ; 0 F/in                 ; short        ; open          ; open            ; open  ; 0 V                 ; -                  ; n/a           ; n/a             ; n/a         ;
; AUD_DACLRCK   ; 3.3-V LVTTL  ; 0 in              ; 0 H/in                  ; 0 F/in                  ; short         ; -                   ; open           ; open             ; open   ; 0 in             ; 0 H/in                 ; 0 F/in                 ; short        ; open          ; open            ; open  ; 0 V                 ; -                  ; n/a           ; n/a             ; n/a         ;
; FPGA_I2C_SDAT ; 3.3-V LVTTL  ; 0 in              ; 0 H/in                  ; 0 F/in                  ; short         ; -                   ; open           ; open             ; open   ; 0 in             ; 0 H/in                 ; 0 F/in                 ; short        ; open          ; open            ; open  ; 0 V                 ; -                  ; n/a           ; n/a             ; n/a         ;
; GPIO[3]       ; 3.3-V LVTTL  ; 0 in              ; 0 H/in                  ; 0 F/in                  ; short         ; -                   ; open           ; open             ; open   ; 0 in             ; 0 H/in                 ; 0 F/in                 ; short        ; open          ; open            ; open  ; 0 V                 ; -                  ; n/a           ; n/a             ; n/a         ;
; DRAM_DQ[0]    ; 3.3-V LVTTL  ; 0 in              ; 0 H/in                  ; 0 F/in                  ; short         ; -                   ; open           ; open             ; open   ; 0 in             ; 0 H/in                 ; 0 F/in                 ; short        ; open          ; open            ; open  ; 0 V                 ; -                  ; n/a           ; n/a             ; n/a         ;
; DRAM_DQ[1]    ; 3.3-V LVTTL  ; 0 in              ; 0 H/in                  ; 0 F/in                  ; short         ; -                   ; open           ; open             ; open   ; 0 in             ; 0 H/in                 ; 0 F/in                 ; short        ; open          ; open            ; open  ; 0 V                 ; -                  ; n/a           ; n/a             ; n/a         ;
; DRAM_DQ[2]    ; 3.3-V LVTTL  ; 0 in              ; 0 H/in                  ; 0 F/in                  ; short         ; -                   ; open           ; open             ; open   ; 0 in             ; 0 H/in                 ; 0 F/in                 ; short        ; open          ; open            ; open  ; 0 V                 ; -                  ; n/a           ; n/a             ; n/a         ;
; DRAM_DQ[3]    ; 3.3-V LVTTL  ; 0 in              ; 0 H/in                  ; 0 F/in                  ; short         ; -                   ; open           ; open             ; open   ; 0 in             ; 0 H/in                 ; 0 F/in                 ; short        ; open          ; open            ; open  ; 0 V                 ; -                  ; n/a           ; n/a             ; n/a         ;
; DRAM_DQ[4]    ; 3.3-V LVTTL  ; 0 in              ; 0 H/in                  ; 0 F/in                  ; short         ; -                   ; open           ; open             ; open   ; 0 in             ; 0 H/in                 ; 0 F/in                 ; short        ; open          ; open            ; open  ; 0 V                 ; -                  ; n/a           ; n/a             ; n/a         ;
; DRAM_DQ[5]    ; 3.3-V LVTTL  ; 0 in              ; 0 H/in                  ; 0 F/in                  ; short         ; -                   ; open           ; open             ; open   ; 0 in             ; 0 H/in                 ; 0 F/in                 ; short        ; open          ; open            ; open  ; 0 V                 ; -                  ; n/a           ; n/a             ; n/a         ;
; DRAM_DQ[6]    ; 3.3-V LVTTL  ; 0 in              ; 0 H/in                  ; 0 F/in                  ; short         ; -                   ; open           ; open             ; open   ; 0 in             ; 0 H/in                 ; 0 F/in                 ; short        ; open          ; open            ; open  ; 0 V                 ; -                  ; n/a           ; n/a             ; n/a         ;
; DRAM_DQ[7]    ; 3.3-V LVTTL  ; 0 in              ; 0 H/in                  ; 0 F/in                  ; short         ; -                   ; open           ; open             ; open   ; 0 in             ; 0 H/in                 ; 0 F/in                 ; short        ; open          ; open            ; open  ; 0 V                 ; -                  ; n/a           ; n/a             ; n/a         ;
; DRAM_DQ[8]    ; 3.3-V LVTTL  ; 0 in              ; 0 H/in                  ; 0 F/in                  ; short         ; -                   ; open           ; open             ; open   ; 0 in             ; 0 H/in                 ; 0 F/in                 ; short        ; open          ; open            ; open  ; 0 V                 ; -                  ; n/a           ; n/a             ; n/a         ;
; DRAM_DQ[9]    ; 3.3-V LVTTL  ; 0 in              ; 0 H/in                  ; 0 F/in                  ; short         ; -                   ; open           ; open             ; open   ; 0 in             ; 0 H/in                 ; 0 F/in                 ; short        ; open          ; open            ; open  ; 0 V                 ; -                  ; n/a           ; n/a             ; n/a         ;
; DRAM_DQ[10]   ; 3.3-V LVTTL  ; 0 in              ; 0 H/in                  ; 0 F/in                  ; short         ; -                   ; open           ; open             ; open   ; 0 in             ; 0 H/in                 ; 0 F/in                 ; short        ; open          ; open            ; open  ; 0 V                 ; -                  ; n/a           ; n/a             ; n/a         ;
; DRAM_DQ[11]   ; 3.3-V LVTTL  ; 0 in              ; 0 H/in                  ; 0 F/in                  ; short         ; -                   ; open           ; open             ; open   ; 0 in             ; 0 H/in                 ; 0 F/in                 ; short        ; open          ; open            ; open  ; 0 V                 ; -                  ; n/a           ; n/a             ; n/a         ;
; DRAM_DQ[12]   ; 3.3-V LVTTL  ; 0 in              ; 0 H/in                  ; 0 F/in                  ; short         ; -                   ; open           ; open             ; open   ; 0 in             ; 0 H/in                 ; 0 F/in                 ; short        ; open          ; open            ; open  ; 0 V                 ; -                  ; n/a           ; n/a             ; n/a         ;
; DRAM_DQ[13]   ; 3.3-V LVTTL  ; 0 in              ; 0 H/in                  ; 0 F/in                  ; short         ; -                   ; open           ; open             ; open   ; 0 in             ; 0 H/in                 ; 0 F/in                 ; short        ; open          ; open            ; open  ; 0 V                 ; -                  ; n/a           ; n/a             ; n/a         ;
; DRAM_DQ[14]   ; 3.3-V LVTTL  ; 0 in              ; 0 H/in                  ; 0 F/in                  ; short         ; -                   ; open           ; open             ; open   ; 0 in             ; 0 H/in                 ; 0 F/in                 ; short        ; open          ; open            ; open  ; 0 V                 ; -                  ; n/a           ; n/a             ; n/a         ;
; DRAM_DQ[15]   ; 3.3-V LVTTL  ; 0 in              ; 0 H/in                  ; 0 F/in                  ; short         ; -                   ; open           ; open             ; open   ; 0 in             ; 0 H/in                 ; 0 F/in                 ; short        ; open          ; open            ; open  ; 0 V                 ; -                  ; n/a           ; n/a             ; n/a         ;
; PS2_CLK       ; 3.3-V LVTTL  ; 0 in              ; 0 H/in                  ; 0 F/in                  ; short         ; -                   ; open           ; open             ; open   ; 0 in             ; 0 H/in                 ; 0 F/in                 ; short        ; open          ; open            ; open  ; 0 V                 ; -                  ; n/a           ; n/a             ; n/a         ;
; PS2_CLK2      ; 3.3-V LVTTL  ; 0 in              ; 0 H/in                  ; 0 F/in                  ; short         ; -                   ; open           ; open             ; open   ; 0 in             ; 0 H/in                 ; 0 F/in                 ; short        ; open          ; open            ; open  ; 0 V                 ; -                  ; n/a           ; n/a             ; n/a         ;
; PS2_DAT       ; 3.3-V LVTTL  ; 0 in              ; 0 H/in                  ; 0 F/in                  ; short         ; -                   ; open           ; open             ; open   ; 0 in             ; 0 H/in                 ; 0 F/in                 ; short        ; open          ; open            ; open  ; 0 V                 ; -                  ; n/a           ; n/a             ; n/a         ;
; PS2_DAT2      ; 3.3-V LVTTL  ; 0 in              ; 0 H/in                  ; 0 F/in                  ; short         ; -                   ; open           ; open             ; open   ; 0 in             ; 0 H/in                 ; 0 F/in                 ; short        ; open          ; open            ; open  ; 0 V                 ; -                  ; n/a           ; n/a             ; n/a         ;
; GPIO[0]       ; 3.3-V LVTTL  ; 0 in              ; 0 H/in                  ; 0 F/in                  ; short         ; -                   ; open           ; open             ; open   ; 0 in             ; 0 H/in                 ; 0 F/in                 ; short        ; open          ; open            ; open  ; 0 V                 ; -                  ; n/a           ; n/a             ; n/a         ;
; GPIO[1]       ; 3.3-V LVTTL  ; 0 in              ; 0 H/in                  ; 0 F/in                  ; short         ; -                   ; open           ; open             ; open   ; 0 in             ; 0 H/in                 ; 0 F/in                 ; short        ; open          ; open            ; open  ; 0 V                 ; -                  ; n/a           ; n/a             ; n/a         ;
; GPIO[2]       ; 3.3-V LVTTL  ; 0 in              ; 0 H/in                  ; 0 F/in                  ; short         ; -                   ; open           ; open             ; open   ; 0 in             ; 0 H/in                 ; 0 F/in                 ; short        ; open          ; open            ; open  ; 0 V                 ; -                  ; n/a           ; n/a             ; n/a         ;
; GPIO[6]       ; 3.3-V LVTTL  ; 0 in              ; 0 H/in                  ; 0 F/in                  ; short         ; -                   ; open           ; open             ; open   ; 0 in             ; 0 H/in                 ; 0 F/in                 ; short        ; open          ; open            ; open  ; 0 V                 ; -                  ; n/a           ; n/a             ; n/a         ;
; GPIO[7]       ; 3.3-V LVTTL  ; 0 in              ; 0 H/in                  ; 0 F/in                  ; short         ; -                   ; open           ; open             ; open   ; 0 in             ; 0 H/in                 ; 0 F/in                 ; short        ; open          ; open            ; open  ; 0 V                 ; -                  ; n/a           ; n/a             ; n/a         ;
; GPIO[8]       ; 3.3-V LVTTL  ; 0 in              ; 0 H/in                  ; 0 F/in                  ; short         ; -                   ; open           ; open             ; open   ; 0 in             ; 0 H/in                 ; 0 F/in                 ; short        ; open          ; open            ; open  ; 0 V                 ; -                  ; n/a           ; n/a             ; n/a         ;
; GPIO[9]       ; 3.3-V LVTTL  ; 0 in              ; 0 H/in                  ; 0 F/in                  ; short         ; -                   ; open           ; open             ; open   ; 0 in             ; 0 H/in                 ; 0 F/in                 ; short        ; open          ; open            ; open  ; 0 V                 ; -                  ; n/a           ; n/a             ; n/a         ;
; GPIO[10]      ; 3.3-V LVTTL  ; 0 in              ; 0 H/in                  ; 0 F/in                  ; short         ; -                   ; open           ; open             ; open   ; 0 in             ; 0 H/in                 ; 0 F/in                 ; short        ; open          ; open            ; open  ; 0 V                 ; -                  ; n/a           ; n/a             ; n/a         ;
; GPIO[11]      ; 3.3-V LVTTL  ; 0 in              ; 0 H/in                  ; 0 F/in                  ; short         ; -                   ; open           ; open             ; open   ; 0 in             ; 0 H/in                 ; 0 F/in                 ; short        ; open          ; open            ; open  ; 0 V                 ; -                  ; n/a           ; n/a             ; n/a         ;
; GPIO[12]      ; 3.3-V LVTTL  ; 0 in              ; 0 H/in                  ; 0 F/in                  ; short         ; -                   ; open           ; open             ; open   ; 0 in             ; 0 H/in                 ; 0 F/in                 ; short        ; open          ; open            ; open  ; 0 V                 ; -                  ; n/a           ; n/a             ; n/a         ;
; GPIO[13]      ; 3.3-V LVTTL  ; 0 in              ; 0 H/in                  ; 0 F/in                  ; short         ; -                   ; open           ; open             ; open   ; 0 in             ; 0 H/in                 ; 0 F/in                 ; short        ; open          ; open            ; open  ; 0 V                 ; -                  ; n/a           ; n/a             ; n/a         ;
; GPIO[14]      ; 3.3-V LVTTL  ; 0 in              ; 0 H/in                  ; 0 F/in                  ; short         ; -                   ; open           ; open             ; open   ; 0 in             ; 0 H/in                 ; 0 F/in                 ; short        ; open          ; open            ; open  ; 0 V                 ; -                  ; n/a           ; n/a             ; n/a         ;
; GPIO[15]      ; 3.3-V LVTTL  ; 0 in              ; 0 H/in                  ; 0 F/in                  ; short         ; -                   ; open           ; open             ; open   ; 0 in             ; 0 H/in                 ; 0 F/in                 ; short        ; open          ; open            ; open  ; 0 V                 ; -                  ; n/a           ; n/a             ; n/a         ;
; GPIO[16]      ; 3.3-V LVTTL  ; 0 in              ; 0 H/in                  ; 0 F/in                  ; short         ; -                   ; open           ; open             ; open   ; 0 in             ; 0 H/in                 ; 0 F/in                 ; short        ; open          ; open            ; open  ; 0 V                 ; -                  ; n/a           ; n/a             ; n/a         ;
; GPIO[17]      ; 3.3-V LVTTL  ; 0 in              ; 0 H/in                  ; 0 F/in                  ; short         ; -                   ; open           ; open             ; open   ; 0 in             ; 0 H/in                 ; 0 F/in                 ; short        ; open          ; open            ; open  ; 0 V                 ; -                  ; n/a           ; n/a             ; n/a         ;
; GPIO[18]      ; 3.3-V LVTTL  ; 0 in              ; 0 H/in                  ; 0 F/in                  ; short         ; -                   ; open           ; open             ; open   ; 0 in             ; 0 H/in                 ; 0 F/in                 ; short        ; open          ; open            ; open  ; 0 V                 ; -                  ; n/a           ; n/a             ; n/a         ;
; GPIO[19]      ; 3.3-V LVTTL  ; 0 in              ; 0 H/in                  ; 0 F/in                  ; short         ; -                   ; open           ; open             ; open   ; 0 in             ; 0 H/in                 ; 0 F/in                 ; short        ; open          ; open            ; open  ; 0 V                 ; -                  ; n/a           ; n/a             ; n/a         ;
; GPIO[20]      ; 3.3-V LVTTL  ; 0 in              ; 0 H/in                  ; 0 F/in                  ; short         ; -                   ; open           ; open             ; open   ; 0 in             ; 0 H/in                 ; 0 F/in                 ; short        ; open          ; open            ; open  ; 0 V                 ; -                  ; n/a           ; n/a             ; n/a         ;
; GPIO[21]      ; 3.3-V LVTTL  ; 0 in              ; 0 H/in                  ; 0 F/in                  ; short         ; -                   ; open           ; open             ; open   ; 0 in             ; 0 H/in                 ; 0 F/in                 ; short        ; open          ; open            ; open  ; 0 V                 ; -                  ; n/a           ; n/a             ; n/a         ;
; GPIO[22]      ; 3.3-V LVTTL  ; 0 in              ; 0 H/in                  ; 0 F/in                  ; short         ; -                   ; open           ; open             ; open   ; 0 in             ; 0 H/in                 ; 0 F/in                 ; short        ; open          ; open            ; open  ; 0 V                 ; -                  ; n/a           ; n/a             ; n/a         ;
; GPIO[23]      ; 3.3-V LVTTL  ; 0 in              ; 0 H/in                  ; 0 F/in                  ; short         ; -                   ; open           ; open             ; open   ; 0 in             ; 0 H/in                 ; 0 F/in                 ; short        ; open          ; open            ; open  ; 0 V                 ; -                  ; n/a           ; n/a             ; n/a         ;
; GPIO[24]      ; 3.3-V LVTTL  ; 0 in              ; 0 H/in                  ; 0 F/in                  ; short         ; -                   ; open           ; open             ; open   ; 0 in             ; 0 H/in                 ; 0 F/in                 ; short        ; open          ; open            ; open  ; 0 V                 ; -                  ; n/a           ; n/a             ; n/a         ;
; GPIO[25]      ; 3.3-V LVTTL  ; 0 in              ; 0 H/in                  ; 0 F/in                  ; short         ; -                   ; open           ; open             ; open   ; 0 in             ; 0 H/in                 ; 0 F/in                 ; short        ; open          ; open            ; open  ; 0 V                 ; -                  ; n/a           ; n/a             ; n/a         ;
; GPIO[26]      ; 3.3-V LVTTL  ; 0 in              ; 0 H/in                  ; 0 F/in                  ; short         ; -                   ; open           ; open             ; open   ; 0 in             ; 0 H/in                 ; 0 F/in                 ; short        ; open          ; open            ; open  ; 0 V                 ; -                  ; n/a           ; n/a             ; n/a         ;
; GPIO[27]      ; 3.3-V LVTTL  ; 0 in              ; 0 H/in                  ; 0 F/in                  ; short         ; -                   ; open           ; open             ; open   ; 0 in             ; 0 H/in                 ; 0 F/in                 ; short        ; open          ; open            ; open  ; 0 V                 ; -                  ; n/a           ; n/a             ; n/a         ;
; GPIO[28]      ; 3.3-V LVTTL  ; 0 in              ; 0 H/in                  ; 0 F/in                  ; short         ; -                   ; open           ; open             ; open   ; 0 in             ; 0 H/in                 ; 0 F/in                 ; short        ; open          ; open            ; open  ; 0 V                 ; -                  ; n/a           ; n/a             ; n/a         ;
; GPIO[29]      ; 3.3-V LVTTL  ; 0 in              ; 0 H/in                  ; 0 F/in                  ; short         ; -                   ; open           ; open             ; open   ; 0 in             ; 0 H/in                 ; 0 F/in                 ; short        ; open          ; open            ; open  ; 0 V                 ; -                  ; n/a           ; n/a             ; n/a         ;
; GPIO[30]      ; 3.3-V LVTTL  ; 0 in              ; 0 H/in                  ; 0 F/in                  ; short         ; -                   ; open           ; open             ; open   ; 0 in             ; 0 H/in                 ; 0 F/in                 ; short        ; open          ; open            ; open  ; 0 V                 ; -                  ; n/a           ; n/a             ; n/a         ;
; GPIO[31]      ; 3.3-V LVTTL  ; 0 in              ; 0 H/in                  ; 0 F/in                  ; short         ; -                   ; open           ; open             ; open   ; 0 in             ; 0 H/in                 ; 0 F/in                 ; short        ; open          ; open            ; open  ; 0 V                 ; -                  ; n/a           ; n/a             ; n/a         ;
; GPIO[32]      ; 3.3-V LVTTL  ; 0 in              ; 0 H/in                  ; 0 F/in                  ; short         ; -                   ; open           ; open             ; open   ; 0 in             ; 0 H/in                 ; 0 F/in                 ; short        ; open          ; open            ; open  ; 0 V                 ; -                  ; n/a           ; n/a             ; n/a         ;
; GPIO[33]      ; 3.3-V LVTTL  ; 0 in              ; 0 H/in                  ; 0 F/in                  ; short         ; -                   ; open           ; open             ; open   ; 0 in             ; 0 H/in                 ; 0 F/in                 ; short        ; open          ; open            ; open  ; 0 V                 ; -                  ; n/a           ; n/a             ; n/a         ;
; GPIO[34]      ; 3.3-V LVTTL  ; 0 in              ; 0 H/in                  ; 0 F/in                  ; short         ; -                   ; open           ; open             ; open   ; 0 in             ; 0 H/in                 ; 0 F/in                 ; short        ; open          ; open            ; open  ; 0 V                 ; -                  ; n/a           ; n/a             ; n/a         ;
; GPIO[35]      ; 3.3-V LVTTL  ; 0 in              ; 0 H/in                  ; 0 F/in                  ; short         ; -                   ; open           ; open             ; open   ; 0 in             ; 0 H/in                 ; 0 F/in                 ; short        ; open          ; open            ; open  ; 0 V                 ; -                  ; n/a           ; n/a             ; n/a         ;
+---------------+--------------+-------------------+-------------------------+-------------------------+---------------+---------------------+----------------+------------------+--------+------------------+------------------------+------------------------+--------------+---------------+-----------------+-------+---------------------+--------------------+---------------+-----------------+-------------+


+------------------------------------------------------------------+
; Input Transition Times                                           ;
+---------------+--------------+-----------------+-----------------+
; Pin           ; I/O Standard ; 10-90 Rise Time ; 90-10 Fall Time ;
+---------------+--------------+-----------------+-----------------+
; ADC_DOUT      ; 3.3-V LVTTL  ; 2640 ps         ; 2640 ps         ;
; CLOCK2_50     ; 3.3-V LVTTL  ; 2640 ps         ; 2640 ps         ;
; CLOCK3_50     ; 3.3-V LVTTL  ; 2640 ps         ; 2640 ps         ;
; CLOCK4_50     ; 3.3-V LVTTL  ; 2640 ps         ; 2640 ps         ;
; IRDA_RXD      ; 3.3-V LVTTL  ; 2640 ps         ; 2640 ps         ;
; KEY[1]        ; 3.3-V LVTTL  ; 2640 ps         ; 2640 ps         ;
; KEY[2]        ; 3.3-V LVTTL  ; 2640 ps         ; 2640 ps         ;
; KEY[3]        ; 3.3-V LVTTL  ; 2640 ps         ; 2640 ps         ;
; SW[1]         ; 3.3-V LVTTL  ; 2640 ps         ; 2640 ps         ;
; SW[2]         ; 3.3-V LVTTL  ; 2640 ps         ; 2640 ps         ;
; SW[3]         ; 3.3-V LVTTL  ; 2640 ps         ; 2640 ps         ;
; SW[4]         ; 3.3-V LVTTL  ; 2640 ps         ; 2640 ps         ;
; SW[5]         ; 3.3-V LVTTL  ; 2640 ps         ; 2640 ps         ;
; SW[6]         ; 3.3-V LVTTL  ; 2640 ps         ; 2640 ps         ;
; SW[7]         ; 3.3-V LVTTL  ; 2640 ps         ; 2640 ps         ;
; SW[8]         ; 3.3-V LVTTL  ; 2640 ps         ; 2640 ps         ;
; SW[9]         ; 3.3-V LVTTL  ; 2640 ps         ; 2640 ps         ;
; TD_CLK27      ; 3.3-V LVTTL  ; 2640 ps         ; 2640 ps         ;
; TD_DATA[0]    ; 3.3-V LVTTL  ; 2640 ps         ; 2640 ps         ;
; TD_DATA[1]    ; 3.3-V LVTTL  ; 2640 ps         ; 2640 ps         ;
; TD_DATA[2]    ; 3.3-V LVTTL  ; 2640 ps         ; 2640 ps         ;
; TD_DATA[3]    ; 3.3-V LVTTL  ; 2640 ps         ; 2640 ps         ;
; TD_DATA[4]    ; 3.3-V LVTTL  ; 2640 ps         ; 2640 ps         ;
; TD_DATA[5]    ; 3.3-V LVTTL  ; 2640 ps         ; 2640 ps         ;
; TD_DATA[6]    ; 3.3-V LVTTL  ; 2640 ps         ; 2640 ps         ;
; TD_DATA[7]    ; 3.3-V LVTTL  ; 2640 ps         ; 2640 ps         ;
; TD_HS         ; 3.3-V LVTTL  ; 2640 ps         ; 2640 ps         ;
; TD_VS         ; 3.3-V LVTTL  ; 2640 ps         ; 2640 ps         ;
; GPIO[5]       ; 3.3-V LVTTL  ; 2640 ps         ; 2640 ps         ;
; GPIO[4]       ; 3.3-V LVTTL  ; 2640 ps         ; 2640 ps         ;
; AUD_BCLK      ; 3.3-V LVTTL  ; 2640 ps         ; 2640 ps         ;
; AUD_ADCLRCK   ; 3.3-V LVTTL  ; 2640 ps         ; 2640 ps         ;
; AUD_DACLRCK   ; 3.3-V LVTTL  ; 2640 ps         ; 2640 ps         ;
; FPGA_I2C_SDAT ; 3.3-V LVTTL  ; 2640 ps         ; 2640 ps         ;
; GPIO[3]       ; 3.3-V LVTTL  ; 2640 ps         ; 2640 ps         ;
; DRAM_DQ[0]    ; 3.3-V LVTTL  ; 2640 ps         ; 2640 ps         ;
; DRAM_DQ[1]    ; 3.3-V LVTTL  ; 2640 ps         ; 2640 ps         ;
; DRAM_DQ[2]    ; 3.3-V LVTTL  ; 2640 ps         ; 2640 ps         ;
; DRAM_DQ[3]    ; 3.3-V LVTTL  ; 2640 ps         ; 2640 ps         ;
; DRAM_DQ[4]    ; 3.3-V LVTTL  ; 2640 ps         ; 2640 ps         ;
; DRAM_DQ[5]    ; 3.3-V LVTTL  ; 2640 ps         ; 2640 ps         ;
; DRAM_DQ[6]    ; 3.3-V LVTTL  ; 2640 ps         ; 2640 ps         ;
; DRAM_DQ[7]    ; 3.3-V LVTTL  ; 2640 ps         ; 2640 ps         ;
; DRAM_DQ[8]    ; 3.3-V LVTTL  ; 2640 ps         ; 2640 ps         ;
; DRAM_DQ[9]    ; 3.3-V LVTTL  ; 2640 ps         ; 2640 ps         ;
; DRAM_DQ[10]   ; 3.3-V LVTTL  ; 2640 ps         ; 2640 ps         ;
; DRAM_DQ[11]   ; 3.3-V LVTTL  ; 2640 ps         ; 2640 ps         ;
; DRAM_DQ[12]   ; 3.3-V LVTTL  ; 2640 ps         ; 2640 ps         ;
; DRAM_DQ[13]   ; 3.3-V LVTTL  ; 2640 ps         ; 2640 ps         ;
; DRAM_DQ[14]   ; 3.3-V LVTTL  ; 2640 ps         ; 2640 ps         ;
; DRAM_DQ[15]   ; 3.3-V LVTTL  ; 2640 ps         ; 2640 ps         ;
; PS2_CLK       ; 3.3-V LVTTL  ; 2640 ps         ; 2640 ps         ;
; PS2_CLK2      ; 3.3-V LVTTL  ; 2640 ps         ; 2640 ps         ;
; PS2_DAT       ; 3.3-V LVTTL  ; 2640 ps         ; 2640 ps         ;
; PS2_DAT2      ; 3.3-V LVTTL  ; 2640 ps         ; 2640 ps         ;
; GPIO[0]       ; 3.3-V LVTTL  ; 2640 ps         ; 2640 ps         ;
; GPIO[1]       ; 3.3-V LVTTL  ; 2640 ps         ; 2640 ps         ;
; GPIO[2]       ; 3.3-V LVTTL  ; 2640 ps         ; 2640 ps         ;
; GPIO[6]       ; 3.3-V LVTTL  ; 2640 ps         ; 2640 ps         ;
; GPIO[7]       ; 3.3-V LVTTL  ; 2640 ps         ; 2640 ps         ;
; GPIO[8]       ; 3.3-V LVTTL  ; 2640 ps         ; 2640 ps         ;
; GPIO[9]       ; 3.3-V LVTTL  ; 2640 ps         ; 2640 ps         ;
; GPIO[10]      ; 3.3-V LVTTL  ; 2640 ps         ; 2640 ps         ;
; GPIO[11]      ; 3.3-V LVTTL  ; 2640 ps         ; 2640 ps         ;
; GPIO[12]      ; 3.3-V LVTTL  ; 2640 ps         ; 2640 ps         ;
; GPIO[13]      ; 3.3-V LVTTL  ; 2640 ps         ; 2640 ps         ;
; GPIO[14]      ; 3.3-V LVTTL  ; 2640 ps         ; 2640 ps         ;
; GPIO[15]      ; 3.3-V LVTTL  ; 2640 ps         ; 2640 ps         ;
; GPIO[16]      ; 3.3-V LVTTL  ; 2640 ps         ; 2640 ps         ;
; GPIO[17]      ; 3.3-V LVTTL  ; 2640 ps         ; 2640 ps         ;
; GPIO[18]      ; 3.3-V LVTTL  ; 2640 ps         ; 2640 ps         ;
; GPIO[19]      ; 3.3-V LVTTL  ; 2640 ps         ; 2640 ps         ;
; GPIO[20]      ; 3.3-V LVTTL  ; 2640 ps         ; 2640 ps         ;
; GPIO[21]      ; 3.3-V LVTTL  ; 2640 ps         ; 2640 ps         ;
; GPIO[22]      ; 3.3-V LVTTL  ; 2640 ps         ; 2640 ps         ;
; GPIO[23]      ; 3.3-V LVTTL  ; 2640 ps         ; 2640 ps         ;
; GPIO[24]      ; 3.3-V LVTTL  ; 2640 ps         ; 2640 ps         ;
; GPIO[25]      ; 3.3-V LVTTL  ; 2640 ps         ; 2640 ps         ;
; GPIO[26]      ; 3.3-V LVTTL  ; 2640 ps         ; 2640 ps         ;
; GPIO[27]      ; 3.3-V LVTTL  ; 2640 ps         ; 2640 ps         ;
; GPIO[28]      ; 3.3-V LVTTL  ; 2640 ps         ; 2640 ps         ;
; GPIO[29]      ; 3.3-V LVTTL  ; 2640 ps         ; 2640 ps         ;
; GPIO[30]      ; 3.3-V LVTTL  ; 2640 ps         ; 2640 ps         ;
; GPIO[31]      ; 3.3-V LVTTL  ; 2640 ps         ; 2640 ps         ;
; GPIO[32]      ; 3.3-V LVTTL  ; 2640 ps         ; 2640 ps         ;
; GPIO[33]      ; 3.3-V LVTTL  ; 2640 ps         ; 2640 ps         ;
; GPIO[34]      ; 3.3-V LVTTL  ; 2640 ps         ; 2640 ps         ;
; GPIO[35]      ; 3.3-V LVTTL  ; 2640 ps         ; 2640 ps         ;
; KEY[0]        ; 3.3-V LVTTL  ; 2640 ps         ; 2640 ps         ;
; CLOCK_50      ; 3.3-V LVTTL  ; 2640 ps         ; 2640 ps         ;
; SW[0]         ; 3.3-V LVTTL  ; 2640 ps         ; 2640 ps         ;
; AUD_ADCDAT    ; 3.3-V LVTTL  ; 2640 ps         ; 2640 ps         ;
+---------------+--------------+-----------------+-----------------+


+--------------------------------------------------------------------------------------------------------------------------------------------------------------------------------------------------------------------------------------------------------------------------------------------------------------------------------------------------------------------------------------------------------------------------------------------------------------------------------------------------------------------------------------------------------------------------------------------------------------------------------------------------------------------------------------------+
; Signal Integrity Metrics (Slow 1100mv 0c Model)                                                                                                                                                                                                                                                                                                                                                                                                                                                                                                                                                                                                                                            ;
+---------------+--------------+---------------------+---------------------+------------------------------+------------------------------+---------------------+---------------------+--------------------------------------+--------------------------------------+-----------------------------+-----------------------------+----------------------------+----------------------------+-----------------------------+-----------------------------+--------------------+--------------------+-------------------------------------+-------------------------------------+----------------------------+----------------------------+---------------------------+---------------------------+
; Pin           ; I/O Standard ; Board Delay on Rise ; Board Delay on Fall ; Steady State Voh at FPGA Pin ; Steady State Vol at FPGA Pin ; Voh Max at FPGA Pin ; Vol Min at FPGA Pin ; Ringback Voltage on Rise at FPGA Pin ; Ringback Voltage on Fall at FPGA Pin ; 10-90 Rise Time at FPGA Pin ; 90-10 Fall Time at FPGA Pin ; Monotonic Rise at FPGA Pin ; Monotonic Fall at FPGA Pin ; Steady State Voh at Far-end ; Steady State Vol at Far-end ; Voh Max at Far-end ; Vol Min at Far-end ; Ringback Voltage on Rise at Far-end ; Ringback Voltage on Fall at Far-end ; 10-90 Rise Time at Far-end ; 90-10 Fall Time at Far-end ; Monotonic Rise at Far-end ; Monotonic Fall at Far-end ;
+---------------+--------------+---------------------+---------------------+------------------------------+------------------------------+---------------------+---------------------+--------------------------------------+--------------------------------------+-----------------------------+-----------------------------+----------------------------+----------------------------+-----------------------------+-----------------------------+--------------------+--------------------+-------------------------------------+-------------------------------------+----------------------------+----------------------------+---------------------------+---------------------------+
; AUD_DACDAT    ; 3.3-V LVTTL  ; 0 s                 ; 0 s                 ; 3.08 V                       ; 3.5e-07 V                    ; 3.14 V              ; -0.195 V            ; 0.158 V                              ; 0.394 V                              ; 4.46e-10 s                  ; 1.64e-10 s                  ; Yes                        ; No                         ; 3.08 V                      ; 3.5e-07 V                   ; 3.14 V             ; -0.195 V           ; 0.158 V                             ; 0.394 V                             ; 4.46e-10 s                 ; 1.64e-10 s                 ; Yes                       ; No                        ;
; AUD_XCK       ; 3.3-V LVTTL  ; 0 s                 ; 0 s                 ; 3.08 V                       ; 3.35e-07 V                   ; 3.14 V              ; -0.258 V            ; 0.13 V                               ; 0.399 V                              ; 4.27e-10 s                  ; 1.5e-10 s                   ; Yes                        ; No                         ; 3.08 V                      ; 3.35e-07 V                  ; 3.14 V             ; -0.258 V           ; 0.13 V                              ; 0.399 V                             ; 4.27e-10 s                 ; 1.5e-10 s                  ; Yes                       ; No                        ;
; FPGA_I2C_SCLK ; 3.3-V LVTTL  ; 0 s                 ; 0 s                 ; 3.08 V                       ; 2.62e-07 V                   ; 3.1 V               ; -0.153 V            ; 0.035 V                              ; 0.31 V                               ; 4.23e-10 s                  ; 1.59e-10 s                  ; Yes                        ; No                         ; 3.08 V                      ; 2.62e-07 V                  ; 3.1 V              ; -0.153 V           ; 0.035 V                             ; 0.31 V                              ; 4.23e-10 s                 ; 1.59e-10 s                 ; Yes                       ; No                        ;
; LEDR[0]       ; 3.3-V LVTTL  ; 0 s                 ; 0 s                 ; 3.08 V                       ; 3.5e-07 V                    ; 3.14 V              ; -0.195 V            ; 0.158 V                              ; 0.394 V                              ; 4.46e-10 s                  ; 1.64e-10 s                  ; Yes                        ; No                         ; 3.08 V                      ; 3.5e-07 V                   ; 3.14 V             ; -0.195 V           ; 0.158 V                             ; 0.394 V                             ; 4.46e-10 s                 ; 1.64e-10 s                 ; Yes                       ; No                        ;
; LEDR[1]       ; 3.3-V LVTTL  ; 0 s                 ; 0 s                 ; 3.08 V                       ; 2.62e-07 V                   ; 3.1 V               ; -0.153 V            ; 0.035 V                              ; 0.31 V                               ; 4.23e-10 s                  ; 1.59e-10 s                  ; Yes                        ; No                         ; 3.08 V                      ; 2.62e-07 V                  ; 3.1 V              ; -0.153 V           ; 0.035 V                             ; 0.31 V                              ; 4.23e-10 s                 ; 1.59e-10 s                 ; Yes                       ; No                        ;
; LEDR[5]       ; 3.3-V LVTTL  ; 0 s                 ; 0 s                 ; 3.08 V                       ; 2.62e-07 V                   ; 3.1 V               ; -0.153 V            ; 0.035 V                              ; 0.31 V                               ; 4.23e-10 s                  ; 1.59e-10 s                  ; Yes                        ; No                         ; 3.08 V                      ; 2.62e-07 V                  ; 3.1 V              ; -0.153 V           ; 0.035 V                             ; 0.31 V                              ; 4.23e-10 s                 ; 1.59e-10 s                 ; Yes                       ; No                        ;
; LEDR[9]       ; 3.3-V LVTTL  ; 0 s                 ; 0 s                 ; 3.08 V                       ; 2.62e-07 V                   ; 3.1 V               ; -0.153 V            ; 0.035 V                              ; 0.31 V                               ; 4.23e-10 s                  ; 1.59e-10 s                  ; Yes                        ; No                         ; 3.08 V                      ; 2.62e-07 V                  ; 3.1 V              ; -0.153 V           ; 0.035 V                             ; 0.31 V                              ; 4.23e-10 s                 ; 1.59e-10 s                 ; Yes                       ; No                        ;
; HEX0[0]       ; 3.3-V LVTTL  ; 0 s                 ; 0 s                 ; 3.08 V                       ; 3.35e-07 V                   ; 3.14 V              ; -0.258 V            ; 0.13 V                               ; 0.399 V                              ; 4.27e-10 s                  ; 1.5e-10 s                   ; Yes                        ; No                         ; 3.08 V                      ; 3.35e-07 V                  ; 3.14 V             ; -0.258 V           ; 0.13 V                              ; 0.399 V                             ; 4.27e-10 s                 ; 1.5e-10 s                  ; Yes                       ; No                        ;
; HEX0[1]       ; 3.3-V LVTTL  ; 0 s                 ; 0 s                 ; 3.08 V                       ; 3.35e-07 V                   ; 3.14 V              ; -0.258 V            ; 0.13 V                               ; 0.399 V                              ; 4.27e-10 s                  ; 1.5e-10 s                   ; Yes                        ; No                         ; 3.08 V                      ; 3.35e-07 V                  ; 3.14 V             ; -0.258 V           ; 0.13 V                              ; 0.399 V                             ; 4.27e-10 s                 ; 1.5e-10 s                  ; Yes                       ; No                        ;
; HEX0[2]       ; 3.3-V LVTTL  ; 0 s                 ; 0 s                 ; 3.08 V                       ; 3.35e-07 V                   ; 3.14 V              ; -0.257 V            ; 0.13 V                               ; 0.399 V                              ; 4.27e-10 s                  ; 1.5e-10 s                   ; Yes                        ; No                         ; 3.08 V                      ; 3.35e-07 V                  ; 3.14 V             ; -0.257 V           ; 0.13 V                              ; 0.399 V                             ; 4.27e-10 s                 ; 1.5e-10 s                  ; Yes                       ; No                        ;
; HEX0[3]       ; 3.3-V LVTTL  ; 0 s                 ; 0 s                 ; 3.08 V                       ; 3.35e-07 V                   ; 3.14 V              ; -0.258 V            ; 0.13 V                               ; 0.399 V                              ; 4.27e-10 s                  ; 1.5e-10 s                   ; Yes                        ; No                         ; 3.08 V                      ; 3.35e-07 V                  ; 3.14 V             ; -0.258 V           ; 0.13 V                              ; 0.399 V                             ; 4.27e-10 s                 ; 1.5e-10 s                  ; Yes                       ; No                        ;
; HEX0[4]       ; 3.3-V LVTTL  ; 0 s                 ; 0 s                 ; 3.08 V                       ; 3.35e-07 V                   ; 3.14 V              ; -0.257 V            ; 0.13 V                               ; 0.399 V                              ; 4.27e-10 s                  ; 1.5e-10 s                   ; Yes                        ; No                         ; 3.08 V                      ; 3.35e-07 V                  ; 3.14 V             ; -0.257 V           ; 0.13 V                              ; 0.399 V                             ; 4.27e-10 s                 ; 1.5e-10 s                  ; Yes                       ; No                        ;
; HEX0[5]       ; 3.3-V LVTTL  ; 0 s                 ; 0 s                 ; 3.08 V                       ; 3.35e-07 V                   ; 3.14 V              ; -0.258 V            ; 0.13 V                               ; 0.399 V                              ; 4.27e-10 s                  ; 1.5e-10 s                   ; Yes                        ; No                         ; 3.08 V                      ; 3.35e-07 V                  ; 3.14 V             ; -0.258 V           ; 0.13 V                              ; 0.399 V                             ; 4.27e-10 s                 ; 1.5e-10 s                  ; Yes                       ; No                        ;
; HEX0[6]       ; 3.3-V LVTTL  ; 0 s                 ; 0 s                 ; 3.08 V                       ; 3.35e-07 V                   ; 3.14 V              ; -0.257 V            ; 0.13 V                               ; 0.399 V                              ; 4.27e-10 s                  ; 1.5e-10 s                   ; Yes                        ; No                         ; 3.08 V                      ; 3.35e-07 V                  ; 3.14 V             ; -0.257 V           ; 0.13 V                              ; 0.399 V                             ; 4.27e-10 s                 ; 1.5e-10 s                  ; Yes                       ; No                        ;
; HEX1[0]       ; 3.3-V LVTTL  ; 0 s                 ; 0 s                 ; 3.08 V                       ; 3.35e-07 V                   ; 3.14 V              ; -0.258 V            ; 0.13 V                               ; 0.399 V                              ; 4.27e-10 s                  ; 1.5e-10 s                   ; Yes                        ; No                         ; 3.08 V                      ; 3.35e-07 V                  ; 3.14 V             ; -0.258 V           ; 0.13 V                              ; 0.399 V                             ; 4.27e-10 s                 ; 1.5e-10 s                  ; Yes                       ; No                        ;
; HEX1[1]       ; 3.3-V LVTTL  ; 0 s                 ; 0 s                 ; 3.08 V                       ; 3.35e-07 V                   ; 3.14 V              ; -0.257 V            ; 0.13 V                               ; 0.399 V                              ; 4.27e-10 s                  ; 1.5e-10 s                   ; Yes                        ; No                         ; 3.08 V                      ; 3.35e-07 V                  ; 3.14 V             ; -0.257 V           ; 0.13 V                              ; 0.399 V                             ; 4.27e-10 s                 ; 1.5e-10 s                  ; Yes                       ; No                        ;
; HEX1[2]       ; 3.3-V LVTTL  ; 0 s                 ; 0 s                 ; 3.08 V                       ; 3.35e-07 V                   ; 3.14 V              ; -0.258 V            ; 0.13 V                               ; 0.399 V                              ; 4.27e-10 s                  ; 1.5e-10 s                   ; Yes                        ; No                         ; 3.08 V                      ; 3.35e-07 V                  ; 3.14 V             ; -0.258 V           ; 0.13 V                              ; 0.399 V                             ; 4.27e-10 s                 ; 1.5e-10 s                  ; Yes                       ; No                        ;
; HEX1[3]       ; 3.3-V LVTTL  ; 0 s                 ; 0 s                 ; 3.08 V                       ; 3.35e-07 V                   ; 3.14 V              ; -0.257 V            ; 0.13 V                               ; 0.399 V                              ; 4.27e-10 s                  ; 1.5e-10 s                   ; Yes                        ; No                         ; 3.08 V                      ; 3.35e-07 V                  ; 3.14 V             ; -0.257 V           ; 0.13 V                              ; 0.399 V                             ; 4.27e-10 s                 ; 1.5e-10 s                  ; Yes                       ; No                        ;
; HEX1[4]       ; 3.3-V LVTTL  ; 0 s                 ; 0 s                 ; 3.08 V                       ; 3.35e-07 V                   ; 3.14 V              ; -0.258 V            ; 0.13 V                               ; 0.399 V                              ; 4.27e-10 s                  ; 1.5e-10 s                   ; Yes                        ; No                         ; 3.08 V                      ; 3.35e-07 V                  ; 3.14 V             ; -0.258 V           ; 0.13 V                              ; 0.399 V                             ; 4.27e-10 s                 ; 1.5e-10 s                  ; Yes                       ; No                        ;
; HEX1[5]       ; 3.3-V LVTTL  ; 0 s                 ; 0 s                 ; 3.08 V                       ; 3.35e-07 V                   ; 3.14 V              ; -0.257 V            ; 0.13 V                               ; 0.399 V                              ; 4.27e-10 s                  ; 1.5e-10 s                   ; Yes                        ; No                         ; 3.08 V                      ; 3.35e-07 V                  ; 3.14 V             ; -0.257 V           ; 0.13 V                              ; 0.399 V                             ; 4.27e-10 s                 ; 1.5e-10 s                  ; Yes                       ; No                        ;
; HEX1[6]       ; 3.3-V LVTTL  ; 0 s                 ; 0 s                 ; 3.08 V                       ; 3.35e-07 V                   ; 3.14 V              ; -0.257 V            ; 0.13 V                               ; 0.399 V                              ; 4.27e-10 s                  ; 1.5e-10 s                   ; Yes                        ; No                         ; 3.08 V                      ; 3.35e-07 V                  ; 3.14 V             ; -0.257 V           ; 0.13 V                              ; 0.399 V                             ; 4.27e-10 s                 ; 1.5e-10 s                  ; Yes                       ; No                        ;
; HEX2[0]       ; 3.3-V LVTTL  ; 0 s                 ; 0 s                 ; 3.08 V                       ; 2.62e-07 V                   ; 3.1 V               ; -0.153 V            ; 0.035 V                              ; 0.31 V                               ; 4.23e-10 s                  ; 1.59e-10 s                  ; Yes                        ; No                         ; 3.08 V                      ; 2.62e-07 V                  ; 3.1 V              ; -0.153 V           ; 0.035 V                             ; 0.31 V                              ; 4.23e-10 s                 ; 1.59e-10 s                 ; Yes                       ; No                        ;
; HEX2[1]       ; 3.3-V LVTTL  ; 0 s                 ; 0 s                 ; 3.08 V                       ; 3.35e-07 V                   ; 3.14 V              ; -0.258 V            ; 0.13 V                               ; 0.399 V                              ; 4.27e-10 s                  ; 1.5e-10 s                   ; Yes                        ; No                         ; 3.08 V                      ; 3.35e-07 V                  ; 3.14 V             ; -0.258 V           ; 0.13 V                              ; 0.399 V                             ; 4.27e-10 s                 ; 1.5e-10 s                  ; Yes                       ; No                        ;
; HEX2[2]       ; 3.3-V LVTTL  ; 0 s                 ; 0 s                 ; 3.08 V                       ; 3.35e-07 V                   ; 3.14 V              ; -0.257 V            ; 0.13 V                               ; 0.399 V                              ; 4.27e-10 s                  ; 1.5e-10 s                   ; Yes                        ; No                         ; 3.08 V                      ; 3.35e-07 V                  ; 3.14 V             ; -0.257 V           ; 0.13 V                              ; 0.399 V                             ; 4.27e-10 s                 ; 1.5e-10 s                  ; Yes                       ; No                        ;
; HEX2[3]       ; 3.3-V LVTTL  ; 0 s                 ; 0 s                 ; 3.08 V                       ; 3.35e-07 V                   ; 3.14 V              ; -0.258 V            ; 0.13 V                               ; 0.399 V                              ; 4.27e-10 s                  ; 1.5e-10 s                   ; Yes                        ; No                         ; 3.08 V                      ; 3.35e-07 V                  ; 3.14 V             ; -0.258 V           ; 0.13 V                              ; 0.399 V                             ; 4.27e-10 s                 ; 1.5e-10 s                  ; Yes                       ; No                        ;
; HEX2[4]       ; 3.3-V LVTTL  ; 0 s                 ; 0 s                 ; 3.08 V                       ; 3.35e-07 V                   ; 3.14 V              ; -0.258 V            ; 0.13 V                               ; 0.399 V                              ; 4.27e-10 s                  ; 1.5e-10 s                   ; Yes                        ; No                         ; 3.08 V                      ; 3.35e-07 V                  ; 3.14 V             ; -0.258 V           ; 0.13 V                              ; 0.399 V                             ; 4.27e-10 s                 ; 1.5e-10 s                  ; Yes                       ; No                        ;
; HEX2[5]       ; 3.3-V LVTTL  ; 0 s                 ; 0 s                 ; 3.08 V                       ; 3.35e-07 V                   ; 3.14 V              ; -0.257 V            ; 0.13 V                               ; 0.399 V                              ; 4.27e-10 s                  ; 1.5e-10 s                   ; Yes                        ; No                         ; 3.08 V                      ; 3.35e-07 V                  ; 3.14 V             ; -0.257 V           ; 0.13 V                              ; 0.399 V                             ; 4.27e-10 s                 ; 1.5e-10 s                  ; Yes                       ; No                        ;
; HEX2[6]       ; 3.3-V LVTTL  ; 0 s                 ; 0 s                 ; 3.08 V                       ; 3.35e-07 V                   ; 3.14 V              ; -0.257 V            ; 0.13 V                               ; 0.399 V                              ; 4.27e-10 s                  ; 1.5e-10 s                   ; Yes                        ; No                         ; 3.08 V                      ; 3.35e-07 V                  ; 3.14 V             ; -0.257 V           ; 0.13 V                              ; 0.399 V                             ; 4.27e-10 s                 ; 1.5e-10 s                  ; Yes                       ; No                        ;
; HEX3[0]       ; 3.3-V LVTTL  ; 0 s                 ; 0 s                 ; 3.08 V                       ; 3.5e-07 V                    ; 3.14 V              ; -0.195 V            ; 0.158 V                              ; 0.394 V                              ; 4.46e-10 s                  ; 1.64e-10 s                  ; Yes                        ; No                         ; 3.08 V                      ; 3.5e-07 V                   ; 3.14 V             ; -0.195 V           ; 0.158 V                             ; 0.394 V                             ; 4.46e-10 s                 ; 1.64e-10 s                 ; Yes                       ; No                        ;
; HEX3[1]       ; 3.3-V LVTTL  ; 0 s                 ; 0 s                 ; 3.08 V                       ; 2.62e-07 V                   ; 3.1 V               ; -0.153 V            ; 0.035 V                              ; 0.31 V                               ; 4.23e-10 s                  ; 1.59e-10 s                  ; Yes                        ; No                         ; 3.08 V                      ; 2.62e-07 V                  ; 3.1 V              ; -0.153 V           ; 0.035 V                             ; 0.31 V                              ; 4.23e-10 s                 ; 1.59e-10 s                 ; Yes                       ; No                        ;
; HEX3[2]       ; 3.3-V LVTTL  ; 0 s                 ; 0 s                 ; 3.08 V                       ; 3.5e-07 V                    ; 3.14 V              ; -0.195 V            ; 0.158 V                              ; 0.394 V                              ; 4.46e-10 s                  ; 1.64e-10 s                  ; Yes                        ; No                         ; 3.08 V                      ; 3.5e-07 V                   ; 3.14 V             ; -0.195 V           ; 0.158 V                             ; 0.394 V                             ; 4.46e-10 s                 ; 1.64e-10 s                 ; Yes                       ; No                        ;
; HEX3[3]       ; 3.3-V LVTTL  ; 0 s                 ; 0 s                 ; 3.08 V                       ; 2.62e-07 V                   ; 3.1 V               ; -0.153 V            ; 0.035 V                              ; 0.31 V                               ; 4.23e-10 s                  ; 1.59e-10 s                  ; Yes                        ; No                         ; 3.08 V                      ; 2.62e-07 V                  ; 3.1 V              ; -0.153 V           ; 0.035 V                             ; 0.31 V                              ; 4.23e-10 s                 ; 1.59e-10 s                 ; Yes                       ; No                        ;
; HEX3[4]       ; 3.3-V LVTTL  ; 0 s                 ; 0 s                 ; 3.08 V                       ; 3.35e-07 V                   ; 3.14 V              ; -0.258 V            ; 0.13 V                               ; 0.399 V                              ; 4.27e-10 s                  ; 1.5e-10 s                   ; Yes                        ; No                         ; 3.08 V                      ; 3.35e-07 V                  ; 3.14 V             ; -0.258 V           ; 0.13 V                              ; 0.399 V                             ; 4.27e-10 s                 ; 1.5e-10 s                  ; Yes                       ; No                        ;
; HEX3[5]       ; 3.3-V LVTTL  ; 0 s                 ; 0 s                 ; 3.08 V                       ; 2.62e-07 V                   ; 3.1 V               ; -0.153 V            ; 0.035 V                              ; 0.31 V                               ; 4.23e-10 s                  ; 1.59e-10 s                  ; Yes                        ; No                         ; 3.08 V                      ; 2.62e-07 V                  ; 3.1 V              ; -0.153 V           ; 0.035 V                             ; 0.31 V                              ; 4.23e-10 s                 ; 1.59e-10 s                 ; Yes                       ; No                        ;
; HEX3[6]       ; 3.3-V LVTTL  ; 0 s                 ; 0 s                 ; 3.08 V                       ; 3.5e-07 V                    ; 3.14 V              ; -0.195 V            ; 0.158 V                              ; 0.394 V                              ; 4.46e-10 s                  ; 1.64e-10 s                  ; Yes                        ; No                         ; 3.08 V                      ; 3.5e-07 V                   ; 3.14 V             ; -0.195 V           ; 0.158 V                             ; 0.394 V                             ; 4.46e-10 s                 ; 1.64e-10 s                 ; Yes                       ; No                        ;
; HEX4[0]       ; 3.3-V LVTTL  ; 0 s                 ; 0 s                 ; 3.08 V                       ; 3.5e-07 V                    ; 3.14 V              ; -0.195 V            ; 0.158 V                              ; 0.394 V                              ; 4.46e-10 s                  ; 1.64e-10 s                  ; Yes                        ; No                         ; 3.08 V                      ; 3.5e-07 V                   ; 3.14 V             ; -0.195 V           ; 0.158 V                             ; 0.394 V                             ; 4.46e-10 s                 ; 1.64e-10 s                 ; Yes                       ; No                        ;
; HEX4[1]       ; 3.3-V LVTTL  ; 0 s                 ; 0 s                 ; 3.08 V                       ; 3.5e-07 V                    ; 3.14 V              ; -0.195 V            ; 0.158 V                              ; 0.394 V                              ; 4.46e-10 s                  ; 1.64e-10 s                  ; Yes                        ; No                         ; 3.08 V                      ; 3.5e-07 V                   ; 3.14 V             ; -0.195 V           ; 0.158 V                             ; 0.394 V                             ; 4.46e-10 s                 ; 1.64e-10 s                 ; Yes                       ; No                        ;
; HEX4[2]       ; 3.3-V LVTTL  ; 0 s                 ; 0 s                 ; 3.08 V                       ; 2.62e-07 V                   ; 3.1 V               ; -0.153 V            ; 0.035 V                              ; 0.31 V                               ; 4.23e-10 s                  ; 1.59e-10 s                  ; Yes                        ; No                         ; 3.08 V                      ; 2.62e-07 V                  ; 3.1 V              ; -0.153 V           ; 0.035 V                             ; 0.31 V                              ; 4.23e-10 s                 ; 1.59e-10 s                 ; Yes                       ; No                        ;
; HEX4[3]       ; 3.3-V LVTTL  ; 0 s                 ; 0 s                 ; 3.08 V                       ; 2.62e-07 V                   ; 3.1 V               ; -0.153 V            ; 0.035 V                              ; 0.31 V                               ; 4.23e-10 s                  ; 1.59e-10 s                  ; Yes                        ; No                         ; 3.08 V                      ; 2.62e-07 V                  ; 3.1 V              ; -0.153 V           ; 0.035 V                             ; 0.31 V                              ; 4.23e-10 s                 ; 1.59e-10 s                 ; Yes                       ; No                        ;
; HEX4[4]       ; 3.3-V LVTTL  ; 0 s                 ; 0 s                 ; 3.08 V                       ; 2.62e-07 V                   ; 3.1 V               ; -0.153 V            ; 0.035 V                              ; 0.31 V                               ; 4.23e-10 s                  ; 1.59e-10 s                  ; Yes                        ; No                         ; 3.08 V                      ; 2.62e-07 V                  ; 3.1 V              ; -0.153 V           ; 0.035 V                             ; 0.31 V                              ; 4.23e-10 s                 ; 1.59e-10 s                 ; Yes                       ; No                        ;
; HEX4[5]       ; 3.3-V LVTTL  ; 0 s                 ; 0 s                 ; 3.08 V                       ; 3.5e-07 V                    ; 3.14 V              ; -0.195 V            ; 0.158 V                              ; 0.394 V                              ; 4.46e-10 s                  ; 1.64e-10 s                  ; Yes                        ; No                         ; 3.08 V                      ; 3.5e-07 V                   ; 3.14 V             ; -0.195 V           ; 0.158 V                             ; 0.394 V                             ; 4.46e-10 s                 ; 1.64e-10 s                 ; Yes                       ; No                        ;
; HEX4[6]       ; 3.3-V LVTTL  ; 0 s                 ; 0 s                 ; 3.08 V                       ; 3.5e-07 V                    ; 3.14 V              ; -0.195 V            ; 0.158 V                              ; 0.394 V                              ; 4.46e-10 s                  ; 1.64e-10 s                  ; Yes                        ; No                         ; 3.08 V                      ; 3.5e-07 V                   ; 3.14 V             ; -0.195 V           ; 0.158 V                             ; 0.394 V                             ; 4.46e-10 s                 ; 1.64e-10 s                 ; Yes                       ; No                        ;
; HEX5[0]       ; 3.3-V LVTTL  ; 0 s                 ; 0 s                 ; 3.08 V                       ; 2.62e-07 V                   ; 3.1 V               ; -0.153 V            ; 0.035 V                              ; 0.31 V                               ; 4.23e-10 s                  ; 1.59e-10 s                  ; Yes                        ; No                         ; 3.08 V                      ; 2.62e-07 V                  ; 3.1 V              ; -0.153 V           ; 0.035 V                             ; 0.31 V                              ; 4.23e-10 s                 ; 1.59e-10 s                 ; Yes                       ; No                        ;
; HEX5[1]       ; 3.3-V LVTTL  ; 0 s                 ; 0 s                 ; 3.08 V                       ; 3.35e-07 V                   ; 3.14 V              ; -0.257 V            ; 0.13 V                               ; 0.399 V                              ; 4.27e-10 s                  ; 1.5e-10 s                   ; Yes                        ; No                         ; 3.08 V                      ; 3.35e-07 V                  ; 3.14 V             ; -0.257 V           ; 0.13 V                              ; 0.399 V                             ; 4.27e-10 s                 ; 1.5e-10 s                  ; Yes                       ; No                        ;
; HEX5[2]       ; 3.3-V LVTTL  ; 0 s                 ; 0 s                 ; 3.08 V                       ; 2.62e-07 V                   ; 3.1 V               ; -0.153 V            ; 0.035 V                              ; 0.31 V                               ; 4.23e-10 s                  ; 1.59e-10 s                  ; Yes                        ; No                         ; 3.08 V                      ; 2.62e-07 V                  ; 3.1 V              ; -0.153 V           ; 0.035 V                             ; 0.31 V                              ; 4.23e-10 s                 ; 1.59e-10 s                 ; Yes                       ; No                        ;
; HEX5[3]       ; 3.3-V LVTTL  ; 0 s                 ; 0 s                 ; 3.08 V                       ; 2.62e-07 V                   ; 3.1 V               ; -0.153 V            ; 0.035 V                              ; 0.31 V                               ; 4.23e-10 s                  ; 1.59e-10 s                  ; Yes                        ; No                         ; 3.08 V                      ; 2.62e-07 V                  ; 3.1 V              ; -0.153 V           ; 0.035 V                             ; 0.31 V                              ; 4.23e-10 s                 ; 1.59e-10 s                 ; Yes                       ; No                        ;
; HEX5[4]       ; 3.3-V LVTTL  ; 0 s                 ; 0 s                 ; 3.08 V                       ; 3.35e-07 V                   ; 3.14 V              ; -0.257 V            ; 0.13 V                               ; 0.399 V                              ; 4.27e-10 s                  ; 1.5e-10 s                   ; Yes                        ; No                         ; 3.08 V                      ; 3.35e-07 V                  ; 3.14 V             ; -0.257 V           ; 0.13 V                              ; 0.399 V                             ; 4.27e-10 s                 ; 1.5e-10 s                  ; Yes                       ; No                        ;
; HEX5[5]       ; 3.3-V LVTTL  ; 0 s                 ; 0 s                 ; 3.08 V                       ; 3.5e-07 V                    ; 3.14 V              ; -0.195 V            ; 0.158 V                              ; 0.394 V                              ; 4.46e-10 s                  ; 1.64e-10 s                  ; Yes                        ; No                         ; 3.08 V                      ; 3.5e-07 V                   ; 3.14 V             ; -0.195 V           ; 0.158 V                             ; 0.394 V                             ; 4.46e-10 s                 ; 1.64e-10 s                 ; Yes                       ; No                        ;
; HEX5[6]       ; 3.3-V LVTTL  ; 0 s                 ; 0 s                 ; 3.08 V                       ; 3.35e-07 V                   ; 3.14 V              ; -0.258 V            ; 0.13 V                               ; 0.399 V                              ; 4.27e-10 s                  ; 1.5e-10 s                   ; Yes                        ; No                         ; 3.08 V                      ; 3.35e-07 V                  ; 3.14 V             ; -0.258 V           ; 0.13 V                              ; 0.399 V                             ; 4.27e-10 s                 ; 1.5e-10 s                  ; Yes                       ; No                        ;
; LEDR[2]       ; 3.3-V LVTTL  ; 0 s                 ; 0 s                 ; 3.08 V                       ; 3.5e-07 V                    ; 3.14 V              ; -0.195 V            ; 0.158 V                              ; 0.394 V                              ; 4.46e-10 s                  ; 1.64e-10 s                  ; Yes                        ; No                         ; 3.08 V                      ; 3.5e-07 V                   ; 3.14 V             ; -0.195 V           ; 0.158 V                             ; 0.394 V                             ; 4.46e-10 s                 ; 1.64e-10 s                 ; Yes                       ; No                        ;
; LEDR[3]       ; 3.3-V LVTTL  ; 0 s                 ; 0 s                 ; 3.08 V                       ; 3.5e-07 V                    ; 3.14 V              ; -0.195 V            ; 0.158 V                              ; 0.394 V                              ; 4.46e-10 s                  ; 1.64e-10 s                  ; Yes                        ; No                         ; 3.08 V                      ; 3.5e-07 V                   ; 3.14 V             ; -0.195 V           ; 0.158 V                             ; 0.394 V                             ; 4.46e-10 s                 ; 1.64e-10 s                 ; Yes                       ; No                        ;
; LEDR[7]       ; 3.3-V LVTTL  ; 0 s                 ; 0 s                 ; 3.08 V                       ; 3.5e-07 V                    ; 3.14 V              ; -0.195 V            ; 0.158 V                              ; 0.394 V                              ; 4.46e-10 s                  ; 1.64e-10 s                  ; Yes                        ; No                         ; 3.08 V                      ; 3.5e-07 V                   ; 3.14 V             ; -0.195 V           ; 0.158 V                             ; 0.394 V                             ; 4.46e-10 s                 ; 1.64e-10 s                 ; Yes                       ; No                        ;
; LEDR[8]       ; 3.3-V LVTTL  ; 0 s                 ; 0 s                 ; 3.08 V                       ; 3.5e-07 V                    ; 3.14 V              ; -0.195 V            ; 0.158 V                              ; 0.394 V                              ; 4.46e-10 s                  ; 1.64e-10 s                  ; Yes                        ; No                         ; 3.08 V                      ; 3.5e-07 V                   ; 3.14 V             ; -0.195 V           ; 0.158 V                             ; 0.394 V                             ; 4.46e-10 s                 ; 1.64e-10 s                 ; Yes                       ; No                        ;
; ADC_CONVST    ; 3.3-V LVTTL  ; 0 s                 ; 0 s                 ; 3.08 V                       ; 3.35e-07 V                   ; 3.14 V              ; -0.258 V            ; 0.13 V                               ; 0.399 V                              ; 4.27e-10 s                  ; 1.5e-10 s                   ; Yes                        ; No                         ; 3.08 V                      ; 3.35e-07 V                  ; 3.14 V             ; -0.258 V           ; 0.13 V                              ; 0.399 V                             ; 4.27e-10 s                 ; 1.5e-10 s                  ; Yes                       ; No                        ;
; ADC_DIN       ; 3.3-V LVTTL  ; 0 s                 ; 0 s                 ; 3.08 V                       ; 3.35e-07 V                   ; 3.14 V              ; -0.257 V            ; 0.13 V                               ; 0.399 V                              ; 4.27e-10 s                  ; 1.5e-10 s                   ; Yes                        ; No                         ; 3.08 V                      ; 3.35e-07 V                  ; 3.14 V             ; -0.257 V           ; 0.13 V                              ; 0.399 V                             ; 4.27e-10 s                 ; 1.5e-10 s                  ; Yes                       ; No                        ;
; ADC_SCLK      ; 3.3-V LVTTL  ; 0 s                 ; 0 s                 ; 3.08 V                       ; 3.35e-07 V                   ; 3.14 V              ; -0.258 V            ; 0.13 V                               ; 0.399 V                              ; 4.27e-10 s                  ; 1.5e-10 s                   ; Yes                        ; No                         ; 3.08 V                      ; 3.35e-07 V                  ; 3.14 V             ; -0.258 V           ; 0.13 V                              ; 0.399 V                             ; 4.27e-10 s                 ; 1.5e-10 s                  ; Yes                       ; No                        ;
; DRAM_ADDR[0]  ; 3.3-V LVTTL  ; 0 s                 ; 0 s                 ; 3.08 V                       ; 3.35e-07 V                   ; 3.14 V              ; -0.257 V            ; 0.13 V                               ; 0.399 V                              ; 4.27e-10 s                  ; 1.5e-10 s                   ; Yes                        ; No                         ; 3.08 V                      ; 3.35e-07 V                  ; 3.14 V             ; -0.257 V           ; 0.13 V                              ; 0.399 V                             ; 4.27e-10 s                 ; 1.5e-10 s                  ; Yes                       ; No                        ;
; DRAM_ADDR[1]  ; 3.3-V LVTTL  ; 0 s                 ; 0 s                 ; 3.08 V                       ; 2.62e-07 V                   ; 3.1 V               ; -0.153 V            ; 0.035 V                              ; 0.31 V                               ; 4.23e-10 s                  ; 1.59e-10 s                  ; Yes                        ; No                         ; 3.08 V                      ; 2.62e-07 V                  ; 3.1 V              ; -0.153 V           ; 0.035 V                             ; 0.31 V                              ; 4.23e-10 s                 ; 1.59e-10 s                 ; Yes                       ; No                        ;
; DRAM_ADDR[2]  ; 3.3-V LVTTL  ; 0 s                 ; 0 s                 ; 3.08 V                       ; 3.5e-07 V                    ; 3.14 V              ; -0.195 V            ; 0.158 V                              ; 0.394 V                              ; 4.46e-10 s                  ; 1.64e-10 s                  ; Yes                        ; No                         ; 3.08 V                      ; 3.5e-07 V                   ; 3.14 V             ; -0.195 V           ; 0.158 V                             ; 0.394 V                             ; 4.46e-10 s                 ; 1.64e-10 s                 ; Yes                       ; No                        ;
; DRAM_ADDR[3]  ; 3.3-V LVTTL  ; 0 s                 ; 0 s                 ; 3.08 V                       ; 2.62e-07 V                   ; 3.1 V               ; -0.153 V            ; 0.035 V                              ; 0.31 V                               ; 4.23e-10 s                  ; 1.59e-10 s                  ; Yes                        ; No                         ; 3.08 V                      ; 2.62e-07 V                  ; 3.1 V              ; -0.153 V           ; 0.035 V                             ; 0.31 V                              ; 4.23e-10 s                 ; 1.59e-10 s                 ; Yes                       ; No                        ;
; DRAM_ADDR[4]  ; 3.3-V LVTTL  ; 0 s                 ; 0 s                 ; 3.08 V                       ; 3.5e-07 V                    ; 3.14 V              ; -0.195 V            ; 0.158 V                              ; 0.394 V                              ; 4.46e-10 s                  ; 1.64e-10 s                  ; Yes                        ; No                         ; 3.08 V                      ; 3.5e-07 V                   ; 3.14 V             ; -0.195 V           ; 0.158 V                             ; 0.394 V                             ; 4.46e-10 s                 ; 1.64e-10 s                 ; Yes                       ; No                        ;
; DRAM_ADDR[5]  ; 3.3-V LVTTL  ; 0 s                 ; 0 s                 ; 3.08 V                       ; 2.62e-07 V                   ; 3.1 V               ; -0.153 V            ; 0.035 V                              ; 0.31 V                               ; 4.23e-10 s                  ; 1.59e-10 s                  ; Yes                        ; No                         ; 3.08 V                      ; 2.62e-07 V                  ; 3.1 V              ; -0.153 V           ; 0.035 V                             ; 0.31 V                              ; 4.23e-10 s                 ; 1.59e-10 s                 ; Yes                       ; No                        ;
; DRAM_ADDR[6]  ; 3.3-V LVTTL  ; 0 s                 ; 0 s                 ; 3.08 V                       ; 3.5e-07 V                    ; 3.14 V              ; -0.195 V            ; 0.158 V                              ; 0.394 V                              ; 4.46e-10 s                  ; 1.64e-10 s                  ; Yes                        ; No                         ; 3.08 V                      ; 3.5e-07 V                   ; 3.14 V             ; -0.195 V           ; 0.158 V                             ; 0.394 V                             ; 4.46e-10 s                 ; 1.64e-10 s                 ; Yes                       ; No                        ;
; DRAM_ADDR[7]  ; 3.3-V LVTTL  ; 0 s                 ; 0 s                 ; 3.08 V                       ; 2.62e-07 V                   ; 3.1 V               ; -0.153 V            ; 0.035 V                              ; 0.31 V                               ; 4.23e-10 s                  ; 1.59e-10 s                  ; Yes                        ; No                         ; 3.08 V                      ; 2.62e-07 V                  ; 3.1 V              ; -0.153 V           ; 0.035 V                             ; 0.31 V                              ; 4.23e-10 s                 ; 1.59e-10 s                 ; Yes                       ; No                        ;
; DRAM_ADDR[8]  ; 3.3-V LVTTL  ; 0 s                 ; 0 s                 ; 3.08 V                       ; 2.62e-07 V                   ; 3.1 V               ; -0.153 V            ; 0.035 V                              ; 0.31 V                               ; 4.23e-10 s                  ; 1.59e-10 s                  ; Yes                        ; No                         ; 3.08 V                      ; 2.62e-07 V                  ; 3.1 V              ; -0.153 V           ; 0.035 V                             ; 0.31 V                              ; 4.23e-10 s                 ; 1.59e-10 s                 ; Yes                       ; No                        ;
; DRAM_ADDR[9]  ; 3.3-V LVTTL  ; 0 s                 ; 0 s                 ; 3.08 V                       ; 2.62e-07 V                   ; 3.1 V               ; -0.153 V            ; 0.035 V                              ; 0.31 V                               ; 4.23e-10 s                  ; 1.59e-10 s                  ; Yes                        ; No                         ; 3.08 V                      ; 2.62e-07 V                  ; 3.1 V              ; -0.153 V           ; 0.035 V                             ; 0.31 V                              ; 4.23e-10 s                 ; 1.59e-10 s                 ; Yes                       ; No                        ;
; DRAM_ADDR[10] ; 3.3-V LVTTL  ; 0 s                 ; 0 s                 ; 3.08 V                       ; 3.5e-07 V                    ; 3.14 V              ; -0.195 V            ; 0.158 V                              ; 0.394 V                              ; 4.46e-10 s                  ; 1.64e-10 s                  ; Yes                        ; No                         ; 3.08 V                      ; 3.5e-07 V                   ; 3.14 V             ; -0.195 V           ; 0.158 V                             ; 0.394 V                             ; 4.46e-10 s                 ; 1.64e-10 s                 ; Yes                       ; No                        ;
; DRAM_ADDR[11] ; 3.3-V LVTTL  ; 0 s                 ; 0 s                 ; 3.08 V                       ; 3.5e-07 V                    ; 3.14 V              ; -0.195 V            ; 0.158 V                              ; 0.394 V                              ; 4.46e-10 s                  ; 1.64e-10 s                  ; Yes                        ; No                         ; 3.08 V                      ; 3.5e-07 V                   ; 3.14 V             ; -0.195 V           ; 0.158 V                             ; 0.394 V                             ; 4.46e-10 s                 ; 1.64e-10 s                 ; Yes                       ; No                        ;
; DRAM_ADDR[12] ; 3.3-V LVTTL  ; 0 s                 ; 0 s                 ; 3.08 V                       ; 3.35e-07 V                   ; 3.14 V              ; -0.258 V            ; 0.13 V                               ; 0.399 V                              ; 4.27e-10 s                  ; 1.5e-10 s                   ; Yes                        ; No                         ; 3.08 V                      ; 3.35e-07 V                  ; 3.14 V             ; -0.258 V           ; 0.13 V                              ; 0.399 V                             ; 4.27e-10 s                 ; 1.5e-10 s                  ; Yes                       ; No                        ;
; DRAM_BA[0]    ; 3.3-V LVTTL  ; 0 s                 ; 0 s                 ; 3.08 V                       ; 2.62e-07 V                   ; 3.1 V               ; -0.153 V            ; 0.035 V                              ; 0.31 V                               ; 4.23e-10 s                  ; 1.59e-10 s                  ; Yes                        ; No                         ; 3.08 V                      ; 2.62e-07 V                  ; 3.1 V              ; -0.153 V           ; 0.035 V                             ; 0.31 V                              ; 4.23e-10 s                 ; 1.59e-10 s                 ; Yes                       ; No                        ;
; DRAM_BA[1]    ; 3.3-V LVTTL  ; 0 s                 ; 0 s                 ; 3.08 V                       ; 3.35e-07 V                   ; 3.14 V              ; -0.257 V            ; 0.13 V                               ; 0.399 V                              ; 4.27e-10 s                  ; 1.5e-10 s                   ; Yes                        ; No                         ; 3.08 V                      ; 3.35e-07 V                  ; 3.14 V             ; -0.257 V           ; 0.13 V                              ; 0.399 V                             ; 4.27e-10 s                 ; 1.5e-10 s                  ; Yes                       ; No                        ;
; DRAM_CAS_N    ; 3.3-V LVTTL  ; 0 s                 ; 0 s                 ; 3.08 V                       ; 3.5e-07 V                    ; 3.14 V              ; -0.195 V            ; 0.158 V                              ; 0.394 V                              ; 4.46e-10 s                  ; 1.64e-10 s                  ; Yes                        ; No                         ; 3.08 V                      ; 3.5e-07 V                   ; 3.14 V             ; -0.195 V           ; 0.158 V                             ; 0.394 V                             ; 4.46e-10 s                 ; 1.64e-10 s                 ; Yes                       ; No                        ;
; DRAM_CKE      ; 3.3-V LVTTL  ; 0 s                 ; 0 s                 ; 3.08 V                       ; 3.35e-07 V                   ; 3.14 V              ; -0.257 V            ; 0.13 V                               ; 0.399 V                              ; 4.27e-10 s                  ; 1.5e-10 s                   ; Yes                        ; No                         ; 3.08 V                      ; 3.35e-07 V                  ; 3.14 V             ; -0.257 V           ; 0.13 V                              ; 0.399 V                             ; 4.27e-10 s                 ; 1.5e-10 s                  ; Yes                       ; No                        ;
; DRAM_CLK      ; 3.3-V LVTTL  ; 0 s                 ; 0 s                 ; 3.08 V                       ; 3.35e-07 V                   ; 3.14 V              ; -0.258 V            ; 0.13 V                               ; 0.399 V                              ; 4.27e-10 s                  ; 1.5e-10 s                   ; Yes                        ; No                         ; 3.08 V                      ; 3.35e-07 V                  ; 3.14 V             ; -0.258 V           ; 0.13 V                              ; 0.399 V                             ; 4.27e-10 s                 ; 1.5e-10 s                  ; Yes                       ; No                        ;
; DRAM_CS_N     ; 3.3-V LVTTL  ; 0 s                 ; 0 s                 ; 3.08 V                       ; 2.62e-07 V                   ; 3.1 V               ; -0.153 V            ; 0.035 V                              ; 0.31 V                               ; 4.23e-10 s                  ; 1.59e-10 s                  ; Yes                        ; No                         ; 3.08 V                      ; 2.62e-07 V                  ; 3.1 V              ; -0.153 V           ; 0.035 V                             ; 0.31 V                              ; 4.23e-10 s                 ; 1.59e-10 s                 ; Yes                       ; No                        ;
; DRAM_LDQM     ; 3.3-V LVTTL  ; 0 s                 ; 0 s                 ; 3.08 V                       ; 2.62e-07 V                   ; 3.1 V               ; -0.153 V            ; 0.035 V                              ; 0.31 V                               ; 4.23e-10 s                  ; 1.59e-10 s                  ; Yes                        ; No                         ; 3.08 V                      ; 2.62e-07 V                  ; 3.1 V              ; -0.153 V           ; 0.035 V                             ; 0.31 V                              ; 4.23e-10 s                 ; 1.59e-10 s                 ; Yes                       ; No                        ;
; DRAM_RAS_N    ; 3.3-V LVTTL  ; 0 s                 ; 0 s                 ; 3.08 V                       ; 3.5e-07 V                    ; 3.14 V              ; -0.195 V            ; 0.158 V                              ; 0.394 V                              ; 4.46e-10 s                  ; 1.64e-10 s                  ; Yes                        ; No                         ; 3.08 V                      ; 3.5e-07 V                   ; 3.14 V             ; -0.195 V           ; 0.158 V                             ; 0.394 V                             ; 4.46e-10 s                 ; 1.64e-10 s                 ; Yes                       ; No                        ;
; DRAM_UDQM     ; 3.3-V LVTTL  ; 0 s                 ; 0 s                 ; 3.08 V                       ; 3.35e-07 V                   ; 3.14 V              ; -0.258 V            ; 0.13 V                               ; 0.399 V                              ; 4.27e-10 s                  ; 1.5e-10 s                   ; Yes                        ; No                         ; 3.08 V                      ; 3.35e-07 V                  ; 3.14 V             ; -0.258 V           ; 0.13 V                              ; 0.399 V                             ; 4.27e-10 s                 ; 1.5e-10 s                  ; Yes                       ; No                        ;
; DRAM_WE_N     ; 3.3-V LVTTL  ; 0 s                 ; 0 s                 ; 3.08 V                       ; 3.5e-07 V                    ; 3.14 V              ; -0.195 V            ; 0.158 V                              ; 0.394 V                              ; 4.46e-10 s                  ; 1.64e-10 s                  ; Yes                        ; No                         ; 3.08 V                      ; 3.5e-07 V                   ; 3.14 V             ; -0.195 V           ; 0.158 V                             ; 0.394 V                             ; 4.46e-10 s                 ; 1.64e-10 s                 ; Yes                       ; No                        ;
; IRDA_TXD      ; 3.3-V LVTTL  ; 0 s                 ; 0 s                 ; 3.08 V                       ; 3.5e-07 V                    ; 3.14 V              ; -0.195 V            ; 0.158 V                              ; 0.394 V                              ; 4.46e-10 s                  ; 1.64e-10 s                  ; Yes                        ; No                         ; 3.08 V                      ; 3.5e-07 V                   ; 3.14 V             ; -0.195 V           ; 0.158 V                             ; 0.394 V                             ; 4.46e-10 s                 ; 1.64e-10 s                 ; Yes                       ; No                        ;
; LEDR[4]       ; 3.3-V LVTTL  ; 0 s                 ; 0 s                 ; 3.08 V                       ; 2.62e-07 V                   ; 3.1 V               ; -0.153 V            ; 0.035 V                              ; 0.31 V                               ; 4.23e-10 s                  ; 1.59e-10 s                  ; Yes                        ; No                         ; 3.08 V                      ; 2.62e-07 V                  ; 3.1 V              ; -0.153 V           ; 0.035 V                             ; 0.31 V                              ; 4.23e-10 s                 ; 1.59e-10 s                 ; Yes                       ; No                        ;
; LEDR[6]       ; 3.3-V LVTTL  ; 0 s                 ; 0 s                 ; 3.08 V                       ; 3.5e-07 V                    ; 3.14 V              ; -0.195 V            ; 0.158 V                              ; 0.394 V                              ; 4.46e-10 s                  ; 1.64e-10 s                  ; Yes                        ; No                         ; 3.08 V                      ; 3.5e-07 V                   ; 3.14 V             ; -0.195 V           ; 0.158 V                             ; 0.394 V                             ; 4.46e-10 s                 ; 1.64e-10 s                 ; Yes                       ; No                        ;
; TD_RESET_N    ; 3.3-V LVTTL  ; 0 s                 ; 0 s                 ; 3.08 V                       ; 3.35e-07 V                   ; 3.14 V              ; -0.257 V            ; 0.13 V                               ; 0.399 V                              ; 4.27e-10 s                  ; 1.5e-10 s                   ; Yes                        ; No                         ; 3.08 V                      ; 3.35e-07 V                  ; 3.14 V             ; -0.257 V           ; 0.13 V                              ; 0.399 V                             ; 4.27e-10 s                 ; 1.5e-10 s                  ; Yes                       ; No                        ;
; VGA_BLANK_N   ; 3.3-V LVTTL  ; 0 s                 ; 0 s                 ; 3.08 V                       ; 2.62e-07 V                   ; 3.1 V               ; -0.153 V            ; 0.035 V                              ; 0.31 V                               ; 4.23e-10 s                  ; 1.59e-10 s                  ; Yes                        ; No                         ; 3.08 V                      ; 2.62e-07 V                  ; 3.1 V              ; -0.153 V           ; 0.035 V                             ; 0.31 V                              ; 4.23e-10 s                 ; 1.59e-10 s                 ; Yes                       ; No                        ;
; VGA_B[0]      ; 3.3-V LVTTL  ; 0 s                 ; 0 s                 ; 3.08 V                       ; 3.35e-07 V                   ; 3.14 V              ; -0.258 V            ; 0.13 V                               ; 0.399 V                              ; 4.27e-10 s                  ; 1.5e-10 s                   ; Yes                        ; No                         ; 3.08 V                      ; 3.35e-07 V                  ; 3.14 V             ; -0.258 V           ; 0.13 V                              ; 0.399 V                             ; 4.27e-10 s                 ; 1.5e-10 s                  ; Yes                       ; No                        ;
; VGA_B[1]      ; 3.3-V LVTTL  ; 0 s                 ; 0 s                 ; 3.08 V                       ; 2.62e-07 V                   ; 3.1 V               ; -0.153 V            ; 0.035 V                              ; 0.31 V                               ; 4.23e-10 s                  ; 1.59e-10 s                  ; Yes                        ; No                         ; 3.08 V                      ; 2.62e-07 V                  ; 3.1 V              ; -0.153 V           ; 0.035 V                             ; 0.31 V                              ; 4.23e-10 s                 ; 1.59e-10 s                 ; Yes                       ; No                        ;
; VGA_B[2]      ; 3.3-V LVTTL  ; 0 s                 ; 0 s                 ; 3.08 V                       ; 3.5e-07 V                    ; 3.14 V              ; -0.195 V            ; 0.158 V                              ; 0.394 V                              ; 4.46e-10 s                  ; 1.64e-10 s                  ; Yes                        ; No                         ; 3.08 V                      ; 3.5e-07 V                   ; 3.14 V             ; -0.195 V           ; 0.158 V                             ; 0.394 V                             ; 4.46e-10 s                 ; 1.64e-10 s                 ; Yes                       ; No                        ;
; VGA_B[3]      ; 3.3-V LVTTL  ; 0 s                 ; 0 s                 ; 3.08 V                       ; 2.62e-07 V                   ; 3.1 V               ; -0.153 V            ; 0.035 V                              ; 0.31 V                               ; 4.23e-10 s                  ; 1.59e-10 s                  ; Yes                        ; No                         ; 3.08 V                      ; 2.62e-07 V                  ; 3.1 V              ; -0.153 V           ; 0.035 V                             ; 0.31 V                              ; 4.23e-10 s                 ; 1.59e-10 s                 ; Yes                       ; No                        ;
; VGA_B[4]      ; 3.3-V LVTTL  ; 0 s                 ; 0 s                 ; 3.08 V                       ; 3.5e-07 V                    ; 3.14 V              ; -0.195 V            ; 0.158 V                              ; 0.394 V                              ; 4.46e-10 s                  ; 1.64e-10 s                  ; Yes                        ; No                         ; 3.08 V                      ; 3.5e-07 V                   ; 3.14 V             ; -0.195 V           ; 0.158 V                             ; 0.394 V                             ; 4.46e-10 s                 ; 1.64e-10 s                 ; Yes                       ; No                        ;
; VGA_B[5]      ; 3.3-V LVTTL  ; 0 s                 ; 0 s                 ; 3.08 V                       ; 3.5e-07 V                    ; 3.14 V              ; -0.195 V            ; 0.158 V                              ; 0.394 V                              ; 4.46e-10 s                  ; 1.64e-10 s                  ; Yes                        ; No                         ; 3.08 V                      ; 3.5e-07 V                   ; 3.14 V             ; -0.195 V           ; 0.158 V                             ; 0.394 V                             ; 4.46e-10 s                 ; 1.64e-10 s                 ; Yes                       ; No                        ;
; VGA_B[6]      ; 3.3-V LVTTL  ; 0 s                 ; 0 s                 ; 3.08 V                       ; 2.62e-07 V                   ; 3.1 V               ; -0.153 V            ; 0.035 V                              ; 0.31 V                               ; 4.23e-10 s                  ; 1.59e-10 s                  ; Yes                        ; No                         ; 3.08 V                      ; 2.62e-07 V                  ; 3.1 V              ; -0.153 V           ; 0.035 V                             ; 0.31 V                              ; 4.23e-10 s                 ; 1.59e-10 s                 ; Yes                       ; No                        ;
; VGA_B[7]      ; 3.3-V LVTTL  ; 0 s                 ; 0 s                 ; 3.08 V                       ; 2.62e-07 V                   ; 3.1 V               ; -0.153 V            ; 0.035 V                              ; 0.31 V                               ; 4.23e-10 s                  ; 1.59e-10 s                  ; Yes                        ; No                         ; 3.08 V                      ; 2.62e-07 V                  ; 3.1 V              ; -0.153 V           ; 0.035 V                             ; 0.31 V                              ; 4.23e-10 s                 ; 1.59e-10 s                 ; Yes                       ; No                        ;
; VGA_CLK       ; 3.3-V LVTTL  ; 0 s                 ; 0 s                 ; 3.08 V                       ; 3.35e-07 V                   ; 3.14 V              ; -0.258 V            ; 0.13 V                               ; 0.399 V                              ; 4.27e-10 s                  ; 1.5e-10 s                   ; Yes                        ; No                         ; 3.08 V                      ; 3.35e-07 V                  ; 3.14 V             ; -0.258 V           ; 0.13 V                              ; 0.399 V                             ; 4.27e-10 s                 ; 1.5e-10 s                  ; Yes                       ; No                        ;
; VGA_G[0]      ; 3.3-V LVTTL  ; 0 s                 ; 0 s                 ; 3.08 V                       ; 2.62e-07 V                   ; 3.1 V               ; -0.153 V            ; 0.035 V                              ; 0.31 V                               ; 4.23e-10 s                  ; 1.59e-10 s                  ; Yes                        ; No                         ; 3.08 V                      ; 2.62e-07 V                  ; 3.1 V              ; -0.153 V           ; 0.035 V                             ; 0.31 V                              ; 4.23e-10 s                 ; 1.59e-10 s                 ; Yes                       ; No                        ;
; VGA_G[1]      ; 3.3-V LVTTL  ; 0 s                 ; 0 s                 ; 3.08 V                       ; 3.5e-07 V                    ; 3.14 V              ; -0.195 V            ; 0.158 V                              ; 0.394 V                              ; 4.46e-10 s                  ; 1.64e-10 s                  ; Yes                        ; No                         ; 3.08 V                      ; 3.5e-07 V                   ; 3.14 V             ; -0.195 V           ; 0.158 V                             ; 0.394 V                             ; 4.46e-10 s                 ; 1.64e-10 s                 ; Yes                       ; No                        ;
; VGA_G[2]      ; 3.3-V LVTTL  ; 0 s                 ; 0 s                 ; 3.08 V                       ; 2.62e-07 V                   ; 3.1 V               ; -0.153 V            ; 0.035 V                              ; 0.31 V                               ; 4.23e-10 s                  ; 1.59e-10 s                  ; Yes                        ; No                         ; 3.08 V                      ; 2.62e-07 V                  ; 3.1 V              ; -0.153 V           ; 0.035 V                             ; 0.31 V                              ; 4.23e-10 s                 ; 1.59e-10 s                 ; Yes                       ; No                        ;
; VGA_G[3]      ; 3.3-V LVTTL  ; 0 s                 ; 0 s                 ; 3.08 V                       ; 3.5e-07 V                    ; 3.14 V              ; -0.195 V            ; 0.158 V                              ; 0.394 V                              ; 4.46e-10 s                  ; 1.64e-10 s                  ; Yes                        ; No                         ; 3.08 V                      ; 3.5e-07 V                   ; 3.14 V             ; -0.195 V           ; 0.158 V                             ; 0.394 V                             ; 4.46e-10 s                 ; 1.64e-10 s                 ; Yes                       ; No                        ;
; VGA_G[4]      ; 3.3-V LVTTL  ; 0 s                 ; 0 s                 ; 3.08 V                       ; 2.62e-07 V                   ; 3.1 V               ; -0.153 V            ; 0.035 V                              ; 0.31 V                               ; 4.23e-10 s                  ; 1.59e-10 s                  ; Yes                        ; No                         ; 3.08 V                      ; 2.62e-07 V                  ; 3.1 V              ; -0.153 V           ; 0.035 V                             ; 0.31 V                              ; 4.23e-10 s                 ; 1.59e-10 s                 ; Yes                       ; No                        ;
; VGA_G[5]      ; 3.3-V LVTTL  ; 0 s                 ; 0 s                 ; 3.08 V                       ; 3.5e-07 V                    ; 3.14 V              ; -0.195 V            ; 0.158 V                              ; 0.394 V                              ; 4.46e-10 s                  ; 1.64e-10 s                  ; Yes                        ; No                         ; 3.08 V                      ; 3.5e-07 V                   ; 3.14 V             ; -0.195 V           ; 0.158 V                             ; 0.394 V                             ; 4.46e-10 s                 ; 1.64e-10 s                 ; Yes                       ; No                        ;
; VGA_G[6]      ; 3.3-V LVTTL  ; 0 s                 ; 0 s                 ; 3.08 V                       ; 3.5e-07 V                    ; 3.14 V              ; -0.195 V            ; 0.158 V                              ; 0.394 V                              ; 4.46e-10 s                  ; 1.64e-10 s                  ; Yes                        ; No                         ; 3.08 V                      ; 3.5e-07 V                   ; 3.14 V             ; -0.195 V           ; 0.158 V                             ; 0.394 V                             ; 4.46e-10 s                 ; 1.64e-10 s                 ; Yes                       ; No                        ;
; VGA_G[7]      ; 3.3-V LVTTL  ; 0 s                 ; 0 s                 ; 3.08 V                       ; 2.62e-07 V                   ; 3.1 V               ; -0.153 V            ; 0.035 V                              ; 0.31 V                               ; 4.23e-10 s                  ; 1.59e-10 s                  ; Yes                        ; No                         ; 3.08 V                      ; 2.62e-07 V                  ; 3.1 V              ; -0.153 V           ; 0.035 V                             ; 0.31 V                              ; 4.23e-10 s                 ; 1.59e-10 s                 ; Yes                       ; No                        ;
; VGA_HS        ; 3.3-V LVTTL  ; 0 s                 ; 0 s                 ; 3.08 V                       ; 3.35e-07 V                   ; 3.14 V              ; -0.257 V            ; 0.13 V                               ; 0.399 V                              ; 4.27e-10 s                  ; 1.5e-10 s                   ; Yes                        ; No                         ; 3.08 V                      ; 3.35e-07 V                  ; 3.14 V             ; -0.257 V           ; 0.13 V                              ; 0.399 V                             ; 4.27e-10 s                 ; 1.5e-10 s                  ; Yes                       ; No                        ;
; VGA_R[0]      ; 3.3-V LVTTL  ; 0 s                 ; 0 s                 ; 3.08 V                       ; 3.35e-07 V                   ; 3.14 V              ; -0.257 V            ; 0.13 V                               ; 0.399 V                              ; 4.27e-10 s                  ; 1.5e-10 s                   ; Yes                        ; No                         ; 3.08 V                      ; 3.35e-07 V                  ; 3.14 V             ; -0.257 V           ; 0.13 V                              ; 0.399 V                             ; 4.27e-10 s                 ; 1.5e-10 s                  ; Yes                       ; No                        ;
; VGA_R[1]      ; 3.3-V LVTTL  ; 0 s                 ; 0 s                 ; 3.08 V                       ; 3.5e-07 V                    ; 3.14 V              ; -0.195 V            ; 0.158 V                              ; 0.394 V                              ; 4.46e-10 s                  ; 1.64e-10 s                  ; Yes                        ; No                         ; 3.08 V                      ; 3.5e-07 V                   ; 3.14 V             ; -0.195 V           ; 0.158 V                             ; 0.394 V                             ; 4.46e-10 s                 ; 1.64e-10 s                 ; Yes                       ; No                        ;
; VGA_R[2]      ; 3.3-V LVTTL  ; 0 s                 ; 0 s                 ; 3.08 V                       ; 2.62e-07 V                   ; 3.1 V               ; -0.153 V            ; 0.035 V                              ; 0.31 V                               ; 4.23e-10 s                  ; 1.59e-10 s                  ; Yes                        ; No                         ; 3.08 V                      ; 2.62e-07 V                  ; 3.1 V              ; -0.153 V           ; 0.035 V                             ; 0.31 V                              ; 4.23e-10 s                 ; 1.59e-10 s                 ; Yes                       ; No                        ;
; VGA_R[3]      ; 3.3-V LVTTL  ; 0 s                 ; 0 s                 ; 3.08 V                       ; 2.62e-07 V                   ; 3.1 V               ; -0.153 V            ; 0.035 V                              ; 0.31 V                               ; 4.23e-10 s                  ; 1.59e-10 s                  ; Yes                        ; No                         ; 3.08 V                      ; 2.62e-07 V                  ; 3.1 V              ; -0.153 V           ; 0.035 V                             ; 0.31 V                              ; 4.23e-10 s                 ; 1.59e-10 s                 ; Yes                       ; No                        ;
; VGA_R[4]      ; 3.3-V LVTTL  ; 0 s                 ; 0 s                 ; 3.08 V                       ; 3.35e-07 V                   ; 3.14 V              ; -0.258 V            ; 0.13 V                               ; 0.399 V                              ; 4.27e-10 s                  ; 1.5e-10 s                   ; Yes                        ; No                         ; 3.08 V                      ; 3.35e-07 V                  ; 3.14 V             ; -0.258 V           ; 0.13 V                              ; 0.399 V                             ; 4.27e-10 s                 ; 1.5e-10 s                  ; Yes                       ; No                        ;
; VGA_R[5]      ; 3.3-V LVTTL  ; 0 s                 ; 0 s                 ; 3.08 V                       ; 2.62e-07 V                   ; 3.1 V               ; -0.153 V            ; 0.035 V                              ; 0.31 V                               ; 4.23e-10 s                  ; 1.59e-10 s                  ; Yes                        ; No                         ; 3.08 V                      ; 2.62e-07 V                  ; 3.1 V              ; -0.153 V           ; 0.035 V                             ; 0.31 V                              ; 4.23e-10 s                 ; 1.59e-10 s                 ; Yes                       ; No                        ;
; VGA_R[6]      ; 3.3-V LVTTL  ; 0 s                 ; 0 s                 ; 3.08 V                       ; 3.5e-07 V                    ; 3.14 V              ; -0.195 V            ; 0.158 V                              ; 0.394 V                              ; 4.46e-10 s                  ; 1.64e-10 s                  ; Yes                        ; No                         ; 3.08 V                      ; 3.5e-07 V                   ; 3.14 V             ; -0.195 V           ; 0.158 V                             ; 0.394 V                             ; 4.46e-10 s                 ; 1.64e-10 s                 ; Yes                       ; No                        ;
; VGA_R[7]      ; 3.3-V LVTTL  ; 0 s                 ; 0 s                 ; 3.08 V                       ; 3.5e-07 V                    ; 3.14 V              ; -0.195 V            ; 0.158 V                              ; 0.394 V                              ; 4.46e-10 s                  ; 1.64e-10 s                  ; Yes                        ; No                         ; 3.08 V                      ; 3.5e-07 V                   ; 3.14 V             ; -0.195 V           ; 0.158 V                             ; 0.394 V                             ; 4.46e-10 s                 ; 1.64e-10 s                 ; Yes                       ; No                        ;
; VGA_SYNC_N    ; 3.3-V LVTTL  ; 0 s                 ; 0 s                 ; 3.08 V                       ; 3.35e-07 V                   ; 3.14 V              ; -0.258 V            ; 0.13 V                               ; 0.399 V                              ; 4.27e-10 s                  ; 1.5e-10 s                   ; Yes                        ; No                         ; 3.08 V                      ; 3.35e-07 V                  ; 3.14 V             ; -0.258 V           ; 0.13 V                              ; 0.399 V                             ; 4.27e-10 s                 ; 1.5e-10 s                  ; Yes                       ; No                        ;
; VGA_VS        ; 3.3-V LVTTL  ; 0 s                 ; 0 s                 ; 3.08 V                       ; 3.5e-07 V                    ; 3.14 V              ; -0.195 V            ; 0.158 V                              ; 0.394 V                              ; 4.46e-10 s                  ; 1.64e-10 s                  ; Yes                        ; No                         ; 3.08 V                      ; 3.5e-07 V                   ; 3.14 V             ; -0.195 V           ; 0.158 V                             ; 0.394 V                             ; 4.46e-10 s                 ; 1.64e-10 s                 ; Yes                       ; No                        ;
; GPIO[5]       ; 3.3-V LVTTL  ; 0 s                 ; 0 s                 ; 3.08 V                       ; 2.62e-07 V                   ; 3.1 V               ; -0.153 V            ; 0.035 V                              ; 0.31 V                               ; 4.23e-10 s                  ; 1.59e-10 s                  ; Yes                        ; No                         ; 3.08 V                      ; 2.62e-07 V                  ; 3.1 V              ; -0.153 V           ; 0.035 V                             ; 0.31 V                              ; 4.23e-10 s                 ; 1.59e-10 s                 ; Yes                       ; No                        ;
; GPIO[4]       ; 3.3-V LVTTL  ; 0 s                 ; 0 s                 ; 3.08 V                       ; 3.35e-07 V                   ; 3.14 V              ; -0.257 V            ; 0.13 V                               ; 0.399 V                              ; 4.27e-10 s                  ; 1.5e-10 s                   ; Yes                        ; No                         ; 3.08 V                      ; 3.35e-07 V                  ; 3.14 V             ; -0.257 V           ; 0.13 V                              ; 0.399 V                             ; 4.27e-10 s                 ; 1.5e-10 s                  ; Yes                       ; No                        ;
; AUD_BCLK      ; 3.3-V LVTTL  ; 0 s                 ; 0 s                 ; 3.08 V                       ; 2.62e-07 V                   ; 3.1 V               ; -0.153 V            ; 0.035 V                              ; 0.31 V                               ; 4.23e-10 s                  ; 1.59e-10 s                  ; Yes                        ; No                         ; 3.08 V                      ; 2.62e-07 V                  ; 3.1 V              ; -0.153 V           ; 0.035 V                             ; 0.31 V                              ; 4.23e-10 s                 ; 1.59e-10 s                 ; Yes                       ; No                        ;
; AUD_ADCLRCK   ; 3.3-V LVTTL  ; 0 s                 ; 0 s                 ; 3.08 V                       ; 2.62e-07 V                   ; 3.1 V               ; -0.153 V            ; 0.035 V                              ; 0.31 V                               ; 4.23e-10 s                  ; 1.59e-10 s                  ; Yes                        ; No                         ; 3.08 V                      ; 2.62e-07 V                  ; 3.1 V              ; -0.153 V           ; 0.035 V                             ; 0.31 V                              ; 4.23e-10 s                 ; 1.59e-10 s                 ; Yes                       ; No                        ;
; AUD_DACLRCK   ; 3.3-V LVTTL  ; 0 s                 ; 0 s                 ; 3.08 V                       ; 3.5e-07 V                    ; 3.14 V              ; -0.195 V            ; 0.158 V                              ; 0.394 V                              ; 4.46e-10 s                  ; 1.64e-10 s                  ; Yes                        ; No                         ; 3.08 V                      ; 3.5e-07 V                   ; 3.14 V             ; -0.195 V           ; 0.158 V                             ; 0.394 V                             ; 4.46e-10 s                 ; 1.64e-10 s                 ; Yes                       ; No                        ;
; FPGA_I2C_SDAT ; 3.3-V LVTTL  ; 0 s                 ; 0 s                 ; 3.08 V                       ; 3.5e-07 V                    ; 3.14 V              ; -0.195 V            ; 0.158 V                              ; 0.394 V                              ; 4.46e-10 s                  ; 1.64e-10 s                  ; Yes                        ; No                         ; 3.08 V                      ; 3.5e-07 V                   ; 3.14 V             ; -0.195 V           ; 0.158 V                             ; 0.394 V                             ; 4.46e-10 s                 ; 1.64e-10 s                 ; Yes                       ; No                        ;
; GPIO[3]       ; 3.3-V LVTTL  ; 0 s                 ; 0 s                 ; 3.08 V                       ; 3.5e-07 V                    ; 3.14 V              ; -0.195 V            ; 0.158 V                              ; 0.394 V                              ; 4.46e-10 s                  ; 1.64e-10 s                  ; Yes                        ; No                         ; 3.08 V                      ; 3.5e-07 V                   ; 3.14 V             ; -0.195 V           ; 0.158 V                             ; 0.394 V                             ; 4.46e-10 s                 ; 1.64e-10 s                 ; Yes                       ; No                        ;
; DRAM_DQ[0]    ; 3.3-V LVTTL  ; 0 s                 ; 0 s                 ; 3.08 V                       ; 3.35e-07 V                   ; 3.14 V              ; -0.257 V            ; 0.13 V                               ; 0.399 V                              ; 4.27e-10 s                  ; 1.5e-10 s                   ; Yes                        ; No                         ; 3.08 V                      ; 3.35e-07 V                  ; 3.14 V             ; -0.257 V           ; 0.13 V                              ; 0.399 V                             ; 4.27e-10 s                 ; 1.5e-10 s                  ; Yes                       ; No                        ;
; DRAM_DQ[1]    ; 3.3-V LVTTL  ; 0 s                 ; 0 s                 ; 3.08 V                       ; 3.35e-07 V                   ; 3.14 V              ; -0.257 V            ; 0.13 V                               ; 0.399 V                              ; 4.27e-10 s                  ; 1.5e-10 s                   ; Yes                        ; No                         ; 3.08 V                      ; 3.35e-07 V                  ; 3.14 V             ; -0.257 V           ; 0.13 V                              ; 0.399 V                             ; 4.27e-10 s                 ; 1.5e-10 s                  ; Yes                       ; No                        ;
; DRAM_DQ[2]    ; 3.3-V LVTTL  ; 0 s                 ; 0 s                 ; 3.08 V                       ; 3.35e-07 V                   ; 3.14 V              ; -0.258 V            ; 0.13 V                               ; 0.399 V                              ; 4.27e-10 s                  ; 1.5e-10 s                   ; Yes                        ; No                         ; 3.08 V                      ; 3.35e-07 V                  ; 3.14 V             ; -0.258 V           ; 0.13 V                              ; 0.399 V                             ; 4.27e-10 s                 ; 1.5e-10 s                  ; Yes                       ; No                        ;
; DRAM_DQ[3]    ; 3.3-V LVTTL  ; 0 s                 ; 0 s                 ; 3.08 V                       ; 3.35e-07 V                   ; 3.14 V              ; -0.257 V            ; 0.13 V                               ; 0.399 V                              ; 4.27e-10 s                  ; 1.5e-10 s                   ; Yes                        ; No                         ; 3.08 V                      ; 3.35e-07 V                  ; 3.14 V             ; -0.257 V           ; 0.13 V                              ; 0.399 V                             ; 4.27e-10 s                 ; 1.5e-10 s                  ; Yes                       ; No                        ;
; DRAM_DQ[4]    ; 3.3-V LVTTL  ; 0 s                 ; 0 s                 ; 3.08 V                       ; 3.35e-07 V                   ; 3.14 V              ; -0.257 V            ; 0.13 V                               ; 0.399 V                              ; 4.27e-10 s                  ; 1.5e-10 s                   ; Yes                        ; No                         ; 3.08 V                      ; 3.35e-07 V                  ; 3.14 V             ; -0.257 V           ; 0.13 V                              ; 0.399 V                             ; 4.27e-10 s                 ; 1.5e-10 s                  ; Yes                       ; No                        ;
; DRAM_DQ[5]    ; 3.3-V LVTTL  ; 0 s                 ; 0 s                 ; 3.08 V                       ; 3.35e-07 V                   ; 3.14 V              ; -0.258 V            ; 0.13 V                               ; 0.399 V                              ; 4.27e-10 s                  ; 1.5e-10 s                   ; Yes                        ; No                         ; 3.08 V                      ; 3.35e-07 V                  ; 3.14 V             ; -0.258 V           ; 0.13 V                              ; 0.399 V                             ; 4.27e-10 s                 ; 1.5e-10 s                  ; Yes                       ; No                        ;
; DRAM_DQ[6]    ; 3.3-V LVTTL  ; 0 s                 ; 0 s                 ; 3.08 V                       ; 2.62e-07 V                   ; 3.1 V               ; -0.153 V            ; 0.035 V                              ; 0.31 V                               ; 4.23e-10 s                  ; 1.59e-10 s                  ; Yes                        ; No                         ; 3.08 V                      ; 2.62e-07 V                  ; 3.1 V              ; -0.153 V           ; 0.035 V                             ; 0.31 V                              ; 4.23e-10 s                 ; 1.59e-10 s                 ; Yes                       ; No                        ;
; DRAM_DQ[7]    ; 3.3-V LVTTL  ; 0 s                 ; 0 s                 ; 3.08 V                       ; 3.5e-07 V                    ; 3.14 V              ; -0.195 V            ; 0.158 V                              ; 0.394 V                              ; 4.46e-10 s                  ; 1.64e-10 s                  ; Yes                        ; No                         ; 3.08 V                      ; 3.5e-07 V                   ; 3.14 V             ; -0.195 V           ; 0.158 V                             ; 0.394 V                             ; 4.46e-10 s                 ; 1.64e-10 s                 ; Yes                       ; No                        ;
; DRAM_DQ[8]    ; 3.3-V LVTTL  ; 0 s                 ; 0 s                 ; 3.08 V                       ; 3.35e-07 V                   ; 3.14 V              ; -0.258 V            ; 0.13 V                               ; 0.399 V                              ; 4.27e-10 s                  ; 1.5e-10 s                   ; Yes                        ; No                         ; 3.08 V                      ; 3.35e-07 V                  ; 3.14 V             ; -0.258 V           ; 0.13 V                              ; 0.399 V                             ; 4.27e-10 s                 ; 1.5e-10 s                  ; Yes                       ; No                        ;
; DRAM_DQ[9]    ; 3.3-V LVTTL  ; 0 s                 ; 0 s                 ; 3.08 V                       ; 3.35e-07 V                   ; 3.14 V              ; -0.257 V            ; 0.13 V                               ; 0.399 V                              ; 4.27e-10 s                  ; 1.5e-10 s                   ; Yes                        ; No                         ; 3.08 V                      ; 3.35e-07 V                  ; 3.14 V             ; -0.257 V           ; 0.13 V                              ; 0.399 V                             ; 4.27e-10 s                 ; 1.5e-10 s                  ; Yes                       ; No                        ;
; DRAM_DQ[10]   ; 3.3-V LVTTL  ; 0 s                 ; 0 s                 ; 3.08 V                       ; 3.35e-07 V                   ; 3.14 V              ; -0.258 V            ; 0.13 V                               ; 0.399 V                              ; 4.27e-10 s                  ; 1.5e-10 s                   ; Yes                        ; No                         ; 3.08 V                      ; 3.35e-07 V                  ; 3.14 V             ; -0.258 V           ; 0.13 V                              ; 0.399 V                             ; 4.27e-10 s                 ; 1.5e-10 s                  ; Yes                       ; No                        ;
; DRAM_DQ[11]   ; 3.3-V LVTTL  ; 0 s                 ; 0 s                 ; 3.08 V                       ; 3.35e-07 V                   ; 3.14 V              ; -0.257 V            ; 0.13 V                               ; 0.399 V                              ; 4.27e-10 s                  ; 1.5e-10 s                   ; Yes                        ; No                         ; 3.08 V                      ; 3.35e-07 V                  ; 3.14 V             ; -0.257 V           ; 0.13 V                              ; 0.399 V                             ; 4.27e-10 s                 ; 1.5e-10 s                  ; Yes                       ; No                        ;
; DRAM_DQ[12]   ; 3.3-V LVTTL  ; 0 s                 ; 0 s                 ; 3.08 V                       ; 3.35e-07 V                   ; 3.14 V              ; -0.257 V            ; 0.13 V                               ; 0.399 V                              ; 4.27e-10 s                  ; 1.5e-10 s                   ; Yes                        ; No                         ; 3.08 V                      ; 3.35e-07 V                  ; 3.14 V             ; -0.257 V           ; 0.13 V                              ; 0.399 V                             ; 4.27e-10 s                 ; 1.5e-10 s                  ; Yes                       ; No                        ;
; DRAM_DQ[13]   ; 3.3-V LVTTL  ; 0 s                 ; 0 s                 ; 3.08 V                       ; 3.35e-07 V                   ; 3.14 V              ; -0.258 V            ; 0.13 V                               ; 0.399 V                              ; 4.27e-10 s                  ; 1.5e-10 s                   ; Yes                        ; No                         ; 3.08 V                      ; 3.35e-07 V                  ; 3.14 V             ; -0.258 V           ; 0.13 V                              ; 0.399 V                             ; 4.27e-10 s                 ; 1.5e-10 s                  ; Yes                       ; No                        ;
; DRAM_DQ[14]   ; 3.3-V LVTTL  ; 0 s                 ; 0 s                 ; 3.08 V                       ; 3.35e-07 V                   ; 3.14 V              ; -0.258 V            ; 0.13 V                               ; 0.399 V                              ; 4.27e-10 s                  ; 1.5e-10 s                   ; Yes                        ; No                         ; 3.08 V                      ; 3.35e-07 V                  ; 3.14 V             ; -0.258 V           ; 0.13 V                              ; 0.399 V                             ; 4.27e-10 s                 ; 1.5e-10 s                  ; Yes                       ; No                        ;
; DRAM_DQ[15]   ; 3.3-V LVTTL  ; 0 s                 ; 0 s                 ; 3.08 V                       ; 3.35e-07 V                   ; 3.14 V              ; -0.258 V            ; 0.13 V                               ; 0.399 V                              ; 4.27e-10 s                  ; 1.5e-10 s                   ; Yes                        ; No                         ; 3.08 V                      ; 3.35e-07 V                  ; 3.14 V             ; -0.258 V           ; 0.13 V                              ; 0.399 V                             ; 4.27e-10 s                 ; 1.5e-10 s                  ; Yes                       ; No                        ;
; PS2_CLK       ; 3.3-V LVTTL  ; 0 s                 ; 0 s                 ; 3.08 V                       ; 3.5e-07 V                    ; 3.14 V              ; -0.195 V            ; 0.158 V                              ; 0.394 V                              ; 4.46e-10 s                  ; 1.64e-10 s                  ; Yes                        ; No                         ; 3.08 V                      ; 3.5e-07 V                   ; 3.14 V             ; -0.195 V           ; 0.158 V                             ; 0.394 V                             ; 4.46e-10 s                 ; 1.64e-10 s                 ; Yes                       ; No                        ;
; PS2_CLK2      ; 3.3-V LVTTL  ; 0 s                 ; 0 s                 ; 3.08 V                       ; 3.35e-07 V                   ; 3.14 V              ; -0.258 V            ; 0.13 V                               ; 0.399 V                              ; 4.27e-10 s                  ; 1.5e-10 s                   ; Yes                        ; No                         ; 3.08 V                      ; 3.35e-07 V                  ; 3.14 V             ; -0.258 V           ; 0.13 V                              ; 0.399 V                             ; 4.27e-10 s                 ; 1.5e-10 s                  ; Yes                       ; No                        ;
; PS2_DAT       ; 3.3-V LVTTL  ; 0 s                 ; 0 s                 ; 3.08 V                       ; 2.62e-07 V                   ; 3.1 V               ; -0.153 V            ; 0.035 V                              ; 0.31 V                               ; 4.23e-10 s                  ; 1.59e-10 s                  ; Yes                        ; No                         ; 3.08 V                      ; 2.62e-07 V                  ; 3.1 V              ; -0.153 V           ; 0.035 V                             ; 0.31 V                              ; 4.23e-10 s                 ; 1.59e-10 s                 ; Yes                       ; No                        ;
; PS2_DAT2      ; 3.3-V LVTTL  ; 0 s                 ; 0 s                 ; 3.08 V                       ; 3.35e-07 V                   ; 3.14 V              ; -0.257 V            ; 0.13 V                               ; 0.399 V                              ; 4.27e-10 s                  ; 1.5e-10 s                   ; Yes                        ; No                         ; 3.08 V                      ; 3.35e-07 V                  ; 3.14 V             ; -0.257 V           ; 0.13 V                              ; 0.399 V                             ; 4.27e-10 s                 ; 1.5e-10 s                  ; Yes                       ; No                        ;
; GPIO[0]       ; 3.3-V LVTTL  ; 0 s                 ; 0 s                 ; 3.08 V                       ; 3.5e-07 V                    ; 3.14 V              ; -0.195 V            ; 0.158 V                              ; 0.394 V                              ; 4.46e-10 s                  ; 1.64e-10 s                  ; Yes                        ; No                         ; 3.08 V                      ; 3.5e-07 V                   ; 3.14 V             ; -0.195 V           ; 0.158 V                             ; 0.394 V                             ; 4.46e-10 s                 ; 1.64e-10 s                 ; Yes                       ; No                        ;
; GPIO[1]       ; 3.3-V LVTTL  ; 0 s                 ; 0 s                 ; 3.08 V                       ; 3.5e-07 V                    ; 3.14 V              ; -0.195 V            ; 0.158 V                              ; 0.394 V                              ; 4.46e-10 s                  ; 1.64e-10 s                  ; Yes                        ; No                         ; 3.08 V                      ; 3.5e-07 V                   ; 3.14 V             ; -0.195 V           ; 0.158 V                             ; 0.394 V                             ; 4.46e-10 s                 ; 1.64e-10 s                 ; Yes                       ; No                        ;
; GPIO[2]       ; 3.3-V LVTTL  ; 0 s                 ; 0 s                 ; 3.08 V                       ; 2.62e-07 V                   ; 3.1 V               ; -0.153 V            ; 0.035 V                              ; 0.31 V                               ; 4.23e-10 s                  ; 1.59e-10 s                  ; Yes                        ; No                         ; 3.08 V                      ; 2.62e-07 V                  ; 3.1 V              ; -0.153 V           ; 0.035 V                             ; 0.31 V                              ; 4.23e-10 s                 ; 1.59e-10 s                 ; Yes                       ; No                        ;
; GPIO[6]       ; 3.3-V LVTTL  ; 0 s                 ; 0 s                 ; 3.08 V                       ; 3.35e-07 V                   ; 3.14 V              ; -0.257 V            ; 0.13 V                               ; 0.399 V                              ; 4.27e-10 s                  ; 1.5e-10 s                   ; Yes                        ; No                         ; 3.08 V                      ; 3.35e-07 V                  ; 3.14 V             ; -0.257 V           ; 0.13 V                              ; 0.399 V                             ; 4.27e-10 s                 ; 1.5e-10 s                  ; Yes                       ; No                        ;
; GPIO[7]       ; 3.3-V LVTTL  ; 0 s                 ; 0 s                 ; 3.08 V                       ; 3.35e-07 V                   ; 3.14 V              ; -0.258 V            ; 0.13 V                               ; 0.399 V                              ; 4.27e-10 s                  ; 1.5e-10 s                   ; Yes                        ; No                         ; 3.08 V                      ; 3.35e-07 V                  ; 3.14 V             ; -0.258 V           ; 0.13 V                              ; 0.399 V                             ; 4.27e-10 s                 ; 1.5e-10 s                  ; Yes                       ; No                        ;
; GPIO[8]       ; 3.3-V LVTTL  ; 0 s                 ; 0 s                 ; 3.08 V                       ; 3.5e-07 V                    ; 3.14 V              ; -0.195 V            ; 0.158 V                              ; 0.394 V                              ; 4.46e-10 s                  ; 1.64e-10 s                  ; Yes                        ; No                         ; 3.08 V                      ; 3.5e-07 V                   ; 3.14 V             ; -0.195 V           ; 0.158 V                             ; 0.394 V                             ; 4.46e-10 s                 ; 1.64e-10 s                 ; Yes                       ; No                        ;
; GPIO[9]       ; 3.3-V LVTTL  ; 0 s                 ; 0 s                 ; 3.08 V                       ; 3.35e-07 V                   ; 3.14 V              ; -0.258 V            ; 0.13 V                               ; 0.399 V                              ; 4.27e-10 s                  ; 1.5e-10 s                   ; Yes                        ; No                         ; 3.08 V                      ; 3.35e-07 V                  ; 3.14 V             ; -0.258 V           ; 0.13 V                              ; 0.399 V                             ; 4.27e-10 s                 ; 1.5e-10 s                  ; Yes                       ; No                        ;
; GPIO[10]      ; 3.3-V LVTTL  ; 0 s                 ; 0 s                 ; 3.08 V                       ; 3.35e-07 V                   ; 3.14 V              ; -0.257 V            ; 0.13 V                               ; 0.399 V                              ; 4.27e-10 s                  ; 1.5e-10 s                   ; Yes                        ; No                         ; 3.08 V                      ; 3.35e-07 V                  ; 3.14 V             ; -0.257 V           ; 0.13 V                              ; 0.399 V                             ; 4.27e-10 s                 ; 1.5e-10 s                  ; Yes                       ; No                        ;
; GPIO[11]      ; 3.3-V LVTTL  ; 0 s                 ; 0 s                 ; 3.08 V                       ; 3.35e-07 V                   ; 3.14 V              ; -0.258 V            ; 0.13 V                               ; 0.399 V                              ; 4.27e-10 s                  ; 1.5e-10 s                   ; Yes                        ; No                         ; 3.08 V                      ; 3.35e-07 V                  ; 3.14 V             ; -0.258 V           ; 0.13 V                              ; 0.399 V                             ; 4.27e-10 s                 ; 1.5e-10 s                  ; Yes                       ; No                        ;
; GPIO[12]      ; 3.3-V LVTTL  ; 0 s                 ; 0 s                 ; 3.08 V                       ; 3.35e-07 V                   ; 3.14 V              ; -0.258 V            ; 0.13 V                               ; 0.399 V                              ; 4.27e-10 s                  ; 1.5e-10 s                   ; Yes                        ; No                         ; 3.08 V                      ; 3.35e-07 V                  ; 3.14 V             ; -0.258 V           ; 0.13 V                              ; 0.399 V                             ; 4.27e-10 s                 ; 1.5e-10 s                  ; Yes                       ; No                        ;
; GPIO[13]      ; 3.3-V LVTTL  ; 0 s                 ; 0 s                 ; 3.08 V                       ; 3.35e-07 V                   ; 3.14 V              ; -0.258 V            ; 0.13 V                               ; 0.399 V                              ; 4.27e-10 s                  ; 1.5e-10 s                   ; Yes                        ; No                         ; 3.08 V                      ; 3.35e-07 V                  ; 3.14 V             ; -0.258 V           ; 0.13 V                              ; 0.399 V                             ; 4.27e-10 s                 ; 1.5e-10 s                  ; Yes                       ; No                        ;
; GPIO[14]      ; 3.3-V LVTTL  ; 0 s                 ; 0 s                 ; 3.08 V                       ; 3.35e-07 V                   ; 3.14 V              ; -0.257 V            ; 0.13 V                               ; 0.399 V                              ; 4.27e-10 s                  ; 1.5e-10 s                   ; Yes                        ; No                         ; 3.08 V                      ; 3.35e-07 V                  ; 3.14 V             ; -0.257 V           ; 0.13 V                              ; 0.399 V                             ; 4.27e-10 s                 ; 1.5e-10 s                  ; Yes                       ; No                        ;
; GPIO[15]      ; 3.3-V LVTTL  ; 0 s                 ; 0 s                 ; 3.08 V                       ; 3.35e-07 V                   ; 3.14 V              ; -0.257 V            ; 0.13 V                               ; 0.399 V                              ; 4.27e-10 s                  ; 1.5e-10 s                   ; Yes                        ; No                         ; 3.08 V                      ; 3.35e-07 V                  ; 3.14 V             ; -0.257 V           ; 0.13 V                              ; 0.399 V                             ; 4.27e-10 s                 ; 1.5e-10 s                  ; Yes                       ; No                        ;
; GPIO[16]      ; 3.3-V LVTTL  ; 0 s                 ; 0 s                 ; 3.08 V                       ; 2.62e-07 V                   ; 3.1 V               ; -0.153 V            ; 0.035 V                              ; 0.31 V                               ; 4.23e-10 s                  ; 1.59e-10 s                  ; Yes                        ; No                         ; 3.08 V                      ; 2.62e-07 V                  ; 3.1 V              ; -0.153 V           ; 0.035 V                             ; 0.31 V                              ; 4.23e-10 s                 ; 1.59e-10 s                 ; Yes                       ; No                        ;
; GPIO[17]      ; 3.3-V LVTTL  ; 0 s                 ; 0 s                 ; 3.08 V                       ; 2.62e-07 V                   ; 3.1 V               ; -0.153 V            ; 0.035 V                              ; 0.31 V                               ; 4.23e-10 s                  ; 1.59e-10 s                  ; Yes                        ; No                         ; 3.08 V                      ; 2.62e-07 V                  ; 3.1 V              ; -0.153 V           ; 0.035 V                             ; 0.31 V                              ; 4.23e-10 s                 ; 1.59e-10 s                 ; Yes                       ; No                        ;
; GPIO[18]      ; 3.3-V LVTTL  ; 0 s                 ; 0 s                 ; 3.08 V                       ; 3.5e-07 V                    ; 3.14 V              ; -0.195 V            ; 0.158 V                              ; 0.394 V                              ; 4.46e-10 s                  ; 1.64e-10 s                  ; Yes                        ; No                         ; 3.08 V                      ; 3.5e-07 V                   ; 3.14 V             ; -0.195 V           ; 0.158 V                             ; 0.394 V                             ; 4.46e-10 s                 ; 1.64e-10 s                 ; Yes                       ; No                        ;
; GPIO[19]      ; 3.3-V LVTTL  ; 0 s                 ; 0 s                 ; 3.08 V                       ; 3.5e-07 V                    ; 3.14 V              ; -0.195 V            ; 0.158 V                              ; 0.394 V                              ; 4.46e-10 s                  ; 1.64e-10 s                  ; Yes                        ; No                         ; 3.08 V                      ; 3.5e-07 V                   ; 3.14 V             ; -0.195 V           ; 0.158 V                             ; 0.394 V                             ; 4.46e-10 s                 ; 1.64e-10 s                 ; Yes                       ; No                        ;
; GPIO[20]      ; 3.3-V LVTTL  ; 0 s                 ; 0 s                 ; 3.08 V                       ; 3.35e-07 V                   ; 3.14 V              ; -0.257 V            ; 0.13 V                               ; 0.399 V                              ; 4.27e-10 s                  ; 1.5e-10 s                   ; Yes                        ; No                         ; 3.08 V                      ; 3.35e-07 V                  ; 3.14 V             ; -0.257 V           ; 0.13 V                              ; 0.399 V                             ; 4.27e-10 s                 ; 1.5e-10 s                  ; Yes                       ; No                        ;
; GPIO[21]      ; 3.3-V LVTTL  ; 0 s                 ; 0 s                 ; 3.08 V                       ; 3.35e-07 V                   ; 3.14 V              ; -0.258 V            ; 0.13 V                               ; 0.399 V                              ; 4.27e-10 s                  ; 1.5e-10 s                   ; Yes                        ; No                         ; 3.08 V                      ; 3.35e-07 V                  ; 3.14 V             ; -0.258 V           ; 0.13 V                              ; 0.399 V                             ; 4.27e-10 s                 ; 1.5e-10 s                  ; Yes                       ; No                        ;
; GPIO[22]      ; 3.3-V LVTTL  ; 0 s                 ; 0 s                 ; 3.08 V                       ; 2.62e-07 V                   ; 3.1 V               ; -0.153 V            ; 0.035 V                              ; 0.31 V                               ; 4.23e-10 s                  ; 1.59e-10 s                  ; Yes                        ; No                         ; 3.08 V                      ; 2.62e-07 V                  ; 3.1 V              ; -0.153 V           ; 0.035 V                             ; 0.31 V                              ; 4.23e-10 s                 ; 1.59e-10 s                 ; Yes                       ; No                        ;
; GPIO[23]      ; 3.3-V LVTTL  ; 0 s                 ; 0 s                 ; 3.08 V                       ; 3.35e-07 V                   ; 3.14 V              ; -0.258 V            ; 0.13 V                               ; 0.399 V                              ; 4.27e-10 s                  ; 1.5e-10 s                   ; Yes                        ; No                         ; 3.08 V                      ; 3.35e-07 V                  ; 3.14 V             ; -0.258 V           ; 0.13 V                              ; 0.399 V                             ; 4.27e-10 s                 ; 1.5e-10 s                  ; Yes                       ; No                        ;
; GPIO[24]      ; 3.3-V LVTTL  ; 0 s                 ; 0 s                 ; 3.08 V                       ; 2.62e-07 V                   ; 3.1 V               ; -0.153 V            ; 0.035 V                              ; 0.31 V                               ; 4.23e-10 s                  ; 1.59e-10 s                  ; Yes                        ; No                         ; 3.08 V                      ; 2.62e-07 V                  ; 3.1 V              ; -0.153 V           ; 0.035 V                             ; 0.31 V                              ; 4.23e-10 s                 ; 1.59e-10 s                 ; Yes                       ; No                        ;
; GPIO[25]      ; 3.3-V LVTTL  ; 0 s                 ; 0 s                 ; 3.08 V                       ; 3.5e-07 V                    ; 3.14 V              ; -0.195 V            ; 0.158 V                              ; 0.394 V                              ; 4.46e-10 s                  ; 1.64e-10 s                  ; Yes                        ; No                         ; 3.08 V                      ; 3.5e-07 V                   ; 3.14 V             ; -0.195 V           ; 0.158 V                             ; 0.394 V                             ; 4.46e-10 s                 ; 1.64e-10 s                 ; Yes                       ; No                        ;
; GPIO[26]      ; 3.3-V LVTTL  ; 0 s                 ; 0 s                 ; 3.08 V                       ; 3.5e-07 V                    ; 3.14 V              ; -0.195 V            ; 0.158 V                              ; 0.394 V                              ; 4.46e-10 s                  ; 1.64e-10 s                  ; Yes                        ; No                         ; 3.08 V                      ; 3.5e-07 V                   ; 3.14 V             ; -0.195 V           ; 0.158 V                             ; 0.394 V                             ; 4.46e-10 s                 ; 1.64e-10 s                 ; Yes                       ; No                        ;
; GPIO[27]      ; 3.3-V LVTTL  ; 0 s                 ; 0 s                 ; 3.08 V                       ; 2.62e-07 V                   ; 3.1 V               ; -0.153 V            ; 0.035 V                              ; 0.31 V                               ; 4.23e-10 s                  ; 1.59e-10 s                  ; Yes                        ; No                         ; 3.08 V                      ; 2.62e-07 V                  ; 3.1 V              ; -0.153 V           ; 0.035 V                             ; 0.31 V                              ; 4.23e-10 s                 ; 1.59e-10 s                 ; Yes                       ; No                        ;
; GPIO[28]      ; 3.3-V LVTTL  ; 0 s                 ; 0 s                 ; 3.08 V                       ; 3.5e-07 V                    ; 3.14 V              ; -0.195 V            ; 0.158 V                              ; 0.394 V                              ; 4.46e-10 s                  ; 1.64e-10 s                  ; Yes                        ; No                         ; 3.08 V                      ; 3.5e-07 V                   ; 3.14 V             ; -0.195 V           ; 0.158 V                             ; 0.394 V                             ; 4.46e-10 s                 ; 1.64e-10 s                 ; Yes                       ; No                        ;
; GPIO[29]      ; 3.3-V LVTTL  ; 0 s                 ; 0 s                 ; 3.08 V                       ; 2.62e-07 V                   ; 3.1 V               ; -0.153 V            ; 0.035 V                              ; 0.31 V                               ; 4.23e-10 s                  ; 1.59e-10 s                  ; Yes                        ; No                         ; 3.08 V                      ; 2.62e-07 V                  ; 3.1 V              ; -0.153 V           ; 0.035 V                             ; 0.31 V                              ; 4.23e-10 s                 ; 1.59e-10 s                 ; Yes                       ; No                        ;
; GPIO[30]      ; 3.3-V LVTTL  ; 0 s                 ; 0 s                 ; 3.08 V                       ; 3.5e-07 V                    ; 3.14 V              ; -0.195 V            ; 0.158 V                              ; 0.394 V                              ; 4.46e-10 s                  ; 1.64e-10 s                  ; Yes                        ; No                         ; 3.08 V                      ; 3.5e-07 V                   ; 3.14 V             ; -0.195 V           ; 0.158 V                             ; 0.394 V                             ; 4.46e-10 s                 ; 1.64e-10 s                 ; Yes                       ; No                        ;
; GPIO[31]      ; 3.3-V LVTTL  ; 0 s                 ; 0 s                 ; 3.08 V                       ; 3.5e-07 V                    ; 3.14 V              ; -0.195 V            ; 0.158 V                              ; 0.394 V                              ; 4.46e-10 s                  ; 1.64e-10 s                  ; Yes                        ; No                         ; 3.08 V                      ; 3.5e-07 V                   ; 3.14 V             ; -0.195 V           ; 0.158 V                             ; 0.394 V                             ; 4.46e-10 s                 ; 1.64e-10 s                 ; Yes                       ; No                        ;
; GPIO[32]      ; 3.3-V LVTTL  ; 0 s                 ; 0 s                 ; 3.08 V                       ; 2.62e-07 V                   ; 3.1 V               ; -0.153 V            ; 0.035 V                              ; 0.31 V                               ; 4.23e-10 s                  ; 1.59e-10 s                  ; Yes                        ; No                         ; 3.08 V                      ; 2.62e-07 V                  ; 3.1 V              ; -0.153 V           ; 0.035 V                             ; 0.31 V                              ; 4.23e-10 s                 ; 1.59e-10 s                 ; Yes                       ; No                        ;
; GPIO[33]      ; 3.3-V LVTTL  ; 0 s                 ; 0 s                 ; 3.08 V                       ; 2.62e-07 V                   ; 3.1 V               ; -0.153 V            ; 0.035 V                              ; 0.31 V                               ; 4.23e-10 s                  ; 1.59e-10 s                  ; Yes                        ; No                         ; 3.08 V                      ; 2.62e-07 V                  ; 3.1 V              ; -0.153 V           ; 0.035 V                             ; 0.31 V                              ; 4.23e-10 s                 ; 1.59e-10 s                 ; Yes                       ; No                        ;
; GPIO[34]      ; 3.3-V LVTTL  ; 0 s                 ; 0 s                 ; 3.08 V                       ; 3.35e-07 V                   ; 3.14 V              ; -0.258 V            ; 0.13 V                               ; 0.399 V                              ; 4.27e-10 s                  ; 1.5e-10 s                   ; Yes                        ; No                         ; 3.08 V                      ; 3.35e-07 V                  ; 3.14 V             ; -0.258 V           ; 0.13 V                              ; 0.399 V                             ; 4.27e-10 s                 ; 1.5e-10 s                  ; Yes                       ; No                        ;
; GPIO[35]      ; 3.3-V LVTTL  ; 0 s                 ; 0 s                 ; 3.08 V                       ; 3.35e-07 V                   ; 3.14 V              ; -0.257 V            ; 0.13 V                               ; 0.399 V                              ; 4.27e-10 s                  ; 1.5e-10 s                   ; Yes                        ; No                         ; 3.08 V                      ; 3.35e-07 V                  ; 3.14 V             ; -0.257 V           ; 0.13 V                              ; 0.399 V                             ; 4.27e-10 s                 ; 1.5e-10 s                  ; Yes                       ; No                        ;
+---------------+--------------+---------------------+---------------------+------------------------------+------------------------------+---------------------+---------------------+--------------------------------------+--------------------------------------+-----------------------------+-----------------------------+----------------------------+----------------------------+-----------------------------+-----------------------------+--------------------+--------------------+-------------------------------------+-------------------------------------+----------------------------+----------------------------+---------------------------+---------------------------+


+--------------------------------------------------------------------------------------------------------------------------------------------------------------------------------------------------------------------------------------------------------------------------------------------------------------------------------------------------------------------------------------------------------------------------------------------------------------------------------------------------------------------------------------------------------------------------------------------------------------------------------------------------------------------------------------------+
; Signal Integrity Metrics (Slow 1100mv 85c Model)                                                                                                                                                                                                                                                                                                                                                                                                                                                                                                                                                                                                                                           ;
+---------------+--------------+---------------------+---------------------+------------------------------+------------------------------+---------------------+---------------------+--------------------------------------+--------------------------------------+-----------------------------+-----------------------------+----------------------------+----------------------------+-----------------------------+-----------------------------+--------------------+--------------------+-------------------------------------+-------------------------------------+----------------------------+----------------------------+---------------------------+---------------------------+
; Pin           ; I/O Standard ; Board Delay on Rise ; Board Delay on Fall ; Steady State Voh at FPGA Pin ; Steady State Vol at FPGA Pin ; Voh Max at FPGA Pin ; Vol Min at FPGA Pin ; Ringback Voltage on Rise at FPGA Pin ; Ringback Voltage on Fall at FPGA Pin ; 10-90 Rise Time at FPGA Pin ; 90-10 Fall Time at FPGA Pin ; Monotonic Rise at FPGA Pin ; Monotonic Fall at FPGA Pin ; Steady State Voh at Far-end ; Steady State Vol at Far-end ; Voh Max at Far-end ; Vol Min at Far-end ; Ringback Voltage on Rise at Far-end ; Ringback Voltage on Fall at Far-end ; 10-90 Rise Time at Far-end ; 90-10 Fall Time at Far-end ; Monotonic Rise at Far-end ; Monotonic Fall at Far-end ;
+---------------+--------------+---------------------+---------------------+------------------------------+------------------------------+---------------------+---------------------+--------------------------------------+--------------------------------------+-----------------------------+-----------------------------+----------------------------+----------------------------+-----------------------------+-----------------------------+--------------------+--------------------+-------------------------------------+-------------------------------------+----------------------------+----------------------------+---------------------------+---------------------------+
; AUD_DACDAT    ; 3.3-V LVTTL  ; 0 s                 ; 0 s                 ; 3.08 V                       ; 3.32e-05 V                   ; 3.09 V              ; -0.11 V             ; 0.031 V                              ; 0.155 V                              ; 5.43e-10 s                  ; 3.14e-10 s                  ; Yes                        ; Yes                        ; 3.08 V                      ; 3.32e-05 V                  ; 3.09 V             ; -0.11 V            ; 0.031 V                             ; 0.155 V                             ; 5.43e-10 s                 ; 3.14e-10 s                 ; Yes                       ; Yes                       ;
; AUD_XCK       ; 3.3-V LVTTL  ; 0 s                 ; 0 s                 ; 3.08 V                       ; 3.19e-05 V                   ; 3.1 V               ; -0.133 V            ; 0.025 V                              ; 0.169 V                              ; 4.92e-10 s                  ; 3.13e-10 s                  ; Yes                        ; No                         ; 3.08 V                      ; 3.19e-05 V                  ; 3.1 V              ; -0.133 V           ; 0.025 V                             ; 0.169 V                             ; 4.92e-10 s                 ; 3.13e-10 s                 ; Yes                       ; No                        ;
; FPGA_I2C_SCLK ; 3.3-V LVTTL  ; 0 s                 ; 0 s                 ; 3.08 V                       ; 2.61e-05 V                   ; 3.09 V              ; -0.0638 V           ; 0.034 V                              ; 0.099 V                              ; 5.12e-10 s                  ; 2.97e-10 s                  ; Yes                        ; Yes                        ; 3.08 V                      ; 2.61e-05 V                  ; 3.09 V             ; -0.0638 V          ; 0.034 V                             ; 0.099 V                             ; 5.12e-10 s                 ; 2.97e-10 s                 ; Yes                       ; Yes                       ;
; LEDR[0]       ; 3.3-V LVTTL  ; 0 s                 ; 0 s                 ; 3.08 V                       ; 3.32e-05 V                   ; 3.09 V              ; -0.11 V             ; 0.031 V                              ; 0.155 V                              ; 5.43e-10 s                  ; 3.14e-10 s                  ; Yes                        ; Yes                        ; 3.08 V                      ; 3.32e-05 V                  ; 3.09 V             ; -0.11 V            ; 0.031 V                             ; 0.155 V                             ; 5.43e-10 s                 ; 3.14e-10 s                 ; Yes                       ; Yes                       ;
; LEDR[1]       ; 3.3-V LVTTL  ; 0 s                 ; 0 s                 ; 3.08 V                       ; 2.61e-05 V                   ; 3.09 V              ; -0.0638 V           ; 0.034 V                              ; 0.099 V                              ; 5.12e-10 s                  ; 2.97e-10 s                  ; Yes                        ; Yes                        ; 3.08 V                      ; 2.61e-05 V                  ; 3.09 V             ; -0.0638 V          ; 0.034 V                             ; 0.099 V                             ; 5.12e-10 s                 ; 2.97e-10 s                 ; Yes                       ; Yes                       ;
; LEDR[5]       ; 3.3-V LVTTL  ; 0 s                 ; 0 s                 ; 3.08 V                       ; 2.61e-05 V                   ; 3.09 V              ; -0.0638 V           ; 0.034 V                              ; 0.099 V                              ; 5.12e-10 s                  ; 2.97e-10 s                  ; Yes                        ; Yes                        ; 3.08 V                      ; 2.61e-05 V                  ; 3.09 V             ; -0.0638 V          ; 0.034 V                             ; 0.099 V                             ; 5.12e-10 s                 ; 2.97e-10 s                 ; Yes                       ; Yes                       ;
; LEDR[9]       ; 3.3-V LVTTL  ; 0 s                 ; 0 s                 ; 3.08 V                       ; 2.61e-05 V                   ; 3.09 V              ; -0.0638 V           ; 0.034 V                              ; 0.099 V                              ; 5.12e-10 s                  ; 2.97e-10 s                  ; Yes                        ; Yes                        ; 3.08 V                      ; 2.61e-05 V                  ; 3.09 V             ; -0.0638 V          ; 0.034 V                             ; 0.099 V                             ; 5.12e-10 s                 ; 2.97e-10 s                 ; Yes                       ; Yes                       ;
; HEX0[0]       ; 3.3-V LVTTL  ; 0 s                 ; 0 s                 ; 3.08 V                       ; 3.19e-05 V                   ; 3.1 V               ; -0.133 V            ; 0.025 V                              ; 0.169 V                              ; 4.92e-10 s                  ; 3.13e-10 s                  ; Yes                        ; No                         ; 3.08 V                      ; 3.19e-05 V                  ; 3.1 V              ; -0.133 V           ; 0.025 V                             ; 0.169 V                             ; 4.92e-10 s                 ; 3.13e-10 s                 ; Yes                       ; No                        ;
; HEX0[1]       ; 3.3-V LVTTL  ; 0 s                 ; 0 s                 ; 3.08 V                       ; 3.19e-05 V                   ; 3.1 V               ; -0.133 V            ; 0.025 V                              ; 0.169 V                              ; 4.92e-10 s                  ; 3.13e-10 s                  ; Yes                        ; No                         ; 3.08 V                      ; 3.19e-05 V                  ; 3.1 V              ; -0.133 V           ; 0.025 V                             ; 0.169 V                             ; 4.92e-10 s                 ; 3.13e-10 s                 ; Yes                       ; No                        ;
; HEX0[2]       ; 3.3-V LVTTL  ; 0 s                 ; 0 s                 ; 3.08 V                       ; 3.19e-05 V                   ; 3.1 V               ; -0.136 V            ; 0.025 V                              ; 0.167 V                              ; 4.92e-10 s                  ; 3.12e-10 s                  ; Yes                        ; No                         ; 3.08 V                      ; 3.19e-05 V                  ; 3.1 V              ; -0.136 V           ; 0.025 V                             ; 0.167 V                             ; 4.92e-10 s                 ; 3.12e-10 s                 ; Yes                       ; No                        ;
; HEX0[3]       ; 3.3-V LVTTL  ; 0 s                 ; 0 s                 ; 3.08 V                       ; 3.19e-05 V                   ; 3.1 V               ; -0.133 V            ; 0.025 V                              ; 0.169 V                              ; 4.92e-10 s                  ; 3.13e-10 s                  ; Yes                        ; No                         ; 3.08 V                      ; 3.19e-05 V                  ; 3.1 V              ; -0.133 V           ; 0.025 V                             ; 0.169 V                             ; 4.92e-10 s                 ; 3.13e-10 s                 ; Yes                       ; No                        ;
; HEX0[4]       ; 3.3-V LVTTL  ; 0 s                 ; 0 s                 ; 3.08 V                       ; 3.19e-05 V                   ; 3.1 V               ; -0.136 V            ; 0.025 V                              ; 0.167 V                              ; 4.92e-10 s                  ; 3.12e-10 s                  ; Yes                        ; No                         ; 3.08 V                      ; 3.19e-05 V                  ; 3.1 V              ; -0.136 V           ; 0.025 V                             ; 0.167 V                             ; 4.92e-10 s                 ; 3.12e-10 s                 ; Yes                       ; No                        ;
; HEX0[5]       ; 3.3-V LVTTL  ; 0 s                 ; 0 s                 ; 3.08 V                       ; 3.19e-05 V                   ; 3.1 V               ; -0.133 V            ; 0.025 V                              ; 0.169 V                              ; 4.92e-10 s                  ; 3.13e-10 s                  ; Yes                        ; No                         ; 3.08 V                      ; 3.19e-05 V                  ; 3.1 V              ; -0.133 V           ; 0.025 V                             ; 0.169 V                             ; 4.92e-10 s                 ; 3.13e-10 s                 ; Yes                       ; No                        ;
; HEX0[6]       ; 3.3-V LVTTL  ; 0 s                 ; 0 s                 ; 3.08 V                       ; 3.19e-05 V                   ; 3.1 V               ; -0.136 V            ; 0.025 V                              ; 0.167 V                              ; 4.92e-10 s                  ; 3.12e-10 s                  ; Yes                        ; No                         ; 3.08 V                      ; 3.19e-05 V                  ; 3.1 V              ; -0.136 V           ; 0.025 V                             ; 0.167 V                             ; 4.92e-10 s                 ; 3.12e-10 s                 ; Yes                       ; No                        ;
; HEX1[0]       ; 3.3-V LVTTL  ; 0 s                 ; 0 s                 ; 3.08 V                       ; 3.19e-05 V                   ; 3.1 V               ; -0.133 V            ; 0.025 V                              ; 0.169 V                              ; 4.92e-10 s                  ; 3.13e-10 s                  ; Yes                        ; No                         ; 3.08 V                      ; 3.19e-05 V                  ; 3.1 V              ; -0.133 V           ; 0.025 V                             ; 0.169 V                             ; 4.92e-10 s                 ; 3.13e-10 s                 ; Yes                       ; No                        ;
; HEX1[1]       ; 3.3-V LVTTL  ; 0 s                 ; 0 s                 ; 3.08 V                       ; 3.19e-05 V                   ; 3.1 V               ; -0.136 V            ; 0.025 V                              ; 0.167 V                              ; 4.92e-10 s                  ; 3.12e-10 s                  ; Yes                        ; No                         ; 3.08 V                      ; 3.19e-05 V                  ; 3.1 V              ; -0.136 V           ; 0.025 V                             ; 0.167 V                             ; 4.92e-10 s                 ; 3.12e-10 s                 ; Yes                       ; No                        ;
; HEX1[2]       ; 3.3-V LVTTL  ; 0 s                 ; 0 s                 ; 3.08 V                       ; 3.19e-05 V                   ; 3.1 V               ; -0.133 V            ; 0.025 V                              ; 0.169 V                              ; 4.92e-10 s                  ; 3.13e-10 s                  ; Yes                        ; No                         ; 3.08 V                      ; 3.19e-05 V                  ; 3.1 V              ; -0.133 V           ; 0.025 V                             ; 0.169 V                             ; 4.92e-10 s                 ; 3.13e-10 s                 ; Yes                       ; No                        ;
; HEX1[3]       ; 3.3-V LVTTL  ; 0 s                 ; 0 s                 ; 3.08 V                       ; 3.19e-05 V                   ; 3.1 V               ; -0.136 V            ; 0.025 V                              ; 0.167 V                              ; 4.92e-10 s                  ; 3.12e-10 s                  ; Yes                        ; No                         ; 3.08 V                      ; 3.19e-05 V                  ; 3.1 V              ; -0.136 V           ; 0.025 V                             ; 0.167 V                             ; 4.92e-10 s                 ; 3.12e-10 s                 ; Yes                       ; No                        ;
; HEX1[4]       ; 3.3-V LVTTL  ; 0 s                 ; 0 s                 ; 3.08 V                       ; 3.19e-05 V                   ; 3.1 V               ; -0.133 V            ; 0.025 V                              ; 0.169 V                              ; 4.92e-10 s                  ; 3.13e-10 s                  ; Yes                        ; No                         ; 3.08 V                      ; 3.19e-05 V                  ; 3.1 V              ; -0.133 V           ; 0.025 V                             ; 0.169 V                             ; 4.92e-10 s                 ; 3.13e-10 s                 ; Yes                       ; No                        ;
; HEX1[5]       ; 3.3-V LVTTL  ; 0 s                 ; 0 s                 ; 3.08 V                       ; 3.19e-05 V                   ; 3.1 V               ; -0.136 V            ; 0.025 V                              ; 0.167 V                              ; 4.92e-10 s                  ; 3.12e-10 s                  ; Yes                        ; No                         ; 3.08 V                      ; 3.19e-05 V                  ; 3.1 V              ; -0.136 V           ; 0.025 V                             ; 0.167 V                             ; 4.92e-10 s                 ; 3.12e-10 s                 ; Yes                       ; No                        ;
; HEX1[6]       ; 3.3-V LVTTL  ; 0 s                 ; 0 s                 ; 3.08 V                       ; 3.19e-05 V                   ; 3.1 V               ; -0.136 V            ; 0.025 V                              ; 0.167 V                              ; 4.92e-10 s                  ; 3.12e-10 s                  ; Yes                        ; No                         ; 3.08 V                      ; 3.19e-05 V                  ; 3.1 V              ; -0.136 V           ; 0.025 V                             ; 0.167 V                             ; 4.92e-10 s                 ; 3.12e-10 s                 ; Yes                       ; No                        ;
; HEX2[0]       ; 3.3-V LVTTL  ; 0 s                 ; 0 s                 ; 3.08 V                       ; 2.61e-05 V                   ; 3.09 V              ; -0.0638 V           ; 0.034 V                              ; 0.099 V                              ; 5.12e-10 s                  ; 2.97e-10 s                  ; Yes                        ; Yes                        ; 3.08 V                      ; 2.61e-05 V                  ; 3.09 V             ; -0.0638 V          ; 0.034 V                             ; 0.099 V                             ; 5.12e-10 s                 ; 2.97e-10 s                 ; Yes                       ; Yes                       ;
; HEX2[1]       ; 3.3-V LVTTL  ; 0 s                 ; 0 s                 ; 3.08 V                       ; 3.19e-05 V                   ; 3.1 V               ; -0.133 V            ; 0.025 V                              ; 0.169 V                              ; 4.92e-10 s                  ; 3.13e-10 s                  ; Yes                        ; No                         ; 3.08 V                      ; 3.19e-05 V                  ; 3.1 V              ; -0.133 V           ; 0.025 V                             ; 0.169 V                             ; 4.92e-10 s                 ; 3.13e-10 s                 ; Yes                       ; No                        ;
; HEX2[2]       ; 3.3-V LVTTL  ; 0 s                 ; 0 s                 ; 3.08 V                       ; 3.19e-05 V                   ; 3.1 V               ; -0.136 V            ; 0.025 V                              ; 0.167 V                              ; 4.92e-10 s                  ; 3.12e-10 s                  ; Yes                        ; No                         ; 3.08 V                      ; 3.19e-05 V                  ; 3.1 V              ; -0.136 V           ; 0.025 V                             ; 0.167 V                             ; 4.92e-10 s                 ; 3.12e-10 s                 ; Yes                       ; No                        ;
; HEX2[3]       ; 3.3-V LVTTL  ; 0 s                 ; 0 s                 ; 3.08 V                       ; 3.19e-05 V                   ; 3.1 V               ; -0.133 V            ; 0.025 V                              ; 0.169 V                              ; 4.92e-10 s                  ; 3.13e-10 s                  ; Yes                        ; No                         ; 3.08 V                      ; 3.19e-05 V                  ; 3.1 V              ; -0.133 V           ; 0.025 V                             ; 0.169 V                             ; 4.92e-10 s                 ; 3.13e-10 s                 ; Yes                       ; No                        ;
; HEX2[4]       ; 3.3-V LVTTL  ; 0 s                 ; 0 s                 ; 3.08 V                       ; 3.19e-05 V                   ; 3.1 V               ; -0.133 V            ; 0.025 V                              ; 0.169 V                              ; 4.92e-10 s                  ; 3.13e-10 s                  ; Yes                        ; No                         ; 3.08 V                      ; 3.19e-05 V                  ; 3.1 V              ; -0.133 V           ; 0.025 V                             ; 0.169 V                             ; 4.92e-10 s                 ; 3.13e-10 s                 ; Yes                       ; No                        ;
; HEX2[5]       ; 3.3-V LVTTL  ; 0 s                 ; 0 s                 ; 3.08 V                       ; 3.19e-05 V                   ; 3.1 V               ; -0.136 V            ; 0.025 V                              ; 0.167 V                              ; 4.92e-10 s                  ; 3.12e-10 s                  ; Yes                        ; No                         ; 3.08 V                      ; 3.19e-05 V                  ; 3.1 V              ; -0.136 V           ; 0.025 V                             ; 0.167 V                             ; 4.92e-10 s                 ; 3.12e-10 s                 ; Yes                       ; No                        ;
; HEX2[6]       ; 3.3-V LVTTL  ; 0 s                 ; 0 s                 ; 3.08 V                       ; 3.19e-05 V                   ; 3.1 V               ; -0.136 V            ; 0.025 V                              ; 0.167 V                              ; 4.92e-10 s                  ; 3.12e-10 s                  ; Yes                        ; No                         ; 3.08 V                      ; 3.19e-05 V                  ; 3.1 V              ; -0.136 V           ; 0.025 V                             ; 0.167 V                             ; 4.92e-10 s                 ; 3.12e-10 s                 ; Yes                       ; No                        ;
; HEX3[0]       ; 3.3-V LVTTL  ; 0 s                 ; 0 s                 ; 3.08 V                       ; 3.32e-05 V                   ; 3.09 V              ; -0.11 V             ; 0.031 V                              ; 0.155 V                              ; 5.43e-10 s                  ; 3.14e-10 s                  ; Yes                        ; Yes                        ; 3.08 V                      ; 3.32e-05 V                  ; 3.09 V             ; -0.11 V            ; 0.031 V                             ; 0.155 V                             ; 5.43e-10 s                 ; 3.14e-10 s                 ; Yes                       ; Yes                       ;
; HEX3[1]       ; 3.3-V LVTTL  ; 0 s                 ; 0 s                 ; 3.08 V                       ; 2.61e-05 V                   ; 3.09 V              ; -0.0638 V           ; 0.034 V                              ; 0.099 V                              ; 5.12e-10 s                  ; 2.97e-10 s                  ; Yes                        ; Yes                        ; 3.08 V                      ; 2.61e-05 V                  ; 3.09 V             ; -0.0638 V          ; 0.034 V                             ; 0.099 V                             ; 5.12e-10 s                 ; 2.97e-10 s                 ; Yes                       ; Yes                       ;
; HEX3[2]       ; 3.3-V LVTTL  ; 0 s                 ; 0 s                 ; 3.08 V                       ; 3.32e-05 V                   ; 3.09 V              ; -0.11 V             ; 0.031 V                              ; 0.155 V                              ; 5.43e-10 s                  ; 3.14e-10 s                  ; Yes                        ; Yes                        ; 3.08 V                      ; 3.32e-05 V                  ; 3.09 V             ; -0.11 V            ; 0.031 V                             ; 0.155 V                             ; 5.43e-10 s                 ; 3.14e-10 s                 ; Yes                       ; Yes                       ;
; HEX3[3]       ; 3.3-V LVTTL  ; 0 s                 ; 0 s                 ; 3.08 V                       ; 2.61e-05 V                   ; 3.09 V              ; -0.0638 V           ; 0.034 V                              ; 0.099 V                              ; 5.12e-10 s                  ; 2.97e-10 s                  ; Yes                        ; Yes                        ; 3.08 V                      ; 2.61e-05 V                  ; 3.09 V             ; -0.0638 V          ; 0.034 V                             ; 0.099 V                             ; 5.12e-10 s                 ; 2.97e-10 s                 ; Yes                       ; Yes                       ;
; HEX3[4]       ; 3.3-V LVTTL  ; 0 s                 ; 0 s                 ; 3.08 V                       ; 3.19e-05 V                   ; 3.1 V               ; -0.133 V            ; 0.025 V                              ; 0.169 V                              ; 4.92e-10 s                  ; 3.13e-10 s                  ; Yes                        ; No                         ; 3.08 V                      ; 3.19e-05 V                  ; 3.1 V              ; -0.133 V           ; 0.025 V                             ; 0.169 V                             ; 4.92e-10 s                 ; 3.13e-10 s                 ; Yes                       ; No                        ;
; HEX3[5]       ; 3.3-V LVTTL  ; 0 s                 ; 0 s                 ; 3.08 V                       ; 2.61e-05 V                   ; 3.09 V              ; -0.0638 V           ; 0.034 V                              ; 0.099 V                              ; 5.12e-10 s                  ; 2.97e-10 s                  ; Yes                        ; Yes                        ; 3.08 V                      ; 2.61e-05 V                  ; 3.09 V             ; -0.0638 V          ; 0.034 V                             ; 0.099 V                             ; 5.12e-10 s                 ; 2.97e-10 s                 ; Yes                       ; Yes                       ;
; HEX3[6]       ; 3.3-V LVTTL  ; 0 s                 ; 0 s                 ; 3.08 V                       ; 3.32e-05 V                   ; 3.09 V              ; -0.11 V             ; 0.031 V                              ; 0.155 V                              ; 5.43e-10 s                  ; 3.14e-10 s                  ; Yes                        ; Yes                        ; 3.08 V                      ; 3.32e-05 V                  ; 3.09 V             ; -0.11 V            ; 0.031 V                             ; 0.155 V                             ; 5.43e-10 s                 ; 3.14e-10 s                 ; Yes                       ; Yes                       ;
; HEX4[0]       ; 3.3-V LVTTL  ; 0 s                 ; 0 s                 ; 3.08 V                       ; 3.32e-05 V                   ; 3.09 V              ; -0.11 V             ; 0.031 V                              ; 0.155 V                              ; 5.43e-10 s                  ; 3.14e-10 s                  ; Yes                        ; Yes                        ; 3.08 V                      ; 3.32e-05 V                  ; 3.09 V             ; -0.11 V            ; 0.031 V                             ; 0.155 V                             ; 5.43e-10 s                 ; 3.14e-10 s                 ; Yes                       ; Yes                       ;
; HEX4[1]       ; 3.3-V LVTTL  ; 0 s                 ; 0 s                 ; 3.08 V                       ; 3.32e-05 V                   ; 3.09 V              ; -0.11 V             ; 0.031 V                              ; 0.155 V                              ; 5.43e-10 s                  ; 3.14e-10 s                  ; Yes                        ; Yes                        ; 3.08 V                      ; 3.32e-05 V                  ; 3.09 V             ; -0.11 V            ; 0.031 V                             ; 0.155 V                             ; 5.43e-10 s                 ; 3.14e-10 s                 ; Yes                       ; Yes                       ;
; HEX4[2]       ; 3.3-V LVTTL  ; 0 s                 ; 0 s                 ; 3.08 V                       ; 2.61e-05 V                   ; 3.09 V              ; -0.0638 V           ; 0.034 V                              ; 0.099 V                              ; 5.12e-10 s                  ; 2.97e-10 s                  ; Yes                        ; Yes                        ; 3.08 V                      ; 2.61e-05 V                  ; 3.09 V             ; -0.0638 V          ; 0.034 V                             ; 0.099 V                             ; 5.12e-10 s                 ; 2.97e-10 s                 ; Yes                       ; Yes                       ;
; HEX4[3]       ; 3.3-V LVTTL  ; 0 s                 ; 0 s                 ; 3.08 V                       ; 2.61e-05 V                   ; 3.09 V              ; -0.0638 V           ; 0.034 V                              ; 0.099 V                              ; 5.12e-10 s                  ; 2.97e-10 s                  ; Yes                        ; Yes                        ; 3.08 V                      ; 2.61e-05 V                  ; 3.09 V             ; -0.0638 V          ; 0.034 V                             ; 0.099 V                             ; 5.12e-10 s                 ; 2.97e-10 s                 ; Yes                       ; Yes                       ;
; HEX4[4]       ; 3.3-V LVTTL  ; 0 s                 ; 0 s                 ; 3.08 V                       ; 2.61e-05 V                   ; 3.09 V              ; -0.0638 V           ; 0.034 V                              ; 0.099 V                              ; 5.12e-10 s                  ; 2.97e-10 s                  ; Yes                        ; Yes                        ; 3.08 V                      ; 2.61e-05 V                  ; 3.09 V             ; -0.0638 V          ; 0.034 V                             ; 0.099 V                             ; 5.12e-10 s                 ; 2.97e-10 s                 ; Yes                       ; Yes                       ;
; HEX4[5]       ; 3.3-V LVTTL  ; 0 s                 ; 0 s                 ; 3.08 V                       ; 3.32e-05 V                   ; 3.09 V              ; -0.11 V             ; 0.031 V                              ; 0.155 V                              ; 5.43e-10 s                  ; 3.14e-10 s                  ; Yes                        ; Yes                        ; 3.08 V                      ; 3.32e-05 V                  ; 3.09 V             ; -0.11 V            ; 0.031 V                             ; 0.155 V                             ; 5.43e-10 s                 ; 3.14e-10 s                 ; Yes                       ; Yes                       ;
; HEX4[6]       ; 3.3-V LVTTL  ; 0 s                 ; 0 s                 ; 3.08 V                       ; 3.32e-05 V                   ; 3.09 V              ; -0.11 V             ; 0.031 V                              ; 0.155 V                              ; 5.43e-10 s                  ; 3.14e-10 s                  ; Yes                        ; Yes                        ; 3.08 V                      ; 3.32e-05 V                  ; 3.09 V             ; -0.11 V            ; 0.031 V                             ; 0.155 V                             ; 5.43e-10 s                 ; 3.14e-10 s                 ; Yes                       ; Yes                       ;
; HEX5[0]       ; 3.3-V LVTTL  ; 0 s                 ; 0 s                 ; 3.08 V                       ; 2.61e-05 V                   ; 3.09 V              ; -0.0638 V           ; 0.034 V                              ; 0.099 V                              ; 5.12e-10 s                  ; 2.97e-10 s                  ; Yes                        ; Yes                        ; 3.08 V                      ; 2.61e-05 V                  ; 3.09 V             ; -0.0638 V          ; 0.034 V                             ; 0.099 V                             ; 5.12e-10 s                 ; 2.97e-10 s                 ; Yes                       ; Yes                       ;
; HEX5[1]       ; 3.3-V LVTTL  ; 0 s                 ; 0 s                 ; 3.08 V                       ; 3.19e-05 V                   ; 3.1 V               ; -0.136 V            ; 0.025 V                              ; 0.167 V                              ; 4.92e-10 s                  ; 3.12e-10 s                  ; Yes                        ; No                         ; 3.08 V                      ; 3.19e-05 V                  ; 3.1 V              ; -0.136 V           ; 0.025 V                             ; 0.167 V                             ; 4.92e-10 s                 ; 3.12e-10 s                 ; Yes                       ; No                        ;
; HEX5[2]       ; 3.3-V LVTTL  ; 0 s                 ; 0 s                 ; 3.08 V                       ; 2.61e-05 V                   ; 3.09 V              ; -0.0638 V           ; 0.034 V                              ; 0.099 V                              ; 5.12e-10 s                  ; 2.97e-10 s                  ; Yes                        ; Yes                        ; 3.08 V                      ; 2.61e-05 V                  ; 3.09 V             ; -0.0638 V          ; 0.034 V                             ; 0.099 V                             ; 5.12e-10 s                 ; 2.97e-10 s                 ; Yes                       ; Yes                       ;
; HEX5[3]       ; 3.3-V LVTTL  ; 0 s                 ; 0 s                 ; 3.08 V                       ; 2.61e-05 V                   ; 3.09 V              ; -0.0638 V           ; 0.034 V                              ; 0.099 V                              ; 5.12e-10 s                  ; 2.97e-10 s                  ; Yes                        ; Yes                        ; 3.08 V                      ; 2.61e-05 V                  ; 3.09 V             ; -0.0638 V          ; 0.034 V                             ; 0.099 V                             ; 5.12e-10 s                 ; 2.97e-10 s                 ; Yes                       ; Yes                       ;
; HEX5[4]       ; 3.3-V LVTTL  ; 0 s                 ; 0 s                 ; 3.08 V                       ; 3.19e-05 V                   ; 3.1 V               ; -0.136 V            ; 0.025 V                              ; 0.167 V                              ; 4.92e-10 s                  ; 3.12e-10 s                  ; Yes                        ; No                         ; 3.08 V                      ; 3.19e-05 V                  ; 3.1 V              ; -0.136 V           ; 0.025 V                             ; 0.167 V                             ; 4.92e-10 s                 ; 3.12e-10 s                 ; Yes                       ; No                        ;
; HEX5[5]       ; 3.3-V LVTTL  ; 0 s                 ; 0 s                 ; 3.08 V                       ; 3.32e-05 V                   ; 3.09 V              ; -0.11 V             ; 0.031 V                              ; 0.155 V                              ; 5.43e-10 s                  ; 3.14e-10 s                  ; Yes                        ; Yes                        ; 3.08 V                      ; 3.32e-05 V                  ; 3.09 V             ; -0.11 V            ; 0.031 V                             ; 0.155 V                             ; 5.43e-10 s                 ; 3.14e-10 s                 ; Yes                       ; Yes                       ;
; HEX5[6]       ; 3.3-V LVTTL  ; 0 s                 ; 0 s                 ; 3.08 V                       ; 3.19e-05 V                   ; 3.1 V               ; -0.133 V            ; 0.025 V                              ; 0.169 V                              ; 4.92e-10 s                  ; 3.13e-10 s                  ; Yes                        ; No                         ; 3.08 V                      ; 3.19e-05 V                  ; 3.1 V              ; -0.133 V           ; 0.025 V                             ; 0.169 V                             ; 4.92e-10 s                 ; 3.13e-10 s                 ; Yes                       ; No                        ;
; LEDR[2]       ; 3.3-V LVTTL  ; 0 s                 ; 0 s                 ; 3.08 V                       ; 3.32e-05 V                   ; 3.09 V              ; -0.11 V             ; 0.031 V                              ; 0.155 V                              ; 5.43e-10 s                  ; 3.14e-10 s                  ; Yes                        ; Yes                        ; 3.08 V                      ; 3.32e-05 V                  ; 3.09 V             ; -0.11 V            ; 0.031 V                             ; 0.155 V                             ; 5.43e-10 s                 ; 3.14e-10 s                 ; Yes                       ; Yes                       ;
; LEDR[3]       ; 3.3-V LVTTL  ; 0 s                 ; 0 s                 ; 3.08 V                       ; 3.32e-05 V                   ; 3.09 V              ; -0.11 V             ; 0.031 V                              ; 0.155 V                              ; 5.43e-10 s                  ; 3.14e-10 s                  ; Yes                        ; Yes                        ; 3.08 V                      ; 3.32e-05 V                  ; 3.09 V             ; -0.11 V            ; 0.031 V                             ; 0.155 V                             ; 5.43e-10 s                 ; 3.14e-10 s                 ; Yes                       ; Yes                       ;
; LEDR[7]       ; 3.3-V LVTTL  ; 0 s                 ; 0 s                 ; 3.08 V                       ; 3.32e-05 V                   ; 3.09 V              ; -0.11 V             ; 0.031 V                              ; 0.155 V                              ; 5.43e-10 s                  ; 3.14e-10 s                  ; Yes                        ; Yes                        ; 3.08 V                      ; 3.32e-05 V                  ; 3.09 V             ; -0.11 V            ; 0.031 V                             ; 0.155 V                             ; 5.43e-10 s                 ; 3.14e-10 s                 ; Yes                       ; Yes                       ;
; LEDR[8]       ; 3.3-V LVTTL  ; 0 s                 ; 0 s                 ; 3.08 V                       ; 3.32e-05 V                   ; 3.09 V              ; -0.11 V             ; 0.031 V                              ; 0.155 V                              ; 5.43e-10 s                  ; 3.14e-10 s                  ; Yes                        ; Yes                        ; 3.08 V                      ; 3.32e-05 V                  ; 3.09 V             ; -0.11 V            ; 0.031 V                             ; 0.155 V                             ; 5.43e-10 s                 ; 3.14e-10 s                 ; Yes                       ; Yes                       ;
; ADC_CONVST    ; 3.3-V LVTTL  ; 0 s                 ; 0 s                 ; 3.08 V                       ; 3.19e-05 V                   ; 3.1 V               ; -0.133 V            ; 0.025 V                              ; 0.169 V                              ; 4.92e-10 s                  ; 3.13e-10 s                  ; Yes                        ; No                         ; 3.08 V                      ; 3.19e-05 V                  ; 3.1 V              ; -0.133 V           ; 0.025 V                             ; 0.169 V                             ; 4.92e-10 s                 ; 3.13e-10 s                 ; Yes                       ; No                        ;
; ADC_DIN       ; 3.3-V LVTTL  ; 0 s                 ; 0 s                 ; 3.08 V                       ; 3.19e-05 V                   ; 3.1 V               ; -0.136 V            ; 0.025 V                              ; 0.167 V                              ; 4.92e-10 s                  ; 3.12e-10 s                  ; Yes                        ; No                         ; 3.08 V                      ; 3.19e-05 V                  ; 3.1 V              ; -0.136 V           ; 0.025 V                             ; 0.167 V                             ; 4.92e-10 s                 ; 3.12e-10 s                 ; Yes                       ; No                        ;
; ADC_SCLK      ; 3.3-V LVTTL  ; 0 s                 ; 0 s                 ; 3.08 V                       ; 3.19e-05 V                   ; 3.1 V               ; -0.133 V            ; 0.025 V                              ; 0.169 V                              ; 4.92e-10 s                  ; 3.13e-10 s                  ; Yes                        ; No                         ; 3.08 V                      ; 3.19e-05 V                  ; 3.1 V              ; -0.133 V           ; 0.025 V                             ; 0.169 V                             ; 4.92e-10 s                 ; 3.13e-10 s                 ; Yes                       ; No                        ;
; DRAM_ADDR[0]  ; 3.3-V LVTTL  ; 0 s                 ; 0 s                 ; 3.08 V                       ; 3.19e-05 V                   ; 3.1 V               ; -0.136 V            ; 0.025 V                              ; 0.167 V                              ; 4.92e-10 s                  ; 3.12e-10 s                  ; Yes                        ; No                         ; 3.08 V                      ; 3.19e-05 V                  ; 3.1 V              ; -0.136 V           ; 0.025 V                             ; 0.167 V                             ; 4.92e-10 s                 ; 3.12e-10 s                 ; Yes                       ; No                        ;
; DRAM_ADDR[1]  ; 3.3-V LVTTL  ; 0 s                 ; 0 s                 ; 3.08 V                       ; 2.61e-05 V                   ; 3.09 V              ; -0.0638 V           ; 0.034 V                              ; 0.099 V                              ; 5.12e-10 s                  ; 2.97e-10 s                  ; Yes                        ; Yes                        ; 3.08 V                      ; 2.61e-05 V                  ; 3.09 V             ; -0.0638 V          ; 0.034 V                             ; 0.099 V                             ; 5.12e-10 s                 ; 2.97e-10 s                 ; Yes                       ; Yes                       ;
; DRAM_ADDR[2]  ; 3.3-V LVTTL  ; 0 s                 ; 0 s                 ; 3.08 V                       ; 3.32e-05 V                   ; 3.09 V              ; -0.11 V             ; 0.031 V                              ; 0.155 V                              ; 5.43e-10 s                  ; 3.14e-10 s                  ; Yes                        ; Yes                        ; 3.08 V                      ; 3.32e-05 V                  ; 3.09 V             ; -0.11 V            ; 0.031 V                             ; 0.155 V                             ; 5.43e-10 s                 ; 3.14e-10 s                 ; Yes                       ; Yes                       ;
; DRAM_ADDR[3]  ; 3.3-V LVTTL  ; 0 s                 ; 0 s                 ; 3.08 V                       ; 2.61e-05 V                   ; 3.09 V              ; -0.0638 V           ; 0.034 V                              ; 0.099 V                              ; 5.12e-10 s                  ; 2.97e-10 s                  ; Yes                        ; Yes                        ; 3.08 V                      ; 2.61e-05 V                  ; 3.09 V             ; -0.0638 V          ; 0.034 V                             ; 0.099 V                             ; 5.12e-10 s                 ; 2.97e-10 s                 ; Yes                       ; Yes                       ;
; DRAM_ADDR[4]  ; 3.3-V LVTTL  ; 0 s                 ; 0 s                 ; 3.08 V                       ; 3.32e-05 V                   ; 3.09 V              ; -0.11 V             ; 0.031 V                              ; 0.155 V                              ; 5.43e-10 s                  ; 3.14e-10 s                  ; Yes                        ; Yes                        ; 3.08 V                      ; 3.32e-05 V                  ; 3.09 V             ; -0.11 V            ; 0.031 V                             ; 0.155 V                             ; 5.43e-10 s                 ; 3.14e-10 s                 ; Yes                       ; Yes                       ;
; DRAM_ADDR[5]  ; 3.3-V LVTTL  ; 0 s                 ; 0 s                 ; 3.08 V                       ; 2.61e-05 V                   ; 3.09 V              ; -0.0638 V           ; 0.034 V                              ; 0.099 V                              ; 5.12e-10 s                  ; 2.97e-10 s                  ; Yes                        ; Yes                        ; 3.08 V                      ; 2.61e-05 V                  ; 3.09 V             ; -0.0638 V          ; 0.034 V                             ; 0.099 V                             ; 5.12e-10 s                 ; 2.97e-10 s                 ; Yes                       ; Yes                       ;
; DRAM_ADDR[6]  ; 3.3-V LVTTL  ; 0 s                 ; 0 s                 ; 3.08 V                       ; 3.32e-05 V                   ; 3.09 V              ; -0.11 V             ; 0.031 V                              ; 0.155 V                              ; 5.43e-10 s                  ; 3.14e-10 s                  ; Yes                        ; Yes                        ; 3.08 V                      ; 3.32e-05 V                  ; 3.09 V             ; -0.11 V            ; 0.031 V                             ; 0.155 V                             ; 5.43e-10 s                 ; 3.14e-10 s                 ; Yes                       ; Yes                       ;
; DRAM_ADDR[7]  ; 3.3-V LVTTL  ; 0 s                 ; 0 s                 ; 3.08 V                       ; 2.61e-05 V                   ; 3.09 V              ; -0.0638 V           ; 0.034 V                              ; 0.099 V                              ; 5.12e-10 s                  ; 2.97e-10 s                  ; Yes                        ; Yes                        ; 3.08 V                      ; 2.61e-05 V                  ; 3.09 V             ; -0.0638 V          ; 0.034 V                             ; 0.099 V                             ; 5.12e-10 s                 ; 2.97e-10 s                 ; Yes                       ; Yes                       ;
; DRAM_ADDR[8]  ; 3.3-V LVTTL  ; 0 s                 ; 0 s                 ; 3.08 V                       ; 2.61e-05 V                   ; 3.09 V              ; -0.0638 V           ; 0.034 V                              ; 0.099 V                              ; 5.12e-10 s                  ; 2.97e-10 s                  ; Yes                        ; Yes                        ; 3.08 V                      ; 2.61e-05 V                  ; 3.09 V             ; -0.0638 V          ; 0.034 V                             ; 0.099 V                             ; 5.12e-10 s                 ; 2.97e-10 s                 ; Yes                       ; Yes                       ;
; DRAM_ADDR[9]  ; 3.3-V LVTTL  ; 0 s                 ; 0 s                 ; 3.08 V                       ; 2.61e-05 V                   ; 3.09 V              ; -0.0638 V           ; 0.034 V                              ; 0.099 V                              ; 5.12e-10 s                  ; 2.97e-10 s                  ; Yes                        ; Yes                        ; 3.08 V                      ; 2.61e-05 V                  ; 3.09 V             ; -0.0638 V          ; 0.034 V                             ; 0.099 V                             ; 5.12e-10 s                 ; 2.97e-10 s                 ; Yes                       ; Yes                       ;
; DRAM_ADDR[10] ; 3.3-V LVTTL  ; 0 s                 ; 0 s                 ; 3.08 V                       ; 3.32e-05 V                   ; 3.09 V              ; -0.11 V             ; 0.031 V                              ; 0.155 V                              ; 5.43e-10 s                  ; 3.14e-10 s                  ; Yes                        ; Yes                        ; 3.08 V                      ; 3.32e-05 V                  ; 3.09 V             ; -0.11 V            ; 0.031 V                             ; 0.155 V                             ; 5.43e-10 s                 ; 3.14e-10 s                 ; Yes                       ; Yes                       ;
; DRAM_ADDR[11] ; 3.3-V LVTTL  ; 0 s                 ; 0 s                 ; 3.08 V                       ; 3.32e-05 V                   ; 3.09 V              ; -0.11 V             ; 0.031 V                              ; 0.155 V                              ; 5.43e-10 s                  ; 3.14e-10 s                  ; Yes                        ; Yes                        ; 3.08 V                      ; 3.32e-05 V                  ; 3.09 V             ; -0.11 V            ; 0.031 V                             ; 0.155 V                             ; 5.43e-10 s                 ; 3.14e-10 s                 ; Yes                       ; Yes                       ;
; DRAM_ADDR[12] ; 3.3-V LVTTL  ; 0 s                 ; 0 s                 ; 3.08 V                       ; 3.19e-05 V                   ; 3.1 V               ; -0.133 V            ; 0.025 V                              ; 0.169 V                              ; 4.92e-10 s                  ; 3.13e-10 s                  ; Yes                        ; No                         ; 3.08 V                      ; 3.19e-05 V                  ; 3.1 V              ; -0.133 V           ; 0.025 V                             ; 0.169 V                             ; 4.92e-10 s                 ; 3.13e-10 s                 ; Yes                       ; No                        ;
; DRAM_BA[0]    ; 3.3-V LVTTL  ; 0 s                 ; 0 s                 ; 3.08 V                       ; 2.61e-05 V                   ; 3.09 V              ; -0.0638 V           ; 0.034 V                              ; 0.099 V                              ; 5.12e-10 s                  ; 2.97e-10 s                  ; Yes                        ; Yes                        ; 3.08 V                      ; 2.61e-05 V                  ; 3.09 V             ; -0.0638 V          ; 0.034 V                             ; 0.099 V                             ; 5.12e-10 s                 ; 2.97e-10 s                 ; Yes                       ; Yes                       ;
; DRAM_BA[1]    ; 3.3-V LVTTL  ; 0 s                 ; 0 s                 ; 3.08 V                       ; 3.19e-05 V                   ; 3.1 V               ; -0.136 V            ; 0.025 V                              ; 0.167 V                              ; 4.92e-10 s                  ; 3.12e-10 s                  ; Yes                        ; No                         ; 3.08 V                      ; 3.19e-05 V                  ; 3.1 V              ; -0.136 V           ; 0.025 V                             ; 0.167 V                             ; 4.92e-10 s                 ; 3.12e-10 s                 ; Yes                       ; No                        ;
; DRAM_CAS_N    ; 3.3-V LVTTL  ; 0 s                 ; 0 s                 ; 3.08 V                       ; 3.32e-05 V                   ; 3.09 V              ; -0.11 V             ; 0.031 V                              ; 0.155 V                              ; 5.43e-10 s                  ; 3.14e-10 s                  ; Yes                        ; Yes                        ; 3.08 V                      ; 3.32e-05 V                  ; 3.09 V             ; -0.11 V            ; 0.031 V                             ; 0.155 V                             ; 5.43e-10 s                 ; 3.14e-10 s                 ; Yes                       ; Yes                       ;
; DRAM_CKE      ; 3.3-V LVTTL  ; 0 s                 ; 0 s                 ; 3.08 V                       ; 3.19e-05 V                   ; 3.1 V               ; -0.136 V            ; 0.025 V                              ; 0.167 V                              ; 4.92e-10 s                  ; 3.12e-10 s                  ; Yes                        ; No                         ; 3.08 V                      ; 3.19e-05 V                  ; 3.1 V              ; -0.136 V           ; 0.025 V                             ; 0.167 V                             ; 4.92e-10 s                 ; 3.12e-10 s                 ; Yes                       ; No                        ;
; DRAM_CLK      ; 3.3-V LVTTL  ; 0 s                 ; 0 s                 ; 3.08 V                       ; 3.19e-05 V                   ; 3.1 V               ; -0.133 V            ; 0.025 V                              ; 0.169 V                              ; 4.92e-10 s                  ; 3.13e-10 s                  ; Yes                        ; No                         ; 3.08 V                      ; 3.19e-05 V                  ; 3.1 V              ; -0.133 V           ; 0.025 V                             ; 0.169 V                             ; 4.92e-10 s                 ; 3.13e-10 s                 ; Yes                       ; No                        ;
; DRAM_CS_N     ; 3.3-V LVTTL  ; 0 s                 ; 0 s                 ; 3.08 V                       ; 2.61e-05 V                   ; 3.09 V              ; -0.0638 V           ; 0.034 V                              ; 0.099 V                              ; 5.12e-10 s                  ; 2.97e-10 s                  ; Yes                        ; Yes                        ; 3.08 V                      ; 2.61e-05 V                  ; 3.09 V             ; -0.0638 V          ; 0.034 V                             ; 0.099 V                             ; 5.12e-10 s                 ; 2.97e-10 s                 ; Yes                       ; Yes                       ;
; DRAM_LDQM     ; 3.3-V LVTTL  ; 0 s                 ; 0 s                 ; 3.08 V                       ; 2.61e-05 V                   ; 3.09 V              ; -0.0638 V           ; 0.034 V                              ; 0.099 V                              ; 5.12e-10 s                  ; 2.97e-10 s                  ; Yes                        ; Yes                        ; 3.08 V                      ; 2.61e-05 V                  ; 3.09 V             ; -0.0638 V          ; 0.034 V                             ; 0.099 V                             ; 5.12e-10 s                 ; 2.97e-10 s                 ; Yes                       ; Yes                       ;
; DRAM_RAS_N    ; 3.3-V LVTTL  ; 0 s                 ; 0 s                 ; 3.08 V                       ; 3.32e-05 V                   ; 3.09 V              ; -0.11 V             ; 0.031 V                              ; 0.155 V                              ; 5.43e-10 s                  ; 3.14e-10 s                  ; Yes                        ; Yes                        ; 3.08 V                      ; 3.32e-05 V                  ; 3.09 V             ; -0.11 V            ; 0.031 V                             ; 0.155 V                             ; 5.43e-10 s                 ; 3.14e-10 s                 ; Yes                       ; Yes                       ;
; DRAM_UDQM     ; 3.3-V LVTTL  ; 0 s                 ; 0 s                 ; 3.08 V                       ; 3.19e-05 V                   ; 3.1 V               ; -0.133 V            ; 0.025 V                              ; 0.169 V                              ; 4.92e-10 s                  ; 3.13e-10 s                  ; Yes                        ; No                         ; 3.08 V                      ; 3.19e-05 V                  ; 3.1 V              ; -0.133 V           ; 0.025 V                             ; 0.169 V                             ; 4.92e-10 s                 ; 3.13e-10 s                 ; Yes                       ; No                        ;
; DRAM_WE_N     ; 3.3-V LVTTL  ; 0 s                 ; 0 s                 ; 3.08 V                       ; 3.32e-05 V                   ; 3.09 V              ; -0.11 V             ; 0.031 V                              ; 0.155 V                              ; 5.43e-10 s                  ; 3.14e-10 s                  ; Yes                        ; Yes                        ; 3.08 V                      ; 3.32e-05 V                  ; 3.09 V             ; -0.11 V            ; 0.031 V                             ; 0.155 V                             ; 5.43e-10 s                 ; 3.14e-10 s                 ; Yes                       ; Yes                       ;
; IRDA_TXD      ; 3.3-V LVTTL  ; 0 s                 ; 0 s                 ; 3.08 V                       ; 3.32e-05 V                   ; 3.09 V              ; -0.11 V             ; 0.031 V                              ; 0.155 V                              ; 5.43e-10 s                  ; 3.14e-10 s                  ; Yes                        ; Yes                        ; 3.08 V                      ; 3.32e-05 V                  ; 3.09 V             ; -0.11 V            ; 0.031 V                             ; 0.155 V                             ; 5.43e-10 s                 ; 3.14e-10 s                 ; Yes                       ; Yes                       ;
; LEDR[4]       ; 3.3-V LVTTL  ; 0 s                 ; 0 s                 ; 3.08 V                       ; 2.61e-05 V                   ; 3.09 V              ; -0.0638 V           ; 0.034 V                              ; 0.099 V                              ; 5.12e-10 s                  ; 2.97e-10 s                  ; Yes                        ; Yes                        ; 3.08 V                      ; 2.61e-05 V                  ; 3.09 V             ; -0.0638 V          ; 0.034 V                             ; 0.099 V                             ; 5.12e-10 s                 ; 2.97e-10 s                 ; Yes                       ; Yes                       ;
; LEDR[6]       ; 3.3-V LVTTL  ; 0 s                 ; 0 s                 ; 3.08 V                       ; 3.32e-05 V                   ; 3.09 V              ; -0.11 V             ; 0.031 V                              ; 0.155 V                              ; 5.43e-10 s                  ; 3.14e-10 s                  ; Yes                        ; Yes                        ; 3.08 V                      ; 3.32e-05 V                  ; 3.09 V             ; -0.11 V            ; 0.031 V                             ; 0.155 V                             ; 5.43e-10 s                 ; 3.14e-10 s                 ; Yes                       ; Yes                       ;
; TD_RESET_N    ; 3.3-V LVTTL  ; 0 s                 ; 0 s                 ; 3.08 V                       ; 3.19e-05 V                   ; 3.1 V               ; -0.136 V            ; 0.025 V                              ; 0.167 V                              ; 4.92e-10 s                  ; 3.12e-10 s                  ; Yes                        ; No                         ; 3.08 V                      ; 3.19e-05 V                  ; 3.1 V              ; -0.136 V           ; 0.025 V                             ; 0.167 V                             ; 4.92e-10 s                 ; 3.12e-10 s                 ; Yes                       ; No                        ;
; VGA_BLANK_N   ; 3.3-V LVTTL  ; 0 s                 ; 0 s                 ; 3.08 V                       ; 2.61e-05 V                   ; 3.09 V              ; -0.0638 V           ; 0.034 V                              ; 0.099 V                              ; 5.12e-10 s                  ; 2.97e-10 s                  ; Yes                        ; Yes                        ; 3.08 V                      ; 2.61e-05 V                  ; 3.09 V             ; -0.0638 V          ; 0.034 V                             ; 0.099 V                             ; 5.12e-10 s                 ; 2.97e-10 s                 ; Yes                       ; Yes                       ;
; VGA_B[0]      ; 3.3-V LVTTL  ; 0 s                 ; 0 s                 ; 3.08 V                       ; 3.19e-05 V                   ; 3.1 V               ; -0.133 V            ; 0.025 V                              ; 0.169 V                              ; 4.92e-10 s                  ; 3.13e-10 s                  ; Yes                        ; No                         ; 3.08 V                      ; 3.19e-05 V                  ; 3.1 V              ; -0.133 V           ; 0.025 V                             ; 0.169 V                             ; 4.92e-10 s                 ; 3.13e-10 s                 ; Yes                       ; No                        ;
; VGA_B[1]      ; 3.3-V LVTTL  ; 0 s                 ; 0 s                 ; 3.08 V                       ; 2.61e-05 V                   ; 3.09 V              ; -0.0638 V           ; 0.034 V                              ; 0.099 V                              ; 5.12e-10 s                  ; 2.97e-10 s                  ; Yes                        ; Yes                        ; 3.08 V                      ; 2.61e-05 V                  ; 3.09 V             ; -0.0638 V          ; 0.034 V                             ; 0.099 V                             ; 5.12e-10 s                 ; 2.97e-10 s                 ; Yes                       ; Yes                       ;
; VGA_B[2]      ; 3.3-V LVTTL  ; 0 s                 ; 0 s                 ; 3.08 V                       ; 3.32e-05 V                   ; 3.09 V              ; -0.11 V             ; 0.031 V                              ; 0.155 V                              ; 5.43e-10 s                  ; 3.14e-10 s                  ; Yes                        ; Yes                        ; 3.08 V                      ; 3.32e-05 V                  ; 3.09 V             ; -0.11 V            ; 0.031 V                             ; 0.155 V                             ; 5.43e-10 s                 ; 3.14e-10 s                 ; Yes                       ; Yes                       ;
; VGA_B[3]      ; 3.3-V LVTTL  ; 0 s                 ; 0 s                 ; 3.08 V                       ; 2.61e-05 V                   ; 3.09 V              ; -0.0638 V           ; 0.034 V                              ; 0.099 V                              ; 5.12e-10 s                  ; 2.97e-10 s                  ; Yes                        ; Yes                        ; 3.08 V                      ; 2.61e-05 V                  ; 3.09 V             ; -0.0638 V          ; 0.034 V                             ; 0.099 V                             ; 5.12e-10 s                 ; 2.97e-10 s                 ; Yes                       ; Yes                       ;
; VGA_B[4]      ; 3.3-V LVTTL  ; 0 s                 ; 0 s                 ; 3.08 V                       ; 3.32e-05 V                   ; 3.09 V              ; -0.11 V             ; 0.031 V                              ; 0.155 V                              ; 5.43e-10 s                  ; 3.14e-10 s                  ; Yes                        ; Yes                        ; 3.08 V                      ; 3.32e-05 V                  ; 3.09 V             ; -0.11 V            ; 0.031 V                             ; 0.155 V                             ; 5.43e-10 s                 ; 3.14e-10 s                 ; Yes                       ; Yes                       ;
; VGA_B[5]      ; 3.3-V LVTTL  ; 0 s                 ; 0 s                 ; 3.08 V                       ; 3.32e-05 V                   ; 3.09 V              ; -0.11 V             ; 0.031 V                              ; 0.155 V                              ; 5.43e-10 s                  ; 3.14e-10 s                  ; Yes                        ; Yes                        ; 3.08 V                      ; 3.32e-05 V                  ; 3.09 V             ; -0.11 V            ; 0.031 V                             ; 0.155 V                             ; 5.43e-10 s                 ; 3.14e-10 s                 ; Yes                       ; Yes                       ;
; VGA_B[6]      ; 3.3-V LVTTL  ; 0 s                 ; 0 s                 ; 3.08 V                       ; 2.61e-05 V                   ; 3.09 V              ; -0.0638 V           ; 0.034 V                              ; 0.099 V                              ; 5.12e-10 s                  ; 2.97e-10 s                  ; Yes                        ; Yes                        ; 3.08 V                      ; 2.61e-05 V                  ; 3.09 V             ; -0.0638 V          ; 0.034 V                             ; 0.099 V                             ; 5.12e-10 s                 ; 2.97e-10 s                 ; Yes                       ; Yes                       ;
; VGA_B[7]      ; 3.3-V LVTTL  ; 0 s                 ; 0 s                 ; 3.08 V                       ; 2.61e-05 V                   ; 3.09 V              ; -0.0638 V           ; 0.034 V                              ; 0.099 V                              ; 5.12e-10 s                  ; 2.97e-10 s                  ; Yes                        ; Yes                        ; 3.08 V                      ; 2.61e-05 V                  ; 3.09 V             ; -0.0638 V          ; 0.034 V                             ; 0.099 V                             ; 5.12e-10 s                 ; 2.97e-10 s                 ; Yes                       ; Yes                       ;
; VGA_CLK       ; 3.3-V LVTTL  ; 0 s                 ; 0 s                 ; 3.08 V                       ; 3.19e-05 V                   ; 3.1 V               ; -0.133 V            ; 0.025 V                              ; 0.169 V                              ; 4.92e-10 s                  ; 3.13e-10 s                  ; Yes                        ; No                         ; 3.08 V                      ; 3.19e-05 V                  ; 3.1 V              ; -0.133 V           ; 0.025 V                             ; 0.169 V                             ; 4.92e-10 s                 ; 3.13e-10 s                 ; Yes                       ; No                        ;
; VGA_G[0]      ; 3.3-V LVTTL  ; 0 s                 ; 0 s                 ; 3.08 V                       ; 2.61e-05 V                   ; 3.09 V              ; -0.0638 V           ; 0.034 V                              ; 0.099 V                              ; 5.12e-10 s                  ; 2.97e-10 s                  ; Yes                        ; Yes                        ; 3.08 V                      ; 2.61e-05 V                  ; 3.09 V             ; -0.0638 V          ; 0.034 V                             ; 0.099 V                             ; 5.12e-10 s                 ; 2.97e-10 s                 ; Yes                       ; Yes                       ;
; VGA_G[1]      ; 3.3-V LVTTL  ; 0 s                 ; 0 s                 ; 3.08 V                       ; 3.32e-05 V                   ; 3.09 V              ; -0.11 V             ; 0.031 V                              ; 0.155 V                              ; 5.43e-10 s                  ; 3.14e-10 s                  ; Yes                        ; Yes                        ; 3.08 V                      ; 3.32e-05 V                  ; 3.09 V             ; -0.11 V            ; 0.031 V                             ; 0.155 V                             ; 5.43e-10 s                 ; 3.14e-10 s                 ; Yes                       ; Yes                       ;
; VGA_G[2]      ; 3.3-V LVTTL  ; 0 s                 ; 0 s                 ; 3.08 V                       ; 2.61e-05 V                   ; 3.09 V              ; -0.0638 V           ; 0.034 V                              ; 0.099 V                              ; 5.12e-10 s                  ; 2.97e-10 s                  ; Yes                        ; Yes                        ; 3.08 V                      ; 2.61e-05 V                  ; 3.09 V             ; -0.0638 V          ; 0.034 V                             ; 0.099 V                             ; 5.12e-10 s                 ; 2.97e-10 s                 ; Yes                       ; Yes                       ;
; VGA_G[3]      ; 3.3-V LVTTL  ; 0 s                 ; 0 s                 ; 3.08 V                       ; 3.32e-05 V                   ; 3.09 V              ; -0.11 V             ; 0.031 V                              ; 0.155 V                              ; 5.43e-10 s                  ; 3.14e-10 s                  ; Yes                        ; Yes                        ; 3.08 V                      ; 3.32e-05 V                  ; 3.09 V             ; -0.11 V            ; 0.031 V                             ; 0.155 V                             ; 5.43e-10 s                 ; 3.14e-10 s                 ; Yes                       ; Yes                       ;
; VGA_G[4]      ; 3.3-V LVTTL  ; 0 s                 ; 0 s                 ; 3.08 V                       ; 2.61e-05 V                   ; 3.09 V              ; -0.0638 V           ; 0.034 V                              ; 0.099 V                              ; 5.12e-10 s                  ; 2.97e-10 s                  ; Yes                        ; Yes                        ; 3.08 V                      ; 2.61e-05 V                  ; 3.09 V             ; -0.0638 V          ; 0.034 V                             ; 0.099 V                             ; 5.12e-10 s                 ; 2.97e-10 s                 ; Yes                       ; Yes                       ;
; VGA_G[5]      ; 3.3-V LVTTL  ; 0 s                 ; 0 s                 ; 3.08 V                       ; 3.32e-05 V                   ; 3.09 V              ; -0.11 V             ; 0.031 V                              ; 0.155 V                              ; 5.43e-10 s                  ; 3.14e-10 s                  ; Yes                        ; Yes                        ; 3.08 V                      ; 3.32e-05 V                  ; 3.09 V             ; -0.11 V            ; 0.031 V                             ; 0.155 V                             ; 5.43e-10 s                 ; 3.14e-10 s                 ; Yes                       ; Yes                       ;
; VGA_G[6]      ; 3.3-V LVTTL  ; 0 s                 ; 0 s                 ; 3.08 V                       ; 3.32e-05 V                   ; 3.09 V              ; -0.11 V             ; 0.031 V                              ; 0.155 V                              ; 5.43e-10 s                  ; 3.14e-10 s                  ; Yes                        ; Yes                        ; 3.08 V                      ; 3.32e-05 V                  ; 3.09 V             ; -0.11 V            ; 0.031 V                             ; 0.155 V                             ; 5.43e-10 s                 ; 3.14e-10 s                 ; Yes                       ; Yes                       ;
; VGA_G[7]      ; 3.3-V LVTTL  ; 0 s                 ; 0 s                 ; 3.08 V                       ; 2.61e-05 V                   ; 3.09 V              ; -0.0638 V           ; 0.034 V                              ; 0.099 V                              ; 5.12e-10 s                  ; 2.97e-10 s                  ; Yes                        ; Yes                        ; 3.08 V                      ; 2.61e-05 V                  ; 3.09 V             ; -0.0638 V          ; 0.034 V                             ; 0.099 V                             ; 5.12e-10 s                 ; 2.97e-10 s                 ; Yes                       ; Yes                       ;
; VGA_HS        ; 3.3-V LVTTL  ; 0 s                 ; 0 s                 ; 3.08 V                       ; 3.19e-05 V                   ; 3.1 V               ; -0.136 V            ; 0.025 V                              ; 0.167 V                              ; 4.92e-10 s                  ; 3.12e-10 s                  ; Yes                        ; No                         ; 3.08 V                      ; 3.19e-05 V                  ; 3.1 V              ; -0.136 V           ; 0.025 V                             ; 0.167 V                             ; 4.92e-10 s                 ; 3.12e-10 s                 ; Yes                       ; No                        ;
; VGA_R[0]      ; 3.3-V LVTTL  ; 0 s                 ; 0 s                 ; 3.08 V                       ; 3.19e-05 V                   ; 3.1 V               ; -0.136 V            ; 0.025 V                              ; 0.167 V                              ; 4.92e-10 s                  ; 3.12e-10 s                  ; Yes                        ; No                         ; 3.08 V                      ; 3.19e-05 V                  ; 3.1 V              ; -0.136 V           ; 0.025 V                             ; 0.167 V                             ; 4.92e-10 s                 ; 3.12e-10 s                 ; Yes                       ; No                        ;
; VGA_R[1]      ; 3.3-V LVTTL  ; 0 s                 ; 0 s                 ; 3.08 V                       ; 3.32e-05 V                   ; 3.09 V              ; -0.11 V             ; 0.031 V                              ; 0.155 V                              ; 5.43e-10 s                  ; 3.14e-10 s                  ; Yes                        ; Yes                        ; 3.08 V                      ; 3.32e-05 V                  ; 3.09 V             ; -0.11 V            ; 0.031 V                             ; 0.155 V                             ; 5.43e-10 s                 ; 3.14e-10 s                 ; Yes                       ; Yes                       ;
; VGA_R[2]      ; 3.3-V LVTTL  ; 0 s                 ; 0 s                 ; 3.08 V                       ; 2.61e-05 V                   ; 3.09 V              ; -0.0638 V           ; 0.034 V                              ; 0.099 V                              ; 5.12e-10 s                  ; 2.97e-10 s                  ; Yes                        ; Yes                        ; 3.08 V                      ; 2.61e-05 V                  ; 3.09 V             ; -0.0638 V          ; 0.034 V                             ; 0.099 V                             ; 5.12e-10 s                 ; 2.97e-10 s                 ; Yes                       ; Yes                       ;
; VGA_R[3]      ; 3.3-V LVTTL  ; 0 s                 ; 0 s                 ; 3.08 V                       ; 2.61e-05 V                   ; 3.09 V              ; -0.0638 V           ; 0.034 V                              ; 0.099 V                              ; 5.12e-10 s                  ; 2.97e-10 s                  ; Yes                        ; Yes                        ; 3.08 V                      ; 2.61e-05 V                  ; 3.09 V             ; -0.0638 V          ; 0.034 V                             ; 0.099 V                             ; 5.12e-10 s                 ; 2.97e-10 s                 ; Yes                       ; Yes                       ;
; VGA_R[4]      ; 3.3-V LVTTL  ; 0 s                 ; 0 s                 ; 3.08 V                       ; 3.19e-05 V                   ; 3.1 V               ; -0.133 V            ; 0.025 V                              ; 0.169 V                              ; 4.92e-10 s                  ; 3.13e-10 s                  ; Yes                        ; No                         ; 3.08 V                      ; 3.19e-05 V                  ; 3.1 V              ; -0.133 V           ; 0.025 V                             ; 0.169 V                             ; 4.92e-10 s                 ; 3.13e-10 s                 ; Yes                       ; No                        ;
; VGA_R[5]      ; 3.3-V LVTTL  ; 0 s                 ; 0 s                 ; 3.08 V                       ; 2.61e-05 V                   ; 3.09 V              ; -0.0638 V           ; 0.034 V                              ; 0.099 V                              ; 5.12e-10 s                  ; 2.97e-10 s                  ; Yes                        ; Yes                        ; 3.08 V                      ; 2.61e-05 V                  ; 3.09 V             ; -0.0638 V          ; 0.034 V                             ; 0.099 V                             ; 5.12e-10 s                 ; 2.97e-10 s                 ; Yes                       ; Yes                       ;
; VGA_R[6]      ; 3.3-V LVTTL  ; 0 s                 ; 0 s                 ; 3.08 V                       ; 3.32e-05 V                   ; 3.09 V              ; -0.11 V             ; 0.031 V                              ; 0.155 V                              ; 5.43e-10 s                  ; 3.14e-10 s                  ; Yes                        ; Yes                        ; 3.08 V                      ; 3.32e-05 V                  ; 3.09 V             ; -0.11 V            ; 0.031 V                             ; 0.155 V                             ; 5.43e-10 s                 ; 3.14e-10 s                 ; Yes                       ; Yes                       ;
; VGA_R[7]      ; 3.3-V LVTTL  ; 0 s                 ; 0 s                 ; 3.08 V                       ; 3.32e-05 V                   ; 3.09 V              ; -0.11 V             ; 0.031 V                              ; 0.155 V                              ; 5.43e-10 s                  ; 3.14e-10 s                  ; Yes                        ; Yes                        ; 3.08 V                      ; 3.32e-05 V                  ; 3.09 V             ; -0.11 V            ; 0.031 V                             ; 0.155 V                             ; 5.43e-10 s                 ; 3.14e-10 s                 ; Yes                       ; Yes                       ;
; VGA_SYNC_N    ; 3.3-V LVTTL  ; 0 s                 ; 0 s                 ; 3.08 V                       ; 3.19e-05 V                   ; 3.1 V               ; -0.133 V            ; 0.025 V                              ; 0.169 V                              ; 4.92e-10 s                  ; 3.13e-10 s                  ; Yes                        ; No                         ; 3.08 V                      ; 3.19e-05 V                  ; 3.1 V              ; -0.133 V           ; 0.025 V                             ; 0.169 V                             ; 4.92e-10 s                 ; 3.13e-10 s                 ; Yes                       ; No                        ;
; VGA_VS        ; 3.3-V LVTTL  ; 0 s                 ; 0 s                 ; 3.08 V                       ; 3.32e-05 V                   ; 3.09 V              ; -0.11 V             ; 0.031 V                              ; 0.155 V                              ; 5.43e-10 s                  ; 3.14e-10 s                  ; Yes                        ; Yes                        ; 3.08 V                      ; 3.32e-05 V                  ; 3.09 V             ; -0.11 V            ; 0.031 V                             ; 0.155 V                             ; 5.43e-10 s                 ; 3.14e-10 s                 ; Yes                       ; Yes                       ;
; GPIO[5]       ; 3.3-V LVTTL  ; 0 s                 ; 0 s                 ; 3.08 V                       ; 2.61e-05 V                   ; 3.09 V              ; -0.0638 V           ; 0.034 V                              ; 0.099 V                              ; 5.12e-10 s                  ; 2.97e-10 s                  ; Yes                        ; Yes                        ; 3.08 V                      ; 2.61e-05 V                  ; 3.09 V             ; -0.0638 V          ; 0.034 V                             ; 0.099 V                             ; 5.12e-10 s                 ; 2.97e-10 s                 ; Yes                       ; Yes                       ;
; GPIO[4]       ; 3.3-V LVTTL  ; 0 s                 ; 0 s                 ; 3.08 V                       ; 3.19e-05 V                   ; 3.1 V               ; -0.136 V            ; 0.025 V                              ; 0.167 V                              ; 4.92e-10 s                  ; 3.12e-10 s                  ; Yes                        ; No                         ; 3.08 V                      ; 3.19e-05 V                  ; 3.1 V              ; -0.136 V           ; 0.025 V                             ; 0.167 V                             ; 4.92e-10 s                 ; 3.12e-10 s                 ; Yes                       ; No                        ;
; AUD_BCLK      ; 3.3-V LVTTL  ; 0 s                 ; 0 s                 ; 3.08 V                       ; 2.61e-05 V                   ; 3.09 V              ; -0.0638 V           ; 0.034 V                              ; 0.099 V                              ; 5.12e-10 s                  ; 2.97e-10 s                  ; Yes                        ; Yes                        ; 3.08 V                      ; 2.61e-05 V                  ; 3.09 V             ; -0.0638 V          ; 0.034 V                             ; 0.099 V                             ; 5.12e-10 s                 ; 2.97e-10 s                 ; Yes                       ; Yes                       ;
; AUD_ADCLRCK   ; 3.3-V LVTTL  ; 0 s                 ; 0 s                 ; 3.08 V                       ; 2.61e-05 V                   ; 3.09 V              ; -0.0638 V           ; 0.034 V                              ; 0.099 V                              ; 5.12e-10 s                  ; 2.97e-10 s                  ; Yes                        ; Yes                        ; 3.08 V                      ; 2.61e-05 V                  ; 3.09 V             ; -0.0638 V          ; 0.034 V                             ; 0.099 V                             ; 5.12e-10 s                 ; 2.97e-10 s                 ; Yes                       ; Yes                       ;
; AUD_DACLRCK   ; 3.3-V LVTTL  ; 0 s                 ; 0 s                 ; 3.08 V                       ; 3.32e-05 V                   ; 3.09 V              ; -0.11 V             ; 0.031 V                              ; 0.155 V                              ; 5.43e-10 s                  ; 3.14e-10 s                  ; Yes                        ; Yes                        ; 3.08 V                      ; 3.32e-05 V                  ; 3.09 V             ; -0.11 V            ; 0.031 V                             ; 0.155 V                             ; 5.43e-10 s                 ; 3.14e-10 s                 ; Yes                       ; Yes                       ;
; FPGA_I2C_SDAT ; 3.3-V LVTTL  ; 0 s                 ; 0 s                 ; 3.08 V                       ; 3.32e-05 V                   ; 3.09 V              ; -0.11 V             ; 0.031 V                              ; 0.155 V                              ; 5.43e-10 s                  ; 3.14e-10 s                  ; Yes                        ; Yes                        ; 3.08 V                      ; 3.32e-05 V                  ; 3.09 V             ; -0.11 V            ; 0.031 V                             ; 0.155 V                             ; 5.43e-10 s                 ; 3.14e-10 s                 ; Yes                       ; Yes                       ;
; GPIO[3]       ; 3.3-V LVTTL  ; 0 s                 ; 0 s                 ; 3.08 V                       ; 3.32e-05 V                   ; 3.09 V              ; -0.11 V             ; 0.031 V                              ; 0.155 V                              ; 5.43e-10 s                  ; 3.14e-10 s                  ; Yes                        ; Yes                        ; 3.08 V                      ; 3.32e-05 V                  ; 3.09 V             ; -0.11 V            ; 0.031 V                             ; 0.155 V                             ; 5.43e-10 s                 ; 3.14e-10 s                 ; Yes                       ; Yes                       ;
; DRAM_DQ[0]    ; 3.3-V LVTTL  ; 0 s                 ; 0 s                 ; 3.08 V                       ; 3.19e-05 V                   ; 3.1 V               ; -0.136 V            ; 0.025 V                              ; 0.167 V                              ; 4.92e-10 s                  ; 3.12e-10 s                  ; Yes                        ; No                         ; 3.08 V                      ; 3.19e-05 V                  ; 3.1 V              ; -0.136 V           ; 0.025 V                             ; 0.167 V                             ; 4.92e-10 s                 ; 3.12e-10 s                 ; Yes                       ; No                        ;
; DRAM_DQ[1]    ; 3.3-V LVTTL  ; 0 s                 ; 0 s                 ; 3.08 V                       ; 3.19e-05 V                   ; 3.1 V               ; -0.136 V            ; 0.025 V                              ; 0.167 V                              ; 4.92e-10 s                  ; 3.12e-10 s                  ; Yes                        ; No                         ; 3.08 V                      ; 3.19e-05 V                  ; 3.1 V              ; -0.136 V           ; 0.025 V                             ; 0.167 V                             ; 4.92e-10 s                 ; 3.12e-10 s                 ; Yes                       ; No                        ;
; DRAM_DQ[2]    ; 3.3-V LVTTL  ; 0 s                 ; 0 s                 ; 3.08 V                       ; 3.19e-05 V                   ; 3.1 V               ; -0.133 V            ; 0.025 V                              ; 0.169 V                              ; 4.92e-10 s                  ; 3.13e-10 s                  ; Yes                        ; No                         ; 3.08 V                      ; 3.19e-05 V                  ; 3.1 V              ; -0.133 V           ; 0.025 V                             ; 0.169 V                             ; 4.92e-10 s                 ; 3.13e-10 s                 ; Yes                       ; No                        ;
; DRAM_DQ[3]    ; 3.3-V LVTTL  ; 0 s                 ; 0 s                 ; 3.08 V                       ; 3.19e-05 V                   ; 3.1 V               ; -0.136 V            ; 0.025 V                              ; 0.167 V                              ; 4.92e-10 s                  ; 3.12e-10 s                  ; Yes                        ; No                         ; 3.08 V                      ; 3.19e-05 V                  ; 3.1 V              ; -0.136 V           ; 0.025 V                             ; 0.167 V                             ; 4.92e-10 s                 ; 3.12e-10 s                 ; Yes                       ; No                        ;
; DRAM_DQ[4]    ; 3.3-V LVTTL  ; 0 s                 ; 0 s                 ; 3.08 V                       ; 3.19e-05 V                   ; 3.1 V               ; -0.136 V            ; 0.025 V                              ; 0.167 V                              ; 4.92e-10 s                  ; 3.12e-10 s                  ; Yes                        ; No                         ; 3.08 V                      ; 3.19e-05 V                  ; 3.1 V              ; -0.136 V           ; 0.025 V                             ; 0.167 V                             ; 4.92e-10 s                 ; 3.12e-10 s                 ; Yes                       ; No                        ;
; DRAM_DQ[5]    ; 3.3-V LVTTL  ; 0 s                 ; 0 s                 ; 3.08 V                       ; 3.19e-05 V                   ; 3.1 V               ; -0.133 V            ; 0.025 V                              ; 0.169 V                              ; 4.92e-10 s                  ; 3.13e-10 s                  ; Yes                        ; No                         ; 3.08 V                      ; 3.19e-05 V                  ; 3.1 V              ; -0.133 V           ; 0.025 V                             ; 0.169 V                             ; 4.92e-10 s                 ; 3.13e-10 s                 ; Yes                       ; No                        ;
; DRAM_DQ[6]    ; 3.3-V LVTTL  ; 0 s                 ; 0 s                 ; 3.08 V                       ; 2.61e-05 V                   ; 3.09 V              ; -0.0638 V           ; 0.034 V                              ; 0.099 V                              ; 5.12e-10 s                  ; 2.97e-10 s                  ; Yes                        ; Yes                        ; 3.08 V                      ; 2.61e-05 V                  ; 3.09 V             ; -0.0638 V          ; 0.034 V                             ; 0.099 V                             ; 5.12e-10 s                 ; 2.97e-10 s                 ; Yes                       ; Yes                       ;
; DRAM_DQ[7]    ; 3.3-V LVTTL  ; 0 s                 ; 0 s                 ; 3.08 V                       ; 3.32e-05 V                   ; 3.09 V              ; -0.11 V             ; 0.031 V                              ; 0.155 V                              ; 5.43e-10 s                  ; 3.14e-10 s                  ; Yes                        ; Yes                        ; 3.08 V                      ; 3.32e-05 V                  ; 3.09 V             ; -0.11 V            ; 0.031 V                             ; 0.155 V                             ; 5.43e-10 s                 ; 3.14e-10 s                 ; Yes                       ; Yes                       ;
; DRAM_DQ[8]    ; 3.3-V LVTTL  ; 0 s                 ; 0 s                 ; 3.08 V                       ; 3.19e-05 V                   ; 3.1 V               ; -0.133 V            ; 0.025 V                              ; 0.169 V                              ; 4.92e-10 s                  ; 3.13e-10 s                  ; Yes                        ; No                         ; 3.08 V                      ; 3.19e-05 V                  ; 3.1 V              ; -0.133 V           ; 0.025 V                             ; 0.169 V                             ; 4.92e-10 s                 ; 3.13e-10 s                 ; Yes                       ; No                        ;
; DRAM_DQ[9]    ; 3.3-V LVTTL  ; 0 s                 ; 0 s                 ; 3.08 V                       ; 3.19e-05 V                   ; 3.1 V               ; -0.136 V            ; 0.025 V                              ; 0.167 V                              ; 4.92e-10 s                  ; 3.12e-10 s                  ; Yes                        ; No                         ; 3.08 V                      ; 3.19e-05 V                  ; 3.1 V              ; -0.136 V           ; 0.025 V                             ; 0.167 V                             ; 4.92e-10 s                 ; 3.12e-10 s                 ; Yes                       ; No                        ;
; DRAM_DQ[10]   ; 3.3-V LVTTL  ; 0 s                 ; 0 s                 ; 3.08 V                       ; 3.19e-05 V                   ; 3.1 V               ; -0.133 V            ; 0.025 V                              ; 0.169 V                              ; 4.92e-10 s                  ; 3.13e-10 s                  ; Yes                        ; No                         ; 3.08 V                      ; 3.19e-05 V                  ; 3.1 V              ; -0.133 V           ; 0.025 V                             ; 0.169 V                             ; 4.92e-10 s                 ; 3.13e-10 s                 ; Yes                       ; No                        ;
; DRAM_DQ[11]   ; 3.3-V LVTTL  ; 0 s                 ; 0 s                 ; 3.08 V                       ; 3.19e-05 V                   ; 3.1 V               ; -0.136 V            ; 0.025 V                              ; 0.167 V                              ; 4.92e-10 s                  ; 3.12e-10 s                  ; Yes                        ; No                         ; 3.08 V                      ; 3.19e-05 V                  ; 3.1 V              ; -0.136 V           ; 0.025 V                             ; 0.167 V                             ; 4.92e-10 s                 ; 3.12e-10 s                 ; Yes                       ; No                        ;
; DRAM_DQ[12]   ; 3.3-V LVTTL  ; 0 s                 ; 0 s                 ; 3.08 V                       ; 3.19e-05 V                   ; 3.1 V               ; -0.136 V            ; 0.025 V                              ; 0.167 V                              ; 4.92e-10 s                  ; 3.12e-10 s                  ; Yes                        ; No                         ; 3.08 V                      ; 3.19e-05 V                  ; 3.1 V              ; -0.136 V           ; 0.025 V                             ; 0.167 V                             ; 4.92e-10 s                 ; 3.12e-10 s                 ; Yes                       ; No                        ;
; DRAM_DQ[13]   ; 3.3-V LVTTL  ; 0 s                 ; 0 s                 ; 3.08 V                       ; 3.19e-05 V                   ; 3.1 V               ; -0.133 V            ; 0.025 V                              ; 0.169 V                              ; 4.92e-10 s                  ; 3.13e-10 s                  ; Yes                        ; No                         ; 3.08 V                      ; 3.19e-05 V                  ; 3.1 V              ; -0.133 V           ; 0.025 V                             ; 0.169 V                             ; 4.92e-10 s                 ; 3.13e-10 s                 ; Yes                       ; No                        ;
; DRAM_DQ[14]   ; 3.3-V LVTTL  ; 0 s                 ; 0 s                 ; 3.08 V                       ; 3.19e-05 V                   ; 3.1 V               ; -0.133 V            ; 0.025 V                              ; 0.169 V                              ; 4.92e-10 s                  ; 3.13e-10 s                  ; Yes                        ; No                         ; 3.08 V                      ; 3.19e-05 V                  ; 3.1 V              ; -0.133 V           ; 0.025 V                             ; 0.169 V                             ; 4.92e-10 s                 ; 3.13e-10 s                 ; Yes                       ; No                        ;
; DRAM_DQ[15]   ; 3.3-V LVTTL  ; 0 s                 ; 0 s                 ; 3.08 V                       ; 3.19e-05 V                   ; 3.1 V               ; -0.133 V            ; 0.025 V                              ; 0.169 V                              ; 4.92e-10 s                  ; 3.13e-10 s                  ; Yes                        ; No                         ; 3.08 V                      ; 3.19e-05 V                  ; 3.1 V              ; -0.133 V           ; 0.025 V                             ; 0.169 V                             ; 4.92e-10 s                 ; 3.13e-10 s                 ; Yes                       ; No                        ;
; PS2_CLK       ; 3.3-V LVTTL  ; 0 s                 ; 0 s                 ; 3.08 V                       ; 3.32e-05 V                   ; 3.09 V              ; -0.11 V             ; 0.031 V                              ; 0.155 V                              ; 5.43e-10 s                  ; 3.14e-10 s                  ; Yes                        ; Yes                        ; 3.08 V                      ; 3.32e-05 V                  ; 3.09 V             ; -0.11 V            ; 0.031 V                             ; 0.155 V                             ; 5.43e-10 s                 ; 3.14e-10 s                 ; Yes                       ; Yes                       ;
; PS2_CLK2      ; 3.3-V LVTTL  ; 0 s                 ; 0 s                 ; 3.08 V                       ; 3.19e-05 V                   ; 3.1 V               ; -0.133 V            ; 0.025 V                              ; 0.169 V                              ; 4.92e-10 s                  ; 3.13e-10 s                  ; Yes                        ; No                         ; 3.08 V                      ; 3.19e-05 V                  ; 3.1 V              ; -0.133 V           ; 0.025 V                             ; 0.169 V                             ; 4.92e-10 s                 ; 3.13e-10 s                 ; Yes                       ; No                        ;
; PS2_DAT       ; 3.3-V LVTTL  ; 0 s                 ; 0 s                 ; 3.08 V                       ; 2.61e-05 V                   ; 3.09 V              ; -0.0638 V           ; 0.034 V                              ; 0.099 V                              ; 5.12e-10 s                  ; 2.97e-10 s                  ; Yes                        ; Yes                        ; 3.08 V                      ; 2.61e-05 V                  ; 3.09 V             ; -0.0638 V          ; 0.034 V                             ; 0.099 V                             ; 5.12e-10 s                 ; 2.97e-10 s                 ; Yes                       ; Yes                       ;
; PS2_DAT2      ; 3.3-V LVTTL  ; 0 s                 ; 0 s                 ; 3.08 V                       ; 3.19e-05 V                   ; 3.1 V               ; -0.136 V            ; 0.025 V                              ; 0.167 V                              ; 4.92e-10 s                  ; 3.12e-10 s                  ; Yes                        ; No                         ; 3.08 V                      ; 3.19e-05 V                  ; 3.1 V              ; -0.136 V           ; 0.025 V                             ; 0.167 V                             ; 4.92e-10 s                 ; 3.12e-10 s                 ; Yes                       ; No                        ;
; GPIO[0]       ; 3.3-V LVTTL  ; 0 s                 ; 0 s                 ; 3.08 V                       ; 3.32e-05 V                   ; 3.09 V              ; -0.11 V             ; 0.031 V                              ; 0.155 V                              ; 5.43e-10 s                  ; 3.14e-10 s                  ; Yes                        ; Yes                        ; 3.08 V                      ; 3.32e-05 V                  ; 3.09 V             ; -0.11 V            ; 0.031 V                             ; 0.155 V                             ; 5.43e-10 s                 ; 3.14e-10 s                 ; Yes                       ; Yes                       ;
; GPIO[1]       ; 3.3-V LVTTL  ; 0 s                 ; 0 s                 ; 3.08 V                       ; 3.32e-05 V                   ; 3.09 V              ; -0.11 V             ; 0.031 V                              ; 0.155 V                              ; 5.43e-10 s                  ; 3.14e-10 s                  ; Yes                        ; Yes                        ; 3.08 V                      ; 3.32e-05 V                  ; 3.09 V             ; -0.11 V            ; 0.031 V                             ; 0.155 V                             ; 5.43e-10 s                 ; 3.14e-10 s                 ; Yes                       ; Yes                       ;
; GPIO[2]       ; 3.3-V LVTTL  ; 0 s                 ; 0 s                 ; 3.08 V                       ; 2.61e-05 V                   ; 3.09 V              ; -0.0638 V           ; 0.034 V                              ; 0.099 V                              ; 5.12e-10 s                  ; 2.97e-10 s                  ; Yes                        ; Yes                        ; 3.08 V                      ; 2.61e-05 V                  ; 3.09 V             ; -0.0638 V          ; 0.034 V                             ; 0.099 V                             ; 5.12e-10 s                 ; 2.97e-10 s                 ; Yes                       ; Yes                       ;
; GPIO[6]       ; 3.3-V LVTTL  ; 0 s                 ; 0 s                 ; 3.08 V                       ; 3.19e-05 V                   ; 3.1 V               ; -0.136 V            ; 0.025 V                              ; 0.167 V                              ; 4.92e-10 s                  ; 3.12e-10 s                  ; Yes                        ; No                         ; 3.08 V                      ; 3.19e-05 V                  ; 3.1 V              ; -0.136 V           ; 0.025 V                             ; 0.167 V                             ; 4.92e-10 s                 ; 3.12e-10 s                 ; Yes                       ; No                        ;
; GPIO[7]       ; 3.3-V LVTTL  ; 0 s                 ; 0 s                 ; 3.08 V                       ; 3.19e-05 V                   ; 3.1 V               ; -0.133 V            ; 0.025 V                              ; 0.169 V                              ; 4.92e-10 s                  ; 3.13e-10 s                  ; Yes                        ; No                         ; 3.08 V                      ; 3.19e-05 V                  ; 3.1 V              ; -0.133 V           ; 0.025 V                             ; 0.169 V                             ; 4.92e-10 s                 ; 3.13e-10 s                 ; Yes                       ; No                        ;
; GPIO[8]       ; 3.3-V LVTTL  ; 0 s                 ; 0 s                 ; 3.08 V                       ; 3.32e-05 V                   ; 3.09 V              ; -0.11 V             ; 0.031 V                              ; 0.155 V                              ; 5.43e-10 s                  ; 3.14e-10 s                  ; Yes                        ; Yes                        ; 3.08 V                      ; 3.32e-05 V                  ; 3.09 V             ; -0.11 V            ; 0.031 V                             ; 0.155 V                             ; 5.43e-10 s                 ; 3.14e-10 s                 ; Yes                       ; Yes                       ;
; GPIO[9]       ; 3.3-V LVTTL  ; 0 s                 ; 0 s                 ; 3.08 V                       ; 3.19e-05 V                   ; 3.1 V               ; -0.133 V            ; 0.025 V                              ; 0.169 V                              ; 4.92e-10 s                  ; 3.13e-10 s                  ; Yes                        ; No                         ; 3.08 V                      ; 3.19e-05 V                  ; 3.1 V              ; -0.133 V           ; 0.025 V                             ; 0.169 V                             ; 4.92e-10 s                 ; 3.13e-10 s                 ; Yes                       ; No                        ;
; GPIO[10]      ; 3.3-V LVTTL  ; 0 s                 ; 0 s                 ; 3.08 V                       ; 3.19e-05 V                   ; 3.1 V               ; -0.136 V            ; 0.025 V                              ; 0.167 V                              ; 4.92e-10 s                  ; 3.12e-10 s                  ; Yes                        ; No                         ; 3.08 V                      ; 3.19e-05 V                  ; 3.1 V              ; -0.136 V           ; 0.025 V                             ; 0.167 V                             ; 4.92e-10 s                 ; 3.12e-10 s                 ; Yes                       ; No                        ;
; GPIO[11]      ; 3.3-V LVTTL  ; 0 s                 ; 0 s                 ; 3.08 V                       ; 3.19e-05 V                   ; 3.1 V               ; -0.133 V            ; 0.025 V                              ; 0.169 V                              ; 4.92e-10 s                  ; 3.13e-10 s                  ; Yes                        ; No                         ; 3.08 V                      ; 3.19e-05 V                  ; 3.1 V              ; -0.133 V           ; 0.025 V                             ; 0.169 V                             ; 4.92e-10 s                 ; 3.13e-10 s                 ; Yes                       ; No                        ;
; GPIO[12]      ; 3.3-V LVTTL  ; 0 s                 ; 0 s                 ; 3.08 V                       ; 3.19e-05 V                   ; 3.1 V               ; -0.133 V            ; 0.025 V                              ; 0.169 V                              ; 4.92e-10 s                  ; 3.13e-10 s                  ; Yes                        ; No                         ; 3.08 V                      ; 3.19e-05 V                  ; 3.1 V              ; -0.133 V           ; 0.025 V                             ; 0.169 V                             ; 4.92e-10 s                 ; 3.13e-10 s                 ; Yes                       ; No                        ;
; GPIO[13]      ; 3.3-V LVTTL  ; 0 s                 ; 0 s                 ; 3.08 V                       ; 3.19e-05 V                   ; 3.1 V               ; -0.133 V            ; 0.025 V                              ; 0.169 V                              ; 4.92e-10 s                  ; 3.13e-10 s                  ; Yes                        ; No                         ; 3.08 V                      ; 3.19e-05 V                  ; 3.1 V              ; -0.133 V           ; 0.025 V                             ; 0.169 V                             ; 4.92e-10 s                 ; 3.13e-10 s                 ; Yes                       ; No                        ;
; GPIO[14]      ; 3.3-V LVTTL  ; 0 s                 ; 0 s                 ; 3.08 V                       ; 3.19e-05 V                   ; 3.1 V               ; -0.136 V            ; 0.025 V                              ; 0.167 V                              ; 4.92e-10 s                  ; 3.12e-10 s                  ; Yes                        ; No                         ; 3.08 V                      ; 3.19e-05 V                  ; 3.1 V              ; -0.136 V           ; 0.025 V                             ; 0.167 V                             ; 4.92e-10 s                 ; 3.12e-10 s                 ; Yes                       ; No                        ;
; GPIO[15]      ; 3.3-V LVTTL  ; 0 s                 ; 0 s                 ; 3.08 V                       ; 3.19e-05 V                   ; 3.1 V               ; -0.136 V            ; 0.025 V                              ; 0.167 V                              ; 4.92e-10 s                  ; 3.12e-10 s                  ; Yes                        ; No                         ; 3.08 V                      ; 3.19e-05 V                  ; 3.1 V              ; -0.136 V           ; 0.025 V                             ; 0.167 V                             ; 4.92e-10 s                 ; 3.12e-10 s                 ; Yes                       ; No                        ;
; GPIO[16]      ; 3.3-V LVTTL  ; 0 s                 ; 0 s                 ; 3.08 V                       ; 2.61e-05 V                   ; 3.09 V              ; -0.0638 V           ; 0.034 V                              ; 0.099 V                              ; 5.12e-10 s                  ; 2.97e-10 s                  ; Yes                        ; Yes                        ; 3.08 V                      ; 2.61e-05 V                  ; 3.09 V             ; -0.0638 V          ; 0.034 V                             ; 0.099 V                             ; 5.12e-10 s                 ; 2.97e-10 s                 ; Yes                       ; Yes                       ;
; GPIO[17]      ; 3.3-V LVTTL  ; 0 s                 ; 0 s                 ; 3.08 V                       ; 2.61e-05 V                   ; 3.09 V              ; -0.0638 V           ; 0.034 V                              ; 0.099 V                              ; 5.12e-10 s                  ; 2.97e-10 s                  ; Yes                        ; Yes                        ; 3.08 V                      ; 2.61e-05 V                  ; 3.09 V             ; -0.0638 V          ; 0.034 V                             ; 0.099 V                             ; 5.12e-10 s                 ; 2.97e-10 s                 ; Yes                       ; Yes                       ;
; GPIO[18]      ; 3.3-V LVTTL  ; 0 s                 ; 0 s                 ; 3.08 V                       ; 3.32e-05 V                   ; 3.09 V              ; -0.11 V             ; 0.031 V                              ; 0.155 V                              ; 5.43e-10 s                  ; 3.14e-10 s                  ; Yes                        ; Yes                        ; 3.08 V                      ; 3.32e-05 V                  ; 3.09 V             ; -0.11 V            ; 0.031 V                             ; 0.155 V                             ; 5.43e-10 s                 ; 3.14e-10 s                 ; Yes                       ; Yes                       ;
; GPIO[19]      ; 3.3-V LVTTL  ; 0 s                 ; 0 s                 ; 3.08 V                       ; 3.32e-05 V                   ; 3.09 V              ; -0.11 V             ; 0.031 V                              ; 0.155 V                              ; 5.43e-10 s                  ; 3.14e-10 s                  ; Yes                        ; Yes                        ; 3.08 V                      ; 3.32e-05 V                  ; 3.09 V             ; -0.11 V            ; 0.031 V                             ; 0.155 V                             ; 5.43e-10 s                 ; 3.14e-10 s                 ; Yes                       ; Yes                       ;
; GPIO[20]      ; 3.3-V LVTTL  ; 0 s                 ; 0 s                 ; 3.08 V                       ; 3.19e-05 V                   ; 3.1 V               ; -0.136 V            ; 0.025 V                              ; 0.167 V                              ; 4.92e-10 s                  ; 3.12e-10 s                  ; Yes                        ; No                         ; 3.08 V                      ; 3.19e-05 V                  ; 3.1 V              ; -0.136 V           ; 0.025 V                             ; 0.167 V                             ; 4.92e-10 s                 ; 3.12e-10 s                 ; Yes                       ; No                        ;
; GPIO[21]      ; 3.3-V LVTTL  ; 0 s                 ; 0 s                 ; 3.08 V                       ; 3.19e-05 V                   ; 3.1 V               ; -0.133 V            ; 0.025 V                              ; 0.169 V                              ; 4.92e-10 s                  ; 3.13e-10 s                  ; Yes                        ; No                         ; 3.08 V                      ; 3.19e-05 V                  ; 3.1 V              ; -0.133 V           ; 0.025 V                             ; 0.169 V                             ; 4.92e-10 s                 ; 3.13e-10 s                 ; Yes                       ; No                        ;
; GPIO[22]      ; 3.3-V LVTTL  ; 0 s                 ; 0 s                 ; 3.08 V                       ; 2.61e-05 V                   ; 3.09 V              ; -0.0638 V           ; 0.034 V                              ; 0.099 V                              ; 5.12e-10 s                  ; 2.97e-10 s                  ; Yes                        ; Yes                        ; 3.08 V                      ; 2.61e-05 V                  ; 3.09 V             ; -0.0638 V          ; 0.034 V                             ; 0.099 V                             ; 5.12e-10 s                 ; 2.97e-10 s                 ; Yes                       ; Yes                       ;
; GPIO[23]      ; 3.3-V LVTTL  ; 0 s                 ; 0 s                 ; 3.08 V                       ; 3.19e-05 V                   ; 3.1 V               ; -0.133 V            ; 0.025 V                              ; 0.169 V                              ; 4.92e-10 s                  ; 3.13e-10 s                  ; Yes                        ; No                         ; 3.08 V                      ; 3.19e-05 V                  ; 3.1 V              ; -0.133 V           ; 0.025 V                             ; 0.169 V                             ; 4.92e-10 s                 ; 3.13e-10 s                 ; Yes                       ; No                        ;
; GPIO[24]      ; 3.3-V LVTTL  ; 0 s                 ; 0 s                 ; 3.08 V                       ; 2.61e-05 V                   ; 3.09 V              ; -0.0638 V           ; 0.034 V                              ; 0.099 V                              ; 5.12e-10 s                  ; 2.97e-10 s                  ; Yes                        ; Yes                        ; 3.08 V                      ; 2.61e-05 V                  ; 3.09 V             ; -0.0638 V          ; 0.034 V                             ; 0.099 V                             ; 5.12e-10 s                 ; 2.97e-10 s                 ; Yes                       ; Yes                       ;
; GPIO[25]      ; 3.3-V LVTTL  ; 0 s                 ; 0 s                 ; 3.08 V                       ; 3.32e-05 V                   ; 3.09 V              ; -0.11 V             ; 0.031 V                              ; 0.155 V                              ; 5.43e-10 s                  ; 3.14e-10 s                  ; Yes                        ; Yes                        ; 3.08 V                      ; 3.32e-05 V                  ; 3.09 V             ; -0.11 V            ; 0.031 V                             ; 0.155 V                             ; 5.43e-10 s                 ; 3.14e-10 s                 ; Yes                       ; Yes                       ;
; GPIO[26]      ; 3.3-V LVTTL  ; 0 s                 ; 0 s                 ; 3.08 V                       ; 3.32e-05 V                   ; 3.09 V              ; -0.11 V             ; 0.031 V                              ; 0.155 V                              ; 5.43e-10 s                  ; 3.14e-10 s                  ; Yes                        ; Yes                        ; 3.08 V                      ; 3.32e-05 V                  ; 3.09 V             ; -0.11 V            ; 0.031 V                             ; 0.155 V                             ; 5.43e-10 s                 ; 3.14e-10 s                 ; Yes                       ; Yes                       ;
; GPIO[27]      ; 3.3-V LVTTL  ; 0 s                 ; 0 s                 ; 3.08 V                       ; 2.61e-05 V                   ; 3.09 V              ; -0.0638 V           ; 0.034 V                              ; 0.099 V                              ; 5.12e-10 s                  ; 2.97e-10 s                  ; Yes                        ; Yes                        ; 3.08 V                      ; 2.61e-05 V                  ; 3.09 V             ; -0.0638 V          ; 0.034 V                             ; 0.099 V                             ; 5.12e-10 s                 ; 2.97e-10 s                 ; Yes                       ; Yes                       ;
; GPIO[28]      ; 3.3-V LVTTL  ; 0 s                 ; 0 s                 ; 3.08 V                       ; 3.32e-05 V                   ; 3.09 V              ; -0.11 V             ; 0.031 V                              ; 0.155 V                              ; 5.43e-10 s                  ; 3.14e-10 s                  ; Yes                        ; Yes                        ; 3.08 V                      ; 3.32e-05 V                  ; 3.09 V             ; -0.11 V            ; 0.031 V                             ; 0.155 V                             ; 5.43e-10 s                 ; 3.14e-10 s                 ; Yes                       ; Yes                       ;
; GPIO[29]      ; 3.3-V LVTTL  ; 0 s                 ; 0 s                 ; 3.08 V                       ; 2.61e-05 V                   ; 3.09 V              ; -0.0638 V           ; 0.034 V                              ; 0.099 V                              ; 5.12e-10 s                  ; 2.97e-10 s                  ; Yes                        ; Yes                        ; 3.08 V                      ; 2.61e-05 V                  ; 3.09 V             ; -0.0638 V          ; 0.034 V                             ; 0.099 V                             ; 5.12e-10 s                 ; 2.97e-10 s                 ; Yes                       ; Yes                       ;
; GPIO[30]      ; 3.3-V LVTTL  ; 0 s                 ; 0 s                 ; 3.08 V                       ; 3.32e-05 V                   ; 3.09 V              ; -0.11 V             ; 0.031 V                              ; 0.155 V                              ; 5.43e-10 s                  ; 3.14e-10 s                  ; Yes                        ; Yes                        ; 3.08 V                      ; 3.32e-05 V                  ; 3.09 V             ; -0.11 V            ; 0.031 V                             ; 0.155 V                             ; 5.43e-10 s                 ; 3.14e-10 s                 ; Yes                       ; Yes                       ;
; GPIO[31]      ; 3.3-V LVTTL  ; 0 s                 ; 0 s                 ; 3.08 V                       ; 3.32e-05 V                   ; 3.09 V              ; -0.11 V             ; 0.031 V                              ; 0.155 V                              ; 5.43e-10 s                  ; 3.14e-10 s                  ; Yes                        ; Yes                        ; 3.08 V                      ; 3.32e-05 V                  ; 3.09 V             ; -0.11 V            ; 0.031 V                             ; 0.155 V                             ; 5.43e-10 s                 ; 3.14e-10 s                 ; Yes                       ; Yes                       ;
; GPIO[32]      ; 3.3-V LVTTL  ; 0 s                 ; 0 s                 ; 3.08 V                       ; 2.61e-05 V                   ; 3.09 V              ; -0.0638 V           ; 0.034 V                              ; 0.099 V                              ; 5.12e-10 s                  ; 2.97e-10 s                  ; Yes                        ; Yes                        ; 3.08 V                      ; 2.61e-05 V                  ; 3.09 V             ; -0.0638 V          ; 0.034 V                             ; 0.099 V                             ; 5.12e-10 s                 ; 2.97e-10 s                 ; Yes                       ; Yes                       ;
; GPIO[33]      ; 3.3-V LVTTL  ; 0 s                 ; 0 s                 ; 3.08 V                       ; 2.61e-05 V                   ; 3.09 V              ; -0.0638 V           ; 0.034 V                              ; 0.099 V                              ; 5.12e-10 s                  ; 2.97e-10 s                  ; Yes                        ; Yes                        ; 3.08 V                      ; 2.61e-05 V                  ; 3.09 V             ; -0.0638 V          ; 0.034 V                             ; 0.099 V                             ; 5.12e-10 s                 ; 2.97e-10 s                 ; Yes                       ; Yes                       ;
; GPIO[34]      ; 3.3-V LVTTL  ; 0 s                 ; 0 s                 ; 3.08 V                       ; 3.19e-05 V                   ; 3.1 V               ; -0.133 V            ; 0.025 V                              ; 0.169 V                              ; 4.92e-10 s                  ; 3.13e-10 s                  ; Yes                        ; No                         ; 3.08 V                      ; 3.19e-05 V                  ; 3.1 V              ; -0.133 V           ; 0.025 V                             ; 0.169 V                             ; 4.92e-10 s                 ; 3.13e-10 s                 ; Yes                       ; No                        ;
; GPIO[35]      ; 3.3-V LVTTL  ; 0 s                 ; 0 s                 ; 3.08 V                       ; 3.19e-05 V                   ; 3.1 V               ; -0.136 V            ; 0.025 V                              ; 0.167 V                              ; 4.92e-10 s                  ; 3.12e-10 s                  ; Yes                        ; No                         ; 3.08 V                      ; 3.19e-05 V                  ; 3.1 V              ; -0.136 V           ; 0.025 V                             ; 0.167 V                             ; 4.92e-10 s                 ; 3.12e-10 s                 ; Yes                       ; No                        ;
+---------------+--------------+---------------------+---------------------+------------------------------+------------------------------+---------------------+---------------------+--------------------------------------+--------------------------------------+-----------------------------+-----------------------------+----------------------------+----------------------------+-----------------------------+-----------------------------+--------------------+--------------------+-------------------------------------+-------------------------------------+----------------------------+----------------------------+---------------------------+---------------------------+


+--------------------------------------------------------------------------------------------------------------------------------------------------------------------------------------------------------------------------------------------------------------------------------------------------------------------------------------------------------------------------------------------------------------------------------------------------------------------------------------------------------------------------------------------------------------------------------------------------------------------------------------------------------------------------------------------+
; Signal Integrity Metrics (Fast 1100mv 0c Model)                                                                                                                                                                                                                                                                                                                                                                                                                                                                                                                                                                                                                                            ;
+---------------+--------------+---------------------+---------------------+------------------------------+------------------------------+---------------------+---------------------+--------------------------------------+--------------------------------------+-----------------------------+-----------------------------+----------------------------+----------------------------+-----------------------------+-----------------------------+--------------------+--------------------+-------------------------------------+-------------------------------------+----------------------------+----------------------------+---------------------------+---------------------------+
; Pin           ; I/O Standard ; Board Delay on Rise ; Board Delay on Fall ; Steady State Voh at FPGA Pin ; Steady State Vol at FPGA Pin ; Voh Max at FPGA Pin ; Vol Min at FPGA Pin ; Ringback Voltage on Rise at FPGA Pin ; Ringback Voltage on Fall at FPGA Pin ; 10-90 Rise Time at FPGA Pin ; 90-10 Fall Time at FPGA Pin ; Monotonic Rise at FPGA Pin ; Monotonic Fall at FPGA Pin ; Steady State Voh at Far-end ; Steady State Vol at Far-end ; Voh Max at Far-end ; Vol Min at Far-end ; Ringback Voltage on Rise at Far-end ; Ringback Voltage on Fall at Far-end ; 10-90 Rise Time at Far-end ; 90-10 Fall Time at Far-end ; Monotonic Rise at Far-end ; Monotonic Fall at Far-end ;
+---------------+--------------+---------------------+---------------------+------------------------------+------------------------------+---------------------+---------------------+--------------------------------------+--------------------------------------+-----------------------------+-----------------------------+----------------------------+----------------------------+-----------------------------+-----------------------------+--------------------+--------------------+-------------------------------------+-------------------------------------+----------------------------+----------------------------+---------------------------+---------------------------+
; AUD_DACDAT    ; 3.3-V LVTTL  ; 0 s                 ; 0 s                 ; 3.63 V                       ; 4.94e-06 V                   ; 3.69 V              ; -0.414 V            ; 0.134 V                              ; 0.585 V                              ; 4.19e-10 s                  ; 1.53e-10 s                  ; Yes                        ; No                         ; 3.63 V                      ; 4.94e-06 V                  ; 3.69 V             ; -0.414 V           ; 0.134 V                             ; 0.585 V                             ; 4.19e-10 s                 ; 1.53e-10 s                 ; Yes                       ; No                        ;
; AUD_XCK       ; 3.3-V LVTTL  ; 0 s                 ; 0 s                 ; 3.63 V                       ; 4.72e-06 V                   ; 3.7 V               ; -0.49 V             ; 0.117 V                              ; 0.622 V                              ; 3.84e-10 s                  ; 1.48e-10 s                  ; Yes                        ; No                         ; 3.63 V                      ; 4.72e-06 V                  ; 3.7 V              ; -0.49 V            ; 0.117 V                             ; 0.622 V                             ; 3.84e-10 s                 ; 1.48e-10 s                 ; Yes                       ; No                        ;
; FPGA_I2C_SCLK ; 3.3-V LVTTL  ; 0 s                 ; 0 s                 ; 3.63 V                       ; 3.63e-06 V                   ; 3.64 V              ; -0.326 V            ; 0.091 V                              ; 0.479 V                              ; 3.83e-10 s                  ; 1.5e-10 s                   ; Yes                        ; No                         ; 3.63 V                      ; 3.63e-06 V                  ; 3.64 V             ; -0.326 V           ; 0.091 V                             ; 0.479 V                             ; 3.83e-10 s                 ; 1.5e-10 s                  ; Yes                       ; No                        ;
; LEDR[0]       ; 3.3-V LVTTL  ; 0 s                 ; 0 s                 ; 3.63 V                       ; 4.94e-06 V                   ; 3.69 V              ; -0.414 V            ; 0.134 V                              ; 0.585 V                              ; 4.19e-10 s                  ; 1.53e-10 s                  ; Yes                        ; No                         ; 3.63 V                      ; 4.94e-06 V                  ; 3.69 V             ; -0.414 V           ; 0.134 V                             ; 0.585 V                             ; 4.19e-10 s                 ; 1.53e-10 s                 ; Yes                       ; No                        ;
; LEDR[1]       ; 3.3-V LVTTL  ; 0 s                 ; 0 s                 ; 3.63 V                       ; 3.63e-06 V                   ; 3.64 V              ; -0.326 V            ; 0.091 V                              ; 0.479 V                              ; 3.83e-10 s                  ; 1.5e-10 s                   ; Yes                        ; No                         ; 3.63 V                      ; 3.63e-06 V                  ; 3.64 V             ; -0.326 V           ; 0.091 V                             ; 0.479 V                             ; 3.83e-10 s                 ; 1.5e-10 s                  ; Yes                       ; No                        ;
; LEDR[5]       ; 3.3-V LVTTL  ; 0 s                 ; 0 s                 ; 3.63 V                       ; 3.63e-06 V                   ; 3.64 V              ; -0.326 V            ; 0.091 V                              ; 0.479 V                              ; 3.83e-10 s                  ; 1.5e-10 s                   ; Yes                        ; No                         ; 3.63 V                      ; 3.63e-06 V                  ; 3.64 V             ; -0.326 V           ; 0.091 V                             ; 0.479 V                             ; 3.83e-10 s                 ; 1.5e-10 s                  ; Yes                       ; No                        ;
; LEDR[9]       ; 3.3-V LVTTL  ; 0 s                 ; 0 s                 ; 3.63 V                       ; 3.63e-06 V                   ; 3.64 V              ; -0.326 V            ; 0.091 V                              ; 0.479 V                              ; 3.83e-10 s                  ; 1.5e-10 s                   ; Yes                        ; No                         ; 3.63 V                      ; 3.63e-06 V                  ; 3.64 V             ; -0.326 V           ; 0.091 V                             ; 0.479 V                             ; 3.83e-10 s                 ; 1.5e-10 s                  ; Yes                       ; No                        ;
; HEX0[0]       ; 3.3-V LVTTL  ; 0 s                 ; 0 s                 ; 3.63 V                       ; 4.72e-06 V                   ; 3.7 V               ; -0.49 V             ; 0.117 V                              ; 0.622 V                              ; 3.84e-10 s                  ; 1.48e-10 s                  ; Yes                        ; No                         ; 3.63 V                      ; 4.72e-06 V                  ; 3.7 V              ; -0.49 V            ; 0.117 V                             ; 0.622 V                             ; 3.84e-10 s                 ; 1.48e-10 s                 ; Yes                       ; No                        ;
; HEX0[1]       ; 3.3-V LVTTL  ; 0 s                 ; 0 s                 ; 3.63 V                       ; 4.72e-06 V                   ; 3.7 V               ; -0.49 V             ; 0.117 V                              ; 0.622 V                              ; 3.84e-10 s                  ; 1.48e-10 s                  ; Yes                        ; No                         ; 3.63 V                      ; 4.72e-06 V                  ; 3.7 V              ; -0.49 V            ; 0.117 V                             ; 0.622 V                             ; 3.84e-10 s                 ; 1.48e-10 s                 ; Yes                       ; No                        ;
; HEX0[2]       ; 3.3-V LVTTL  ; 0 s                 ; 0 s                 ; 3.63 V                       ; 4.72e-06 V                   ; 3.7 V               ; -0.49 V             ; 0.117 V                              ; 0.621 V                              ; 3.84e-10 s                  ; 1.48e-10 s                  ; Yes                        ; No                         ; 3.63 V                      ; 4.72e-06 V                  ; 3.7 V              ; -0.49 V            ; 0.117 V                             ; 0.621 V                             ; 3.84e-10 s                 ; 1.48e-10 s                 ; Yes                       ; No                        ;
; HEX0[3]       ; 3.3-V LVTTL  ; 0 s                 ; 0 s                 ; 3.63 V                       ; 4.72e-06 V                   ; 3.7 V               ; -0.49 V             ; 0.117 V                              ; 0.622 V                              ; 3.84e-10 s                  ; 1.48e-10 s                  ; Yes                        ; No                         ; 3.63 V                      ; 4.72e-06 V                  ; 3.7 V              ; -0.49 V            ; 0.117 V                             ; 0.622 V                             ; 3.84e-10 s                 ; 1.48e-10 s                 ; Yes                       ; No                        ;
; HEX0[4]       ; 3.3-V LVTTL  ; 0 s                 ; 0 s                 ; 3.63 V                       ; 4.72e-06 V                   ; 3.7 V               ; -0.49 V             ; 0.117 V                              ; 0.621 V                              ; 3.84e-10 s                  ; 1.48e-10 s                  ; Yes                        ; No                         ; 3.63 V                      ; 4.72e-06 V                  ; 3.7 V              ; -0.49 V            ; 0.117 V                             ; 0.621 V                             ; 3.84e-10 s                 ; 1.48e-10 s                 ; Yes                       ; No                        ;
; HEX0[5]       ; 3.3-V LVTTL  ; 0 s                 ; 0 s                 ; 3.63 V                       ; 4.72e-06 V                   ; 3.7 V               ; -0.49 V             ; 0.117 V                              ; 0.622 V                              ; 3.84e-10 s                  ; 1.48e-10 s                  ; Yes                        ; No                         ; 3.63 V                      ; 4.72e-06 V                  ; 3.7 V              ; -0.49 V            ; 0.117 V                             ; 0.622 V                             ; 3.84e-10 s                 ; 1.48e-10 s                 ; Yes                       ; No                        ;
; HEX0[6]       ; 3.3-V LVTTL  ; 0 s                 ; 0 s                 ; 3.63 V                       ; 4.72e-06 V                   ; 3.7 V               ; -0.49 V             ; 0.117 V                              ; 0.621 V                              ; 3.84e-10 s                  ; 1.48e-10 s                  ; Yes                        ; No                         ; 3.63 V                      ; 4.72e-06 V                  ; 3.7 V              ; -0.49 V            ; 0.117 V                             ; 0.621 V                             ; 3.84e-10 s                 ; 1.48e-10 s                 ; Yes                       ; No                        ;
; HEX1[0]       ; 3.3-V LVTTL  ; 0 s                 ; 0 s                 ; 3.63 V                       ; 4.72e-06 V                   ; 3.7 V               ; -0.49 V             ; 0.117 V                              ; 0.622 V                              ; 3.84e-10 s                  ; 1.48e-10 s                  ; Yes                        ; No                         ; 3.63 V                      ; 4.72e-06 V                  ; 3.7 V              ; -0.49 V            ; 0.117 V                             ; 0.622 V                             ; 3.84e-10 s                 ; 1.48e-10 s                 ; Yes                       ; No                        ;
; HEX1[1]       ; 3.3-V LVTTL  ; 0 s                 ; 0 s                 ; 3.63 V                       ; 4.72e-06 V                   ; 3.7 V               ; -0.49 V             ; 0.117 V                              ; 0.621 V                              ; 3.84e-10 s                  ; 1.48e-10 s                  ; Yes                        ; No                         ; 3.63 V                      ; 4.72e-06 V                  ; 3.7 V              ; -0.49 V            ; 0.117 V                             ; 0.621 V                             ; 3.84e-10 s                 ; 1.48e-10 s                 ; Yes                       ; No                        ;
; HEX1[2]       ; 3.3-V LVTTL  ; 0 s                 ; 0 s                 ; 3.63 V                       ; 4.72e-06 V                   ; 3.7 V               ; -0.49 V             ; 0.117 V                              ; 0.622 V                              ; 3.84e-10 s                  ; 1.48e-10 s                  ; Yes                        ; No                         ; 3.63 V                      ; 4.72e-06 V                  ; 3.7 V              ; -0.49 V            ; 0.117 V                             ; 0.622 V                             ; 3.84e-10 s                 ; 1.48e-10 s                 ; Yes                       ; No                        ;
; HEX1[3]       ; 3.3-V LVTTL  ; 0 s                 ; 0 s                 ; 3.63 V                       ; 4.72e-06 V                   ; 3.7 V               ; -0.49 V             ; 0.117 V                              ; 0.621 V                              ; 3.84e-10 s                  ; 1.48e-10 s                  ; Yes                        ; No                         ; 3.63 V                      ; 4.72e-06 V                  ; 3.7 V              ; -0.49 V            ; 0.117 V                             ; 0.621 V                             ; 3.84e-10 s                 ; 1.48e-10 s                 ; Yes                       ; No                        ;
; HEX1[4]       ; 3.3-V LVTTL  ; 0 s                 ; 0 s                 ; 3.63 V                       ; 4.72e-06 V                   ; 3.7 V               ; -0.49 V             ; 0.117 V                              ; 0.622 V                              ; 3.84e-10 s                  ; 1.48e-10 s                  ; Yes                        ; No                         ; 3.63 V                      ; 4.72e-06 V                  ; 3.7 V              ; -0.49 V            ; 0.117 V                             ; 0.622 V                             ; 3.84e-10 s                 ; 1.48e-10 s                 ; Yes                       ; No                        ;
; HEX1[5]       ; 3.3-V LVTTL  ; 0 s                 ; 0 s                 ; 3.63 V                       ; 4.72e-06 V                   ; 3.7 V               ; -0.49 V             ; 0.117 V                              ; 0.621 V                              ; 3.84e-10 s                  ; 1.48e-10 s                  ; Yes                        ; No                         ; 3.63 V                      ; 4.72e-06 V                  ; 3.7 V              ; -0.49 V            ; 0.117 V                             ; 0.621 V                             ; 3.84e-10 s                 ; 1.48e-10 s                 ; Yes                       ; No                        ;
; HEX1[6]       ; 3.3-V LVTTL  ; 0 s                 ; 0 s                 ; 3.63 V                       ; 4.72e-06 V                   ; 3.7 V               ; -0.49 V             ; 0.117 V                              ; 0.621 V                              ; 3.84e-10 s                  ; 1.48e-10 s                  ; Yes                        ; No                         ; 3.63 V                      ; 4.72e-06 V                  ; 3.7 V              ; -0.49 V            ; 0.117 V                             ; 0.621 V                             ; 3.84e-10 s                 ; 1.48e-10 s                 ; Yes                       ; No                        ;
; HEX2[0]       ; 3.3-V LVTTL  ; 0 s                 ; 0 s                 ; 3.63 V                       ; 3.63e-06 V                   ; 3.64 V              ; -0.326 V            ; 0.091 V                              ; 0.479 V                              ; 3.83e-10 s                  ; 1.5e-10 s                   ; Yes                        ; No                         ; 3.63 V                      ; 3.63e-06 V                  ; 3.64 V             ; -0.326 V           ; 0.091 V                             ; 0.479 V                             ; 3.83e-10 s                 ; 1.5e-10 s                  ; Yes                       ; No                        ;
; HEX2[1]       ; 3.3-V LVTTL  ; 0 s                 ; 0 s                 ; 3.63 V                       ; 4.72e-06 V                   ; 3.7 V               ; -0.49 V             ; 0.117 V                              ; 0.622 V                              ; 3.84e-10 s                  ; 1.48e-10 s                  ; Yes                        ; No                         ; 3.63 V                      ; 4.72e-06 V                  ; 3.7 V              ; -0.49 V            ; 0.117 V                             ; 0.622 V                             ; 3.84e-10 s                 ; 1.48e-10 s                 ; Yes                       ; No                        ;
; HEX2[2]       ; 3.3-V LVTTL  ; 0 s                 ; 0 s                 ; 3.63 V                       ; 4.72e-06 V                   ; 3.7 V               ; -0.49 V             ; 0.117 V                              ; 0.621 V                              ; 3.84e-10 s                  ; 1.48e-10 s                  ; Yes                        ; No                         ; 3.63 V                      ; 4.72e-06 V                  ; 3.7 V              ; -0.49 V            ; 0.117 V                             ; 0.621 V                             ; 3.84e-10 s                 ; 1.48e-10 s                 ; Yes                       ; No                        ;
; HEX2[3]       ; 3.3-V LVTTL  ; 0 s                 ; 0 s                 ; 3.63 V                       ; 4.72e-06 V                   ; 3.7 V               ; -0.49 V             ; 0.117 V                              ; 0.622 V                              ; 3.84e-10 s                  ; 1.48e-10 s                  ; Yes                        ; No                         ; 3.63 V                      ; 4.72e-06 V                  ; 3.7 V              ; -0.49 V            ; 0.117 V                             ; 0.622 V                             ; 3.84e-10 s                 ; 1.48e-10 s                 ; Yes                       ; No                        ;
; HEX2[4]       ; 3.3-V LVTTL  ; 0 s                 ; 0 s                 ; 3.63 V                       ; 4.72e-06 V                   ; 3.7 V               ; -0.49 V             ; 0.117 V                              ; 0.622 V                              ; 3.84e-10 s                  ; 1.48e-10 s                  ; Yes                        ; No                         ; 3.63 V                      ; 4.72e-06 V                  ; 3.7 V              ; -0.49 V            ; 0.117 V                             ; 0.622 V                             ; 3.84e-10 s                 ; 1.48e-10 s                 ; Yes                       ; No                        ;
; HEX2[5]       ; 3.3-V LVTTL  ; 0 s                 ; 0 s                 ; 3.63 V                       ; 4.72e-06 V                   ; 3.7 V               ; -0.49 V             ; 0.117 V                              ; 0.621 V                              ; 3.84e-10 s                  ; 1.48e-10 s                  ; Yes                        ; No                         ; 3.63 V                      ; 4.72e-06 V                  ; 3.7 V              ; -0.49 V            ; 0.117 V                             ; 0.621 V                             ; 3.84e-10 s                 ; 1.48e-10 s                 ; Yes                       ; No                        ;
; HEX2[6]       ; 3.3-V LVTTL  ; 0 s                 ; 0 s                 ; 3.63 V                       ; 4.72e-06 V                   ; 3.7 V               ; -0.49 V             ; 0.117 V                              ; 0.621 V                              ; 3.84e-10 s                  ; 1.48e-10 s                  ; Yes                        ; No                         ; 3.63 V                      ; 4.72e-06 V                  ; 3.7 V              ; -0.49 V            ; 0.117 V                             ; 0.621 V                             ; 3.84e-10 s                 ; 1.48e-10 s                 ; Yes                       ; No                        ;
; HEX3[0]       ; 3.3-V LVTTL  ; 0 s                 ; 0 s                 ; 3.63 V                       ; 4.94e-06 V                   ; 3.69 V              ; -0.414 V            ; 0.134 V                              ; 0.585 V                              ; 4.19e-10 s                  ; 1.53e-10 s                  ; Yes                        ; No                         ; 3.63 V                      ; 4.94e-06 V                  ; 3.69 V             ; -0.414 V           ; 0.134 V                             ; 0.585 V                             ; 4.19e-10 s                 ; 1.53e-10 s                 ; Yes                       ; No                        ;
; HEX3[1]       ; 3.3-V LVTTL  ; 0 s                 ; 0 s                 ; 3.63 V                       ; 3.63e-06 V                   ; 3.64 V              ; -0.326 V            ; 0.091 V                              ; 0.479 V                              ; 3.83e-10 s                  ; 1.5e-10 s                   ; Yes                        ; No                         ; 3.63 V                      ; 3.63e-06 V                  ; 3.64 V             ; -0.326 V           ; 0.091 V                             ; 0.479 V                             ; 3.83e-10 s                 ; 1.5e-10 s                  ; Yes                       ; No                        ;
; HEX3[2]       ; 3.3-V LVTTL  ; 0 s                 ; 0 s                 ; 3.63 V                       ; 4.94e-06 V                   ; 3.69 V              ; -0.414 V            ; 0.134 V                              ; 0.585 V                              ; 4.19e-10 s                  ; 1.53e-10 s                  ; Yes                        ; No                         ; 3.63 V                      ; 4.94e-06 V                  ; 3.69 V             ; -0.414 V           ; 0.134 V                             ; 0.585 V                             ; 4.19e-10 s                 ; 1.53e-10 s                 ; Yes                       ; No                        ;
; HEX3[3]       ; 3.3-V LVTTL  ; 0 s                 ; 0 s                 ; 3.63 V                       ; 3.63e-06 V                   ; 3.64 V              ; -0.326 V            ; 0.091 V                              ; 0.479 V                              ; 3.83e-10 s                  ; 1.5e-10 s                   ; Yes                        ; No                         ; 3.63 V                      ; 3.63e-06 V                  ; 3.64 V             ; -0.326 V           ; 0.091 V                             ; 0.479 V                             ; 3.83e-10 s                 ; 1.5e-10 s                  ; Yes                       ; No                        ;
; HEX3[4]       ; 3.3-V LVTTL  ; 0 s                 ; 0 s                 ; 3.63 V                       ; 4.72e-06 V                   ; 3.7 V               ; -0.49 V             ; 0.117 V                              ; 0.622 V                              ; 3.84e-10 s                  ; 1.48e-10 s                  ; Yes                        ; No                         ; 3.63 V                      ; 4.72e-06 V                  ; 3.7 V              ; -0.49 V            ; 0.117 V                             ; 0.622 V                             ; 3.84e-10 s                 ; 1.48e-10 s                 ; Yes                       ; No                        ;
; HEX3[5]       ; 3.3-V LVTTL  ; 0 s                 ; 0 s                 ; 3.63 V                       ; 3.63e-06 V                   ; 3.64 V              ; -0.326 V            ; 0.091 V                              ; 0.479 V                              ; 3.83e-10 s                  ; 1.5e-10 s                   ; Yes                        ; No                         ; 3.63 V                      ; 3.63e-06 V                  ; 3.64 V             ; -0.326 V           ; 0.091 V                             ; 0.479 V                             ; 3.83e-10 s                 ; 1.5e-10 s                  ; Yes                       ; No                        ;
; HEX3[6]       ; 3.3-V LVTTL  ; 0 s                 ; 0 s                 ; 3.63 V                       ; 4.94e-06 V                   ; 3.69 V              ; -0.414 V            ; 0.134 V                              ; 0.585 V                              ; 4.19e-10 s                  ; 1.53e-10 s                  ; Yes                        ; No                         ; 3.63 V                      ; 4.94e-06 V                  ; 3.69 V             ; -0.414 V           ; 0.134 V                             ; 0.585 V                             ; 4.19e-10 s                 ; 1.53e-10 s                 ; Yes                       ; No                        ;
; HEX4[0]       ; 3.3-V LVTTL  ; 0 s                 ; 0 s                 ; 3.63 V                       ; 4.94e-06 V                   ; 3.69 V              ; -0.414 V            ; 0.134 V                              ; 0.585 V                              ; 4.19e-10 s                  ; 1.53e-10 s                  ; Yes                        ; No                         ; 3.63 V                      ; 4.94e-06 V                  ; 3.69 V             ; -0.414 V           ; 0.134 V                             ; 0.585 V                             ; 4.19e-10 s                 ; 1.53e-10 s                 ; Yes                       ; No                        ;
; HEX4[1]       ; 3.3-V LVTTL  ; 0 s                 ; 0 s                 ; 3.63 V                       ; 4.94e-06 V                   ; 3.69 V              ; -0.414 V            ; 0.134 V                              ; 0.585 V                              ; 4.19e-10 s                  ; 1.53e-10 s                  ; Yes                        ; No                         ; 3.63 V                      ; 4.94e-06 V                  ; 3.69 V             ; -0.414 V           ; 0.134 V                             ; 0.585 V                             ; 4.19e-10 s                 ; 1.53e-10 s                 ; Yes                       ; No                        ;
; HEX4[2]       ; 3.3-V LVTTL  ; 0 s                 ; 0 s                 ; 3.63 V                       ; 3.63e-06 V                   ; 3.64 V              ; -0.326 V            ; 0.091 V                              ; 0.479 V                              ; 3.83e-10 s                  ; 1.5e-10 s                   ; Yes                        ; No                         ; 3.63 V                      ; 3.63e-06 V                  ; 3.64 V             ; -0.326 V           ; 0.091 V                             ; 0.479 V                             ; 3.83e-10 s                 ; 1.5e-10 s                  ; Yes                       ; No                        ;
; HEX4[3]       ; 3.3-V LVTTL  ; 0 s                 ; 0 s                 ; 3.63 V                       ; 3.63e-06 V                   ; 3.64 V              ; -0.326 V            ; 0.091 V                              ; 0.479 V                              ; 3.83e-10 s                  ; 1.5e-10 s                   ; Yes                        ; No                         ; 3.63 V                      ; 3.63e-06 V                  ; 3.64 V             ; -0.326 V           ; 0.091 V                             ; 0.479 V                             ; 3.83e-10 s                 ; 1.5e-10 s                  ; Yes                       ; No                        ;
; HEX4[4]       ; 3.3-V LVTTL  ; 0 s                 ; 0 s                 ; 3.63 V                       ; 3.63e-06 V                   ; 3.64 V              ; -0.326 V            ; 0.091 V                              ; 0.479 V                              ; 3.83e-10 s                  ; 1.5e-10 s                   ; Yes                        ; No                         ; 3.63 V                      ; 3.63e-06 V                  ; 3.64 V             ; -0.326 V           ; 0.091 V                             ; 0.479 V                             ; 3.83e-10 s                 ; 1.5e-10 s                  ; Yes                       ; No                        ;
; HEX4[5]       ; 3.3-V LVTTL  ; 0 s                 ; 0 s                 ; 3.63 V                       ; 4.94e-06 V                   ; 3.69 V              ; -0.414 V            ; 0.134 V                              ; 0.585 V                              ; 4.19e-10 s                  ; 1.53e-10 s                  ; Yes                        ; No                         ; 3.63 V                      ; 4.94e-06 V                  ; 3.69 V             ; -0.414 V           ; 0.134 V                             ; 0.585 V                             ; 4.19e-10 s                 ; 1.53e-10 s                 ; Yes                       ; No                        ;
; HEX4[6]       ; 3.3-V LVTTL  ; 0 s                 ; 0 s                 ; 3.63 V                       ; 4.94e-06 V                   ; 3.69 V              ; -0.414 V            ; 0.134 V                              ; 0.585 V                              ; 4.19e-10 s                  ; 1.53e-10 s                  ; Yes                        ; No                         ; 3.63 V                      ; 4.94e-06 V                  ; 3.69 V             ; -0.414 V           ; 0.134 V                             ; 0.585 V                             ; 4.19e-10 s                 ; 1.53e-10 s                 ; Yes                       ; No                        ;
; HEX5[0]       ; 3.3-V LVTTL  ; 0 s                 ; 0 s                 ; 3.63 V                       ; 3.63e-06 V                   ; 3.64 V              ; -0.326 V            ; 0.091 V                              ; 0.479 V                              ; 3.83e-10 s                  ; 1.5e-10 s                   ; Yes                        ; No                         ; 3.63 V                      ; 3.63e-06 V                  ; 3.64 V             ; -0.326 V           ; 0.091 V                             ; 0.479 V                             ; 3.83e-10 s                 ; 1.5e-10 s                  ; Yes                       ; No                        ;
; HEX5[1]       ; 3.3-V LVTTL  ; 0 s                 ; 0 s                 ; 3.63 V                       ; 4.72e-06 V                   ; 3.7 V               ; -0.49 V             ; 0.117 V                              ; 0.621 V                              ; 3.84e-10 s                  ; 1.48e-10 s                  ; Yes                        ; No                         ; 3.63 V                      ; 4.72e-06 V                  ; 3.7 V              ; -0.49 V            ; 0.117 V                             ; 0.621 V                             ; 3.84e-10 s                 ; 1.48e-10 s                 ; Yes                       ; No                        ;
; HEX5[2]       ; 3.3-V LVTTL  ; 0 s                 ; 0 s                 ; 3.63 V                       ; 3.63e-06 V                   ; 3.64 V              ; -0.326 V            ; 0.091 V                              ; 0.479 V                              ; 3.83e-10 s                  ; 1.5e-10 s                   ; Yes                        ; No                         ; 3.63 V                      ; 3.63e-06 V                  ; 3.64 V             ; -0.326 V           ; 0.091 V                             ; 0.479 V                             ; 3.83e-10 s                 ; 1.5e-10 s                  ; Yes                       ; No                        ;
; HEX5[3]       ; 3.3-V LVTTL  ; 0 s                 ; 0 s                 ; 3.63 V                       ; 3.63e-06 V                   ; 3.64 V              ; -0.326 V            ; 0.091 V                              ; 0.479 V                              ; 3.83e-10 s                  ; 1.5e-10 s                   ; Yes                        ; No                         ; 3.63 V                      ; 3.63e-06 V                  ; 3.64 V             ; -0.326 V           ; 0.091 V                             ; 0.479 V                             ; 3.83e-10 s                 ; 1.5e-10 s                  ; Yes                       ; No                        ;
; HEX5[4]       ; 3.3-V LVTTL  ; 0 s                 ; 0 s                 ; 3.63 V                       ; 4.72e-06 V                   ; 3.7 V               ; -0.49 V             ; 0.117 V                              ; 0.621 V                              ; 3.84e-10 s                  ; 1.48e-10 s                  ; Yes                        ; No                         ; 3.63 V                      ; 4.72e-06 V                  ; 3.7 V              ; -0.49 V            ; 0.117 V                             ; 0.621 V                             ; 3.84e-10 s                 ; 1.48e-10 s                 ; Yes                       ; No                        ;
; HEX5[5]       ; 3.3-V LVTTL  ; 0 s                 ; 0 s                 ; 3.63 V                       ; 4.94e-06 V                   ; 3.69 V              ; -0.414 V            ; 0.134 V                              ; 0.585 V                              ; 4.19e-10 s                  ; 1.53e-10 s                  ; Yes                        ; No                         ; 3.63 V                      ; 4.94e-06 V                  ; 3.69 V             ; -0.414 V           ; 0.134 V                             ; 0.585 V                             ; 4.19e-10 s                 ; 1.53e-10 s                 ; Yes                       ; No                        ;
; HEX5[6]       ; 3.3-V LVTTL  ; 0 s                 ; 0 s                 ; 3.63 V                       ; 4.72e-06 V                   ; 3.7 V               ; -0.49 V             ; 0.117 V                              ; 0.622 V                              ; 3.84e-10 s                  ; 1.48e-10 s                  ; Yes                        ; No                         ; 3.63 V                      ; 4.72e-06 V                  ; 3.7 V              ; -0.49 V            ; 0.117 V                             ; 0.622 V                             ; 3.84e-10 s                 ; 1.48e-10 s                 ; Yes                       ; No                        ;
; LEDR[2]       ; 3.3-V LVTTL  ; 0 s                 ; 0 s                 ; 3.63 V                       ; 4.94e-06 V                   ; 3.69 V              ; -0.414 V            ; 0.134 V                              ; 0.585 V                              ; 4.19e-10 s                  ; 1.53e-10 s                  ; Yes                        ; No                         ; 3.63 V                      ; 4.94e-06 V                  ; 3.69 V             ; -0.414 V           ; 0.134 V                             ; 0.585 V                             ; 4.19e-10 s                 ; 1.53e-10 s                 ; Yes                       ; No                        ;
; LEDR[3]       ; 3.3-V LVTTL  ; 0 s                 ; 0 s                 ; 3.63 V                       ; 4.94e-06 V                   ; 3.69 V              ; -0.414 V            ; 0.134 V                              ; 0.585 V                              ; 4.19e-10 s                  ; 1.53e-10 s                  ; Yes                        ; No                         ; 3.63 V                      ; 4.94e-06 V                  ; 3.69 V             ; -0.414 V           ; 0.134 V                             ; 0.585 V                             ; 4.19e-10 s                 ; 1.53e-10 s                 ; Yes                       ; No                        ;
; LEDR[7]       ; 3.3-V LVTTL  ; 0 s                 ; 0 s                 ; 3.63 V                       ; 4.94e-06 V                   ; 3.69 V              ; -0.414 V            ; 0.134 V                              ; 0.585 V                              ; 4.19e-10 s                  ; 1.53e-10 s                  ; Yes                        ; No                         ; 3.63 V                      ; 4.94e-06 V                  ; 3.69 V             ; -0.414 V           ; 0.134 V                             ; 0.585 V                             ; 4.19e-10 s                 ; 1.53e-10 s                 ; Yes                       ; No                        ;
; LEDR[8]       ; 3.3-V LVTTL  ; 0 s                 ; 0 s                 ; 3.63 V                       ; 4.94e-06 V                   ; 3.69 V              ; -0.414 V            ; 0.134 V                              ; 0.585 V                              ; 4.19e-10 s                  ; 1.53e-10 s                  ; Yes                        ; No                         ; 3.63 V                      ; 4.94e-06 V                  ; 3.69 V             ; -0.414 V           ; 0.134 V                             ; 0.585 V                             ; 4.19e-10 s                 ; 1.53e-10 s                 ; Yes                       ; No                        ;
; ADC_CONVST    ; 3.3-V LVTTL  ; 0 s                 ; 0 s                 ; 3.63 V                       ; 4.72e-06 V                   ; 3.7 V               ; -0.49 V             ; 0.117 V                              ; 0.622 V                              ; 3.84e-10 s                  ; 1.48e-10 s                  ; Yes                        ; No                         ; 3.63 V                      ; 4.72e-06 V                  ; 3.7 V              ; -0.49 V            ; 0.117 V                             ; 0.622 V                             ; 3.84e-10 s                 ; 1.48e-10 s                 ; Yes                       ; No                        ;
; ADC_DIN       ; 3.3-V LVTTL  ; 0 s                 ; 0 s                 ; 3.63 V                       ; 4.72e-06 V                   ; 3.7 V               ; -0.49 V             ; 0.117 V                              ; 0.621 V                              ; 3.84e-10 s                  ; 1.48e-10 s                  ; Yes                        ; No                         ; 3.63 V                      ; 4.72e-06 V                  ; 3.7 V              ; -0.49 V            ; 0.117 V                             ; 0.621 V                             ; 3.84e-10 s                 ; 1.48e-10 s                 ; Yes                       ; No                        ;
; ADC_SCLK      ; 3.3-V LVTTL  ; 0 s                 ; 0 s                 ; 3.63 V                       ; 4.72e-06 V                   ; 3.7 V               ; -0.49 V             ; 0.117 V                              ; 0.622 V                              ; 3.84e-10 s                  ; 1.48e-10 s                  ; Yes                        ; No                         ; 3.63 V                      ; 4.72e-06 V                  ; 3.7 V              ; -0.49 V            ; 0.117 V                             ; 0.622 V                             ; 3.84e-10 s                 ; 1.48e-10 s                 ; Yes                       ; No                        ;
; DRAM_ADDR[0]  ; 3.3-V LVTTL  ; 0 s                 ; 0 s                 ; 3.63 V                       ; 4.72e-06 V                   ; 3.7 V               ; -0.49 V             ; 0.117 V                              ; 0.621 V                              ; 3.84e-10 s                  ; 1.48e-10 s                  ; Yes                        ; No                         ; 3.63 V                      ; 4.72e-06 V                  ; 3.7 V              ; -0.49 V            ; 0.117 V                             ; 0.621 V                             ; 3.84e-10 s                 ; 1.48e-10 s                 ; Yes                       ; No                        ;
; DRAM_ADDR[1]  ; 3.3-V LVTTL  ; 0 s                 ; 0 s                 ; 3.63 V                       ; 3.63e-06 V                   ; 3.64 V              ; -0.326 V            ; 0.091 V                              ; 0.479 V                              ; 3.83e-10 s                  ; 1.5e-10 s                   ; Yes                        ; No                         ; 3.63 V                      ; 3.63e-06 V                  ; 3.64 V             ; -0.326 V           ; 0.091 V                             ; 0.479 V                             ; 3.83e-10 s                 ; 1.5e-10 s                  ; Yes                       ; No                        ;
; DRAM_ADDR[2]  ; 3.3-V LVTTL  ; 0 s                 ; 0 s                 ; 3.63 V                       ; 4.94e-06 V                   ; 3.69 V              ; -0.414 V            ; 0.134 V                              ; 0.585 V                              ; 4.19e-10 s                  ; 1.53e-10 s                  ; Yes                        ; No                         ; 3.63 V                      ; 4.94e-06 V                  ; 3.69 V             ; -0.414 V           ; 0.134 V                             ; 0.585 V                             ; 4.19e-10 s                 ; 1.53e-10 s                 ; Yes                       ; No                        ;
; DRAM_ADDR[3]  ; 3.3-V LVTTL  ; 0 s                 ; 0 s                 ; 3.63 V                       ; 3.63e-06 V                   ; 3.64 V              ; -0.326 V            ; 0.091 V                              ; 0.479 V                              ; 3.83e-10 s                  ; 1.5e-10 s                   ; Yes                        ; No                         ; 3.63 V                      ; 3.63e-06 V                  ; 3.64 V             ; -0.326 V           ; 0.091 V                             ; 0.479 V                             ; 3.83e-10 s                 ; 1.5e-10 s                  ; Yes                       ; No                        ;
; DRAM_ADDR[4]  ; 3.3-V LVTTL  ; 0 s                 ; 0 s                 ; 3.63 V                       ; 4.94e-06 V                   ; 3.69 V              ; -0.414 V            ; 0.134 V                              ; 0.585 V                              ; 4.19e-10 s                  ; 1.53e-10 s                  ; Yes                        ; No                         ; 3.63 V                      ; 4.94e-06 V                  ; 3.69 V             ; -0.414 V           ; 0.134 V                             ; 0.585 V                             ; 4.19e-10 s                 ; 1.53e-10 s                 ; Yes                       ; No                        ;
; DRAM_ADDR[5]  ; 3.3-V LVTTL  ; 0 s                 ; 0 s                 ; 3.63 V                       ; 3.63e-06 V                   ; 3.64 V              ; -0.326 V            ; 0.091 V                              ; 0.479 V                              ; 3.83e-10 s                  ; 1.5e-10 s                   ; Yes                        ; No                         ; 3.63 V                      ; 3.63e-06 V                  ; 3.64 V             ; -0.326 V           ; 0.091 V                             ; 0.479 V                             ; 3.83e-10 s                 ; 1.5e-10 s                  ; Yes                       ; No                        ;
; DRAM_ADDR[6]  ; 3.3-V LVTTL  ; 0 s                 ; 0 s                 ; 3.63 V                       ; 4.94e-06 V                   ; 3.69 V              ; -0.414 V            ; 0.134 V                              ; 0.585 V                              ; 4.19e-10 s                  ; 1.53e-10 s                  ; Yes                        ; No                         ; 3.63 V                      ; 4.94e-06 V                  ; 3.69 V             ; -0.414 V           ; 0.134 V                             ; 0.585 V                             ; 4.19e-10 s                 ; 1.53e-10 s                 ; Yes                       ; No                        ;
; DRAM_ADDR[7]  ; 3.3-V LVTTL  ; 0 s                 ; 0 s                 ; 3.63 V                       ; 3.63e-06 V                   ; 3.64 V              ; -0.326 V            ; 0.091 V                              ; 0.479 V                              ; 3.83e-10 s                  ; 1.5e-10 s                   ; Yes                        ; No                         ; 3.63 V                      ; 3.63e-06 V                  ; 3.64 V             ; -0.326 V           ; 0.091 V                             ; 0.479 V                             ; 3.83e-10 s                 ; 1.5e-10 s                  ; Yes                       ; No                        ;
; DRAM_ADDR[8]  ; 3.3-V LVTTL  ; 0 s                 ; 0 s                 ; 3.63 V                       ; 3.63e-06 V                   ; 3.64 V              ; -0.326 V            ; 0.091 V                              ; 0.479 V                              ; 3.83e-10 s                  ; 1.5e-10 s                   ; Yes                        ; No                         ; 3.63 V                      ; 3.63e-06 V                  ; 3.64 V             ; -0.326 V           ; 0.091 V                             ; 0.479 V                             ; 3.83e-10 s                 ; 1.5e-10 s                  ; Yes                       ; No                        ;
; DRAM_ADDR[9]  ; 3.3-V LVTTL  ; 0 s                 ; 0 s                 ; 3.63 V                       ; 3.63e-06 V                   ; 3.64 V              ; -0.326 V            ; 0.091 V                              ; 0.479 V                              ; 3.83e-10 s                  ; 1.5e-10 s                   ; Yes                        ; No                         ; 3.63 V                      ; 3.63e-06 V                  ; 3.64 V             ; -0.326 V           ; 0.091 V                             ; 0.479 V                             ; 3.83e-10 s                 ; 1.5e-10 s                  ; Yes                       ; No                        ;
; DRAM_ADDR[10] ; 3.3-V LVTTL  ; 0 s                 ; 0 s                 ; 3.63 V                       ; 4.94e-06 V                   ; 3.69 V              ; -0.414 V            ; 0.134 V                              ; 0.585 V                              ; 4.19e-10 s                  ; 1.53e-10 s                  ; Yes                        ; No                         ; 3.63 V                      ; 4.94e-06 V                  ; 3.69 V             ; -0.414 V           ; 0.134 V                             ; 0.585 V                             ; 4.19e-10 s                 ; 1.53e-10 s                 ; Yes                       ; No                        ;
; DRAM_ADDR[11] ; 3.3-V LVTTL  ; 0 s                 ; 0 s                 ; 3.63 V                       ; 4.94e-06 V                   ; 3.69 V              ; -0.414 V            ; 0.134 V                              ; 0.585 V                              ; 4.19e-10 s                  ; 1.53e-10 s                  ; Yes                        ; No                         ; 3.63 V                      ; 4.94e-06 V                  ; 3.69 V             ; -0.414 V           ; 0.134 V                             ; 0.585 V                             ; 4.19e-10 s                 ; 1.53e-10 s                 ; Yes                       ; No                        ;
; DRAM_ADDR[12] ; 3.3-V LVTTL  ; 0 s                 ; 0 s                 ; 3.63 V                       ; 4.72e-06 V                   ; 3.7 V               ; -0.49 V             ; 0.117 V                              ; 0.622 V                              ; 3.84e-10 s                  ; 1.48e-10 s                  ; Yes                        ; No                         ; 3.63 V                      ; 4.72e-06 V                  ; 3.7 V              ; -0.49 V            ; 0.117 V                             ; 0.622 V                             ; 3.84e-10 s                 ; 1.48e-10 s                 ; Yes                       ; No                        ;
; DRAM_BA[0]    ; 3.3-V LVTTL  ; 0 s                 ; 0 s                 ; 3.63 V                       ; 3.63e-06 V                   ; 3.64 V              ; -0.326 V            ; 0.091 V                              ; 0.479 V                              ; 3.83e-10 s                  ; 1.5e-10 s                   ; Yes                        ; No                         ; 3.63 V                      ; 3.63e-06 V                  ; 3.64 V             ; -0.326 V           ; 0.091 V                             ; 0.479 V                             ; 3.83e-10 s                 ; 1.5e-10 s                  ; Yes                       ; No                        ;
; DRAM_BA[1]    ; 3.3-V LVTTL  ; 0 s                 ; 0 s                 ; 3.63 V                       ; 4.72e-06 V                   ; 3.7 V               ; -0.49 V             ; 0.117 V                              ; 0.621 V                              ; 3.84e-10 s                  ; 1.48e-10 s                  ; Yes                        ; No                         ; 3.63 V                      ; 4.72e-06 V                  ; 3.7 V              ; -0.49 V            ; 0.117 V                             ; 0.621 V                             ; 3.84e-10 s                 ; 1.48e-10 s                 ; Yes                       ; No                        ;
; DRAM_CAS_N    ; 3.3-V LVTTL  ; 0 s                 ; 0 s                 ; 3.63 V                       ; 4.94e-06 V                   ; 3.69 V              ; -0.414 V            ; 0.134 V                              ; 0.585 V                              ; 4.19e-10 s                  ; 1.53e-10 s                  ; Yes                        ; No                         ; 3.63 V                      ; 4.94e-06 V                  ; 3.69 V             ; -0.414 V           ; 0.134 V                             ; 0.585 V                             ; 4.19e-10 s                 ; 1.53e-10 s                 ; Yes                       ; No                        ;
; DRAM_CKE      ; 3.3-V LVTTL  ; 0 s                 ; 0 s                 ; 3.63 V                       ; 4.72e-06 V                   ; 3.7 V               ; -0.49 V             ; 0.117 V                              ; 0.621 V                              ; 3.84e-10 s                  ; 1.48e-10 s                  ; Yes                        ; No                         ; 3.63 V                      ; 4.72e-06 V                  ; 3.7 V              ; -0.49 V            ; 0.117 V                             ; 0.621 V                             ; 3.84e-10 s                 ; 1.48e-10 s                 ; Yes                       ; No                        ;
; DRAM_CLK      ; 3.3-V LVTTL  ; 0 s                 ; 0 s                 ; 3.63 V                       ; 4.72e-06 V                   ; 3.7 V               ; -0.49 V             ; 0.117 V                              ; 0.622 V                              ; 3.84e-10 s                  ; 1.48e-10 s                  ; Yes                        ; No                         ; 3.63 V                      ; 4.72e-06 V                  ; 3.7 V              ; -0.49 V            ; 0.117 V                             ; 0.622 V                             ; 3.84e-10 s                 ; 1.48e-10 s                 ; Yes                       ; No                        ;
; DRAM_CS_N     ; 3.3-V LVTTL  ; 0 s                 ; 0 s                 ; 3.63 V                       ; 3.63e-06 V                   ; 3.64 V              ; -0.326 V            ; 0.091 V                              ; 0.479 V                              ; 3.83e-10 s                  ; 1.5e-10 s                   ; Yes                        ; No                         ; 3.63 V                      ; 3.63e-06 V                  ; 3.64 V             ; -0.326 V           ; 0.091 V                             ; 0.479 V                             ; 3.83e-10 s                 ; 1.5e-10 s                  ; Yes                       ; No                        ;
; DRAM_LDQM     ; 3.3-V LVTTL  ; 0 s                 ; 0 s                 ; 3.63 V                       ; 3.63e-06 V                   ; 3.64 V              ; -0.326 V            ; 0.091 V                              ; 0.479 V                              ; 3.83e-10 s                  ; 1.5e-10 s                   ; Yes                        ; No                         ; 3.63 V                      ; 3.63e-06 V                  ; 3.64 V             ; -0.326 V           ; 0.091 V                             ; 0.479 V                             ; 3.83e-10 s                 ; 1.5e-10 s                  ; Yes                       ; No                        ;
; DRAM_RAS_N    ; 3.3-V LVTTL  ; 0 s                 ; 0 s                 ; 3.63 V                       ; 4.94e-06 V                   ; 3.69 V              ; -0.414 V            ; 0.134 V                              ; 0.585 V                              ; 4.19e-10 s                  ; 1.53e-10 s                  ; Yes                        ; No                         ; 3.63 V                      ; 4.94e-06 V                  ; 3.69 V             ; -0.414 V           ; 0.134 V                             ; 0.585 V                             ; 4.19e-10 s                 ; 1.53e-10 s                 ; Yes                       ; No                        ;
; DRAM_UDQM     ; 3.3-V LVTTL  ; 0 s                 ; 0 s                 ; 3.63 V                       ; 4.72e-06 V                   ; 3.7 V               ; -0.49 V             ; 0.117 V                              ; 0.622 V                              ; 3.84e-10 s                  ; 1.48e-10 s                  ; Yes                        ; No                         ; 3.63 V                      ; 4.72e-06 V                  ; 3.7 V              ; -0.49 V            ; 0.117 V                             ; 0.622 V                             ; 3.84e-10 s                 ; 1.48e-10 s                 ; Yes                       ; No                        ;
; DRAM_WE_N     ; 3.3-V LVTTL  ; 0 s                 ; 0 s                 ; 3.63 V                       ; 4.94e-06 V                   ; 3.69 V              ; -0.414 V            ; 0.134 V                              ; 0.585 V                              ; 4.19e-10 s                  ; 1.53e-10 s                  ; Yes                        ; No                         ; 3.63 V                      ; 4.94e-06 V                  ; 3.69 V             ; -0.414 V           ; 0.134 V                             ; 0.585 V                             ; 4.19e-10 s                 ; 1.53e-10 s                 ; Yes                       ; No                        ;
; IRDA_TXD      ; 3.3-V LVTTL  ; 0 s                 ; 0 s                 ; 3.63 V                       ; 4.94e-06 V                   ; 3.69 V              ; -0.414 V            ; 0.134 V                              ; 0.585 V                              ; 4.19e-10 s                  ; 1.53e-10 s                  ; Yes                        ; No                         ; 3.63 V                      ; 4.94e-06 V                  ; 3.69 V             ; -0.414 V           ; 0.134 V                             ; 0.585 V                             ; 4.19e-10 s                 ; 1.53e-10 s                 ; Yes                       ; No                        ;
; LEDR[4]       ; 3.3-V LVTTL  ; 0 s                 ; 0 s                 ; 3.63 V                       ; 3.63e-06 V                   ; 3.64 V              ; -0.326 V            ; 0.091 V                              ; 0.479 V                              ; 3.83e-10 s                  ; 1.5e-10 s                   ; Yes                        ; No                         ; 3.63 V                      ; 3.63e-06 V                  ; 3.64 V             ; -0.326 V           ; 0.091 V                             ; 0.479 V                             ; 3.83e-10 s                 ; 1.5e-10 s                  ; Yes                       ; No                        ;
; LEDR[6]       ; 3.3-V LVTTL  ; 0 s                 ; 0 s                 ; 3.63 V                       ; 4.94e-06 V                   ; 3.69 V              ; -0.414 V            ; 0.134 V                              ; 0.585 V                              ; 4.19e-10 s                  ; 1.53e-10 s                  ; Yes                        ; No                         ; 3.63 V                      ; 4.94e-06 V                  ; 3.69 V             ; -0.414 V           ; 0.134 V                             ; 0.585 V                             ; 4.19e-10 s                 ; 1.53e-10 s                 ; Yes                       ; No                        ;
; TD_RESET_N    ; 3.3-V LVTTL  ; 0 s                 ; 0 s                 ; 3.63 V                       ; 4.72e-06 V                   ; 3.7 V               ; -0.49 V             ; 0.117 V                              ; 0.621 V                              ; 3.84e-10 s                  ; 1.48e-10 s                  ; Yes                        ; No                         ; 3.63 V                      ; 4.72e-06 V                  ; 3.7 V              ; -0.49 V            ; 0.117 V                             ; 0.621 V                             ; 3.84e-10 s                 ; 1.48e-10 s                 ; Yes                       ; No                        ;
; VGA_BLANK_N   ; 3.3-V LVTTL  ; 0 s                 ; 0 s                 ; 3.63 V                       ; 3.63e-06 V                   ; 3.64 V              ; -0.326 V            ; 0.091 V                              ; 0.479 V                              ; 3.83e-10 s                  ; 1.5e-10 s                   ; Yes                        ; No                         ; 3.63 V                      ; 3.63e-06 V                  ; 3.64 V             ; -0.326 V           ; 0.091 V                             ; 0.479 V                             ; 3.83e-10 s                 ; 1.5e-10 s                  ; Yes                       ; No                        ;
; VGA_B[0]      ; 3.3-V LVTTL  ; 0 s                 ; 0 s                 ; 3.63 V                       ; 4.72e-06 V                   ; 3.7 V               ; -0.49 V             ; 0.117 V                              ; 0.622 V                              ; 3.84e-10 s                  ; 1.48e-10 s                  ; Yes                        ; No                         ; 3.63 V                      ; 4.72e-06 V                  ; 3.7 V              ; -0.49 V            ; 0.117 V                             ; 0.622 V                             ; 3.84e-10 s                 ; 1.48e-10 s                 ; Yes                       ; No                        ;
; VGA_B[1]      ; 3.3-V LVTTL  ; 0 s                 ; 0 s                 ; 3.63 V                       ; 3.63e-06 V                   ; 3.64 V              ; -0.326 V            ; 0.091 V                              ; 0.479 V                              ; 3.83e-10 s                  ; 1.5e-10 s                   ; Yes                        ; No                         ; 3.63 V                      ; 3.63e-06 V                  ; 3.64 V             ; -0.326 V           ; 0.091 V                             ; 0.479 V                             ; 3.83e-10 s                 ; 1.5e-10 s                  ; Yes                       ; No                        ;
; VGA_B[2]      ; 3.3-V LVTTL  ; 0 s                 ; 0 s                 ; 3.63 V                       ; 4.94e-06 V                   ; 3.69 V              ; -0.414 V            ; 0.134 V                              ; 0.585 V                              ; 4.19e-10 s                  ; 1.53e-10 s                  ; Yes                        ; No                         ; 3.63 V                      ; 4.94e-06 V                  ; 3.69 V             ; -0.414 V           ; 0.134 V                             ; 0.585 V                             ; 4.19e-10 s                 ; 1.53e-10 s                 ; Yes                       ; No                        ;
; VGA_B[3]      ; 3.3-V LVTTL  ; 0 s                 ; 0 s                 ; 3.63 V                       ; 3.63e-06 V                   ; 3.64 V              ; -0.326 V            ; 0.091 V                              ; 0.479 V                              ; 3.83e-10 s                  ; 1.5e-10 s                   ; Yes                        ; No                         ; 3.63 V                      ; 3.63e-06 V                  ; 3.64 V             ; -0.326 V           ; 0.091 V                             ; 0.479 V                             ; 3.83e-10 s                 ; 1.5e-10 s                  ; Yes                       ; No                        ;
; VGA_B[4]      ; 3.3-V LVTTL  ; 0 s                 ; 0 s                 ; 3.63 V                       ; 4.94e-06 V                   ; 3.69 V              ; -0.414 V            ; 0.134 V                              ; 0.585 V                              ; 4.19e-10 s                  ; 1.53e-10 s                  ; Yes                        ; No                         ; 3.63 V                      ; 4.94e-06 V                  ; 3.69 V             ; -0.414 V           ; 0.134 V                             ; 0.585 V                             ; 4.19e-10 s                 ; 1.53e-10 s                 ; Yes                       ; No                        ;
; VGA_B[5]      ; 3.3-V LVTTL  ; 0 s                 ; 0 s                 ; 3.63 V                       ; 4.94e-06 V                   ; 3.69 V              ; -0.414 V            ; 0.134 V                              ; 0.585 V                              ; 4.19e-10 s                  ; 1.53e-10 s                  ; Yes                        ; No                         ; 3.63 V                      ; 4.94e-06 V                  ; 3.69 V             ; -0.414 V           ; 0.134 V                             ; 0.585 V                             ; 4.19e-10 s                 ; 1.53e-10 s                 ; Yes                       ; No                        ;
; VGA_B[6]      ; 3.3-V LVTTL  ; 0 s                 ; 0 s                 ; 3.63 V                       ; 3.63e-06 V                   ; 3.64 V              ; -0.326 V            ; 0.091 V                              ; 0.479 V                              ; 3.83e-10 s                  ; 1.5e-10 s                   ; Yes                        ; No                         ; 3.63 V                      ; 3.63e-06 V                  ; 3.64 V             ; -0.326 V           ; 0.091 V                             ; 0.479 V                             ; 3.83e-10 s                 ; 1.5e-10 s                  ; Yes                       ; No                        ;
; VGA_B[7]      ; 3.3-V LVTTL  ; 0 s                 ; 0 s                 ; 3.63 V                       ; 3.63e-06 V                   ; 3.64 V              ; -0.326 V            ; 0.091 V                              ; 0.479 V                              ; 3.83e-10 s                  ; 1.5e-10 s                   ; Yes                        ; No                         ; 3.63 V                      ; 3.63e-06 V                  ; 3.64 V             ; -0.326 V           ; 0.091 V                             ; 0.479 V                             ; 3.83e-10 s                 ; 1.5e-10 s                  ; Yes                       ; No                        ;
; VGA_CLK       ; 3.3-V LVTTL  ; 0 s                 ; 0 s                 ; 3.63 V                       ; 4.72e-06 V                   ; 3.7 V               ; -0.49 V             ; 0.117 V                              ; 0.622 V                              ; 3.84e-10 s                  ; 1.48e-10 s                  ; Yes                        ; No                         ; 3.63 V                      ; 4.72e-06 V                  ; 3.7 V              ; -0.49 V            ; 0.117 V                             ; 0.622 V                             ; 3.84e-10 s                 ; 1.48e-10 s                 ; Yes                       ; No                        ;
; VGA_G[0]      ; 3.3-V LVTTL  ; 0 s                 ; 0 s                 ; 3.63 V                       ; 3.63e-06 V                   ; 3.64 V              ; -0.326 V            ; 0.091 V                              ; 0.479 V                              ; 3.83e-10 s                  ; 1.5e-10 s                   ; Yes                        ; No                         ; 3.63 V                      ; 3.63e-06 V                  ; 3.64 V             ; -0.326 V           ; 0.091 V                             ; 0.479 V                             ; 3.83e-10 s                 ; 1.5e-10 s                  ; Yes                       ; No                        ;
; VGA_G[1]      ; 3.3-V LVTTL  ; 0 s                 ; 0 s                 ; 3.63 V                       ; 4.94e-06 V                   ; 3.69 V              ; -0.414 V            ; 0.134 V                              ; 0.585 V                              ; 4.19e-10 s                  ; 1.53e-10 s                  ; Yes                        ; No                         ; 3.63 V                      ; 4.94e-06 V                  ; 3.69 V             ; -0.414 V           ; 0.134 V                             ; 0.585 V                             ; 4.19e-10 s                 ; 1.53e-10 s                 ; Yes                       ; No                        ;
; VGA_G[2]      ; 3.3-V LVTTL  ; 0 s                 ; 0 s                 ; 3.63 V                       ; 3.63e-06 V                   ; 3.64 V              ; -0.326 V            ; 0.091 V                              ; 0.479 V                              ; 3.83e-10 s                  ; 1.5e-10 s                   ; Yes                        ; No                         ; 3.63 V                      ; 3.63e-06 V                  ; 3.64 V             ; -0.326 V           ; 0.091 V                             ; 0.479 V                             ; 3.83e-10 s                 ; 1.5e-10 s                  ; Yes                       ; No                        ;
; VGA_G[3]      ; 3.3-V LVTTL  ; 0 s                 ; 0 s                 ; 3.63 V                       ; 4.94e-06 V                   ; 3.69 V              ; -0.414 V            ; 0.134 V                              ; 0.585 V                              ; 4.19e-10 s                  ; 1.53e-10 s                  ; Yes                        ; No                         ; 3.63 V                      ; 4.94e-06 V                  ; 3.69 V             ; -0.414 V           ; 0.134 V                             ; 0.585 V                             ; 4.19e-10 s                 ; 1.53e-10 s                 ; Yes                       ; No                        ;
; VGA_G[4]      ; 3.3-V LVTTL  ; 0 s                 ; 0 s                 ; 3.63 V                       ; 3.63e-06 V                   ; 3.64 V              ; -0.326 V            ; 0.091 V                              ; 0.479 V                              ; 3.83e-10 s                  ; 1.5e-10 s                   ; Yes                        ; No                         ; 3.63 V                      ; 3.63e-06 V                  ; 3.64 V             ; -0.326 V           ; 0.091 V                             ; 0.479 V                             ; 3.83e-10 s                 ; 1.5e-10 s                  ; Yes                       ; No                        ;
; VGA_G[5]      ; 3.3-V LVTTL  ; 0 s                 ; 0 s                 ; 3.63 V                       ; 4.94e-06 V                   ; 3.69 V              ; -0.414 V            ; 0.134 V                              ; 0.585 V                              ; 4.19e-10 s                  ; 1.53e-10 s                  ; Yes                        ; No                         ; 3.63 V                      ; 4.94e-06 V                  ; 3.69 V             ; -0.414 V           ; 0.134 V                             ; 0.585 V                             ; 4.19e-10 s                 ; 1.53e-10 s                 ; Yes                       ; No                        ;
; VGA_G[6]      ; 3.3-V LVTTL  ; 0 s                 ; 0 s                 ; 3.63 V                       ; 4.94e-06 V                   ; 3.69 V              ; -0.414 V            ; 0.134 V                              ; 0.585 V                              ; 4.19e-10 s                  ; 1.53e-10 s                  ; Yes                        ; No                         ; 3.63 V                      ; 4.94e-06 V                  ; 3.69 V             ; -0.414 V           ; 0.134 V                             ; 0.585 V                             ; 4.19e-10 s                 ; 1.53e-10 s                 ; Yes                       ; No                        ;
; VGA_G[7]      ; 3.3-V LVTTL  ; 0 s                 ; 0 s                 ; 3.63 V                       ; 3.63e-06 V                   ; 3.64 V              ; -0.326 V            ; 0.091 V                              ; 0.479 V                              ; 3.83e-10 s                  ; 1.5e-10 s                   ; Yes                        ; No                         ; 3.63 V                      ; 3.63e-06 V                  ; 3.64 V             ; -0.326 V           ; 0.091 V                             ; 0.479 V                             ; 3.83e-10 s                 ; 1.5e-10 s                  ; Yes                       ; No                        ;
; VGA_HS        ; 3.3-V LVTTL  ; 0 s                 ; 0 s                 ; 3.63 V                       ; 4.72e-06 V                   ; 3.7 V               ; -0.49 V             ; 0.117 V                              ; 0.621 V                              ; 3.84e-10 s                  ; 1.48e-10 s                  ; Yes                        ; No                         ; 3.63 V                      ; 4.72e-06 V                  ; 3.7 V              ; -0.49 V            ; 0.117 V                             ; 0.621 V                             ; 3.84e-10 s                 ; 1.48e-10 s                 ; Yes                       ; No                        ;
; VGA_R[0]      ; 3.3-V LVTTL  ; 0 s                 ; 0 s                 ; 3.63 V                       ; 4.72e-06 V                   ; 3.7 V               ; -0.49 V             ; 0.117 V                              ; 0.621 V                              ; 3.84e-10 s                  ; 1.48e-10 s                  ; Yes                        ; No                         ; 3.63 V                      ; 4.72e-06 V                  ; 3.7 V              ; -0.49 V            ; 0.117 V                             ; 0.621 V                             ; 3.84e-10 s                 ; 1.48e-10 s                 ; Yes                       ; No                        ;
; VGA_R[1]      ; 3.3-V LVTTL  ; 0 s                 ; 0 s                 ; 3.63 V                       ; 4.94e-06 V                   ; 3.69 V              ; -0.414 V            ; 0.134 V                              ; 0.585 V                              ; 4.19e-10 s                  ; 1.53e-10 s                  ; Yes                        ; No                         ; 3.63 V                      ; 4.94e-06 V                  ; 3.69 V             ; -0.414 V           ; 0.134 V                             ; 0.585 V                             ; 4.19e-10 s                 ; 1.53e-10 s                 ; Yes                       ; No                        ;
; VGA_R[2]      ; 3.3-V LVTTL  ; 0 s                 ; 0 s                 ; 3.63 V                       ; 3.63e-06 V                   ; 3.64 V              ; -0.326 V            ; 0.091 V                              ; 0.479 V                              ; 3.83e-10 s                  ; 1.5e-10 s                   ; Yes                        ; No                         ; 3.63 V                      ; 3.63e-06 V                  ; 3.64 V             ; -0.326 V           ; 0.091 V                             ; 0.479 V                             ; 3.83e-10 s                 ; 1.5e-10 s                  ; Yes                       ; No                        ;
; VGA_R[3]      ; 3.3-V LVTTL  ; 0 s                 ; 0 s                 ; 3.63 V                       ; 3.63e-06 V                   ; 3.64 V              ; -0.326 V            ; 0.091 V                              ; 0.479 V                              ; 3.83e-10 s                  ; 1.5e-10 s                   ; Yes                        ; No                         ; 3.63 V                      ; 3.63e-06 V                  ; 3.64 V             ; -0.326 V           ; 0.091 V                             ; 0.479 V                             ; 3.83e-10 s                 ; 1.5e-10 s                  ; Yes                       ; No                        ;
; VGA_R[4]      ; 3.3-V LVTTL  ; 0 s                 ; 0 s                 ; 3.63 V                       ; 4.72e-06 V                   ; 3.7 V               ; -0.49 V             ; 0.117 V                              ; 0.622 V                              ; 3.84e-10 s                  ; 1.48e-10 s                  ; Yes                        ; No                         ; 3.63 V                      ; 4.72e-06 V                  ; 3.7 V              ; -0.49 V            ; 0.117 V                             ; 0.622 V                             ; 3.84e-10 s                 ; 1.48e-10 s                 ; Yes                       ; No                        ;
; VGA_R[5]      ; 3.3-V LVTTL  ; 0 s                 ; 0 s                 ; 3.63 V                       ; 3.63e-06 V                   ; 3.64 V              ; -0.326 V            ; 0.091 V                              ; 0.479 V                              ; 3.83e-10 s                  ; 1.5e-10 s                   ; Yes                        ; No                         ; 3.63 V                      ; 3.63e-06 V                  ; 3.64 V             ; -0.326 V           ; 0.091 V                             ; 0.479 V                             ; 3.83e-10 s                 ; 1.5e-10 s                  ; Yes                       ; No                        ;
; VGA_R[6]      ; 3.3-V LVTTL  ; 0 s                 ; 0 s                 ; 3.63 V                       ; 4.94e-06 V                   ; 3.69 V              ; -0.414 V            ; 0.134 V                              ; 0.585 V                              ; 4.19e-10 s                  ; 1.53e-10 s                  ; Yes                        ; No                         ; 3.63 V                      ; 4.94e-06 V                  ; 3.69 V             ; -0.414 V           ; 0.134 V                             ; 0.585 V                             ; 4.19e-10 s                 ; 1.53e-10 s                 ; Yes                       ; No                        ;
; VGA_R[7]      ; 3.3-V LVTTL  ; 0 s                 ; 0 s                 ; 3.63 V                       ; 4.94e-06 V                   ; 3.69 V              ; -0.414 V            ; 0.134 V                              ; 0.585 V                              ; 4.19e-10 s                  ; 1.53e-10 s                  ; Yes                        ; No                         ; 3.63 V                      ; 4.94e-06 V                  ; 3.69 V             ; -0.414 V           ; 0.134 V                             ; 0.585 V                             ; 4.19e-10 s                 ; 1.53e-10 s                 ; Yes                       ; No                        ;
; VGA_SYNC_N    ; 3.3-V LVTTL  ; 0 s                 ; 0 s                 ; 3.63 V                       ; 4.72e-06 V                   ; 3.7 V               ; -0.49 V             ; 0.117 V                              ; 0.622 V                              ; 3.84e-10 s                  ; 1.48e-10 s                  ; Yes                        ; No                         ; 3.63 V                      ; 4.72e-06 V                  ; 3.7 V              ; -0.49 V            ; 0.117 V                             ; 0.622 V                             ; 3.84e-10 s                 ; 1.48e-10 s                 ; Yes                       ; No                        ;
; VGA_VS        ; 3.3-V LVTTL  ; 0 s                 ; 0 s                 ; 3.63 V                       ; 4.94e-06 V                   ; 3.69 V              ; -0.414 V            ; 0.134 V                              ; 0.585 V                              ; 4.19e-10 s                  ; 1.53e-10 s                  ; Yes                        ; No                         ; 3.63 V                      ; 4.94e-06 V                  ; 3.69 V             ; -0.414 V           ; 0.134 V                             ; 0.585 V                             ; 4.19e-10 s                 ; 1.53e-10 s                 ; Yes                       ; No                        ;
; GPIO[5]       ; 3.3-V LVTTL  ; 0 s                 ; 0 s                 ; 3.63 V                       ; 3.63e-06 V                   ; 3.64 V              ; -0.326 V            ; 0.091 V                              ; 0.479 V                              ; 3.83e-10 s                  ; 1.5e-10 s                   ; Yes                        ; No                         ; 3.63 V                      ; 3.63e-06 V                  ; 3.64 V             ; -0.326 V           ; 0.091 V                             ; 0.479 V                             ; 3.83e-10 s                 ; 1.5e-10 s                  ; Yes                       ; No                        ;
; GPIO[4]       ; 3.3-V LVTTL  ; 0 s                 ; 0 s                 ; 3.63 V                       ; 4.72e-06 V                   ; 3.7 V               ; -0.49 V             ; 0.117 V                              ; 0.621 V                              ; 3.84e-10 s                  ; 1.48e-10 s                  ; Yes                        ; No                         ; 3.63 V                      ; 4.72e-06 V                  ; 3.7 V              ; -0.49 V            ; 0.117 V                             ; 0.621 V                             ; 3.84e-10 s                 ; 1.48e-10 s                 ; Yes                       ; No                        ;
; AUD_BCLK      ; 3.3-V LVTTL  ; 0 s                 ; 0 s                 ; 3.63 V                       ; 3.63e-06 V                   ; 3.64 V              ; -0.326 V            ; 0.091 V                              ; 0.479 V                              ; 3.83e-10 s                  ; 1.5e-10 s                   ; Yes                        ; No                         ; 3.63 V                      ; 3.63e-06 V                  ; 3.64 V             ; -0.326 V           ; 0.091 V                             ; 0.479 V                             ; 3.83e-10 s                 ; 1.5e-10 s                  ; Yes                       ; No                        ;
; AUD_ADCLRCK   ; 3.3-V LVTTL  ; 0 s                 ; 0 s                 ; 3.63 V                       ; 3.63e-06 V                   ; 3.64 V              ; -0.326 V            ; 0.091 V                              ; 0.479 V                              ; 3.83e-10 s                  ; 1.5e-10 s                   ; Yes                        ; No                         ; 3.63 V                      ; 3.63e-06 V                  ; 3.64 V             ; -0.326 V           ; 0.091 V                             ; 0.479 V                             ; 3.83e-10 s                 ; 1.5e-10 s                  ; Yes                       ; No                        ;
; AUD_DACLRCK   ; 3.3-V LVTTL  ; 0 s                 ; 0 s                 ; 3.63 V                       ; 4.94e-06 V                   ; 3.69 V              ; -0.414 V            ; 0.134 V                              ; 0.585 V                              ; 4.19e-10 s                  ; 1.53e-10 s                  ; Yes                        ; No                         ; 3.63 V                      ; 4.94e-06 V                  ; 3.69 V             ; -0.414 V           ; 0.134 V                             ; 0.585 V                             ; 4.19e-10 s                 ; 1.53e-10 s                 ; Yes                       ; No                        ;
; FPGA_I2C_SDAT ; 3.3-V LVTTL  ; 0 s                 ; 0 s                 ; 3.63 V                       ; 4.94e-06 V                   ; 3.69 V              ; -0.414 V            ; 0.134 V                              ; 0.585 V                              ; 4.19e-10 s                  ; 1.53e-10 s                  ; Yes                        ; No                         ; 3.63 V                      ; 4.94e-06 V                  ; 3.69 V             ; -0.414 V           ; 0.134 V                             ; 0.585 V                             ; 4.19e-10 s                 ; 1.53e-10 s                 ; Yes                       ; No                        ;
; GPIO[3]       ; 3.3-V LVTTL  ; 0 s                 ; 0 s                 ; 3.63 V                       ; 4.94e-06 V                   ; 3.69 V              ; -0.414 V            ; 0.134 V                              ; 0.585 V                              ; 4.19e-10 s                  ; 1.53e-10 s                  ; Yes                        ; No                         ; 3.63 V                      ; 4.94e-06 V                  ; 3.69 V             ; -0.414 V           ; 0.134 V                             ; 0.585 V                             ; 4.19e-10 s                 ; 1.53e-10 s                 ; Yes                       ; No                        ;
; DRAM_DQ[0]    ; 3.3-V LVTTL  ; 0 s                 ; 0 s                 ; 3.63 V                       ; 4.72e-06 V                   ; 3.7 V               ; -0.49 V             ; 0.117 V                              ; 0.621 V                              ; 3.84e-10 s                  ; 1.48e-10 s                  ; Yes                        ; No                         ; 3.63 V                      ; 4.72e-06 V                  ; 3.7 V              ; -0.49 V            ; 0.117 V                             ; 0.621 V                             ; 3.84e-10 s                 ; 1.48e-10 s                 ; Yes                       ; No                        ;
; DRAM_DQ[1]    ; 3.3-V LVTTL  ; 0 s                 ; 0 s                 ; 3.63 V                       ; 4.72e-06 V                   ; 3.7 V               ; -0.49 V             ; 0.117 V                              ; 0.621 V                              ; 3.84e-10 s                  ; 1.48e-10 s                  ; Yes                        ; No                         ; 3.63 V                      ; 4.72e-06 V                  ; 3.7 V              ; -0.49 V            ; 0.117 V                             ; 0.621 V                             ; 3.84e-10 s                 ; 1.48e-10 s                 ; Yes                       ; No                        ;
; DRAM_DQ[2]    ; 3.3-V LVTTL  ; 0 s                 ; 0 s                 ; 3.63 V                       ; 4.72e-06 V                   ; 3.7 V               ; -0.49 V             ; 0.117 V                              ; 0.622 V                              ; 3.84e-10 s                  ; 1.48e-10 s                  ; Yes                        ; No                         ; 3.63 V                      ; 4.72e-06 V                  ; 3.7 V              ; -0.49 V            ; 0.117 V                             ; 0.622 V                             ; 3.84e-10 s                 ; 1.48e-10 s                 ; Yes                       ; No                        ;
; DRAM_DQ[3]    ; 3.3-V LVTTL  ; 0 s                 ; 0 s                 ; 3.63 V                       ; 4.72e-06 V                   ; 3.7 V               ; -0.49 V             ; 0.117 V                              ; 0.621 V                              ; 3.84e-10 s                  ; 1.48e-10 s                  ; Yes                        ; No                         ; 3.63 V                      ; 4.72e-06 V                  ; 3.7 V              ; -0.49 V            ; 0.117 V                             ; 0.621 V                             ; 3.84e-10 s                 ; 1.48e-10 s                 ; Yes                       ; No                        ;
; DRAM_DQ[4]    ; 3.3-V LVTTL  ; 0 s                 ; 0 s                 ; 3.63 V                       ; 4.72e-06 V                   ; 3.7 V               ; -0.49 V             ; 0.117 V                              ; 0.621 V                              ; 3.84e-10 s                  ; 1.48e-10 s                  ; Yes                        ; No                         ; 3.63 V                      ; 4.72e-06 V                  ; 3.7 V              ; -0.49 V            ; 0.117 V                             ; 0.621 V                             ; 3.84e-10 s                 ; 1.48e-10 s                 ; Yes                       ; No                        ;
; DRAM_DQ[5]    ; 3.3-V LVTTL  ; 0 s                 ; 0 s                 ; 3.63 V                       ; 4.72e-06 V                   ; 3.7 V               ; -0.49 V             ; 0.117 V                              ; 0.622 V                              ; 3.84e-10 s                  ; 1.48e-10 s                  ; Yes                        ; No                         ; 3.63 V                      ; 4.72e-06 V                  ; 3.7 V              ; -0.49 V            ; 0.117 V                             ; 0.622 V                             ; 3.84e-10 s                 ; 1.48e-10 s                 ; Yes                       ; No                        ;
; DRAM_DQ[6]    ; 3.3-V LVTTL  ; 0 s                 ; 0 s                 ; 3.63 V                       ; 3.63e-06 V                   ; 3.64 V              ; -0.326 V            ; 0.091 V                              ; 0.479 V                              ; 3.83e-10 s                  ; 1.5e-10 s                   ; Yes                        ; No                         ; 3.63 V                      ; 3.63e-06 V                  ; 3.64 V             ; -0.326 V           ; 0.091 V                             ; 0.479 V                             ; 3.83e-10 s                 ; 1.5e-10 s                  ; Yes                       ; No                        ;
; DRAM_DQ[7]    ; 3.3-V LVTTL  ; 0 s                 ; 0 s                 ; 3.63 V                       ; 4.94e-06 V                   ; 3.69 V              ; -0.414 V            ; 0.134 V                              ; 0.585 V                              ; 4.19e-10 s                  ; 1.53e-10 s                  ; Yes                        ; No                         ; 3.63 V                      ; 4.94e-06 V                  ; 3.69 V             ; -0.414 V           ; 0.134 V                             ; 0.585 V                             ; 4.19e-10 s                 ; 1.53e-10 s                 ; Yes                       ; No                        ;
; DRAM_DQ[8]    ; 3.3-V LVTTL  ; 0 s                 ; 0 s                 ; 3.63 V                       ; 4.72e-06 V                   ; 3.7 V               ; -0.49 V             ; 0.117 V                              ; 0.622 V                              ; 3.84e-10 s                  ; 1.48e-10 s                  ; Yes                        ; No                         ; 3.63 V                      ; 4.72e-06 V                  ; 3.7 V              ; -0.49 V            ; 0.117 V                             ; 0.622 V                             ; 3.84e-10 s                 ; 1.48e-10 s                 ; Yes                       ; No                        ;
; DRAM_DQ[9]    ; 3.3-V LVTTL  ; 0 s                 ; 0 s                 ; 3.63 V                       ; 4.72e-06 V                   ; 3.7 V               ; -0.49 V             ; 0.117 V                              ; 0.621 V                              ; 3.84e-10 s                  ; 1.48e-10 s                  ; Yes                        ; No                         ; 3.63 V                      ; 4.72e-06 V                  ; 3.7 V              ; -0.49 V            ; 0.117 V                             ; 0.621 V                             ; 3.84e-10 s                 ; 1.48e-10 s                 ; Yes                       ; No                        ;
; DRAM_DQ[10]   ; 3.3-V LVTTL  ; 0 s                 ; 0 s                 ; 3.63 V                       ; 4.72e-06 V                   ; 3.7 V               ; -0.49 V             ; 0.117 V                              ; 0.622 V                              ; 3.84e-10 s                  ; 1.48e-10 s                  ; Yes                        ; No                         ; 3.63 V                      ; 4.72e-06 V                  ; 3.7 V              ; -0.49 V            ; 0.117 V                             ; 0.622 V                             ; 3.84e-10 s                 ; 1.48e-10 s                 ; Yes                       ; No                        ;
; DRAM_DQ[11]   ; 3.3-V LVTTL  ; 0 s                 ; 0 s                 ; 3.63 V                       ; 4.72e-06 V                   ; 3.7 V               ; -0.49 V             ; 0.117 V                              ; 0.621 V                              ; 3.84e-10 s                  ; 1.48e-10 s                  ; Yes                        ; No                         ; 3.63 V                      ; 4.72e-06 V                  ; 3.7 V              ; -0.49 V            ; 0.117 V                             ; 0.621 V                             ; 3.84e-10 s                 ; 1.48e-10 s                 ; Yes                       ; No                        ;
; DRAM_DQ[12]   ; 3.3-V LVTTL  ; 0 s                 ; 0 s                 ; 3.63 V                       ; 4.72e-06 V                   ; 3.7 V               ; -0.49 V             ; 0.117 V                              ; 0.621 V                              ; 3.84e-10 s                  ; 1.48e-10 s                  ; Yes                        ; No                         ; 3.63 V                      ; 4.72e-06 V                  ; 3.7 V              ; -0.49 V            ; 0.117 V                             ; 0.621 V                             ; 3.84e-10 s                 ; 1.48e-10 s                 ; Yes                       ; No                        ;
; DRAM_DQ[13]   ; 3.3-V LVTTL  ; 0 s                 ; 0 s                 ; 3.63 V                       ; 4.72e-06 V                   ; 3.7 V               ; -0.49 V             ; 0.117 V                              ; 0.622 V                              ; 3.84e-10 s                  ; 1.48e-10 s                  ; Yes                        ; No                         ; 3.63 V                      ; 4.72e-06 V                  ; 3.7 V              ; -0.49 V            ; 0.117 V                             ; 0.622 V                             ; 3.84e-10 s                 ; 1.48e-10 s                 ; Yes                       ; No                        ;
; DRAM_DQ[14]   ; 3.3-V LVTTL  ; 0 s                 ; 0 s                 ; 3.63 V                       ; 4.72e-06 V                   ; 3.7 V               ; -0.49 V             ; 0.117 V                              ; 0.622 V                              ; 3.84e-10 s                  ; 1.48e-10 s                  ; Yes                        ; No                         ; 3.63 V                      ; 4.72e-06 V                  ; 3.7 V              ; -0.49 V            ; 0.117 V                             ; 0.622 V                             ; 3.84e-10 s                 ; 1.48e-10 s                 ; Yes                       ; No                        ;
; DRAM_DQ[15]   ; 3.3-V LVTTL  ; 0 s                 ; 0 s                 ; 3.63 V                       ; 4.72e-06 V                   ; 3.7 V               ; -0.49 V             ; 0.117 V                              ; 0.622 V                              ; 3.84e-10 s                  ; 1.48e-10 s                  ; Yes                        ; No                         ; 3.63 V                      ; 4.72e-06 V                  ; 3.7 V              ; -0.49 V            ; 0.117 V                             ; 0.622 V                             ; 3.84e-10 s                 ; 1.48e-10 s                 ; Yes                       ; No                        ;
; PS2_CLK       ; 3.3-V LVTTL  ; 0 s                 ; 0 s                 ; 3.63 V                       ; 4.94e-06 V                   ; 3.69 V              ; -0.414 V            ; 0.134 V                              ; 0.585 V                              ; 4.19e-10 s                  ; 1.53e-10 s                  ; Yes                        ; No                         ; 3.63 V                      ; 4.94e-06 V                  ; 3.69 V             ; -0.414 V           ; 0.134 V                             ; 0.585 V                             ; 4.19e-10 s                 ; 1.53e-10 s                 ; Yes                       ; No                        ;
; PS2_CLK2      ; 3.3-V LVTTL  ; 0 s                 ; 0 s                 ; 3.63 V                       ; 4.72e-06 V                   ; 3.7 V               ; -0.49 V             ; 0.117 V                              ; 0.622 V                              ; 3.84e-10 s                  ; 1.48e-10 s                  ; Yes                        ; No                         ; 3.63 V                      ; 4.72e-06 V                  ; 3.7 V              ; -0.49 V            ; 0.117 V                             ; 0.622 V                             ; 3.84e-10 s                 ; 1.48e-10 s                 ; Yes                       ; No                        ;
; PS2_DAT       ; 3.3-V LVTTL  ; 0 s                 ; 0 s                 ; 3.63 V                       ; 3.63e-06 V                   ; 3.64 V              ; -0.326 V            ; 0.091 V                              ; 0.479 V                              ; 3.83e-10 s                  ; 1.5e-10 s                   ; Yes                        ; No                         ; 3.63 V                      ; 3.63e-06 V                  ; 3.64 V             ; -0.326 V           ; 0.091 V                             ; 0.479 V                             ; 3.83e-10 s                 ; 1.5e-10 s                  ; Yes                       ; No                        ;
; PS2_DAT2      ; 3.3-V LVTTL  ; 0 s                 ; 0 s                 ; 3.63 V                       ; 4.72e-06 V                   ; 3.7 V               ; -0.49 V             ; 0.117 V                              ; 0.621 V                              ; 3.84e-10 s                  ; 1.48e-10 s                  ; Yes                        ; No                         ; 3.63 V                      ; 4.72e-06 V                  ; 3.7 V              ; -0.49 V            ; 0.117 V                             ; 0.621 V                             ; 3.84e-10 s                 ; 1.48e-10 s                 ; Yes                       ; No                        ;
; GPIO[0]       ; 3.3-V LVTTL  ; 0 s                 ; 0 s                 ; 3.63 V                       ; 4.94e-06 V                   ; 3.69 V              ; -0.414 V            ; 0.134 V                              ; 0.585 V                              ; 4.19e-10 s                  ; 1.53e-10 s                  ; Yes                        ; No                         ; 3.63 V                      ; 4.94e-06 V                  ; 3.69 V             ; -0.414 V           ; 0.134 V                             ; 0.585 V                             ; 4.19e-10 s                 ; 1.53e-10 s                 ; Yes                       ; No                        ;
; GPIO[1]       ; 3.3-V LVTTL  ; 0 s                 ; 0 s                 ; 3.63 V                       ; 4.94e-06 V                   ; 3.69 V              ; -0.414 V            ; 0.134 V                              ; 0.585 V                              ; 4.19e-10 s                  ; 1.53e-10 s                  ; Yes                        ; No                         ; 3.63 V                      ; 4.94e-06 V                  ; 3.69 V             ; -0.414 V           ; 0.134 V                             ; 0.585 V                             ; 4.19e-10 s                 ; 1.53e-10 s                 ; Yes                       ; No                        ;
; GPIO[2]       ; 3.3-V LVTTL  ; 0 s                 ; 0 s                 ; 3.63 V                       ; 3.63e-06 V                   ; 3.64 V              ; -0.326 V            ; 0.091 V                              ; 0.479 V                              ; 3.83e-10 s                  ; 1.5e-10 s                   ; Yes                        ; No                         ; 3.63 V                      ; 3.63e-06 V                  ; 3.64 V             ; -0.326 V           ; 0.091 V                             ; 0.479 V                             ; 3.83e-10 s                 ; 1.5e-10 s                  ; Yes                       ; No                        ;
; GPIO[6]       ; 3.3-V LVTTL  ; 0 s                 ; 0 s                 ; 3.63 V                       ; 4.72e-06 V                   ; 3.7 V               ; -0.49 V             ; 0.117 V                              ; 0.621 V                              ; 3.84e-10 s                  ; 1.48e-10 s                  ; Yes                        ; No                         ; 3.63 V                      ; 4.72e-06 V                  ; 3.7 V              ; -0.49 V            ; 0.117 V                             ; 0.621 V                             ; 3.84e-10 s                 ; 1.48e-10 s                 ; Yes                       ; No                        ;
; GPIO[7]       ; 3.3-V LVTTL  ; 0 s                 ; 0 s                 ; 3.63 V                       ; 4.72e-06 V                   ; 3.7 V               ; -0.49 V             ; 0.117 V                              ; 0.622 V                              ; 3.84e-10 s                  ; 1.48e-10 s                  ; Yes                        ; No                         ; 3.63 V                      ; 4.72e-06 V                  ; 3.7 V              ; -0.49 V            ; 0.117 V                             ; 0.622 V                             ; 3.84e-10 s                 ; 1.48e-10 s                 ; Yes                       ; No                        ;
; GPIO[8]       ; 3.3-V LVTTL  ; 0 s                 ; 0 s                 ; 3.63 V                       ; 4.94e-06 V                   ; 3.69 V              ; -0.414 V            ; 0.134 V                              ; 0.585 V                              ; 4.19e-10 s                  ; 1.53e-10 s                  ; Yes                        ; No                         ; 3.63 V                      ; 4.94e-06 V                  ; 3.69 V             ; -0.414 V           ; 0.134 V                             ; 0.585 V                             ; 4.19e-10 s                 ; 1.53e-10 s                 ; Yes                       ; No                        ;
; GPIO[9]       ; 3.3-V LVTTL  ; 0 s                 ; 0 s                 ; 3.63 V                       ; 4.72e-06 V                   ; 3.7 V               ; -0.49 V             ; 0.117 V                              ; 0.622 V                              ; 3.84e-10 s                  ; 1.48e-10 s                  ; Yes                        ; No                         ; 3.63 V                      ; 4.72e-06 V                  ; 3.7 V              ; -0.49 V            ; 0.117 V                             ; 0.622 V                             ; 3.84e-10 s                 ; 1.48e-10 s                 ; Yes                       ; No                        ;
; GPIO[10]      ; 3.3-V LVTTL  ; 0 s                 ; 0 s                 ; 3.63 V                       ; 4.72e-06 V                   ; 3.7 V               ; -0.49 V             ; 0.117 V                              ; 0.621 V                              ; 3.84e-10 s                  ; 1.48e-10 s                  ; Yes                        ; No                         ; 3.63 V                      ; 4.72e-06 V                  ; 3.7 V              ; -0.49 V            ; 0.117 V                             ; 0.621 V                             ; 3.84e-10 s                 ; 1.48e-10 s                 ; Yes                       ; No                        ;
; GPIO[11]      ; 3.3-V LVTTL  ; 0 s                 ; 0 s                 ; 3.63 V                       ; 4.72e-06 V                   ; 3.7 V               ; -0.49 V             ; 0.117 V                              ; 0.622 V                              ; 3.84e-10 s                  ; 1.48e-10 s                  ; Yes                        ; No                         ; 3.63 V                      ; 4.72e-06 V                  ; 3.7 V              ; -0.49 V            ; 0.117 V                             ; 0.622 V                             ; 3.84e-10 s                 ; 1.48e-10 s                 ; Yes                       ; No                        ;
; GPIO[12]      ; 3.3-V LVTTL  ; 0 s                 ; 0 s                 ; 3.63 V                       ; 4.72e-06 V                   ; 3.7 V               ; -0.49 V             ; 0.117 V                              ; 0.622 V                              ; 3.84e-10 s                  ; 1.48e-10 s                  ; Yes                        ; No                         ; 3.63 V                      ; 4.72e-06 V                  ; 3.7 V              ; -0.49 V            ; 0.117 V                             ; 0.622 V                             ; 3.84e-10 s                 ; 1.48e-10 s                 ; Yes                       ; No                        ;
; GPIO[13]      ; 3.3-V LVTTL  ; 0 s                 ; 0 s                 ; 3.63 V                       ; 4.72e-06 V                   ; 3.7 V               ; -0.49 V             ; 0.117 V                              ; 0.622 V                              ; 3.84e-10 s                  ; 1.48e-10 s                  ; Yes                        ; No                         ; 3.63 V                      ; 4.72e-06 V                  ; 3.7 V              ; -0.49 V            ; 0.117 V                             ; 0.622 V                             ; 3.84e-10 s                 ; 1.48e-10 s                 ; Yes                       ; No                        ;
; GPIO[14]      ; 3.3-V LVTTL  ; 0 s                 ; 0 s                 ; 3.63 V                       ; 4.72e-06 V                   ; 3.7 V               ; -0.49 V             ; 0.117 V                              ; 0.621 V                              ; 3.84e-10 s                  ; 1.48e-10 s                  ; Yes                        ; No                         ; 3.63 V                      ; 4.72e-06 V                  ; 3.7 V              ; -0.49 V            ; 0.117 V                             ; 0.621 V                             ; 3.84e-10 s                 ; 1.48e-10 s                 ; Yes                       ; No                        ;
; GPIO[15]      ; 3.3-V LVTTL  ; 0 s                 ; 0 s                 ; 3.63 V                       ; 4.72e-06 V                   ; 3.7 V               ; -0.49 V             ; 0.117 V                              ; 0.621 V                              ; 3.84e-10 s                  ; 1.48e-10 s                  ; Yes                        ; No                         ; 3.63 V                      ; 4.72e-06 V                  ; 3.7 V              ; -0.49 V            ; 0.117 V                             ; 0.621 V                             ; 3.84e-10 s                 ; 1.48e-10 s                 ; Yes                       ; No                        ;
; GPIO[16]      ; 3.3-V LVTTL  ; 0 s                 ; 0 s                 ; 3.63 V                       ; 3.63e-06 V                   ; 3.64 V              ; -0.326 V            ; 0.091 V                              ; 0.479 V                              ; 3.83e-10 s                  ; 1.5e-10 s                   ; Yes                        ; No                         ; 3.63 V                      ; 3.63e-06 V                  ; 3.64 V             ; -0.326 V           ; 0.091 V                             ; 0.479 V                             ; 3.83e-10 s                 ; 1.5e-10 s                  ; Yes                       ; No                        ;
; GPIO[17]      ; 3.3-V LVTTL  ; 0 s                 ; 0 s                 ; 3.63 V                       ; 3.63e-06 V                   ; 3.64 V              ; -0.326 V            ; 0.091 V                              ; 0.479 V                              ; 3.83e-10 s                  ; 1.5e-10 s                   ; Yes                        ; No                         ; 3.63 V                      ; 3.63e-06 V                  ; 3.64 V             ; -0.326 V           ; 0.091 V                             ; 0.479 V                             ; 3.83e-10 s                 ; 1.5e-10 s                  ; Yes                       ; No                        ;
; GPIO[18]      ; 3.3-V LVTTL  ; 0 s                 ; 0 s                 ; 3.63 V                       ; 4.94e-06 V                   ; 3.69 V              ; -0.414 V            ; 0.134 V                              ; 0.585 V                              ; 4.19e-10 s                  ; 1.53e-10 s                  ; Yes                        ; No                         ; 3.63 V                      ; 4.94e-06 V                  ; 3.69 V             ; -0.414 V           ; 0.134 V                             ; 0.585 V                             ; 4.19e-10 s                 ; 1.53e-10 s                 ; Yes                       ; No                        ;
; GPIO[19]      ; 3.3-V LVTTL  ; 0 s                 ; 0 s                 ; 3.63 V                       ; 4.94e-06 V                   ; 3.69 V              ; -0.414 V            ; 0.134 V                              ; 0.585 V                              ; 4.19e-10 s                  ; 1.53e-10 s                  ; Yes                        ; No                         ; 3.63 V                      ; 4.94e-06 V                  ; 3.69 V             ; -0.414 V           ; 0.134 V                             ; 0.585 V                             ; 4.19e-10 s                 ; 1.53e-10 s                 ; Yes                       ; No                        ;
; GPIO[20]      ; 3.3-V LVTTL  ; 0 s                 ; 0 s                 ; 3.63 V                       ; 4.72e-06 V                   ; 3.7 V               ; -0.49 V             ; 0.117 V                              ; 0.621 V                              ; 3.84e-10 s                  ; 1.48e-10 s                  ; Yes                        ; No                         ; 3.63 V                      ; 4.72e-06 V                  ; 3.7 V              ; -0.49 V            ; 0.117 V                             ; 0.621 V                             ; 3.84e-10 s                 ; 1.48e-10 s                 ; Yes                       ; No                        ;
; GPIO[21]      ; 3.3-V LVTTL  ; 0 s                 ; 0 s                 ; 3.63 V                       ; 4.72e-06 V                   ; 3.7 V               ; -0.49 V             ; 0.117 V                              ; 0.622 V                              ; 3.84e-10 s                  ; 1.48e-10 s                  ; Yes                        ; No                         ; 3.63 V                      ; 4.72e-06 V                  ; 3.7 V              ; -0.49 V            ; 0.117 V                             ; 0.622 V                             ; 3.84e-10 s                 ; 1.48e-10 s                 ; Yes                       ; No                        ;
; GPIO[22]      ; 3.3-V LVTTL  ; 0 s                 ; 0 s                 ; 3.63 V                       ; 3.63e-06 V                   ; 3.64 V              ; -0.326 V            ; 0.091 V                              ; 0.479 V                              ; 3.83e-10 s                  ; 1.5e-10 s                   ; Yes                        ; No                         ; 3.63 V                      ; 3.63e-06 V                  ; 3.64 V             ; -0.326 V           ; 0.091 V                             ; 0.479 V                             ; 3.83e-10 s                 ; 1.5e-10 s                  ; Yes                       ; No                        ;
; GPIO[23]      ; 3.3-V LVTTL  ; 0 s                 ; 0 s                 ; 3.63 V                       ; 4.72e-06 V                   ; 3.7 V               ; -0.49 V             ; 0.117 V                              ; 0.622 V                              ; 3.84e-10 s                  ; 1.48e-10 s                  ; Yes                        ; No                         ; 3.63 V                      ; 4.72e-06 V                  ; 3.7 V              ; -0.49 V            ; 0.117 V                             ; 0.622 V                             ; 3.84e-10 s                 ; 1.48e-10 s                 ; Yes                       ; No                        ;
; GPIO[24]      ; 3.3-V LVTTL  ; 0 s                 ; 0 s                 ; 3.63 V                       ; 3.63e-06 V                   ; 3.64 V              ; -0.326 V            ; 0.091 V                              ; 0.479 V                              ; 3.83e-10 s                  ; 1.5e-10 s                   ; Yes                        ; No                         ; 3.63 V                      ; 3.63e-06 V                  ; 3.64 V             ; -0.326 V           ; 0.091 V                             ; 0.479 V                             ; 3.83e-10 s                 ; 1.5e-10 s                  ; Yes                       ; No                        ;
; GPIO[25]      ; 3.3-V LVTTL  ; 0 s                 ; 0 s                 ; 3.63 V                       ; 4.94e-06 V                   ; 3.69 V              ; -0.414 V            ; 0.134 V                              ; 0.585 V                              ; 4.19e-10 s                  ; 1.53e-10 s                  ; Yes                        ; No                         ; 3.63 V                      ; 4.94e-06 V                  ; 3.69 V             ; -0.414 V           ; 0.134 V                             ; 0.585 V                             ; 4.19e-10 s                 ; 1.53e-10 s                 ; Yes                       ; No                        ;
; GPIO[26]      ; 3.3-V LVTTL  ; 0 s                 ; 0 s                 ; 3.63 V                       ; 4.94e-06 V                   ; 3.69 V              ; -0.414 V            ; 0.134 V                              ; 0.585 V                              ; 4.19e-10 s                  ; 1.53e-10 s                  ; Yes                        ; No                         ; 3.63 V                      ; 4.94e-06 V                  ; 3.69 V             ; -0.414 V           ; 0.134 V                             ; 0.585 V                             ; 4.19e-10 s                 ; 1.53e-10 s                 ; Yes                       ; No                        ;
; GPIO[27]      ; 3.3-V LVTTL  ; 0 s                 ; 0 s                 ; 3.63 V                       ; 3.63e-06 V                   ; 3.64 V              ; -0.326 V            ; 0.091 V                              ; 0.479 V                              ; 3.83e-10 s                  ; 1.5e-10 s                   ; Yes                        ; No                         ; 3.63 V                      ; 3.63e-06 V                  ; 3.64 V             ; -0.326 V           ; 0.091 V                             ; 0.479 V                             ; 3.83e-10 s                 ; 1.5e-10 s                  ; Yes                       ; No                        ;
; GPIO[28]      ; 3.3-V LVTTL  ; 0 s                 ; 0 s                 ; 3.63 V                       ; 4.94e-06 V                   ; 3.69 V              ; -0.414 V            ; 0.134 V                              ; 0.585 V                              ; 4.19e-10 s                  ; 1.53e-10 s                  ; Yes                        ; No                         ; 3.63 V                      ; 4.94e-06 V                  ; 3.69 V             ; -0.414 V           ; 0.134 V                             ; 0.585 V                             ; 4.19e-10 s                 ; 1.53e-10 s                 ; Yes                       ; No                        ;
; GPIO[29]      ; 3.3-V LVTTL  ; 0 s                 ; 0 s                 ; 3.63 V                       ; 3.63e-06 V                   ; 3.64 V              ; -0.326 V            ; 0.091 V                              ; 0.479 V                              ; 3.83e-10 s                  ; 1.5e-10 s                   ; Yes                        ; No                         ; 3.63 V                      ; 3.63e-06 V                  ; 3.64 V             ; -0.326 V           ; 0.091 V                             ; 0.479 V                             ; 3.83e-10 s                 ; 1.5e-10 s                  ; Yes                       ; No                        ;
; GPIO[30]      ; 3.3-V LVTTL  ; 0 s                 ; 0 s                 ; 3.63 V                       ; 4.94e-06 V                   ; 3.69 V              ; -0.414 V            ; 0.134 V                              ; 0.585 V                              ; 4.19e-10 s                  ; 1.53e-10 s                  ; Yes                        ; No                         ; 3.63 V                      ; 4.94e-06 V                  ; 3.69 V             ; -0.414 V           ; 0.134 V                             ; 0.585 V                             ; 4.19e-10 s                 ; 1.53e-10 s                 ; Yes                       ; No                        ;
; GPIO[31]      ; 3.3-V LVTTL  ; 0 s                 ; 0 s                 ; 3.63 V                       ; 4.94e-06 V                   ; 3.69 V              ; -0.414 V            ; 0.134 V                              ; 0.585 V                              ; 4.19e-10 s                  ; 1.53e-10 s                  ; Yes                        ; No                         ; 3.63 V                      ; 4.94e-06 V                  ; 3.69 V             ; -0.414 V           ; 0.134 V                             ; 0.585 V                             ; 4.19e-10 s                 ; 1.53e-10 s                 ; Yes                       ; No                        ;
; GPIO[32]      ; 3.3-V LVTTL  ; 0 s                 ; 0 s                 ; 3.63 V                       ; 3.63e-06 V                   ; 3.64 V              ; -0.326 V            ; 0.091 V                              ; 0.479 V                              ; 3.83e-10 s                  ; 1.5e-10 s                   ; Yes                        ; No                         ; 3.63 V                      ; 3.63e-06 V                  ; 3.64 V             ; -0.326 V           ; 0.091 V                             ; 0.479 V                             ; 3.83e-10 s                 ; 1.5e-10 s                  ; Yes                       ; No                        ;
; GPIO[33]      ; 3.3-V LVTTL  ; 0 s                 ; 0 s                 ; 3.63 V                       ; 3.63e-06 V                   ; 3.64 V              ; -0.326 V            ; 0.091 V                              ; 0.479 V                              ; 3.83e-10 s                  ; 1.5e-10 s                   ; Yes                        ; No                         ; 3.63 V                      ; 3.63e-06 V                  ; 3.64 V             ; -0.326 V           ; 0.091 V                             ; 0.479 V                             ; 3.83e-10 s                 ; 1.5e-10 s                  ; Yes                       ; No                        ;
; GPIO[34]      ; 3.3-V LVTTL  ; 0 s                 ; 0 s                 ; 3.63 V                       ; 4.72e-06 V                   ; 3.7 V               ; -0.49 V             ; 0.117 V                              ; 0.622 V                              ; 3.84e-10 s                  ; 1.48e-10 s                  ; Yes                        ; No                         ; 3.63 V                      ; 4.72e-06 V                  ; 3.7 V              ; -0.49 V            ; 0.117 V                             ; 0.622 V                             ; 3.84e-10 s                 ; 1.48e-10 s                 ; Yes                       ; No                        ;
; GPIO[35]      ; 3.3-V LVTTL  ; 0 s                 ; 0 s                 ; 3.63 V                       ; 4.72e-06 V                   ; 3.7 V               ; -0.49 V             ; 0.117 V                              ; 0.621 V                              ; 3.84e-10 s                  ; 1.48e-10 s                  ; Yes                        ; No                         ; 3.63 V                      ; 4.72e-06 V                  ; 3.7 V              ; -0.49 V            ; 0.117 V                             ; 0.621 V                             ; 3.84e-10 s                 ; 1.48e-10 s                 ; Yes                       ; No                        ;
+---------------+--------------+---------------------+---------------------+------------------------------+------------------------------+---------------------+---------------------+--------------------------------------+--------------------------------------+-----------------------------+-----------------------------+----------------------------+----------------------------+-----------------------------+-----------------------------+--------------------+--------------------+-------------------------------------+-------------------------------------+----------------------------+----------------------------+---------------------------+---------------------------+


+--------------------------------------------------------------------------------------------------------------------------------------------------------------------------------------------------------------------------------------------------------------------------------------------------------------------------------------------------------------------------------------------------------------------------------------------------------------------------------------------------------------------------------------------------------------------------------------------------------------------------------------------------------------------------------------------+
; Signal Integrity Metrics (Fast 1100mv 85c Model)                                                                                                                                                                                                                                                                                                                                                                                                                                                                                                                                                                                                                                           ;
+---------------+--------------+---------------------+---------------------+------------------------------+------------------------------+---------------------+---------------------+--------------------------------------+--------------------------------------+-----------------------------+-----------------------------+----------------------------+----------------------------+-----------------------------+-----------------------------+--------------------+--------------------+-------------------------------------+-------------------------------------+----------------------------+----------------------------+---------------------------+---------------------------+
; Pin           ; I/O Standard ; Board Delay on Rise ; Board Delay on Fall ; Steady State Voh at FPGA Pin ; Steady State Vol at FPGA Pin ; Voh Max at FPGA Pin ; Vol Min at FPGA Pin ; Ringback Voltage on Rise at FPGA Pin ; Ringback Voltage on Fall at FPGA Pin ; 10-90 Rise Time at FPGA Pin ; 90-10 Fall Time at FPGA Pin ; Monotonic Rise at FPGA Pin ; Monotonic Fall at FPGA Pin ; Steady State Voh at Far-end ; Steady State Vol at Far-end ; Voh Max at Far-end ; Vol Min at Far-end ; Ringback Voltage on Rise at Far-end ; Ringback Voltage on Fall at Far-end ; 10-90 Rise Time at Far-end ; 90-10 Fall Time at Far-end ; Monotonic Rise at Far-end ; Monotonic Fall at Far-end ;
+---------------+--------------+---------------------+---------------------+------------------------------+------------------------------+---------------------+---------------------+--------------------------------------+--------------------------------------+-----------------------------+-----------------------------+----------------------------+----------------------------+-----------------------------+-----------------------------+--------------------+--------------------+-------------------------------------+-------------------------------------+----------------------------+----------------------------+---------------------------+---------------------------+
; AUD_DACDAT    ; 3.3-V LVTTL  ; 0 s                 ; 0 s                 ; 3.63 V                       ; 0.000238 V                   ; 3.64 V              ; -0.254 V            ; 0.052 V                              ; 0.543 V                              ; 4.59e-10 s                  ; 1.96e-10 s                  ; Yes                        ; No                         ; 3.63 V                      ; 0.000238 V                  ; 3.64 V             ; -0.254 V           ; 0.052 V                             ; 0.543 V                             ; 4.59e-10 s                 ; 1.96e-10 s                 ; Yes                       ; No                        ;
; AUD_XCK       ; 3.3-V LVTTL  ; 0 s                 ; 0 s                 ; 3.63 V                       ; 0.000229 V                   ; 3.65 V              ; -0.316 V            ; 0.041 V                              ; 0.53 V                               ; 4.29e-10 s                  ; 1.87e-10 s                  ; Yes                        ; No                         ; 3.63 V                      ; 0.000229 V                  ; 3.65 V             ; -0.316 V           ; 0.041 V                             ; 0.53 V                              ; 4.29e-10 s                 ; 1.87e-10 s                 ; Yes                       ; No                        ;
; FPGA_I2C_SCLK ; 3.3-V LVTTL  ; 0 s                 ; 0 s                 ; 3.63 V                       ; 0.000184 V                   ; 3.64 V              ; -0.19 V             ; 0.019 V                              ; 0.425 V                              ; 4.44e-10 s                  ; 1.91e-10 s                  ; Yes                        ; No                         ; 3.63 V                      ; 0.000184 V                  ; 3.64 V             ; -0.19 V            ; 0.019 V                             ; 0.425 V                             ; 4.44e-10 s                 ; 1.91e-10 s                 ; Yes                       ; No                        ;
; LEDR[0]       ; 3.3-V LVTTL  ; 0 s                 ; 0 s                 ; 3.63 V                       ; 0.000238 V                   ; 3.64 V              ; -0.254 V            ; 0.052 V                              ; 0.543 V                              ; 4.59e-10 s                  ; 1.96e-10 s                  ; Yes                        ; No                         ; 3.63 V                      ; 0.000238 V                  ; 3.64 V             ; -0.254 V           ; 0.052 V                             ; 0.543 V                             ; 4.59e-10 s                 ; 1.96e-10 s                 ; Yes                       ; No                        ;
; LEDR[1]       ; 3.3-V LVTTL  ; 0 s                 ; 0 s                 ; 3.63 V                       ; 0.000184 V                   ; 3.64 V              ; -0.19 V             ; 0.019 V                              ; 0.425 V                              ; 4.44e-10 s                  ; 1.91e-10 s                  ; Yes                        ; No                         ; 3.63 V                      ; 0.000184 V                  ; 3.64 V             ; -0.19 V            ; 0.019 V                             ; 0.425 V                             ; 4.44e-10 s                 ; 1.91e-10 s                 ; Yes                       ; No                        ;
; LEDR[5]       ; 3.3-V LVTTL  ; 0 s                 ; 0 s                 ; 3.63 V                       ; 0.000184 V                   ; 3.64 V              ; -0.19 V             ; 0.019 V                              ; 0.425 V                              ; 4.44e-10 s                  ; 1.91e-10 s                  ; Yes                        ; No                         ; 3.63 V                      ; 0.000184 V                  ; 3.64 V             ; -0.19 V            ; 0.019 V                             ; 0.425 V                             ; 4.44e-10 s                 ; 1.91e-10 s                 ; Yes                       ; No                        ;
; LEDR[9]       ; 3.3-V LVTTL  ; 0 s                 ; 0 s                 ; 3.63 V                       ; 0.000184 V                   ; 3.64 V              ; -0.19 V             ; 0.019 V                              ; 0.425 V                              ; 4.44e-10 s                  ; 1.91e-10 s                  ; Yes                        ; No                         ; 3.63 V                      ; 0.000184 V                  ; 3.64 V             ; -0.19 V            ; 0.019 V                             ; 0.425 V                             ; 4.44e-10 s                 ; 1.91e-10 s                 ; Yes                       ; No                        ;
; HEX0[0]       ; 3.3-V LVTTL  ; 0 s                 ; 0 s                 ; 3.63 V                       ; 0.000229 V                   ; 3.65 V              ; -0.316 V            ; 0.041 V                              ; 0.53 V                               ; 4.29e-10 s                  ; 1.87e-10 s                  ; Yes                        ; No                         ; 3.63 V                      ; 0.000229 V                  ; 3.65 V             ; -0.316 V           ; 0.041 V                             ; 0.53 V                              ; 4.29e-10 s                 ; 1.87e-10 s                 ; Yes                       ; No                        ;
; HEX0[1]       ; 3.3-V LVTTL  ; 0 s                 ; 0 s                 ; 3.63 V                       ; 0.000229 V                   ; 3.65 V              ; -0.316 V            ; 0.041 V                              ; 0.53 V                               ; 4.29e-10 s                  ; 1.87e-10 s                  ; Yes                        ; No                         ; 3.63 V                      ; 0.000229 V                  ; 3.65 V             ; -0.316 V           ; 0.041 V                             ; 0.53 V                              ; 4.29e-10 s                 ; 1.87e-10 s                 ; Yes                       ; No                        ;
; HEX0[2]       ; 3.3-V LVTTL  ; 0 s                 ; 0 s                 ; 3.63 V                       ; 0.000229 V                   ; 3.65 V              ; -0.319 V            ; 0.041 V                              ; 0.528 V                              ; 4.29e-10 s                  ; 1.87e-10 s                  ; Yes                        ; No                         ; 3.63 V                      ; 0.000229 V                  ; 3.65 V             ; -0.319 V           ; 0.041 V                             ; 0.528 V                             ; 4.29e-10 s                 ; 1.87e-10 s                 ; Yes                       ; No                        ;
; HEX0[3]       ; 3.3-V LVTTL  ; 0 s                 ; 0 s                 ; 3.63 V                       ; 0.000229 V                   ; 3.65 V              ; -0.316 V            ; 0.041 V                              ; 0.53 V                               ; 4.29e-10 s                  ; 1.87e-10 s                  ; Yes                        ; No                         ; 3.63 V                      ; 0.000229 V                  ; 3.65 V             ; -0.316 V           ; 0.041 V                             ; 0.53 V                              ; 4.29e-10 s                 ; 1.87e-10 s                 ; Yes                       ; No                        ;
; HEX0[4]       ; 3.3-V LVTTL  ; 0 s                 ; 0 s                 ; 3.63 V                       ; 0.000229 V                   ; 3.65 V              ; -0.319 V            ; 0.041 V                              ; 0.528 V                              ; 4.29e-10 s                  ; 1.87e-10 s                  ; Yes                        ; No                         ; 3.63 V                      ; 0.000229 V                  ; 3.65 V             ; -0.319 V           ; 0.041 V                             ; 0.528 V                             ; 4.29e-10 s                 ; 1.87e-10 s                 ; Yes                       ; No                        ;
; HEX0[5]       ; 3.3-V LVTTL  ; 0 s                 ; 0 s                 ; 3.63 V                       ; 0.000229 V                   ; 3.65 V              ; -0.316 V            ; 0.041 V                              ; 0.53 V                               ; 4.29e-10 s                  ; 1.87e-10 s                  ; Yes                        ; No                         ; 3.63 V                      ; 0.000229 V                  ; 3.65 V             ; -0.316 V           ; 0.041 V                             ; 0.53 V                              ; 4.29e-10 s                 ; 1.87e-10 s                 ; Yes                       ; No                        ;
; HEX0[6]       ; 3.3-V LVTTL  ; 0 s                 ; 0 s                 ; 3.63 V                       ; 0.000229 V                   ; 3.65 V              ; -0.319 V            ; 0.041 V                              ; 0.528 V                              ; 4.29e-10 s                  ; 1.87e-10 s                  ; Yes                        ; No                         ; 3.63 V                      ; 0.000229 V                  ; 3.65 V             ; -0.319 V           ; 0.041 V                             ; 0.528 V                             ; 4.29e-10 s                 ; 1.87e-10 s                 ; Yes                       ; No                        ;
; HEX1[0]       ; 3.3-V LVTTL  ; 0 s                 ; 0 s                 ; 3.63 V                       ; 0.000229 V                   ; 3.65 V              ; -0.316 V            ; 0.041 V                              ; 0.53 V                               ; 4.29e-10 s                  ; 1.87e-10 s                  ; Yes                        ; No                         ; 3.63 V                      ; 0.000229 V                  ; 3.65 V             ; -0.316 V           ; 0.041 V                             ; 0.53 V                              ; 4.29e-10 s                 ; 1.87e-10 s                 ; Yes                       ; No                        ;
; HEX1[1]       ; 3.3-V LVTTL  ; 0 s                 ; 0 s                 ; 3.63 V                       ; 0.000229 V                   ; 3.65 V              ; -0.319 V            ; 0.041 V                              ; 0.528 V                              ; 4.29e-10 s                  ; 1.87e-10 s                  ; Yes                        ; No                         ; 3.63 V                      ; 0.000229 V                  ; 3.65 V             ; -0.319 V           ; 0.041 V                             ; 0.528 V                             ; 4.29e-10 s                 ; 1.87e-10 s                 ; Yes                       ; No                        ;
; HEX1[2]       ; 3.3-V LVTTL  ; 0 s                 ; 0 s                 ; 3.63 V                       ; 0.000229 V                   ; 3.65 V              ; -0.316 V            ; 0.041 V                              ; 0.53 V                               ; 4.29e-10 s                  ; 1.87e-10 s                  ; Yes                        ; No                         ; 3.63 V                      ; 0.000229 V                  ; 3.65 V             ; -0.316 V           ; 0.041 V                             ; 0.53 V                              ; 4.29e-10 s                 ; 1.87e-10 s                 ; Yes                       ; No                        ;
; HEX1[3]       ; 3.3-V LVTTL  ; 0 s                 ; 0 s                 ; 3.63 V                       ; 0.000229 V                   ; 3.65 V              ; -0.319 V            ; 0.041 V                              ; 0.528 V                              ; 4.29e-10 s                  ; 1.87e-10 s                  ; Yes                        ; No                         ; 3.63 V                      ; 0.000229 V                  ; 3.65 V             ; -0.319 V           ; 0.041 V                             ; 0.528 V                             ; 4.29e-10 s                 ; 1.87e-10 s                 ; Yes                       ; No                        ;
; HEX1[4]       ; 3.3-V LVTTL  ; 0 s                 ; 0 s                 ; 3.63 V                       ; 0.000229 V                   ; 3.65 V              ; -0.316 V            ; 0.041 V                              ; 0.53 V                               ; 4.29e-10 s                  ; 1.87e-10 s                  ; Yes                        ; No                         ; 3.63 V                      ; 0.000229 V                  ; 3.65 V             ; -0.316 V           ; 0.041 V                             ; 0.53 V                              ; 4.29e-10 s                 ; 1.87e-10 s                 ; Yes                       ; No                        ;
; HEX1[5]       ; 3.3-V LVTTL  ; 0 s                 ; 0 s                 ; 3.63 V                       ; 0.000229 V                   ; 3.65 V              ; -0.319 V            ; 0.041 V                              ; 0.528 V                              ; 4.29e-10 s                  ; 1.87e-10 s                  ; Yes                        ; No                         ; 3.63 V                      ; 0.000229 V                  ; 3.65 V             ; -0.319 V           ; 0.041 V                             ; 0.528 V                             ; 4.29e-10 s                 ; 1.87e-10 s                 ; Yes                       ; No                        ;
; HEX1[6]       ; 3.3-V LVTTL  ; 0 s                 ; 0 s                 ; 3.63 V                       ; 0.000229 V                   ; 3.65 V              ; -0.319 V            ; 0.041 V                              ; 0.528 V                              ; 4.29e-10 s                  ; 1.87e-10 s                  ; Yes                        ; No                         ; 3.63 V                      ; 0.000229 V                  ; 3.65 V             ; -0.319 V           ; 0.041 V                             ; 0.528 V                             ; 4.29e-10 s                 ; 1.87e-10 s                 ; Yes                       ; No                        ;
; HEX2[0]       ; 3.3-V LVTTL  ; 0 s                 ; 0 s                 ; 3.63 V                       ; 0.000184 V                   ; 3.64 V              ; -0.19 V             ; 0.019 V                              ; 0.425 V                              ; 4.44e-10 s                  ; 1.91e-10 s                  ; Yes                        ; No                         ; 3.63 V                      ; 0.000184 V                  ; 3.64 V             ; -0.19 V            ; 0.019 V                             ; 0.425 V                             ; 4.44e-10 s                 ; 1.91e-10 s                 ; Yes                       ; No                        ;
; HEX2[1]       ; 3.3-V LVTTL  ; 0 s                 ; 0 s                 ; 3.63 V                       ; 0.000229 V                   ; 3.65 V              ; -0.316 V            ; 0.041 V                              ; 0.53 V                               ; 4.29e-10 s                  ; 1.87e-10 s                  ; Yes                        ; No                         ; 3.63 V                      ; 0.000229 V                  ; 3.65 V             ; -0.316 V           ; 0.041 V                             ; 0.53 V                              ; 4.29e-10 s                 ; 1.87e-10 s                 ; Yes                       ; No                        ;
; HEX2[2]       ; 3.3-V LVTTL  ; 0 s                 ; 0 s                 ; 3.63 V                       ; 0.000229 V                   ; 3.65 V              ; -0.319 V            ; 0.041 V                              ; 0.528 V                              ; 4.29e-10 s                  ; 1.87e-10 s                  ; Yes                        ; No                         ; 3.63 V                      ; 0.000229 V                  ; 3.65 V             ; -0.319 V           ; 0.041 V                             ; 0.528 V                             ; 4.29e-10 s                 ; 1.87e-10 s                 ; Yes                       ; No                        ;
; HEX2[3]       ; 3.3-V LVTTL  ; 0 s                 ; 0 s                 ; 3.63 V                       ; 0.000229 V                   ; 3.65 V              ; -0.316 V            ; 0.041 V                              ; 0.53 V                               ; 4.29e-10 s                  ; 1.87e-10 s                  ; Yes                        ; No                         ; 3.63 V                      ; 0.000229 V                  ; 3.65 V             ; -0.316 V           ; 0.041 V                             ; 0.53 V                              ; 4.29e-10 s                 ; 1.87e-10 s                 ; Yes                       ; No                        ;
; HEX2[4]       ; 3.3-V LVTTL  ; 0 s                 ; 0 s                 ; 3.63 V                       ; 0.000229 V                   ; 3.65 V              ; -0.316 V            ; 0.041 V                              ; 0.53 V                               ; 4.29e-10 s                  ; 1.87e-10 s                  ; Yes                        ; No                         ; 3.63 V                      ; 0.000229 V                  ; 3.65 V             ; -0.316 V           ; 0.041 V                             ; 0.53 V                              ; 4.29e-10 s                 ; 1.87e-10 s                 ; Yes                       ; No                        ;
; HEX2[5]       ; 3.3-V LVTTL  ; 0 s                 ; 0 s                 ; 3.63 V                       ; 0.000229 V                   ; 3.65 V              ; -0.319 V            ; 0.041 V                              ; 0.528 V                              ; 4.29e-10 s                  ; 1.87e-10 s                  ; Yes                        ; No                         ; 3.63 V                      ; 0.000229 V                  ; 3.65 V             ; -0.319 V           ; 0.041 V                             ; 0.528 V                             ; 4.29e-10 s                 ; 1.87e-10 s                 ; Yes                       ; No                        ;
; HEX2[6]       ; 3.3-V LVTTL  ; 0 s                 ; 0 s                 ; 3.63 V                       ; 0.000229 V                   ; 3.65 V              ; -0.319 V            ; 0.041 V                              ; 0.528 V                              ; 4.29e-10 s                  ; 1.87e-10 s                  ; Yes                        ; No                         ; 3.63 V                      ; 0.000229 V                  ; 3.65 V             ; -0.319 V           ; 0.041 V                             ; 0.528 V                             ; 4.29e-10 s                 ; 1.87e-10 s                 ; Yes                       ; No                        ;
; HEX3[0]       ; 3.3-V LVTTL  ; 0 s                 ; 0 s                 ; 3.63 V                       ; 0.000238 V                   ; 3.64 V              ; -0.254 V            ; 0.052 V                              ; 0.543 V                              ; 4.59e-10 s                  ; 1.96e-10 s                  ; Yes                        ; No                         ; 3.63 V                      ; 0.000238 V                  ; 3.64 V             ; -0.254 V           ; 0.052 V                             ; 0.543 V                             ; 4.59e-10 s                 ; 1.96e-10 s                 ; Yes                       ; No                        ;
; HEX3[1]       ; 3.3-V LVTTL  ; 0 s                 ; 0 s                 ; 3.63 V                       ; 0.000184 V                   ; 3.64 V              ; -0.19 V             ; 0.019 V                              ; 0.425 V                              ; 4.44e-10 s                  ; 1.91e-10 s                  ; Yes                        ; No                         ; 3.63 V                      ; 0.000184 V                  ; 3.64 V             ; -0.19 V            ; 0.019 V                             ; 0.425 V                             ; 4.44e-10 s                 ; 1.91e-10 s                 ; Yes                       ; No                        ;
; HEX3[2]       ; 3.3-V LVTTL  ; 0 s                 ; 0 s                 ; 3.63 V                       ; 0.000238 V                   ; 3.64 V              ; -0.254 V            ; 0.052 V                              ; 0.543 V                              ; 4.59e-10 s                  ; 1.96e-10 s                  ; Yes                        ; No                         ; 3.63 V                      ; 0.000238 V                  ; 3.64 V             ; -0.254 V           ; 0.052 V                             ; 0.543 V                             ; 4.59e-10 s                 ; 1.96e-10 s                 ; Yes                       ; No                        ;
; HEX3[3]       ; 3.3-V LVTTL  ; 0 s                 ; 0 s                 ; 3.63 V                       ; 0.000184 V                   ; 3.64 V              ; -0.19 V             ; 0.019 V                              ; 0.425 V                              ; 4.44e-10 s                  ; 1.91e-10 s                  ; Yes                        ; No                         ; 3.63 V                      ; 0.000184 V                  ; 3.64 V             ; -0.19 V            ; 0.019 V                             ; 0.425 V                             ; 4.44e-10 s                 ; 1.91e-10 s                 ; Yes                       ; No                        ;
; HEX3[4]       ; 3.3-V LVTTL  ; 0 s                 ; 0 s                 ; 3.63 V                       ; 0.000229 V                   ; 3.65 V              ; -0.316 V            ; 0.041 V                              ; 0.53 V                               ; 4.29e-10 s                  ; 1.87e-10 s                  ; Yes                        ; No                         ; 3.63 V                      ; 0.000229 V                  ; 3.65 V             ; -0.316 V           ; 0.041 V                             ; 0.53 V                              ; 4.29e-10 s                 ; 1.87e-10 s                 ; Yes                       ; No                        ;
; HEX3[5]       ; 3.3-V LVTTL  ; 0 s                 ; 0 s                 ; 3.63 V                       ; 0.000184 V                   ; 3.64 V              ; -0.19 V             ; 0.019 V                              ; 0.425 V                              ; 4.44e-10 s                  ; 1.91e-10 s                  ; Yes                        ; No                         ; 3.63 V                      ; 0.000184 V                  ; 3.64 V             ; -0.19 V            ; 0.019 V                             ; 0.425 V                             ; 4.44e-10 s                 ; 1.91e-10 s                 ; Yes                       ; No                        ;
; HEX3[6]       ; 3.3-V LVTTL  ; 0 s                 ; 0 s                 ; 3.63 V                       ; 0.000238 V                   ; 3.64 V              ; -0.254 V            ; 0.052 V                              ; 0.543 V                              ; 4.59e-10 s                  ; 1.96e-10 s                  ; Yes                        ; No                         ; 3.63 V                      ; 0.000238 V                  ; 3.64 V             ; -0.254 V           ; 0.052 V                             ; 0.543 V                             ; 4.59e-10 s                 ; 1.96e-10 s                 ; Yes                       ; No                        ;
; HEX4[0]       ; 3.3-V LVTTL  ; 0 s                 ; 0 s                 ; 3.63 V                       ; 0.000238 V                   ; 3.64 V              ; -0.254 V            ; 0.052 V                              ; 0.543 V                              ; 4.59e-10 s                  ; 1.96e-10 s                  ; Yes                        ; No                         ; 3.63 V                      ; 0.000238 V                  ; 3.64 V             ; -0.254 V           ; 0.052 V                             ; 0.543 V                             ; 4.59e-10 s                 ; 1.96e-10 s                 ; Yes                       ; No                        ;
; HEX4[1]       ; 3.3-V LVTTL  ; 0 s                 ; 0 s                 ; 3.63 V                       ; 0.000238 V                   ; 3.64 V              ; -0.254 V            ; 0.052 V                              ; 0.543 V                              ; 4.59e-10 s                  ; 1.96e-10 s                  ; Yes                        ; No                         ; 3.63 V                      ; 0.000238 V                  ; 3.64 V             ; -0.254 V           ; 0.052 V                             ; 0.543 V                             ; 4.59e-10 s                 ; 1.96e-10 s                 ; Yes                       ; No                        ;
; HEX4[2]       ; 3.3-V LVTTL  ; 0 s                 ; 0 s                 ; 3.63 V                       ; 0.000184 V                   ; 3.64 V              ; -0.19 V             ; 0.019 V                              ; 0.425 V                              ; 4.44e-10 s                  ; 1.91e-10 s                  ; Yes                        ; No                         ; 3.63 V                      ; 0.000184 V                  ; 3.64 V             ; -0.19 V            ; 0.019 V                             ; 0.425 V                             ; 4.44e-10 s                 ; 1.91e-10 s                 ; Yes                       ; No                        ;
; HEX4[3]       ; 3.3-V LVTTL  ; 0 s                 ; 0 s                 ; 3.63 V                       ; 0.000184 V                   ; 3.64 V              ; -0.19 V             ; 0.019 V                              ; 0.425 V                              ; 4.44e-10 s                  ; 1.91e-10 s                  ; Yes                        ; No                         ; 3.63 V                      ; 0.000184 V                  ; 3.64 V             ; -0.19 V            ; 0.019 V                             ; 0.425 V                             ; 4.44e-10 s                 ; 1.91e-10 s                 ; Yes                       ; No                        ;
; HEX4[4]       ; 3.3-V LVTTL  ; 0 s                 ; 0 s                 ; 3.63 V                       ; 0.000184 V                   ; 3.64 V              ; -0.19 V             ; 0.019 V                              ; 0.425 V                              ; 4.44e-10 s                  ; 1.91e-10 s                  ; Yes                        ; No                         ; 3.63 V                      ; 0.000184 V                  ; 3.64 V             ; -0.19 V            ; 0.019 V                             ; 0.425 V                             ; 4.44e-10 s                 ; 1.91e-10 s                 ; Yes                       ; No                        ;
; HEX4[5]       ; 3.3-V LVTTL  ; 0 s                 ; 0 s                 ; 3.63 V                       ; 0.000238 V                   ; 3.64 V              ; -0.254 V            ; 0.052 V                              ; 0.543 V                              ; 4.59e-10 s                  ; 1.96e-10 s                  ; Yes                        ; No                         ; 3.63 V                      ; 0.000238 V                  ; 3.64 V             ; -0.254 V           ; 0.052 V                             ; 0.543 V                             ; 4.59e-10 s                 ; 1.96e-10 s                 ; Yes                       ; No                        ;
; HEX4[6]       ; 3.3-V LVTTL  ; 0 s                 ; 0 s                 ; 3.63 V                       ; 0.000238 V                   ; 3.64 V              ; -0.254 V            ; 0.052 V                              ; 0.543 V                              ; 4.59e-10 s                  ; 1.96e-10 s                  ; Yes                        ; No                         ; 3.63 V                      ; 0.000238 V                  ; 3.64 V             ; -0.254 V           ; 0.052 V                             ; 0.543 V                             ; 4.59e-10 s                 ; 1.96e-10 s                 ; Yes                       ; No                        ;
; HEX5[0]       ; 3.3-V LVTTL  ; 0 s                 ; 0 s                 ; 3.63 V                       ; 0.000184 V                   ; 3.64 V              ; -0.19 V             ; 0.019 V                              ; 0.425 V                              ; 4.44e-10 s                  ; 1.91e-10 s                  ; Yes                        ; No                         ; 3.63 V                      ; 0.000184 V                  ; 3.64 V             ; -0.19 V            ; 0.019 V                             ; 0.425 V                             ; 4.44e-10 s                 ; 1.91e-10 s                 ; Yes                       ; No                        ;
; HEX5[1]       ; 3.3-V LVTTL  ; 0 s                 ; 0 s                 ; 3.63 V                       ; 0.000229 V                   ; 3.65 V              ; -0.319 V            ; 0.041 V                              ; 0.528 V                              ; 4.29e-10 s                  ; 1.87e-10 s                  ; Yes                        ; No                         ; 3.63 V                      ; 0.000229 V                  ; 3.65 V             ; -0.319 V           ; 0.041 V                             ; 0.528 V                             ; 4.29e-10 s                 ; 1.87e-10 s                 ; Yes                       ; No                        ;
; HEX5[2]       ; 3.3-V LVTTL  ; 0 s                 ; 0 s                 ; 3.63 V                       ; 0.000184 V                   ; 3.64 V              ; -0.19 V             ; 0.019 V                              ; 0.425 V                              ; 4.44e-10 s                  ; 1.91e-10 s                  ; Yes                        ; No                         ; 3.63 V                      ; 0.000184 V                  ; 3.64 V             ; -0.19 V            ; 0.019 V                             ; 0.425 V                             ; 4.44e-10 s                 ; 1.91e-10 s                 ; Yes                       ; No                        ;
; HEX5[3]       ; 3.3-V LVTTL  ; 0 s                 ; 0 s                 ; 3.63 V                       ; 0.000184 V                   ; 3.64 V              ; -0.19 V             ; 0.019 V                              ; 0.425 V                              ; 4.44e-10 s                  ; 1.91e-10 s                  ; Yes                        ; No                         ; 3.63 V                      ; 0.000184 V                  ; 3.64 V             ; -0.19 V            ; 0.019 V                             ; 0.425 V                             ; 4.44e-10 s                 ; 1.91e-10 s                 ; Yes                       ; No                        ;
; HEX5[4]       ; 3.3-V LVTTL  ; 0 s                 ; 0 s                 ; 3.63 V                       ; 0.000229 V                   ; 3.65 V              ; -0.319 V            ; 0.041 V                              ; 0.528 V                              ; 4.29e-10 s                  ; 1.87e-10 s                  ; Yes                        ; No                         ; 3.63 V                      ; 0.000229 V                  ; 3.65 V             ; -0.319 V           ; 0.041 V                             ; 0.528 V                             ; 4.29e-10 s                 ; 1.87e-10 s                 ; Yes                       ; No                        ;
; HEX5[5]       ; 3.3-V LVTTL  ; 0 s                 ; 0 s                 ; 3.63 V                       ; 0.000238 V                   ; 3.64 V              ; -0.254 V            ; 0.052 V                              ; 0.543 V                              ; 4.59e-10 s                  ; 1.96e-10 s                  ; Yes                        ; No                         ; 3.63 V                      ; 0.000238 V                  ; 3.64 V             ; -0.254 V           ; 0.052 V                             ; 0.543 V                             ; 4.59e-10 s                 ; 1.96e-10 s                 ; Yes                       ; No                        ;
; HEX5[6]       ; 3.3-V LVTTL  ; 0 s                 ; 0 s                 ; 3.63 V                       ; 0.000229 V                   ; 3.65 V              ; -0.316 V            ; 0.041 V                              ; 0.53 V                               ; 4.29e-10 s                  ; 1.87e-10 s                  ; Yes                        ; No                         ; 3.63 V                      ; 0.000229 V                  ; 3.65 V             ; -0.316 V           ; 0.041 V                             ; 0.53 V                              ; 4.29e-10 s                 ; 1.87e-10 s                 ; Yes                       ; No                        ;
; LEDR[2]       ; 3.3-V LVTTL  ; 0 s                 ; 0 s                 ; 3.63 V                       ; 0.000238 V                   ; 3.64 V              ; -0.254 V            ; 0.052 V                              ; 0.543 V                              ; 4.59e-10 s                  ; 1.96e-10 s                  ; Yes                        ; No                         ; 3.63 V                      ; 0.000238 V                  ; 3.64 V             ; -0.254 V           ; 0.052 V                             ; 0.543 V                             ; 4.59e-10 s                 ; 1.96e-10 s                 ; Yes                       ; No                        ;
; LEDR[3]       ; 3.3-V LVTTL  ; 0 s                 ; 0 s                 ; 3.63 V                       ; 0.000238 V                   ; 3.64 V              ; -0.254 V            ; 0.052 V                              ; 0.543 V                              ; 4.59e-10 s                  ; 1.96e-10 s                  ; Yes                        ; No                         ; 3.63 V                      ; 0.000238 V                  ; 3.64 V             ; -0.254 V           ; 0.052 V                             ; 0.543 V                             ; 4.59e-10 s                 ; 1.96e-10 s                 ; Yes                       ; No                        ;
; LEDR[7]       ; 3.3-V LVTTL  ; 0 s                 ; 0 s                 ; 3.63 V                       ; 0.000238 V                   ; 3.64 V              ; -0.254 V            ; 0.052 V                              ; 0.543 V                              ; 4.59e-10 s                  ; 1.96e-10 s                  ; Yes                        ; No                         ; 3.63 V                      ; 0.000238 V                  ; 3.64 V             ; -0.254 V           ; 0.052 V                             ; 0.543 V                             ; 4.59e-10 s                 ; 1.96e-10 s                 ; Yes                       ; No                        ;
; LEDR[8]       ; 3.3-V LVTTL  ; 0 s                 ; 0 s                 ; 3.63 V                       ; 0.000238 V                   ; 3.64 V              ; -0.254 V            ; 0.052 V                              ; 0.543 V                              ; 4.59e-10 s                  ; 1.96e-10 s                  ; Yes                        ; No                         ; 3.63 V                      ; 0.000238 V                  ; 3.64 V             ; -0.254 V           ; 0.052 V                             ; 0.543 V                             ; 4.59e-10 s                 ; 1.96e-10 s                 ; Yes                       ; No                        ;
; ADC_CONVST    ; 3.3-V LVTTL  ; 0 s                 ; 0 s                 ; 3.63 V                       ; 0.000229 V                   ; 3.65 V              ; -0.316 V            ; 0.041 V                              ; 0.53 V                               ; 4.29e-10 s                  ; 1.87e-10 s                  ; Yes                        ; No                         ; 3.63 V                      ; 0.000229 V                  ; 3.65 V             ; -0.316 V           ; 0.041 V                             ; 0.53 V                              ; 4.29e-10 s                 ; 1.87e-10 s                 ; Yes                       ; No                        ;
; ADC_DIN       ; 3.3-V LVTTL  ; 0 s                 ; 0 s                 ; 3.63 V                       ; 0.000229 V                   ; 3.65 V              ; -0.319 V            ; 0.041 V                              ; 0.528 V                              ; 4.29e-10 s                  ; 1.87e-10 s                  ; Yes                        ; No                         ; 3.63 V                      ; 0.000229 V                  ; 3.65 V             ; -0.319 V           ; 0.041 V                             ; 0.528 V                             ; 4.29e-10 s                 ; 1.87e-10 s                 ; Yes                       ; No                        ;
; ADC_SCLK      ; 3.3-V LVTTL  ; 0 s                 ; 0 s                 ; 3.63 V                       ; 0.000229 V                   ; 3.65 V              ; -0.316 V            ; 0.041 V                              ; 0.53 V                               ; 4.29e-10 s                  ; 1.87e-10 s                  ; Yes                        ; No                         ; 3.63 V                      ; 0.000229 V                  ; 3.65 V             ; -0.316 V           ; 0.041 V                             ; 0.53 V                              ; 4.29e-10 s                 ; 1.87e-10 s                 ; Yes                       ; No                        ;
; DRAM_ADDR[0]  ; 3.3-V LVTTL  ; 0 s                 ; 0 s                 ; 3.63 V                       ; 0.000229 V                   ; 3.65 V              ; -0.319 V            ; 0.041 V                              ; 0.528 V                              ; 4.29e-10 s                  ; 1.87e-10 s                  ; Yes                        ; No                         ; 3.63 V                      ; 0.000229 V                  ; 3.65 V             ; -0.319 V           ; 0.041 V                             ; 0.528 V                             ; 4.29e-10 s                 ; 1.87e-10 s                 ; Yes                       ; No                        ;
; DRAM_ADDR[1]  ; 3.3-V LVTTL  ; 0 s                 ; 0 s                 ; 3.63 V                       ; 0.000184 V                   ; 3.64 V              ; -0.19 V             ; 0.019 V                              ; 0.425 V                              ; 4.44e-10 s                  ; 1.91e-10 s                  ; Yes                        ; No                         ; 3.63 V                      ; 0.000184 V                  ; 3.64 V             ; -0.19 V            ; 0.019 V                             ; 0.425 V                             ; 4.44e-10 s                 ; 1.91e-10 s                 ; Yes                       ; No                        ;
; DRAM_ADDR[2]  ; 3.3-V LVTTL  ; 0 s                 ; 0 s                 ; 3.63 V                       ; 0.000238 V                   ; 3.64 V              ; -0.254 V            ; 0.052 V                              ; 0.543 V                              ; 4.59e-10 s                  ; 1.96e-10 s                  ; Yes                        ; No                         ; 3.63 V                      ; 0.000238 V                  ; 3.64 V             ; -0.254 V           ; 0.052 V                             ; 0.543 V                             ; 4.59e-10 s                 ; 1.96e-10 s                 ; Yes                       ; No                        ;
; DRAM_ADDR[3]  ; 3.3-V LVTTL  ; 0 s                 ; 0 s                 ; 3.63 V                       ; 0.000184 V                   ; 3.64 V              ; -0.19 V             ; 0.019 V                              ; 0.425 V                              ; 4.44e-10 s                  ; 1.91e-10 s                  ; Yes                        ; No                         ; 3.63 V                      ; 0.000184 V                  ; 3.64 V             ; -0.19 V            ; 0.019 V                             ; 0.425 V                             ; 4.44e-10 s                 ; 1.91e-10 s                 ; Yes                       ; No                        ;
; DRAM_ADDR[4]  ; 3.3-V LVTTL  ; 0 s                 ; 0 s                 ; 3.63 V                       ; 0.000238 V                   ; 3.64 V              ; -0.254 V            ; 0.052 V                              ; 0.543 V                              ; 4.59e-10 s                  ; 1.96e-10 s                  ; Yes                        ; No                         ; 3.63 V                      ; 0.000238 V                  ; 3.64 V             ; -0.254 V           ; 0.052 V                             ; 0.543 V                             ; 4.59e-10 s                 ; 1.96e-10 s                 ; Yes                       ; No                        ;
; DRAM_ADDR[5]  ; 3.3-V LVTTL  ; 0 s                 ; 0 s                 ; 3.63 V                       ; 0.000184 V                   ; 3.64 V              ; -0.19 V             ; 0.019 V                              ; 0.425 V                              ; 4.44e-10 s                  ; 1.91e-10 s                  ; Yes                        ; No                         ; 3.63 V                      ; 0.000184 V                  ; 3.64 V             ; -0.19 V            ; 0.019 V                             ; 0.425 V                             ; 4.44e-10 s                 ; 1.91e-10 s                 ; Yes                       ; No                        ;
; DRAM_ADDR[6]  ; 3.3-V LVTTL  ; 0 s                 ; 0 s                 ; 3.63 V                       ; 0.000238 V                   ; 3.64 V              ; -0.254 V            ; 0.052 V                              ; 0.543 V                              ; 4.59e-10 s                  ; 1.96e-10 s                  ; Yes                        ; No                         ; 3.63 V                      ; 0.000238 V                  ; 3.64 V             ; -0.254 V           ; 0.052 V                             ; 0.543 V                             ; 4.59e-10 s                 ; 1.96e-10 s                 ; Yes                       ; No                        ;
; DRAM_ADDR[7]  ; 3.3-V LVTTL  ; 0 s                 ; 0 s                 ; 3.63 V                       ; 0.000184 V                   ; 3.64 V              ; -0.19 V             ; 0.019 V                              ; 0.425 V                              ; 4.44e-10 s                  ; 1.91e-10 s                  ; Yes                        ; No                         ; 3.63 V                      ; 0.000184 V                  ; 3.64 V             ; -0.19 V            ; 0.019 V                             ; 0.425 V                             ; 4.44e-10 s                 ; 1.91e-10 s                 ; Yes                       ; No                        ;
; DRAM_ADDR[8]  ; 3.3-V LVTTL  ; 0 s                 ; 0 s                 ; 3.63 V                       ; 0.000184 V                   ; 3.64 V              ; -0.19 V             ; 0.019 V                              ; 0.425 V                              ; 4.44e-10 s                  ; 1.91e-10 s                  ; Yes                        ; No                         ; 3.63 V                      ; 0.000184 V                  ; 3.64 V             ; -0.19 V            ; 0.019 V                             ; 0.425 V                             ; 4.44e-10 s                 ; 1.91e-10 s                 ; Yes                       ; No                        ;
; DRAM_ADDR[9]  ; 3.3-V LVTTL  ; 0 s                 ; 0 s                 ; 3.63 V                       ; 0.000184 V                   ; 3.64 V              ; -0.19 V             ; 0.019 V                              ; 0.425 V                              ; 4.44e-10 s                  ; 1.91e-10 s                  ; Yes                        ; No                         ; 3.63 V                      ; 0.000184 V                  ; 3.64 V             ; -0.19 V            ; 0.019 V                             ; 0.425 V                             ; 4.44e-10 s                 ; 1.91e-10 s                 ; Yes                       ; No                        ;
; DRAM_ADDR[10] ; 3.3-V LVTTL  ; 0 s                 ; 0 s                 ; 3.63 V                       ; 0.000238 V                   ; 3.64 V              ; -0.254 V            ; 0.052 V                              ; 0.543 V                              ; 4.59e-10 s                  ; 1.96e-10 s                  ; Yes                        ; No                         ; 3.63 V                      ; 0.000238 V                  ; 3.64 V             ; -0.254 V           ; 0.052 V                             ; 0.543 V                             ; 4.59e-10 s                 ; 1.96e-10 s                 ; Yes                       ; No                        ;
; DRAM_ADDR[11] ; 3.3-V LVTTL  ; 0 s                 ; 0 s                 ; 3.63 V                       ; 0.000238 V                   ; 3.64 V              ; -0.254 V            ; 0.052 V                              ; 0.543 V                              ; 4.59e-10 s                  ; 1.96e-10 s                  ; Yes                        ; No                         ; 3.63 V                      ; 0.000238 V                  ; 3.64 V             ; -0.254 V           ; 0.052 V                             ; 0.543 V                             ; 4.59e-10 s                 ; 1.96e-10 s                 ; Yes                       ; No                        ;
; DRAM_ADDR[12] ; 3.3-V LVTTL  ; 0 s                 ; 0 s                 ; 3.63 V                       ; 0.000229 V                   ; 3.65 V              ; -0.316 V            ; 0.041 V                              ; 0.53 V                               ; 4.29e-10 s                  ; 1.87e-10 s                  ; Yes                        ; No                         ; 3.63 V                      ; 0.000229 V                  ; 3.65 V             ; -0.316 V           ; 0.041 V                             ; 0.53 V                              ; 4.29e-10 s                 ; 1.87e-10 s                 ; Yes                       ; No                        ;
; DRAM_BA[0]    ; 3.3-V LVTTL  ; 0 s                 ; 0 s                 ; 3.63 V                       ; 0.000184 V                   ; 3.64 V              ; -0.19 V             ; 0.019 V                              ; 0.425 V                              ; 4.44e-10 s                  ; 1.91e-10 s                  ; Yes                        ; No                         ; 3.63 V                      ; 0.000184 V                  ; 3.64 V             ; -0.19 V            ; 0.019 V                             ; 0.425 V                             ; 4.44e-10 s                 ; 1.91e-10 s                 ; Yes                       ; No                        ;
; DRAM_BA[1]    ; 3.3-V LVTTL  ; 0 s                 ; 0 s                 ; 3.63 V                       ; 0.000229 V                   ; 3.65 V              ; -0.319 V            ; 0.041 V                              ; 0.528 V                              ; 4.29e-10 s                  ; 1.87e-10 s                  ; Yes                        ; No                         ; 3.63 V                      ; 0.000229 V                  ; 3.65 V             ; -0.319 V           ; 0.041 V                             ; 0.528 V                             ; 4.29e-10 s                 ; 1.87e-10 s                 ; Yes                       ; No                        ;
; DRAM_CAS_N    ; 3.3-V LVTTL  ; 0 s                 ; 0 s                 ; 3.63 V                       ; 0.000238 V                   ; 3.64 V              ; -0.254 V            ; 0.052 V                              ; 0.543 V                              ; 4.59e-10 s                  ; 1.96e-10 s                  ; Yes                        ; No                         ; 3.63 V                      ; 0.000238 V                  ; 3.64 V             ; -0.254 V           ; 0.052 V                             ; 0.543 V                             ; 4.59e-10 s                 ; 1.96e-10 s                 ; Yes                       ; No                        ;
; DRAM_CKE      ; 3.3-V LVTTL  ; 0 s                 ; 0 s                 ; 3.63 V                       ; 0.000229 V                   ; 3.65 V              ; -0.319 V            ; 0.041 V                              ; 0.528 V                              ; 4.29e-10 s                  ; 1.87e-10 s                  ; Yes                        ; No                         ; 3.63 V                      ; 0.000229 V                  ; 3.65 V             ; -0.319 V           ; 0.041 V                             ; 0.528 V                             ; 4.29e-10 s                 ; 1.87e-10 s                 ; Yes                       ; No                        ;
; DRAM_CLK      ; 3.3-V LVTTL  ; 0 s                 ; 0 s                 ; 3.63 V                       ; 0.000229 V                   ; 3.65 V              ; -0.316 V            ; 0.041 V                              ; 0.53 V                               ; 4.29e-10 s                  ; 1.87e-10 s                  ; Yes                        ; No                         ; 3.63 V                      ; 0.000229 V                  ; 3.65 V             ; -0.316 V           ; 0.041 V                             ; 0.53 V                              ; 4.29e-10 s                 ; 1.87e-10 s                 ; Yes                       ; No                        ;
; DRAM_CS_N     ; 3.3-V LVTTL  ; 0 s                 ; 0 s                 ; 3.63 V                       ; 0.000184 V                   ; 3.64 V              ; -0.19 V             ; 0.019 V                              ; 0.425 V                              ; 4.44e-10 s                  ; 1.91e-10 s                  ; Yes                        ; No                         ; 3.63 V                      ; 0.000184 V                  ; 3.64 V             ; -0.19 V            ; 0.019 V                             ; 0.425 V                             ; 4.44e-10 s                 ; 1.91e-10 s                 ; Yes                       ; No                        ;
; DRAM_LDQM     ; 3.3-V LVTTL  ; 0 s                 ; 0 s                 ; 3.63 V                       ; 0.000184 V                   ; 3.64 V              ; -0.19 V             ; 0.019 V                              ; 0.425 V                              ; 4.44e-10 s                  ; 1.91e-10 s                  ; Yes                        ; No                         ; 3.63 V                      ; 0.000184 V                  ; 3.64 V             ; -0.19 V            ; 0.019 V                             ; 0.425 V                             ; 4.44e-10 s                 ; 1.91e-10 s                 ; Yes                       ; No                        ;
; DRAM_RAS_N    ; 3.3-V LVTTL  ; 0 s                 ; 0 s                 ; 3.63 V                       ; 0.000238 V                   ; 3.64 V              ; -0.254 V            ; 0.052 V                              ; 0.543 V                              ; 4.59e-10 s                  ; 1.96e-10 s                  ; Yes                        ; No                         ; 3.63 V                      ; 0.000238 V                  ; 3.64 V             ; -0.254 V           ; 0.052 V                             ; 0.543 V                             ; 4.59e-10 s                 ; 1.96e-10 s                 ; Yes                       ; No                        ;
; DRAM_UDQM     ; 3.3-V LVTTL  ; 0 s                 ; 0 s                 ; 3.63 V                       ; 0.000229 V                   ; 3.65 V              ; -0.316 V            ; 0.041 V                              ; 0.53 V                               ; 4.29e-10 s                  ; 1.87e-10 s                  ; Yes                        ; No                         ; 3.63 V                      ; 0.000229 V                  ; 3.65 V             ; -0.316 V           ; 0.041 V                             ; 0.53 V                              ; 4.29e-10 s                 ; 1.87e-10 s                 ; Yes                       ; No                        ;
; DRAM_WE_N     ; 3.3-V LVTTL  ; 0 s                 ; 0 s                 ; 3.63 V                       ; 0.000238 V                   ; 3.64 V              ; -0.254 V            ; 0.052 V                              ; 0.543 V                              ; 4.59e-10 s                  ; 1.96e-10 s                  ; Yes                        ; No                         ; 3.63 V                      ; 0.000238 V                  ; 3.64 V             ; -0.254 V           ; 0.052 V                             ; 0.543 V                             ; 4.59e-10 s                 ; 1.96e-10 s                 ; Yes                       ; No                        ;
; IRDA_TXD      ; 3.3-V LVTTL  ; 0 s                 ; 0 s                 ; 3.63 V                       ; 0.000238 V                   ; 3.64 V              ; -0.254 V            ; 0.052 V                              ; 0.543 V                              ; 4.59e-10 s                  ; 1.96e-10 s                  ; Yes                        ; No                         ; 3.63 V                      ; 0.000238 V                  ; 3.64 V             ; -0.254 V           ; 0.052 V                             ; 0.543 V                             ; 4.59e-10 s                 ; 1.96e-10 s                 ; Yes                       ; No                        ;
; LEDR[4]       ; 3.3-V LVTTL  ; 0 s                 ; 0 s                 ; 3.63 V                       ; 0.000184 V                   ; 3.64 V              ; -0.19 V             ; 0.019 V                              ; 0.425 V                              ; 4.44e-10 s                  ; 1.91e-10 s                  ; Yes                        ; No                         ; 3.63 V                      ; 0.000184 V                  ; 3.64 V             ; -0.19 V            ; 0.019 V                             ; 0.425 V                             ; 4.44e-10 s                 ; 1.91e-10 s                 ; Yes                       ; No                        ;
; LEDR[6]       ; 3.3-V LVTTL  ; 0 s                 ; 0 s                 ; 3.63 V                       ; 0.000238 V                   ; 3.64 V              ; -0.254 V            ; 0.052 V                              ; 0.543 V                              ; 4.59e-10 s                  ; 1.96e-10 s                  ; Yes                        ; No                         ; 3.63 V                      ; 0.000238 V                  ; 3.64 V             ; -0.254 V           ; 0.052 V                             ; 0.543 V                             ; 4.59e-10 s                 ; 1.96e-10 s                 ; Yes                       ; No                        ;
; TD_RESET_N    ; 3.3-V LVTTL  ; 0 s                 ; 0 s                 ; 3.63 V                       ; 0.000229 V                   ; 3.65 V              ; -0.319 V            ; 0.041 V                              ; 0.528 V                              ; 4.29e-10 s                  ; 1.87e-10 s                  ; Yes                        ; No                         ; 3.63 V                      ; 0.000229 V                  ; 3.65 V             ; -0.319 V           ; 0.041 V                             ; 0.528 V                             ; 4.29e-10 s                 ; 1.87e-10 s                 ; Yes                       ; No                        ;
; VGA_BLANK_N   ; 3.3-V LVTTL  ; 0 s                 ; 0 s                 ; 3.63 V                       ; 0.000184 V                   ; 3.64 V              ; -0.19 V             ; 0.019 V                              ; 0.425 V                              ; 4.44e-10 s                  ; 1.91e-10 s                  ; Yes                        ; No                         ; 3.63 V                      ; 0.000184 V                  ; 3.64 V             ; -0.19 V            ; 0.019 V                             ; 0.425 V                             ; 4.44e-10 s                 ; 1.91e-10 s                 ; Yes                       ; No                        ;
; VGA_B[0]      ; 3.3-V LVTTL  ; 0 s                 ; 0 s                 ; 3.63 V                       ; 0.000229 V                   ; 3.65 V              ; -0.316 V            ; 0.041 V                              ; 0.53 V                               ; 4.29e-10 s                  ; 1.87e-10 s                  ; Yes                        ; No                         ; 3.63 V                      ; 0.000229 V                  ; 3.65 V             ; -0.316 V           ; 0.041 V                             ; 0.53 V                              ; 4.29e-10 s                 ; 1.87e-10 s                 ; Yes                       ; No                        ;
; VGA_B[1]      ; 3.3-V LVTTL  ; 0 s                 ; 0 s                 ; 3.63 V                       ; 0.000184 V                   ; 3.64 V              ; -0.19 V             ; 0.019 V                              ; 0.425 V                              ; 4.44e-10 s                  ; 1.91e-10 s                  ; Yes                        ; No                         ; 3.63 V                      ; 0.000184 V                  ; 3.64 V             ; -0.19 V            ; 0.019 V                             ; 0.425 V                             ; 4.44e-10 s                 ; 1.91e-10 s                 ; Yes                       ; No                        ;
; VGA_B[2]      ; 3.3-V LVTTL  ; 0 s                 ; 0 s                 ; 3.63 V                       ; 0.000238 V                   ; 3.64 V              ; -0.254 V            ; 0.052 V                              ; 0.543 V                              ; 4.59e-10 s                  ; 1.96e-10 s                  ; Yes                        ; No                         ; 3.63 V                      ; 0.000238 V                  ; 3.64 V             ; -0.254 V           ; 0.052 V                             ; 0.543 V                             ; 4.59e-10 s                 ; 1.96e-10 s                 ; Yes                       ; No                        ;
; VGA_B[3]      ; 3.3-V LVTTL  ; 0 s                 ; 0 s                 ; 3.63 V                       ; 0.000184 V                   ; 3.64 V              ; -0.19 V             ; 0.019 V                              ; 0.425 V                              ; 4.44e-10 s                  ; 1.91e-10 s                  ; Yes                        ; No                         ; 3.63 V                      ; 0.000184 V                  ; 3.64 V             ; -0.19 V            ; 0.019 V                             ; 0.425 V                             ; 4.44e-10 s                 ; 1.91e-10 s                 ; Yes                       ; No                        ;
; VGA_B[4]      ; 3.3-V LVTTL  ; 0 s                 ; 0 s                 ; 3.63 V                       ; 0.000238 V                   ; 3.64 V              ; -0.254 V            ; 0.052 V                              ; 0.543 V                              ; 4.59e-10 s                  ; 1.96e-10 s                  ; Yes                        ; No                         ; 3.63 V                      ; 0.000238 V                  ; 3.64 V             ; -0.254 V           ; 0.052 V                             ; 0.543 V                             ; 4.59e-10 s                 ; 1.96e-10 s                 ; Yes                       ; No                        ;
; VGA_B[5]      ; 3.3-V LVTTL  ; 0 s                 ; 0 s                 ; 3.63 V                       ; 0.000238 V                   ; 3.64 V              ; -0.254 V            ; 0.052 V                              ; 0.543 V                              ; 4.59e-10 s                  ; 1.96e-10 s                  ; Yes                        ; No                         ; 3.63 V                      ; 0.000238 V                  ; 3.64 V             ; -0.254 V           ; 0.052 V                             ; 0.543 V                             ; 4.59e-10 s                 ; 1.96e-10 s                 ; Yes                       ; No                        ;
; VGA_B[6]      ; 3.3-V LVTTL  ; 0 s                 ; 0 s                 ; 3.63 V                       ; 0.000184 V                   ; 3.64 V              ; -0.19 V             ; 0.019 V                              ; 0.425 V                              ; 4.44e-10 s                  ; 1.91e-10 s                  ; Yes                        ; No                         ; 3.63 V                      ; 0.000184 V                  ; 3.64 V             ; -0.19 V            ; 0.019 V                             ; 0.425 V                             ; 4.44e-10 s                 ; 1.91e-10 s                 ; Yes                       ; No                        ;
; VGA_B[7]      ; 3.3-V LVTTL  ; 0 s                 ; 0 s                 ; 3.63 V                       ; 0.000184 V                   ; 3.64 V              ; -0.19 V             ; 0.019 V                              ; 0.425 V                              ; 4.44e-10 s                  ; 1.91e-10 s                  ; Yes                        ; No                         ; 3.63 V                      ; 0.000184 V                  ; 3.64 V             ; -0.19 V            ; 0.019 V                             ; 0.425 V                             ; 4.44e-10 s                 ; 1.91e-10 s                 ; Yes                       ; No                        ;
; VGA_CLK       ; 3.3-V LVTTL  ; 0 s                 ; 0 s                 ; 3.63 V                       ; 0.000229 V                   ; 3.65 V              ; -0.316 V            ; 0.041 V                              ; 0.53 V                               ; 4.29e-10 s                  ; 1.87e-10 s                  ; Yes                        ; No                         ; 3.63 V                      ; 0.000229 V                  ; 3.65 V             ; -0.316 V           ; 0.041 V                             ; 0.53 V                              ; 4.29e-10 s                 ; 1.87e-10 s                 ; Yes                       ; No                        ;
; VGA_G[0]      ; 3.3-V LVTTL  ; 0 s                 ; 0 s                 ; 3.63 V                       ; 0.000184 V                   ; 3.64 V              ; -0.19 V             ; 0.019 V                              ; 0.425 V                              ; 4.44e-10 s                  ; 1.91e-10 s                  ; Yes                        ; No                         ; 3.63 V                      ; 0.000184 V                  ; 3.64 V             ; -0.19 V            ; 0.019 V                             ; 0.425 V                             ; 4.44e-10 s                 ; 1.91e-10 s                 ; Yes                       ; No                        ;
; VGA_G[1]      ; 3.3-V LVTTL  ; 0 s                 ; 0 s                 ; 3.63 V                       ; 0.000238 V                   ; 3.64 V              ; -0.254 V            ; 0.052 V                              ; 0.543 V                              ; 4.59e-10 s                  ; 1.96e-10 s                  ; Yes                        ; No                         ; 3.63 V                      ; 0.000238 V                  ; 3.64 V             ; -0.254 V           ; 0.052 V                             ; 0.543 V                             ; 4.59e-10 s                 ; 1.96e-10 s                 ; Yes                       ; No                        ;
; VGA_G[2]      ; 3.3-V LVTTL  ; 0 s                 ; 0 s                 ; 3.63 V                       ; 0.000184 V                   ; 3.64 V              ; -0.19 V             ; 0.019 V                              ; 0.425 V                              ; 4.44e-10 s                  ; 1.91e-10 s                  ; Yes                        ; No                         ; 3.63 V                      ; 0.000184 V                  ; 3.64 V             ; -0.19 V            ; 0.019 V                             ; 0.425 V                             ; 4.44e-10 s                 ; 1.91e-10 s                 ; Yes                       ; No                        ;
; VGA_G[3]      ; 3.3-V LVTTL  ; 0 s                 ; 0 s                 ; 3.63 V                       ; 0.000238 V                   ; 3.64 V              ; -0.254 V            ; 0.052 V                              ; 0.543 V                              ; 4.59e-10 s                  ; 1.96e-10 s                  ; Yes                        ; No                         ; 3.63 V                      ; 0.000238 V                  ; 3.64 V             ; -0.254 V           ; 0.052 V                             ; 0.543 V                             ; 4.59e-10 s                 ; 1.96e-10 s                 ; Yes                       ; No                        ;
; VGA_G[4]      ; 3.3-V LVTTL  ; 0 s                 ; 0 s                 ; 3.63 V                       ; 0.000184 V                   ; 3.64 V              ; -0.19 V             ; 0.019 V                              ; 0.425 V                              ; 4.44e-10 s                  ; 1.91e-10 s                  ; Yes                        ; No                         ; 3.63 V                      ; 0.000184 V                  ; 3.64 V             ; -0.19 V            ; 0.019 V                             ; 0.425 V                             ; 4.44e-10 s                 ; 1.91e-10 s                 ; Yes                       ; No                        ;
; VGA_G[5]      ; 3.3-V LVTTL  ; 0 s                 ; 0 s                 ; 3.63 V                       ; 0.000238 V                   ; 3.64 V              ; -0.254 V            ; 0.052 V                              ; 0.543 V                              ; 4.59e-10 s                  ; 1.96e-10 s                  ; Yes                        ; No                         ; 3.63 V                      ; 0.000238 V                  ; 3.64 V             ; -0.254 V           ; 0.052 V                             ; 0.543 V                             ; 4.59e-10 s                 ; 1.96e-10 s                 ; Yes                       ; No                        ;
; VGA_G[6]      ; 3.3-V LVTTL  ; 0 s                 ; 0 s                 ; 3.63 V                       ; 0.000238 V                   ; 3.64 V              ; -0.254 V            ; 0.052 V                              ; 0.543 V                              ; 4.59e-10 s                  ; 1.96e-10 s                  ; Yes                        ; No                         ; 3.63 V                      ; 0.000238 V                  ; 3.64 V             ; -0.254 V           ; 0.052 V                             ; 0.543 V                             ; 4.59e-10 s                 ; 1.96e-10 s                 ; Yes                       ; No                        ;
; VGA_G[7]      ; 3.3-V LVTTL  ; 0 s                 ; 0 s                 ; 3.63 V                       ; 0.000184 V                   ; 3.64 V              ; -0.19 V             ; 0.019 V                              ; 0.425 V                              ; 4.44e-10 s                  ; 1.91e-10 s                  ; Yes                        ; No                         ; 3.63 V                      ; 0.000184 V                  ; 3.64 V             ; -0.19 V            ; 0.019 V                             ; 0.425 V                             ; 4.44e-10 s                 ; 1.91e-10 s                 ; Yes                       ; No                        ;
; VGA_HS        ; 3.3-V LVTTL  ; 0 s                 ; 0 s                 ; 3.63 V                       ; 0.000229 V                   ; 3.65 V              ; -0.319 V            ; 0.041 V                              ; 0.528 V                              ; 4.29e-10 s                  ; 1.87e-10 s                  ; Yes                        ; No                         ; 3.63 V                      ; 0.000229 V                  ; 3.65 V             ; -0.319 V           ; 0.041 V                             ; 0.528 V                             ; 4.29e-10 s                 ; 1.87e-10 s                 ; Yes                       ; No                        ;
; VGA_R[0]      ; 3.3-V LVTTL  ; 0 s                 ; 0 s                 ; 3.63 V                       ; 0.000229 V                   ; 3.65 V              ; -0.319 V            ; 0.041 V                              ; 0.528 V                              ; 4.29e-10 s                  ; 1.87e-10 s                  ; Yes                        ; No                         ; 3.63 V                      ; 0.000229 V                  ; 3.65 V             ; -0.319 V           ; 0.041 V                             ; 0.528 V                             ; 4.29e-10 s                 ; 1.87e-10 s                 ; Yes                       ; No                        ;
; VGA_R[1]      ; 3.3-V LVTTL  ; 0 s                 ; 0 s                 ; 3.63 V                       ; 0.000238 V                   ; 3.64 V              ; -0.254 V            ; 0.052 V                              ; 0.543 V                              ; 4.59e-10 s                  ; 1.96e-10 s                  ; Yes                        ; No                         ; 3.63 V                      ; 0.000238 V                  ; 3.64 V             ; -0.254 V           ; 0.052 V                             ; 0.543 V                             ; 4.59e-10 s                 ; 1.96e-10 s                 ; Yes                       ; No                        ;
; VGA_R[2]      ; 3.3-V LVTTL  ; 0 s                 ; 0 s                 ; 3.63 V                       ; 0.000184 V                   ; 3.64 V              ; -0.19 V             ; 0.019 V                              ; 0.425 V                              ; 4.44e-10 s                  ; 1.91e-10 s                  ; Yes                        ; No                         ; 3.63 V                      ; 0.000184 V                  ; 3.64 V             ; -0.19 V            ; 0.019 V                             ; 0.425 V                             ; 4.44e-10 s                 ; 1.91e-10 s                 ; Yes                       ; No                        ;
; VGA_R[3]      ; 3.3-V LVTTL  ; 0 s                 ; 0 s                 ; 3.63 V                       ; 0.000184 V                   ; 3.64 V              ; -0.19 V             ; 0.019 V                              ; 0.425 V                              ; 4.44e-10 s                  ; 1.91e-10 s                  ; Yes                        ; No                         ; 3.63 V                      ; 0.000184 V                  ; 3.64 V             ; -0.19 V            ; 0.019 V                             ; 0.425 V                             ; 4.44e-10 s                 ; 1.91e-10 s                 ; Yes                       ; No                        ;
; VGA_R[4]      ; 3.3-V LVTTL  ; 0 s                 ; 0 s                 ; 3.63 V                       ; 0.000229 V                   ; 3.65 V              ; -0.316 V            ; 0.041 V                              ; 0.53 V                               ; 4.29e-10 s                  ; 1.87e-10 s                  ; Yes                        ; No                         ; 3.63 V                      ; 0.000229 V                  ; 3.65 V             ; -0.316 V           ; 0.041 V                             ; 0.53 V                              ; 4.29e-10 s                 ; 1.87e-10 s                 ; Yes                       ; No                        ;
; VGA_R[5]      ; 3.3-V LVTTL  ; 0 s                 ; 0 s                 ; 3.63 V                       ; 0.000184 V                   ; 3.64 V              ; -0.19 V             ; 0.019 V                              ; 0.425 V                              ; 4.44e-10 s                  ; 1.91e-10 s                  ; Yes                        ; No                         ; 3.63 V                      ; 0.000184 V                  ; 3.64 V             ; -0.19 V            ; 0.019 V                             ; 0.425 V                             ; 4.44e-10 s                 ; 1.91e-10 s                 ; Yes                       ; No                        ;
; VGA_R[6]      ; 3.3-V LVTTL  ; 0 s                 ; 0 s                 ; 3.63 V                       ; 0.000238 V                   ; 3.64 V              ; -0.254 V            ; 0.052 V                              ; 0.543 V                              ; 4.59e-10 s                  ; 1.96e-10 s                  ; Yes                        ; No                         ; 3.63 V                      ; 0.000238 V                  ; 3.64 V             ; -0.254 V           ; 0.052 V                             ; 0.543 V                             ; 4.59e-10 s                 ; 1.96e-10 s                 ; Yes                       ; No                        ;
; VGA_R[7]      ; 3.3-V LVTTL  ; 0 s                 ; 0 s                 ; 3.63 V                       ; 0.000238 V                   ; 3.64 V              ; -0.254 V            ; 0.052 V                              ; 0.543 V                              ; 4.59e-10 s                  ; 1.96e-10 s                  ; Yes                        ; No                         ; 3.63 V                      ; 0.000238 V                  ; 3.64 V             ; -0.254 V           ; 0.052 V                             ; 0.543 V                             ; 4.59e-10 s                 ; 1.96e-10 s                 ; Yes                       ; No                        ;
; VGA_SYNC_N    ; 3.3-V LVTTL  ; 0 s                 ; 0 s                 ; 3.63 V                       ; 0.000229 V                   ; 3.65 V              ; -0.316 V            ; 0.041 V                              ; 0.53 V                               ; 4.29e-10 s                  ; 1.87e-10 s                  ; Yes                        ; No                         ; 3.63 V                      ; 0.000229 V                  ; 3.65 V             ; -0.316 V           ; 0.041 V                             ; 0.53 V                              ; 4.29e-10 s                 ; 1.87e-10 s                 ; Yes                       ; No                        ;
; VGA_VS        ; 3.3-V LVTTL  ; 0 s                 ; 0 s                 ; 3.63 V                       ; 0.000238 V                   ; 3.64 V              ; -0.254 V            ; 0.052 V                              ; 0.543 V                              ; 4.59e-10 s                  ; 1.96e-10 s                  ; Yes                        ; No                         ; 3.63 V                      ; 0.000238 V                  ; 3.64 V             ; -0.254 V           ; 0.052 V                             ; 0.543 V                             ; 4.59e-10 s                 ; 1.96e-10 s                 ; Yes                       ; No                        ;
; GPIO[5]       ; 3.3-V LVTTL  ; 0 s                 ; 0 s                 ; 3.63 V                       ; 0.000184 V                   ; 3.64 V              ; -0.19 V             ; 0.019 V                              ; 0.425 V                              ; 4.44e-10 s                  ; 1.91e-10 s                  ; Yes                        ; No                         ; 3.63 V                      ; 0.000184 V                  ; 3.64 V             ; -0.19 V            ; 0.019 V                             ; 0.425 V                             ; 4.44e-10 s                 ; 1.91e-10 s                 ; Yes                       ; No                        ;
; GPIO[4]       ; 3.3-V LVTTL  ; 0 s                 ; 0 s                 ; 3.63 V                       ; 0.000229 V                   ; 3.65 V              ; -0.319 V            ; 0.041 V                              ; 0.528 V                              ; 4.29e-10 s                  ; 1.87e-10 s                  ; Yes                        ; No                         ; 3.63 V                      ; 0.000229 V                  ; 3.65 V             ; -0.319 V           ; 0.041 V                             ; 0.528 V                             ; 4.29e-10 s                 ; 1.87e-10 s                 ; Yes                       ; No                        ;
; AUD_BCLK      ; 3.3-V LVTTL  ; 0 s                 ; 0 s                 ; 3.63 V                       ; 0.000184 V                   ; 3.64 V              ; -0.19 V             ; 0.019 V                              ; 0.425 V                              ; 4.44e-10 s                  ; 1.91e-10 s                  ; Yes                        ; No                         ; 3.63 V                      ; 0.000184 V                  ; 3.64 V             ; -0.19 V            ; 0.019 V                             ; 0.425 V                             ; 4.44e-10 s                 ; 1.91e-10 s                 ; Yes                       ; No                        ;
; AUD_ADCLRCK   ; 3.3-V LVTTL  ; 0 s                 ; 0 s                 ; 3.63 V                       ; 0.000184 V                   ; 3.64 V              ; -0.19 V             ; 0.019 V                              ; 0.425 V                              ; 4.44e-10 s                  ; 1.91e-10 s                  ; Yes                        ; No                         ; 3.63 V                      ; 0.000184 V                  ; 3.64 V             ; -0.19 V            ; 0.019 V                             ; 0.425 V                             ; 4.44e-10 s                 ; 1.91e-10 s                 ; Yes                       ; No                        ;
; AUD_DACLRCK   ; 3.3-V LVTTL  ; 0 s                 ; 0 s                 ; 3.63 V                       ; 0.000238 V                   ; 3.64 V              ; -0.254 V            ; 0.052 V                              ; 0.543 V                              ; 4.59e-10 s                  ; 1.96e-10 s                  ; Yes                        ; No                         ; 3.63 V                      ; 0.000238 V                  ; 3.64 V             ; -0.254 V           ; 0.052 V                             ; 0.543 V                             ; 4.59e-10 s                 ; 1.96e-10 s                 ; Yes                       ; No                        ;
; FPGA_I2C_SDAT ; 3.3-V LVTTL  ; 0 s                 ; 0 s                 ; 3.63 V                       ; 0.000238 V                   ; 3.64 V              ; -0.254 V            ; 0.052 V                              ; 0.543 V                              ; 4.59e-10 s                  ; 1.96e-10 s                  ; Yes                        ; No                         ; 3.63 V                      ; 0.000238 V                  ; 3.64 V             ; -0.254 V           ; 0.052 V                             ; 0.543 V                             ; 4.59e-10 s                 ; 1.96e-10 s                 ; Yes                       ; No                        ;
; GPIO[3]       ; 3.3-V LVTTL  ; 0 s                 ; 0 s                 ; 3.63 V                       ; 0.000238 V                   ; 3.64 V              ; -0.254 V            ; 0.052 V                              ; 0.543 V                              ; 4.59e-10 s                  ; 1.96e-10 s                  ; Yes                        ; No                         ; 3.63 V                      ; 0.000238 V                  ; 3.64 V             ; -0.254 V           ; 0.052 V                             ; 0.543 V                             ; 4.59e-10 s                 ; 1.96e-10 s                 ; Yes                       ; No                        ;
; DRAM_DQ[0]    ; 3.3-V LVTTL  ; 0 s                 ; 0 s                 ; 3.63 V                       ; 0.000229 V                   ; 3.65 V              ; -0.319 V            ; 0.041 V                              ; 0.528 V                              ; 4.29e-10 s                  ; 1.87e-10 s                  ; Yes                        ; No                         ; 3.63 V                      ; 0.000229 V                  ; 3.65 V             ; -0.319 V           ; 0.041 V                             ; 0.528 V                             ; 4.29e-10 s                 ; 1.87e-10 s                 ; Yes                       ; No                        ;
; DRAM_DQ[1]    ; 3.3-V LVTTL  ; 0 s                 ; 0 s                 ; 3.63 V                       ; 0.000229 V                   ; 3.65 V              ; -0.319 V            ; 0.041 V                              ; 0.528 V                              ; 4.29e-10 s                  ; 1.87e-10 s                  ; Yes                        ; No                         ; 3.63 V                      ; 0.000229 V                  ; 3.65 V             ; -0.319 V           ; 0.041 V                             ; 0.528 V                             ; 4.29e-10 s                 ; 1.87e-10 s                 ; Yes                       ; No                        ;
; DRAM_DQ[2]    ; 3.3-V LVTTL  ; 0 s                 ; 0 s                 ; 3.63 V                       ; 0.000229 V                   ; 3.65 V              ; -0.316 V            ; 0.041 V                              ; 0.53 V                               ; 4.29e-10 s                  ; 1.87e-10 s                  ; Yes                        ; No                         ; 3.63 V                      ; 0.000229 V                  ; 3.65 V             ; -0.316 V           ; 0.041 V                             ; 0.53 V                              ; 4.29e-10 s                 ; 1.87e-10 s                 ; Yes                       ; No                        ;
; DRAM_DQ[3]    ; 3.3-V LVTTL  ; 0 s                 ; 0 s                 ; 3.63 V                       ; 0.000229 V                   ; 3.65 V              ; -0.319 V            ; 0.041 V                              ; 0.528 V                              ; 4.29e-10 s                  ; 1.87e-10 s                  ; Yes                        ; No                         ; 3.63 V                      ; 0.000229 V                  ; 3.65 V             ; -0.319 V           ; 0.041 V                             ; 0.528 V                             ; 4.29e-10 s                 ; 1.87e-10 s                 ; Yes                       ; No                        ;
; DRAM_DQ[4]    ; 3.3-V LVTTL  ; 0 s                 ; 0 s                 ; 3.63 V                       ; 0.000229 V                   ; 3.65 V              ; -0.319 V            ; 0.041 V                              ; 0.528 V                              ; 4.29e-10 s                  ; 1.87e-10 s                  ; Yes                        ; No                         ; 3.63 V                      ; 0.000229 V                  ; 3.65 V             ; -0.319 V           ; 0.041 V                             ; 0.528 V                             ; 4.29e-10 s                 ; 1.87e-10 s                 ; Yes                       ; No                        ;
; DRAM_DQ[5]    ; 3.3-V LVTTL  ; 0 s                 ; 0 s                 ; 3.63 V                       ; 0.000229 V                   ; 3.65 V              ; -0.316 V            ; 0.041 V                              ; 0.53 V                               ; 4.29e-10 s                  ; 1.87e-10 s                  ; Yes                        ; No                         ; 3.63 V                      ; 0.000229 V                  ; 3.65 V             ; -0.316 V           ; 0.041 V                             ; 0.53 V                              ; 4.29e-10 s                 ; 1.87e-10 s                 ; Yes                       ; No                        ;
; DRAM_DQ[6]    ; 3.3-V LVTTL  ; 0 s                 ; 0 s                 ; 3.63 V                       ; 0.000184 V                   ; 3.64 V              ; -0.19 V             ; 0.019 V                              ; 0.425 V                              ; 4.44e-10 s                  ; 1.91e-10 s                  ; Yes                        ; No                         ; 3.63 V                      ; 0.000184 V                  ; 3.64 V             ; -0.19 V            ; 0.019 V                             ; 0.425 V                             ; 4.44e-10 s                 ; 1.91e-10 s                 ; Yes                       ; No                        ;
; DRAM_DQ[7]    ; 3.3-V LVTTL  ; 0 s                 ; 0 s                 ; 3.63 V                       ; 0.000238 V                   ; 3.64 V              ; -0.254 V            ; 0.052 V                              ; 0.543 V                              ; 4.59e-10 s                  ; 1.96e-10 s                  ; Yes                        ; No                         ; 3.63 V                      ; 0.000238 V                  ; 3.64 V             ; -0.254 V           ; 0.052 V                             ; 0.543 V                             ; 4.59e-10 s                 ; 1.96e-10 s                 ; Yes                       ; No                        ;
; DRAM_DQ[8]    ; 3.3-V LVTTL  ; 0 s                 ; 0 s                 ; 3.63 V                       ; 0.000229 V                   ; 3.65 V              ; -0.316 V            ; 0.041 V                              ; 0.53 V                               ; 4.29e-10 s                  ; 1.87e-10 s                  ; Yes                        ; No                         ; 3.63 V                      ; 0.000229 V                  ; 3.65 V             ; -0.316 V           ; 0.041 V                             ; 0.53 V                              ; 4.29e-10 s                 ; 1.87e-10 s                 ; Yes                       ; No                        ;
; DRAM_DQ[9]    ; 3.3-V LVTTL  ; 0 s                 ; 0 s                 ; 3.63 V                       ; 0.000229 V                   ; 3.65 V              ; -0.319 V            ; 0.041 V                              ; 0.528 V                              ; 4.29e-10 s                  ; 1.87e-10 s                  ; Yes                        ; No                         ; 3.63 V                      ; 0.000229 V                  ; 3.65 V             ; -0.319 V           ; 0.041 V                             ; 0.528 V                             ; 4.29e-10 s                 ; 1.87e-10 s                 ; Yes                       ; No                        ;
; DRAM_DQ[10]   ; 3.3-V LVTTL  ; 0 s                 ; 0 s                 ; 3.63 V                       ; 0.000229 V                   ; 3.65 V              ; -0.316 V            ; 0.041 V                              ; 0.53 V                               ; 4.29e-10 s                  ; 1.87e-10 s                  ; Yes                        ; No                         ; 3.63 V                      ; 0.000229 V                  ; 3.65 V             ; -0.316 V           ; 0.041 V                             ; 0.53 V                              ; 4.29e-10 s                 ; 1.87e-10 s                 ; Yes                       ; No                        ;
; DRAM_DQ[11]   ; 3.3-V LVTTL  ; 0 s                 ; 0 s                 ; 3.63 V                       ; 0.000229 V                   ; 3.65 V              ; -0.319 V            ; 0.041 V                              ; 0.528 V                              ; 4.29e-10 s                  ; 1.87e-10 s                  ; Yes                        ; No                         ; 3.63 V                      ; 0.000229 V                  ; 3.65 V             ; -0.319 V           ; 0.041 V                             ; 0.528 V                             ; 4.29e-10 s                 ; 1.87e-10 s                 ; Yes                       ; No                        ;
; DRAM_DQ[12]   ; 3.3-V LVTTL  ; 0 s                 ; 0 s                 ; 3.63 V                       ; 0.000229 V                   ; 3.65 V              ; -0.319 V            ; 0.041 V                              ; 0.528 V                              ; 4.29e-10 s                  ; 1.87e-10 s                  ; Yes                        ; No                         ; 3.63 V                      ; 0.000229 V                  ; 3.65 V             ; -0.319 V           ; 0.041 V                             ; 0.528 V                             ; 4.29e-10 s                 ; 1.87e-10 s                 ; Yes                       ; No                        ;
; DRAM_DQ[13]   ; 3.3-V LVTTL  ; 0 s                 ; 0 s                 ; 3.63 V                       ; 0.000229 V                   ; 3.65 V              ; -0.316 V            ; 0.041 V                              ; 0.53 V                               ; 4.29e-10 s                  ; 1.87e-10 s                  ; Yes                        ; No                         ; 3.63 V                      ; 0.000229 V                  ; 3.65 V             ; -0.316 V           ; 0.041 V                             ; 0.53 V                              ; 4.29e-10 s                 ; 1.87e-10 s                 ; Yes                       ; No                        ;
; DRAM_DQ[14]   ; 3.3-V LVTTL  ; 0 s                 ; 0 s                 ; 3.63 V                       ; 0.000229 V                   ; 3.65 V              ; -0.316 V            ; 0.041 V                              ; 0.53 V                               ; 4.29e-10 s                  ; 1.87e-10 s                  ; Yes                        ; No                         ; 3.63 V                      ; 0.000229 V                  ; 3.65 V             ; -0.316 V           ; 0.041 V                             ; 0.53 V                              ; 4.29e-10 s                 ; 1.87e-10 s                 ; Yes                       ; No                        ;
; DRAM_DQ[15]   ; 3.3-V LVTTL  ; 0 s                 ; 0 s                 ; 3.63 V                       ; 0.000229 V                   ; 3.65 V              ; -0.316 V            ; 0.041 V                              ; 0.53 V                               ; 4.29e-10 s                  ; 1.87e-10 s                  ; Yes                        ; No                         ; 3.63 V                      ; 0.000229 V                  ; 3.65 V             ; -0.316 V           ; 0.041 V                             ; 0.53 V                              ; 4.29e-10 s                 ; 1.87e-10 s                 ; Yes                       ; No                        ;
; PS2_CLK       ; 3.3-V LVTTL  ; 0 s                 ; 0 s                 ; 3.63 V                       ; 0.000238 V                   ; 3.64 V              ; -0.254 V            ; 0.052 V                              ; 0.543 V                              ; 4.59e-10 s                  ; 1.96e-10 s                  ; Yes                        ; No                         ; 3.63 V                      ; 0.000238 V                  ; 3.64 V             ; -0.254 V           ; 0.052 V                             ; 0.543 V                             ; 4.59e-10 s                 ; 1.96e-10 s                 ; Yes                       ; No                        ;
; PS2_CLK2      ; 3.3-V LVTTL  ; 0 s                 ; 0 s                 ; 3.63 V                       ; 0.000229 V                   ; 3.65 V              ; -0.316 V            ; 0.041 V                              ; 0.53 V                               ; 4.29e-10 s                  ; 1.87e-10 s                  ; Yes                        ; No                         ; 3.63 V                      ; 0.000229 V                  ; 3.65 V             ; -0.316 V           ; 0.041 V                             ; 0.53 V                              ; 4.29e-10 s                 ; 1.87e-10 s                 ; Yes                       ; No                        ;
; PS2_DAT       ; 3.3-V LVTTL  ; 0 s                 ; 0 s                 ; 3.63 V                       ; 0.000184 V                   ; 3.64 V              ; -0.19 V             ; 0.019 V                              ; 0.425 V                              ; 4.44e-10 s                  ; 1.91e-10 s                  ; Yes                        ; No                         ; 3.63 V                      ; 0.000184 V                  ; 3.64 V             ; -0.19 V            ; 0.019 V                             ; 0.425 V                             ; 4.44e-10 s                 ; 1.91e-10 s                 ; Yes                       ; No                        ;
; PS2_DAT2      ; 3.3-V LVTTL  ; 0 s                 ; 0 s                 ; 3.63 V                       ; 0.000229 V                   ; 3.65 V              ; -0.319 V            ; 0.041 V                              ; 0.528 V                              ; 4.29e-10 s                  ; 1.87e-10 s                  ; Yes                        ; No                         ; 3.63 V                      ; 0.000229 V                  ; 3.65 V             ; -0.319 V           ; 0.041 V                             ; 0.528 V                             ; 4.29e-10 s                 ; 1.87e-10 s                 ; Yes                       ; No                        ;
; GPIO[0]       ; 3.3-V LVTTL  ; 0 s                 ; 0 s                 ; 3.63 V                       ; 0.000238 V                   ; 3.64 V              ; -0.254 V            ; 0.052 V                              ; 0.543 V                              ; 4.59e-10 s                  ; 1.96e-10 s                  ; Yes                        ; No                         ; 3.63 V                      ; 0.000238 V                  ; 3.64 V             ; -0.254 V           ; 0.052 V                             ; 0.543 V                             ; 4.59e-10 s                 ; 1.96e-10 s                 ; Yes                       ; No                        ;
; GPIO[1]       ; 3.3-V LVTTL  ; 0 s                 ; 0 s                 ; 3.63 V                       ; 0.000238 V                   ; 3.64 V              ; -0.254 V            ; 0.052 V                              ; 0.543 V                              ; 4.59e-10 s                  ; 1.96e-10 s                  ; Yes                        ; No                         ; 3.63 V                      ; 0.000238 V                  ; 3.64 V             ; -0.254 V           ; 0.052 V                             ; 0.543 V                             ; 4.59e-10 s                 ; 1.96e-10 s                 ; Yes                       ; No                        ;
; GPIO[2]       ; 3.3-V LVTTL  ; 0 s                 ; 0 s                 ; 3.63 V                       ; 0.000184 V                   ; 3.64 V              ; -0.19 V             ; 0.019 V                              ; 0.425 V                              ; 4.44e-10 s                  ; 1.91e-10 s                  ; Yes                        ; No                         ; 3.63 V                      ; 0.000184 V                  ; 3.64 V             ; -0.19 V            ; 0.019 V                             ; 0.425 V                             ; 4.44e-10 s                 ; 1.91e-10 s                 ; Yes                       ; No                        ;
; GPIO[6]       ; 3.3-V LVTTL  ; 0 s                 ; 0 s                 ; 3.63 V                       ; 0.000229 V                   ; 3.65 V              ; -0.319 V            ; 0.041 V                              ; 0.528 V                              ; 4.29e-10 s                  ; 1.87e-10 s                  ; Yes                        ; No                         ; 3.63 V                      ; 0.000229 V                  ; 3.65 V             ; -0.319 V           ; 0.041 V                             ; 0.528 V                             ; 4.29e-10 s                 ; 1.87e-10 s                 ; Yes                       ; No                        ;
; GPIO[7]       ; 3.3-V LVTTL  ; 0 s                 ; 0 s                 ; 3.63 V                       ; 0.000229 V                   ; 3.65 V              ; -0.316 V            ; 0.041 V                              ; 0.53 V                               ; 4.29e-10 s                  ; 1.87e-10 s                  ; Yes                        ; No                         ; 3.63 V                      ; 0.000229 V                  ; 3.65 V             ; -0.316 V           ; 0.041 V                             ; 0.53 V                              ; 4.29e-10 s                 ; 1.87e-10 s                 ; Yes                       ; No                        ;
; GPIO[8]       ; 3.3-V LVTTL  ; 0 s                 ; 0 s                 ; 3.63 V                       ; 0.000238 V                   ; 3.64 V              ; -0.254 V            ; 0.052 V                              ; 0.543 V                              ; 4.59e-10 s                  ; 1.96e-10 s                  ; Yes                        ; No                         ; 3.63 V                      ; 0.000238 V                  ; 3.64 V             ; -0.254 V           ; 0.052 V                             ; 0.543 V                             ; 4.59e-10 s                 ; 1.96e-10 s                 ; Yes                       ; No                        ;
; GPIO[9]       ; 3.3-V LVTTL  ; 0 s                 ; 0 s                 ; 3.63 V                       ; 0.000229 V                   ; 3.65 V              ; -0.316 V            ; 0.041 V                              ; 0.53 V                               ; 4.29e-10 s                  ; 1.87e-10 s                  ; Yes                        ; No                         ; 3.63 V                      ; 0.000229 V                  ; 3.65 V             ; -0.316 V           ; 0.041 V                             ; 0.53 V                              ; 4.29e-10 s                 ; 1.87e-10 s                 ; Yes                       ; No                        ;
; GPIO[10]      ; 3.3-V LVTTL  ; 0 s                 ; 0 s                 ; 3.63 V                       ; 0.000229 V                   ; 3.65 V              ; -0.319 V            ; 0.041 V                              ; 0.528 V                              ; 4.29e-10 s                  ; 1.87e-10 s                  ; Yes                        ; No                         ; 3.63 V                      ; 0.000229 V                  ; 3.65 V             ; -0.319 V           ; 0.041 V                             ; 0.528 V                             ; 4.29e-10 s                 ; 1.87e-10 s                 ; Yes                       ; No                        ;
; GPIO[11]      ; 3.3-V LVTTL  ; 0 s                 ; 0 s                 ; 3.63 V                       ; 0.000229 V                   ; 3.65 V              ; -0.316 V            ; 0.041 V                              ; 0.53 V                               ; 4.29e-10 s                  ; 1.87e-10 s                  ; Yes                        ; No                         ; 3.63 V                      ; 0.000229 V                  ; 3.65 V             ; -0.316 V           ; 0.041 V                             ; 0.53 V                              ; 4.29e-10 s                 ; 1.87e-10 s                 ; Yes                       ; No                        ;
; GPIO[12]      ; 3.3-V LVTTL  ; 0 s                 ; 0 s                 ; 3.63 V                       ; 0.000229 V                   ; 3.65 V              ; -0.316 V            ; 0.041 V                              ; 0.53 V                               ; 4.29e-10 s                  ; 1.87e-10 s                  ; Yes                        ; No                         ; 3.63 V                      ; 0.000229 V                  ; 3.65 V             ; -0.316 V           ; 0.041 V                             ; 0.53 V                              ; 4.29e-10 s                 ; 1.87e-10 s                 ; Yes                       ; No                        ;
; GPIO[13]      ; 3.3-V LVTTL  ; 0 s                 ; 0 s                 ; 3.63 V                       ; 0.000229 V                   ; 3.65 V              ; -0.316 V            ; 0.041 V                              ; 0.53 V                               ; 4.29e-10 s                  ; 1.87e-10 s                  ; Yes                        ; No                         ; 3.63 V                      ; 0.000229 V                  ; 3.65 V             ; -0.316 V           ; 0.041 V                             ; 0.53 V                              ; 4.29e-10 s                 ; 1.87e-10 s                 ; Yes                       ; No                        ;
; GPIO[14]      ; 3.3-V LVTTL  ; 0 s                 ; 0 s                 ; 3.63 V                       ; 0.000229 V                   ; 3.65 V              ; -0.319 V            ; 0.041 V                              ; 0.528 V                              ; 4.29e-10 s                  ; 1.87e-10 s                  ; Yes                        ; No                         ; 3.63 V                      ; 0.000229 V                  ; 3.65 V             ; -0.319 V           ; 0.041 V                             ; 0.528 V                             ; 4.29e-10 s                 ; 1.87e-10 s                 ; Yes                       ; No                        ;
; GPIO[15]      ; 3.3-V LVTTL  ; 0 s                 ; 0 s                 ; 3.63 V                       ; 0.000229 V                   ; 3.65 V              ; -0.319 V            ; 0.041 V                              ; 0.528 V                              ; 4.29e-10 s                  ; 1.87e-10 s                  ; Yes                        ; No                         ; 3.63 V                      ; 0.000229 V                  ; 3.65 V             ; -0.319 V           ; 0.041 V                             ; 0.528 V                             ; 4.29e-10 s                 ; 1.87e-10 s                 ; Yes                       ; No                        ;
; GPIO[16]      ; 3.3-V LVTTL  ; 0 s                 ; 0 s                 ; 3.63 V                       ; 0.000184 V                   ; 3.64 V              ; -0.19 V             ; 0.019 V                              ; 0.425 V                              ; 4.44e-10 s                  ; 1.91e-10 s                  ; Yes                        ; No                         ; 3.63 V                      ; 0.000184 V                  ; 3.64 V             ; -0.19 V            ; 0.019 V                             ; 0.425 V                             ; 4.44e-10 s                 ; 1.91e-10 s                 ; Yes                       ; No                        ;
; GPIO[17]      ; 3.3-V LVTTL  ; 0 s                 ; 0 s                 ; 3.63 V                       ; 0.000184 V                   ; 3.64 V              ; -0.19 V             ; 0.019 V                              ; 0.425 V                              ; 4.44e-10 s                  ; 1.91e-10 s                  ; Yes                        ; No                         ; 3.63 V                      ; 0.000184 V                  ; 3.64 V             ; -0.19 V            ; 0.019 V                             ; 0.425 V                             ; 4.44e-10 s                 ; 1.91e-10 s                 ; Yes                       ; No                        ;
; GPIO[18]      ; 3.3-V LVTTL  ; 0 s                 ; 0 s                 ; 3.63 V                       ; 0.000238 V                   ; 3.64 V              ; -0.254 V            ; 0.052 V                              ; 0.543 V                              ; 4.59e-10 s                  ; 1.96e-10 s                  ; Yes                        ; No                         ; 3.63 V                      ; 0.000238 V                  ; 3.64 V             ; -0.254 V           ; 0.052 V                             ; 0.543 V                             ; 4.59e-10 s                 ; 1.96e-10 s                 ; Yes                       ; No                        ;
; GPIO[19]      ; 3.3-V LVTTL  ; 0 s                 ; 0 s                 ; 3.63 V                       ; 0.000238 V                   ; 3.64 V              ; -0.254 V            ; 0.052 V                              ; 0.543 V                              ; 4.59e-10 s                  ; 1.96e-10 s                  ; Yes                        ; No                         ; 3.63 V                      ; 0.000238 V                  ; 3.64 V             ; -0.254 V           ; 0.052 V                             ; 0.543 V                             ; 4.59e-10 s                 ; 1.96e-10 s                 ; Yes                       ; No                        ;
; GPIO[20]      ; 3.3-V LVTTL  ; 0 s                 ; 0 s                 ; 3.63 V                       ; 0.000229 V                   ; 3.65 V              ; -0.319 V            ; 0.041 V                              ; 0.528 V                              ; 4.29e-10 s                  ; 1.87e-10 s                  ; Yes                        ; No                         ; 3.63 V                      ; 0.000229 V                  ; 3.65 V             ; -0.319 V           ; 0.041 V                             ; 0.528 V                             ; 4.29e-10 s                 ; 1.87e-10 s                 ; Yes                       ; No                        ;
; GPIO[21]      ; 3.3-V LVTTL  ; 0 s                 ; 0 s                 ; 3.63 V                       ; 0.000229 V                   ; 3.65 V              ; -0.316 V            ; 0.041 V                              ; 0.53 V                               ; 4.29e-10 s                  ; 1.87e-10 s                  ; Yes                        ; No                         ; 3.63 V                      ; 0.000229 V                  ; 3.65 V             ; -0.316 V           ; 0.041 V                             ; 0.53 V                              ; 4.29e-10 s                 ; 1.87e-10 s                 ; Yes                       ; No                        ;
; GPIO[22]      ; 3.3-V LVTTL  ; 0 s                 ; 0 s                 ; 3.63 V                       ; 0.000184 V                   ; 3.64 V              ; -0.19 V             ; 0.019 V                              ; 0.425 V                              ; 4.44e-10 s                  ; 1.91e-10 s                  ; Yes                        ; No                         ; 3.63 V                      ; 0.000184 V                  ; 3.64 V             ; -0.19 V            ; 0.019 V                             ; 0.425 V                             ; 4.44e-10 s                 ; 1.91e-10 s                 ; Yes                       ; No                        ;
; GPIO[23]      ; 3.3-V LVTTL  ; 0 s                 ; 0 s                 ; 3.63 V                       ; 0.000229 V                   ; 3.65 V              ; -0.316 V            ; 0.041 V                              ; 0.53 V                               ; 4.29e-10 s                  ; 1.87e-10 s                  ; Yes                        ; No                         ; 3.63 V                      ; 0.000229 V                  ; 3.65 V             ; -0.316 V           ; 0.041 V                             ; 0.53 V                              ; 4.29e-10 s                 ; 1.87e-10 s                 ; Yes                       ; No                        ;
; GPIO[24]      ; 3.3-V LVTTL  ; 0 s                 ; 0 s                 ; 3.63 V                       ; 0.000184 V                   ; 3.64 V              ; -0.19 V             ; 0.019 V                              ; 0.425 V                              ; 4.44e-10 s                  ; 1.91e-10 s                  ; Yes                        ; No                         ; 3.63 V                      ; 0.000184 V                  ; 3.64 V             ; -0.19 V            ; 0.019 V                             ; 0.425 V                             ; 4.44e-10 s                 ; 1.91e-10 s                 ; Yes                       ; No                        ;
; GPIO[25]      ; 3.3-V LVTTL  ; 0 s                 ; 0 s                 ; 3.63 V                       ; 0.000238 V                   ; 3.64 V              ; -0.254 V            ; 0.052 V                              ; 0.543 V                              ; 4.59e-10 s                  ; 1.96e-10 s                  ; Yes                        ; No                         ; 3.63 V                      ; 0.000238 V                  ; 3.64 V             ; -0.254 V           ; 0.052 V                             ; 0.543 V                             ; 4.59e-10 s                 ; 1.96e-10 s                 ; Yes                       ; No                        ;
; GPIO[26]      ; 3.3-V LVTTL  ; 0 s                 ; 0 s                 ; 3.63 V                       ; 0.000238 V                   ; 3.64 V              ; -0.254 V            ; 0.052 V                              ; 0.543 V                              ; 4.59e-10 s                  ; 1.96e-10 s                  ; Yes                        ; No                         ; 3.63 V                      ; 0.000238 V                  ; 3.64 V             ; -0.254 V           ; 0.052 V                             ; 0.543 V                             ; 4.59e-10 s                 ; 1.96e-10 s                 ; Yes                       ; No                        ;
; GPIO[27]      ; 3.3-V LVTTL  ; 0 s                 ; 0 s                 ; 3.63 V                       ; 0.000184 V                   ; 3.64 V              ; -0.19 V             ; 0.019 V                              ; 0.425 V                              ; 4.44e-10 s                  ; 1.91e-10 s                  ; Yes                        ; No                         ; 3.63 V                      ; 0.000184 V                  ; 3.64 V             ; -0.19 V            ; 0.019 V                             ; 0.425 V                             ; 4.44e-10 s                 ; 1.91e-10 s                 ; Yes                       ; No                        ;
; GPIO[28]      ; 3.3-V LVTTL  ; 0 s                 ; 0 s                 ; 3.63 V                       ; 0.000238 V                   ; 3.64 V              ; -0.254 V            ; 0.052 V                              ; 0.543 V                              ; 4.59e-10 s                  ; 1.96e-10 s                  ; Yes                        ; No                         ; 3.63 V                      ; 0.000238 V                  ; 3.64 V             ; -0.254 V           ; 0.052 V                             ; 0.543 V                             ; 4.59e-10 s                 ; 1.96e-10 s                 ; Yes                       ; No                        ;
; GPIO[29]      ; 3.3-V LVTTL  ; 0 s                 ; 0 s                 ; 3.63 V                       ; 0.000184 V                   ; 3.64 V              ; -0.19 V             ; 0.019 V                              ; 0.425 V                              ; 4.44e-10 s                  ; 1.91e-10 s                  ; Yes                        ; No                         ; 3.63 V                      ; 0.000184 V                  ; 3.64 V             ; -0.19 V            ; 0.019 V                             ; 0.425 V                             ; 4.44e-10 s                 ; 1.91e-10 s                 ; Yes                       ; No                        ;
; GPIO[30]      ; 3.3-V LVTTL  ; 0 s                 ; 0 s                 ; 3.63 V                       ; 0.000238 V                   ; 3.64 V              ; -0.254 V            ; 0.052 V                              ; 0.543 V                              ; 4.59e-10 s                  ; 1.96e-10 s                  ; Yes                        ; No                         ; 3.63 V                      ; 0.000238 V                  ; 3.64 V             ; -0.254 V           ; 0.052 V                             ; 0.543 V                             ; 4.59e-10 s                 ; 1.96e-10 s                 ; Yes                       ; No                        ;
; GPIO[31]      ; 3.3-V LVTTL  ; 0 s                 ; 0 s                 ; 3.63 V                       ; 0.000238 V                   ; 3.64 V              ; -0.254 V            ; 0.052 V                              ; 0.543 V                              ; 4.59e-10 s                  ; 1.96e-10 s                  ; Yes                        ; No                         ; 3.63 V                      ; 0.000238 V                  ; 3.64 V             ; -0.254 V           ; 0.052 V                             ; 0.543 V                             ; 4.59e-10 s                 ; 1.96e-10 s                 ; Yes                       ; No                        ;
; GPIO[32]      ; 3.3-V LVTTL  ; 0 s                 ; 0 s                 ; 3.63 V                       ; 0.000184 V                   ; 3.64 V              ; -0.19 V             ; 0.019 V                              ; 0.425 V                              ; 4.44e-10 s                  ; 1.91e-10 s                  ; Yes                        ; No                         ; 3.63 V                      ; 0.000184 V                  ; 3.64 V             ; -0.19 V            ; 0.019 V                             ; 0.425 V                             ; 4.44e-10 s                 ; 1.91e-10 s                 ; Yes                       ; No                        ;
; GPIO[33]      ; 3.3-V LVTTL  ; 0 s                 ; 0 s                 ; 3.63 V                       ; 0.000184 V                   ; 3.64 V              ; -0.19 V             ; 0.019 V                              ; 0.425 V                              ; 4.44e-10 s                  ; 1.91e-10 s                  ; Yes                        ; No                         ; 3.63 V                      ; 0.000184 V                  ; 3.64 V             ; -0.19 V            ; 0.019 V                             ; 0.425 V                             ; 4.44e-10 s                 ; 1.91e-10 s                 ; Yes                       ; No                        ;
; GPIO[34]      ; 3.3-V LVTTL  ; 0 s                 ; 0 s                 ; 3.63 V                       ; 0.000229 V                   ; 3.65 V              ; -0.316 V            ; 0.041 V                              ; 0.53 V                               ; 4.29e-10 s                  ; 1.87e-10 s                  ; Yes                        ; No                         ; 3.63 V                      ; 0.000229 V                  ; 3.65 V             ; -0.316 V           ; 0.041 V                             ; 0.53 V                              ; 4.29e-10 s                 ; 1.87e-10 s                 ; Yes                       ; No                        ;
; GPIO[35]      ; 3.3-V LVTTL  ; 0 s                 ; 0 s                 ; 3.63 V                       ; 0.000229 V                   ; 3.65 V              ; -0.319 V            ; 0.041 V                              ; 0.528 V                              ; 4.29e-10 s                  ; 1.87e-10 s                  ; Yes                        ; No                         ; 3.63 V                      ; 0.000229 V                  ; 3.65 V             ; -0.319 V           ; 0.041 V                             ; 0.528 V                             ; 4.29e-10 s                 ; 1.87e-10 s                 ; Yes                       ; No                        ;
+---------------+--------------+---------------------+---------------------+------------------------------+------------------------------+---------------------+---------------------+--------------------------------------+--------------------------------------+-----------------------------+-----------------------------+----------------------------+----------------------------+-----------------------------+-----------------------------+--------------------+--------------------+-------------------------------------+-------------------------------------+----------------------------+----------------------------+---------------------------+---------------------------+


+-----------------------------------------------------------------------------------------------------------------------------------------------------------------------------------------------------------------------------------------------+
; Setup Transfers                                                                                                                                                                                                                               ;
+-----------------------------------------------------------------------------------------------+-----------------------------------------------------------------------------------------------+--------------+----------+----------+----------+
; From Clock                                                                                    ; To Clock                                                                                      ; RR Paths     ; FR Paths ; RF Paths ; FF Paths ;
+-----------------------------------------------------------------------------------------------+-----------------------------------------------------------------------------------------------+--------------+----------+----------+----------+
; CLOCK_50                                                                                      ; CLOCK_50                                                                                      ; > 2147483647 ; 0        ; 0        ; 0        ;
; iTOP|iAUD_CNTRL|iCLKGEN|gen_16_bit.pll|altera_pll_i|general[1].gpll~PLL_OUTPUT_COUNTER|divclk ; CLOCK_50                                                                                      ; 8            ; 0        ; 0        ; 0        ;
; CLOCK_50                                                                                      ; iTOP|iAUD_CNTRL|iCLKGEN|gen_16_bit.pll|altera_pll_i|general[1].gpll~PLL_OUTPUT_COUNTER|divclk ; 8            ; 0        ; 0        ; 0        ;
; iTOP|iAUD_CNTRL|iCLKGEN|gen_16_bit.pll|altera_pll_i|general[1].gpll~PLL_OUTPUT_COUNTER|divclk ; iTOP|iAUD_CNTRL|iCLKGEN|gen_16_bit.pll|altera_pll_i|general[1].gpll~PLL_OUTPUT_COUNTER|divclk ; 961          ; 0        ; 0        ; 0        ;
+-----------------------------------------------------------------------------------------------+-----------------------------------------------------------------------------------------------+--------------+----------+----------+----------+
Entries labeled "false path" only account for clock-to-clock false paths and not path-based false paths. As a result, actual path counts may be lower than reported.


+-----------------------------------------------------------------------------------------------------------------------------------------------------------------------------------------------------------------------------------------------+
; Hold Transfers                                                                                                                                                                                                                                ;
+-----------------------------------------------------------------------------------------------+-----------------------------------------------------------------------------------------------+--------------+----------+----------+----------+
; From Clock                                                                                    ; To Clock                                                                                      ; RR Paths     ; FR Paths ; RF Paths ; FF Paths ;
+-----------------------------------------------------------------------------------------------+-----------------------------------------------------------------------------------------------+--------------+----------+----------+----------+
; CLOCK_50                                                                                      ; CLOCK_50                                                                                      ; > 2147483647 ; 0        ; 0        ; 0        ;
; iTOP|iAUD_CNTRL|iCLKGEN|gen_16_bit.pll|altera_pll_i|general[1].gpll~PLL_OUTPUT_COUNTER|divclk ; CLOCK_50                                                                                      ; 8            ; 0        ; 0        ; 0        ;
; CLOCK_50                                                                                      ; iTOP|iAUD_CNTRL|iCLKGEN|gen_16_bit.pll|altera_pll_i|general[1].gpll~PLL_OUTPUT_COUNTER|divclk ; 8            ; 0        ; 0        ; 0        ;
; iTOP|iAUD_CNTRL|iCLKGEN|gen_16_bit.pll|altera_pll_i|general[1].gpll~PLL_OUTPUT_COUNTER|divclk ; iTOP|iAUD_CNTRL|iCLKGEN|gen_16_bit.pll|altera_pll_i|general[1].gpll~PLL_OUTPUT_COUNTER|divclk ; 961          ; 0        ; 0        ; 0        ;
+-----------------------------------------------------------------------------------------------+-----------------------------------------------------------------------------------------------+--------------+----------+----------+----------+
Entries labeled "false path" only account for clock-to-clock false paths and not path-based false paths. As a result, actual path counts may be lower than reported.


---------------
; Report TCCS ;
---------------
No dedicated SERDES Transmitter circuitry present in device or used in design


---------------
; Report RSKM ;
---------------
No non-DPA dedicated SERDES Receiver circuitry present in device or used in design


+-------------------------------------------------+
; Unconstrained Paths Summary                     ;
+---------------------------------+-------+-------+
; Property                        ; Setup ; Hold  ;
+---------------------------------+-------+-------+
; Illegal Clocks                  ; 0     ; 0     ;
; Unconstrained Clocks            ; 0     ; 0     ;
; Unconstrained Input Ports       ; 5     ; 5     ;
; Unconstrained Input Port Paths  ; 23298 ; 23298 ;
; Unconstrained Output Ports      ; 57    ; 57    ;
; Unconstrained Output Port Paths ; 1897  ; 1897  ;
+---------------------------------+-------+-------+


+-------------------------------------------------------------------------------------------------------------------------------------------------------------------------------------------------------------------------+
; Clock Status Summary                                                                                                                                                                                                    ;
+-----------------------------------------------------------------------------------------------+-----------------------------------------------------------------------------------------------+-----------+-------------+
; Target                                                                                        ; Clock                                                                                         ; Type      ; Status      ;
+-----------------------------------------------------------------------------------------------+-----------------------------------------------------------------------------------------------+-----------+-------------+
; AUD_XCK                                                                                       ; clk_audxck                                                                                    ; Base      ; Constrained ;
; CLOCK2_50                                                                                     ; CLOCK2_50                                                                                     ; Base      ; Constrained ;
; CLOCK3_50                                                                                     ; CLOCK3_50                                                                                     ; Base      ; Constrained ;
; CLOCK4_50                                                                                     ; CLOCK4_50                                                                                     ; Base      ; Constrained ;
; CLOCK_50                                                                                      ; CLOCK_50                                                                                      ; Base      ; Constrained ;
; DRAM_CLK                                                                                      ; clk_dram                                                                                      ; Base      ; Constrained ;
; TD_CLK27                                                                                      ; tv_27m                                                                                        ; Base      ; Constrained ;
; VGA_CLK                                                                                       ; clk_vga                                                                                       ; Base      ; Constrained ;
; iTOP|iAUD_CNTRL|iCLKGEN|gen_16_bit.pll|altera_pll_i|general[0].gpll~FRACTIONAL_PLL|vcoph[0]   ; iTOP|iAUD_CNTRL|iCLKGEN|gen_16_bit.pll|altera_pll_i|general[0].gpll~FRACTIONAL_PLL|vcoph[0]   ; Generated ; Constrained ;
; iTOP|iAUD_CNTRL|iCLKGEN|gen_16_bit.pll|altera_pll_i|general[0].gpll~PLL_OUTPUT_COUNTER|divclk ; iTOP|iAUD_CNTRL|iCLKGEN|gen_16_bit.pll|altera_pll_i|general[0].gpll~PLL_OUTPUT_COUNTER|divclk ; Generated ; Constrained ;
; iTOP|iAUD_CNTRL|iCLKGEN|gen_16_bit.pll|altera_pll_i|general[1].gpll~PLL_OUTPUT_COUNTER|divclk ; iTOP|iAUD_CNTRL|iCLKGEN|gen_16_bit.pll|altera_pll_i|general[1].gpll~PLL_OUTPUT_COUNTER|divclk ; Generated ; Constrained ;
+-----------------------------------------------------------------------------------------------+-----------------------------------------------------------------------------------------------+-----------+-------------+


+------------------------------------------------------------------------------------------------------+
; Unconstrained Input Ports                                                                            ;
+---------------+--------------------------------------------------------------------------------------+
; Input Port    ; Comment                                                                              ;
+---------------+--------------------------------------------------------------------------------------+
; AUD_ADCDAT    ; No input delay, min/max delays, false-path exceptions, or max skew assignments found ;
; FPGA_I2C_SDAT ; No input delay, min/max delays, false-path exceptions, or max skew assignments found ;
; GPIO[5]       ; No input delay, min/max delays, false-path exceptions, or max skew assignments found ;
; KEY[0]        ; No input delay, min/max delays, false-path exceptions, or max skew assignments found ;
; SW[0]         ; No input delay, min/max delays, false-path exceptions, or max skew assignments found ;
+---------------+--------------------------------------------------------------------------------------+


+-------------------------------------------------------------------------------------------------------+
; Unconstrained Output Ports                                                                            ;
+---------------+---------------------------------------------------------------------------------------+
; Output Port   ; Comment                                                                               ;
+---------------+---------------------------------------------------------------------------------------+
; AUD_ADCLRCK   ; No output delay, min/max delays, false-path exceptions, or max skew assignments found ;
; AUD_BCLK      ; No output delay, min/max delays, false-path exceptions, or max skew assignments found ;
; AUD_DACDAT    ; No output delay, min/max delays, false-path exceptions, or max skew assignments found ;
; AUD_DACLRCK   ; No output delay, min/max delays, false-path exceptions, or max skew assignments found ;
; FPGA_I2C_SCLK ; No output delay, min/max delays, false-path exceptions, or max skew assignments found ;
; FPGA_I2C_SDAT ; No output delay, min/max delays, false-path exceptions, or max skew assignments found ;
; GPIO[4]       ; No output delay, min/max delays, false-path exceptions, or max skew assignments found ;
; HEX0[0]       ; No output delay, min/max delays, false-path exceptions, or max skew assignments found ;
; HEX0[1]       ; No output delay, min/max delays, false-path exceptions, or max skew assignments found ;
; HEX0[2]       ; No output delay, min/max delays, false-path exceptions, or max skew assignments found ;
; HEX0[3]       ; No output delay, min/max delays, false-path exceptions, or max skew assignments found ;
; HEX0[4]       ; No output delay, min/max delays, false-path exceptions, or max skew assignments found ;
; HEX0[5]       ; No output delay, min/max delays, false-path exceptions, or max skew assignments found ;
; HEX0[6]       ; No output delay, min/max delays, false-path exceptions, or max skew assignments found ;
; HEX1[0]       ; No output delay, min/max delays, false-path exceptions, or max skew assignments found ;
; HEX1[1]       ; No output delay, min/max delays, false-path exceptions, or max skew assignments found ;
; HEX1[2]       ; No output delay, min/max delays, false-path exceptions, or max skew assignments found ;
; HEX1[3]       ; No output delay, min/max delays, false-path exceptions, or max skew assignments found ;
; HEX1[4]       ; No output delay, min/max delays, false-path exceptions, or max skew assignments found ;
; HEX1[5]       ; No output delay, min/max delays, false-path exceptions, or max skew assignments found ;
; HEX1[6]       ; No output delay, min/max delays, false-path exceptions, or max skew assignments found ;
; HEX2[0]       ; No output delay, min/max delays, false-path exceptions, or max skew assignments found ;
; HEX2[1]       ; No output delay, min/max delays, false-path exceptions, or max skew assignments found ;
; HEX2[2]       ; No output delay, min/max delays, false-path exceptions, or max skew assignments found ;
; HEX2[3]       ; No output delay, min/max delays, false-path exceptions, or max skew assignments found ;
; HEX2[4]       ; No output delay, min/max delays, false-path exceptions, or max skew assignments found ;
; HEX2[5]       ; No output delay, min/max delays, false-path exceptions, or max skew assignments found ;
; HEX2[6]       ; No output delay, min/max delays, false-path exceptions, or max skew assignments found ;
; HEX3[0]       ; No output delay, min/max delays, false-path exceptions, or max skew assignments found ;
; HEX3[1]       ; No output delay, min/max delays, false-path exceptions, or max skew assignments found ;
; HEX3[2]       ; No output delay, min/max delays, false-path exceptions, or max skew assignments found ;
; HEX3[3]       ; No output delay, min/max delays, false-path exceptions, or max skew assignments found ;
; HEX3[4]       ; No output delay, min/max delays, false-path exceptions, or max skew assignments found ;
; HEX3[5]       ; No output delay, min/max delays, false-path exceptions, or max skew assignments found ;
; HEX3[6]       ; No output delay, min/max delays, false-path exceptions, or max skew assignments found ;
; HEX4[0]       ; No output delay, min/max delays, false-path exceptions, or max skew assignments found ;
; HEX4[1]       ; No output delay, min/max delays, false-path exceptions, or max skew assignments found ;
; HEX4[2]       ; No output delay, min/max delays, false-path exceptions, or max skew assignments found ;
; HEX4[3]       ; No output delay, min/max delays, false-path exceptions, or max skew assignments found ;
; HEX4[4]       ; No output delay, min/max delays, false-path exceptions, or max skew assignments found ;
; HEX4[5]       ; No output delay, min/max delays, false-path exceptions, or max skew assignments found ;
; HEX4[6]       ; No output delay, min/max delays, false-path exceptions, or max skew assignments found ;
; HEX5[0]       ; No output delay, min/max delays, false-path exceptions, or max skew assignments found ;
; HEX5[1]       ; No output delay, min/max delays, false-path exceptions, or max skew assignments found ;
; HEX5[2]       ; No output delay, min/max delays, false-path exceptions, or max skew assignments found ;
; HEX5[3]       ; No output delay, min/max delays, false-path exceptions, or max skew assignments found ;
; HEX5[4]       ; No output delay, min/max delays, false-path exceptions, or max skew assignments found ;
; HEX5[5]       ; No output delay, min/max delays, false-path exceptions, or max skew assignments found ;
; HEX5[6]       ; No output delay, min/max delays, false-path exceptions, or max skew assignments found ;
; LEDR[0]       ; No output delay, min/max delays, false-path exceptions, or max skew assignments found ;
; LEDR[1]       ; No output delay, min/max delays, false-path exceptions, or max skew assignments found ;
; LEDR[2]       ; No output delay, min/max delays, false-path exceptions, or max skew assignments found ;
; LEDR[3]       ; No output delay, min/max delays, false-path exceptions, or max skew assignments found ;
; LEDR[5]       ; No output delay, min/max delays, false-path exceptions, or max skew assignments found ;
; LEDR[7]       ; No output delay, min/max delays, false-path exceptions, or max skew assignments found ;
; LEDR[8]       ; No output delay, min/max delays, false-path exceptions, or max skew assignments found ;
; LEDR[9]       ; No output delay, min/max delays, false-path exceptions, or max skew assignments found ;
+---------------+---------------------------------------------------------------------------------------+


+------------------------------------------------------------------------------------------------------+
; Unconstrained Input Ports                                                                            ;
+---------------+--------------------------------------------------------------------------------------+
; Input Port    ; Comment                                                                              ;
+---------------+--------------------------------------------------------------------------------------+
; AUD_ADCDAT    ; No input delay, min/max delays, false-path exceptions, or max skew assignments found ;
; FPGA_I2C_SDAT ; No input delay, min/max delays, false-path exceptions, or max skew assignments found ;
; GPIO[5]       ; No input delay, min/max delays, false-path exceptions, or max skew assignments found ;
; KEY[0]        ; No input delay, min/max delays, false-path exceptions, or max skew assignments found ;
; SW[0]         ; No input delay, min/max delays, false-path exceptions, or max skew assignments found ;
+---------------+--------------------------------------------------------------------------------------+


+-------------------------------------------------------------------------------------------------------+
; Unconstrained Output Ports                                                                            ;
+---------------+---------------------------------------------------------------------------------------+
; Output Port   ; Comment                                                                               ;
+---------------+---------------------------------------------------------------------------------------+
; AUD_ADCLRCK   ; No output delay, min/max delays, false-path exceptions, or max skew assignments found ;
; AUD_BCLK      ; No output delay, min/max delays, false-path exceptions, or max skew assignments found ;
; AUD_DACDAT    ; No output delay, min/max delays, false-path exceptions, or max skew assignments found ;
; AUD_DACLRCK   ; No output delay, min/max delays, false-path exceptions, or max skew assignments found ;
; FPGA_I2C_SCLK ; No output delay, min/max delays, false-path exceptions, or max skew assignments found ;
; FPGA_I2C_SDAT ; No output delay, min/max delays, false-path exceptions, or max skew assignments found ;
; GPIO[4]       ; No output delay, min/max delays, false-path exceptions, or max skew assignments found ;
; HEX0[0]       ; No output delay, min/max delays, false-path exceptions, or max skew assignments found ;
; HEX0[1]       ; No output delay, min/max delays, false-path exceptions, or max skew assignments found ;
; HEX0[2]       ; No output delay, min/max delays, false-path exceptions, or max skew assignments found ;
; HEX0[3]       ; No output delay, min/max delays, false-path exceptions, or max skew assignments found ;
; HEX0[4]       ; No output delay, min/max delays, false-path exceptions, or max skew assignments found ;
; HEX0[5]       ; No output delay, min/max delays, false-path exceptions, or max skew assignments found ;
; HEX0[6]       ; No output delay, min/max delays, false-path exceptions, or max skew assignments found ;
; HEX1[0]       ; No output delay, min/max delays, false-path exceptions, or max skew assignments found ;
; HEX1[1]       ; No output delay, min/max delays, false-path exceptions, or max skew assignments found ;
; HEX1[2]       ; No output delay, min/max delays, false-path exceptions, or max skew assignments found ;
; HEX1[3]       ; No output delay, min/max delays, false-path exceptions, or max skew assignments found ;
; HEX1[4]       ; No output delay, min/max delays, false-path exceptions, or max skew assignments found ;
; HEX1[5]       ; No output delay, min/max delays, false-path exceptions, or max skew assignments found ;
; HEX1[6]       ; No output delay, min/max delays, false-path exceptions, or max skew assignments found ;
; HEX2[0]       ; No output delay, min/max delays, false-path exceptions, or max skew assignments found ;
; HEX2[1]       ; No output delay, min/max delays, false-path exceptions, or max skew assignments found ;
; HEX2[2]       ; No output delay, min/max delays, false-path exceptions, or max skew assignments found ;
; HEX2[3]       ; No output delay, min/max delays, false-path exceptions, or max skew assignments found ;
; HEX2[4]       ; No output delay, min/max delays, false-path exceptions, or max skew assignments found ;
; HEX2[5]       ; No output delay, min/max delays, false-path exceptions, or max skew assignments found ;
; HEX2[6]       ; No output delay, min/max delays, false-path exceptions, or max skew assignments found ;
; HEX3[0]       ; No output delay, min/max delays, false-path exceptions, or max skew assignments found ;
; HEX3[1]       ; No output delay, min/max delays, false-path exceptions, or max skew assignments found ;
; HEX3[2]       ; No output delay, min/max delays, false-path exceptions, or max skew assignments found ;
; HEX3[3]       ; No output delay, min/max delays, false-path exceptions, or max skew assignments found ;
; HEX3[4]       ; No output delay, min/max delays, false-path exceptions, or max skew assignments found ;
; HEX3[5]       ; No output delay, min/max delays, false-path exceptions, or max skew assignments found ;
; HEX3[6]       ; No output delay, min/max delays, false-path exceptions, or max skew assignments found ;
; HEX4[0]       ; No output delay, min/max delays, false-path exceptions, or max skew assignments found ;
; HEX4[1]       ; No output delay, min/max delays, false-path exceptions, or max skew assignments found ;
; HEX4[2]       ; No output delay, min/max delays, false-path exceptions, or max skew assignments found ;
; HEX4[3]       ; No output delay, min/max delays, false-path exceptions, or max skew assignments found ;
; HEX4[4]       ; No output delay, min/max delays, false-path exceptions, or max skew assignments found ;
; HEX4[5]       ; No output delay, min/max delays, false-path exceptions, or max skew assignments found ;
; HEX4[6]       ; No output delay, min/max delays, false-path exceptions, or max skew assignments found ;
; HEX5[0]       ; No output delay, min/max delays, false-path exceptions, or max skew assignments found ;
; HEX5[1]       ; No output delay, min/max delays, false-path exceptions, or max skew assignments found ;
; HEX5[2]       ; No output delay, min/max delays, false-path exceptions, or max skew assignments found ;
; HEX5[3]       ; No output delay, min/max delays, false-path exceptions, or max skew assignments found ;
; HEX5[4]       ; No output delay, min/max delays, false-path exceptions, or max skew assignments found ;
; HEX5[5]       ; No output delay, min/max delays, false-path exceptions, or max skew assignments found ;
; HEX5[6]       ; No output delay, min/max delays, false-path exceptions, or max skew assignments found ;
; LEDR[0]       ; No output delay, min/max delays, false-path exceptions, or max skew assignments found ;
; LEDR[1]       ; No output delay, min/max delays, false-path exceptions, or max skew assignments found ;
; LEDR[2]       ; No output delay, min/max delays, false-path exceptions, or max skew assignments found ;
; LEDR[3]       ; No output delay, min/max delays, false-path exceptions, or max skew assignments found ;
; LEDR[5]       ; No output delay, min/max delays, false-path exceptions, or max skew assignments found ;
; LEDR[7]       ; No output delay, min/max delays, false-path exceptions, or max skew assignments found ;
; LEDR[8]       ; No output delay, min/max delays, false-path exceptions, or max skew assignments found ;
; LEDR[9]       ; No output delay, min/max delays, false-path exceptions, or max skew assignments found ;
+---------------+---------------------------------------------------------------------------------------+


+--------------------------+
; Timing Analyzer Messages ;
+--------------------------+
Info: *******************************************************************
Info: Running Quartus Prime Timing Analyzer
    Info: Version 25.1std.0 Build 1129 10/21/2025 SC Lite Edition
    Info: Processing started: Sat Apr 18 17:39:49 2026
Info: Command: quartus_sta autotune -c autotune
Info: qsta_default_script.tcl version: #1
Warning (18236): Number of processors has not been specified which may cause overloading on shared machines.  Set the global assignment NUM_PARALLEL_PROCESSORS in your QSF to an appropriate value for best performance.
Info (20030): Parallel compilation is enabled and will use 12 of the 12 processors detected
Info (21077): Low junction temperature is 0 degrees C
Info (21077): High junction temperature is 85 degrees C
Info (332164): Evaluating HDL-embedded SDC commands
    Info (332165): Entity dcfifo_a3q1
        Info (332166): set_false_path -from *rdptr_g* -to *ws_dgrp|dffpipe_dd9:dffpipe13|dffe14a* 
        Info (332166): set_false_path -from *delayed_wrptr_g* -to *rs_dgwp|dffpipe_cd9:dffpipe10|dffe11a* 
Info (332104): Reading SDC File: 'autotune.sdc'
Warning (332049): Ignored create_clock at autotune.sdc(18): Time value "1.536 MH" is not valid File: /home/kalyan/Documents/school/ece554/autotune/rtl/autotune.sdc Line: 18
    Info (332050): create_clock -period "1.536 MH" -name clk_audbck [get_ports AUD_BCLK] File: /home/kalyan/Documents/school/ece554/autotune/rtl/autotune.sdc Line: 18
Warning (332049): Ignored create_clock at autotune.sdc(18): Option -period: Invalid clock period File: /home/kalyan/Documents/school/ece554/autotune/rtl/autotune.sdc Line: 18
Warning (332174): Ignored filter at autotune.sdc(29): altera_reserved_tck could not be matched with a port or pin or register or keeper or net or combinational node or node File: /home/kalyan/Documents/school/ece554/autotune/rtl/autotune.sdc Line: 29
Warning (332049): Ignored create_clock at autotune.sdc(29): Argument <targets> is not an object ID File: /home/kalyan/Documents/school/ece554/autotune/rtl/autotune.sdc Line: 29
    Info (332050): create_clock -name {altera_reserved_tck} -period 40 {altera_reserved_tck} File: /home/kalyan/Documents/school/ece554/autotune/rtl/autotune.sdc Line: 29
Warning (332174): Ignored filter at autotune.sdc(30): altera_reserved_tdi could not be matched with a port File: /home/kalyan/Documents/school/ece554/autotune/rtl/autotune.sdc Line: 30
Warning (332174): Ignored filter at autotune.sdc(30): altera_reserved_tck could not be matched with a clock File: /home/kalyan/Documents/school/ece554/autotune/rtl/autotune.sdc Line: 30
Warning (332049): Ignored set_input_delay at autotune.sdc(30): Argument <targets> is an empty collection File: /home/kalyan/Documents/school/ece554/autotune/rtl/autotune.sdc Line: 30
    Info (332050): set_input_delay -clock altera_reserved_tck -clock_fall 3 [get_ports altera_reserved_tdi] File: /home/kalyan/Documents/school/ece554/autotune/rtl/autotune.sdc Line: 30
Warning (332049): Ignored set_input_delay at autotune.sdc(30): Argument -clock is not an object ID File: /home/kalyan/Documents/school/ece554/autotune/rtl/autotune.sdc Line: 30
Warning (332174): Ignored filter at autotune.sdc(31): altera_reserved_tms could not be matched with a port File: /home/kalyan/Documents/school/ece554/autotune/rtl/autotune.sdc Line: 31
Warning (332049): Ignored set_input_delay at autotune.sdc(31): Argument <targets> is an empty collection File: /home/kalyan/Documents/school/ece554/autotune/rtl/autotune.sdc Line: 31
    Info (332050): set_input_delay -clock altera_reserved_tck -clock_fall 3 [get_ports altera_reserved_tms] File: /home/kalyan/Documents/school/ece554/autotune/rtl/autotune.sdc Line: 31
Warning (332049): Ignored set_input_delay at autotune.sdc(31): Argument -clock is not an object ID File: /home/kalyan/Documents/school/ece554/autotune/rtl/autotune.sdc Line: 31
Warning (332174): Ignored filter at autotune.sdc(32): altera_reserved_tdo could not be matched with a port File: /home/kalyan/Documents/school/ece554/autotune/rtl/autotune.sdc Line: 32
Warning (332049): Ignored set_output_delay at autotune.sdc(32): Argument <targets> is an empty collection File: /home/kalyan/Documents/school/ece554/autotune/rtl/autotune.sdc Line: 32
    Info (332050): set_output_delay -clock altera_reserved_tck 3 [get_ports altera_reserved_tdo] File: /home/kalyan/Documents/school/ece554/autotune/rtl/autotune.sdc Line: 32
Warning (332049): Ignored set_output_delay at autotune.sdc(32): Argument -clock is not an object ID File: /home/kalyan/Documents/school/ece554/autotune/rtl/autotune.sdc Line: 32
Info (332110): Deriving PLL clocks
    Info (332110): create_generated_clock -source {iTOP|iAUD_CNTRL|iCLKGEN|gen_16_bit.pll|altera_pll_i|general[0].gpll~FRACTIONAL_PLL|refclkin} -divide_by 64 -multiply_by 519 -duty_cycle 50.00 -name {iTOP|iAUD_CNTRL|iCLKGEN|gen_16_bit.pll|altera_pll_i|general[0].gpll~FRACTIONAL_PLL|vcoph[0]} {iTOP|iAUD_CNTRL|iCLKGEN|gen_16_bit.pll|altera_pll_i|general[0].gpll~FRACTIONAL_PLL|vcoph[0]}
    Info (332110): create_generated_clock -source {iTOP|iAUD_CNTRL|iCLKGEN|gen_16_bit.pll|altera_pll_i|general[0].gpll~PLL_OUTPUT_COUNTER|vco0ph[0]} -divide_by 33 -duty_cycle 50.00 -name {iTOP|iAUD_CNTRL|iCLKGEN|gen_16_bit.pll|altera_pll_i|general[0].gpll~PLL_OUTPUT_COUNTER|divclk} {iTOP|iAUD_CNTRL|iCLKGEN|gen_16_bit.pll|altera_pll_i|general[0].gpll~PLL_OUTPUT_COUNTER|divclk}
    Info (332110): create_generated_clock -source {iTOP|iAUD_CNTRL|iCLKGEN|gen_16_bit.pll|altera_pll_i|general[1].gpll~PLL_OUTPUT_COUNTER|vco0ph[0]} -divide_by 264 -duty_cycle 50.00 -name {iTOP|iAUD_CNTRL|iCLKGEN|gen_16_bit.pll|altera_pll_i|general[1].gpll~PLL_OUTPUT_COUNTER|divclk} {iTOP|iAUD_CNTRL|iCLKGEN|gen_16_bit.pll|altera_pll_i|general[1].gpll~PLL_OUTPUT_COUNTER|divclk}
Info (332151): Clock uncertainty is not calculated until you update the timing netlist.
Warning (332174): Ignored filter at autotune.sdc(101): VGA_BLANK could not be matched with a port File: /home/kalyan/Documents/school/ece554/autotune/rtl/autotune.sdc Line: 101
Warning (332049): Ignored set_output_delay at autotune.sdc(101): Argument <targets> is an empty collection File: /home/kalyan/Documents/school/ece554/autotune/rtl/autotune.sdc Line: 101
    Info (332050): set_output_delay -max -clock clk_vga 0.215 [get_ports VGA_BLANK] File: /home/kalyan/Documents/school/ece554/autotune/rtl/autotune.sdc Line: 101
Warning (332049): Ignored set_output_delay at autotune.sdc(102): Argument <targets> is an empty collection File: /home/kalyan/Documents/school/ece554/autotune/rtl/autotune.sdc Line: 102
    Info (332050): set_output_delay -min -clock clk_vga -1.485 [get_ports VGA_BLANK] File: /home/kalyan/Documents/school/ece554/autotune/rtl/autotune.sdc Line: 102
Critical Warning (332012): Synopsys Design Constraints File file not found: 'autotune.SDC'. A Synopsys Design Constraints File is required by the Timing Analyzer to get proper timing constraints. Without it, the Compiler will not properly optimize the design.
Info (332097): The following timing edges are non-unate.  The Timing Analyzer will assume pos-unate behavior for these edges in the clock network.
    Info (332098): Cell: iTOP|iAUD_CNTRL|iCLKGEN|gen_16_bit.pll|altera_pll_i|general[0].gpll~FRACTIONAL_PLL  from: refclkin  to: fbclk
    Info (332098): Cell: iTOP|iAUD_CNTRL|iCLKGEN|gen_16_bit.pll|altera_pll_i|general[0].gpll~PLL_OUTPUT_COUNTER  from: vco0ph[0]  to: divclk
    Info (332098): Cell: iTOP|iAUD_CNTRL|iCLKGEN|gen_16_bit.pll|altera_pll_i|general[0].gpll~PLL_REFCLK_SELECT  from: clkin[0]  to: clkout
    Info (332098): Cell: iTOP|iAUD_CNTRL|iCLKGEN|gen_16_bit.pll|altera_pll_i|general[1].gpll~PLL_OUTPUT_COUNTER  from: vco0ph[0]  to: divclk
Info (332123): Deriving Clock Uncertainty. Please refer to report_sdc in the Timing Analyzer to see clock uncertainties.
Info: Found TIMING_ANALYZER_REPORT_SCRIPT_INCLUDE_DEFAULT_ANALYSIS = ON
Info: Analyzing Slow 1100mV 85C Model
Critical Warning (332148): Timing requirements not met
    Info (11105): For recommendations on closing timing, run Report Timing Closure Recommendations in the Timing Analyzer.
Info (332146): Worst-case setup slack is -12.138
    Info (332119):     Slack       End Point TNS Clock 
    Info (332119): ========= =================== =====================
    Info (332119):   -12.138          -35454.951 CLOCK_50 
    Info (332119):   646.837               0.000 iTOP|iAUD_CNTRL|iCLKGEN|gen_16_bit.pll|altera_pll_i|general[1].gpll~PLL_OUTPUT_COUNTER|divclk 
Info (332146): Worst-case hold slack is 0.217
    Info (332119):     Slack       End Point TNS Clock 
    Info (332119): ========= =================== =====================
    Info (332119):     0.217               0.000 CLOCK_50 
    Info (332119):     0.338               0.000 iTOP|iAUD_CNTRL|iCLKGEN|gen_16_bit.pll|altera_pll_i|general[1].gpll~PLL_OUTPUT_COUNTER|divclk 
Info (332140): No Recovery paths to report
Info (332140): No Removal paths to report
Info (332146): Worst-case minimum pulse width slack is 1.233
    Info (332119):     Slack       End Point TNS Clock 
    Info (332119): ========= =================== =====================
    Info (332119):     1.233               0.000 iTOP|iAUD_CNTRL|iCLKGEN|gen_16_bit.pll|altera_pll_i|general[0].gpll~FRACTIONAL_PLL|vcoph[0] 
    Info (332119):     8.870               0.000 CLOCK_50 
    Info (332119):    40.512               0.000 iTOP|iAUD_CNTRL|iCLKGEN|gen_16_bit.pll|altera_pll_i|general[0].gpll~PLL_OUTPUT_COUNTER|divclk 
    Info (332119):   324.331               0.000 iTOP|iAUD_CNTRL|iCLKGEN|gen_16_bit.pll|altera_pll_i|general[1].gpll~PLL_OUTPUT_COUNTER|divclk 
Info (332114): Report Metastability: Found 16 synchronizer chains.
    Info (332114): Worst-Case MTBF of Design is 1e+09 years or 3.15e+16 seconds.
    Info (332114): Typical MTBF of Design is 1e+09 years or 3.15e+16 seconds.

    Info (332114): Number of Synchronizer Chains Found: 16
    Info (332114): Shortest Synchronizer Chain: 2 Registers
    Info (332114): Fraction of Chains for which MTBFs Could Not be Calculated: 0.000
    Info (332114): Worst Case Available Settling Time: 30.085 ns
    Info (332114): 
    Info (332114): Worst-Case MTBF values are calculated based on the worst-case silicon characteristics, with worst-case operating conditions.
    Info (332114):   - Under worst-case conditions, an increase of 100ps in available settling time will increase MTBF values by a factor of 79.4
    Info (332114): Typical MTBF values are calculated based on the nominal silicon characteristics, at nominal operating conditions.
    Info (332114):   - Under typical conditions, an increase of 100ps in available settling time will increase MTBF values by a factor of 17.8
Info: Analyzing Slow 1100mV 0C Model
Info (334003): Started post-fitting delay annotation
Info (334004): Delay annotation completed successfully
Info (332097): The following timing edges are non-unate.  The Timing Analyzer will assume pos-unate behavior for these edges in the clock network.
    Info (332098): Cell: iTOP|iAUD_CNTRL|iCLKGEN|gen_16_bit.pll|altera_pll_i|general[0].gpll~FRACTIONAL_PLL  from: refclkin  to: fbclk
    Info (332098): Cell: iTOP|iAUD_CNTRL|iCLKGEN|gen_16_bit.pll|altera_pll_i|general[0].gpll~PLL_OUTPUT_COUNTER  from: vco0ph[0]  to: divclk
    Info (332098): Cell: iTOP|iAUD_CNTRL|iCLKGEN|gen_16_bit.pll|altera_pll_i|general[0].gpll~PLL_REFCLK_SELECT  from: clkin[0]  to: clkout
    Info (332098): Cell: iTOP|iAUD_CNTRL|iCLKGEN|gen_16_bit.pll|altera_pll_i|general[1].gpll~PLL_OUTPUT_COUNTER  from: vco0ph[0]  to: divclk
Info (332123): Deriving Clock Uncertainty. Please refer to report_sdc in the Timing Analyzer to see clock uncertainties.
Critical Warning (332148): Timing requirements not met
    Info (11105): For recommendations on closing timing, run Report Timing Closure Recommendations in the Timing Analyzer.
Info (332146): Worst-case setup slack is -12.744
    Info (332119):     Slack       End Point TNS Clock 
    Info (332119): ========= =================== =====================
    Info (332119):   -12.744          -36893.549 CLOCK_50 
    Info (332119):   646.995               0.000 iTOP|iAUD_CNTRL|iCLKGEN|gen_16_bit.pll|altera_pll_i|general[1].gpll~PLL_OUTPUT_COUNTER|divclk 
Info (332146): Worst-case hold slack is 0.099
    Info (332119):     Slack       End Point TNS Clock 
    Info (332119): ========= =================== =====================
    Info (332119):     0.099               0.000 CLOCK_50 
    Info (332119):     0.321               0.000 iTOP|iAUD_CNTRL|iCLKGEN|gen_16_bit.pll|altera_pll_i|general[1].gpll~PLL_OUTPUT_COUNTER|divclk 
Info (332140): No Recovery paths to report
Info (332140): No Removal paths to report
Info (332146): Worst-case minimum pulse width slack is 1.233
    Info (332119):     Slack       End Point TNS Clock 
    Info (332119): ========= =================== =====================
    Info (332119):     1.233               0.000 iTOP|iAUD_CNTRL|iCLKGEN|gen_16_bit.pll|altera_pll_i|general[0].gpll~FRACTIONAL_PLL|vcoph[0] 
    Info (332119):     8.904               0.000 CLOCK_50 
    Info (332119):    40.484               0.000 iTOP|iAUD_CNTRL|iCLKGEN|gen_16_bit.pll|altera_pll_i|general[0].gpll~PLL_OUTPUT_COUNTER|divclk 
    Info (332119):   324.312               0.000 iTOP|iAUD_CNTRL|iCLKGEN|gen_16_bit.pll|altera_pll_i|general[1].gpll~PLL_OUTPUT_COUNTER|divclk 
Info (332114): Report Metastability: Found 16 synchronizer chains.
    Info (332114): Worst-Case MTBF of Design is 1e+09 years or 3.15e+16 seconds.
    Info (332114): Typical MTBF of Design is 1e+09 years or 3.15e+16 seconds.

    Info (332114): Number of Synchronizer Chains Found: 16
    Info (332114): Shortest Synchronizer Chain: 2 Registers
    Info (332114): Fraction of Chains for which MTBFs Could Not be Calculated: 0.000
    Info (332114): Worst Case Available Settling Time: 30.392 ns
    Info (332114): 
    Info (332114): Worst-Case MTBF values are calculated based on the worst-case silicon characteristics, with worst-case operating conditions.
    Info (332114):   - Under worst-case conditions, an increase of 100ps in available settling time will increase MTBF values by a factor of 5.2
    Info (332114): Typical MTBF values are calculated based on the nominal silicon characteristics, at nominal operating conditions.
    Info (332114):   - Under typical conditions, an increase of 100ps in available settling time will increase MTBF values by a factor of 17.8
Info: Analyzing Fast 1100mV 85C Model
Info (334003): Started post-fitting delay annotation
Info (334004): Delay annotation completed successfully
Info (332097): The following timing edges are non-unate.  The Timing Analyzer will assume pos-unate behavior for these edges in the clock network.
    Info (332098): Cell: iTOP|iAUD_CNTRL|iCLKGEN|gen_16_bit.pll|altera_pll_i|general[0].gpll~FRACTIONAL_PLL  from: refclkin  to: fbclk
    Info (332098): Cell: iTOP|iAUD_CNTRL|iCLKGEN|gen_16_bit.pll|altera_pll_i|general[0].gpll~PLL_OUTPUT_COUNTER  from: vco0ph[0]  to: divclk
    Info (332098): Cell: iTOP|iAUD_CNTRL|iCLKGEN|gen_16_bit.pll|altera_pll_i|general[0].gpll~PLL_REFCLK_SELECT  from: clkin[0]  to: clkout
    Info (332098): Cell: iTOP|iAUD_CNTRL|iCLKGEN|gen_16_bit.pll|altera_pll_i|general[1].gpll~PLL_OUTPUT_COUNTER  from: vco0ph[0]  to: divclk
Info (332123): Deriving Clock Uncertainty. Please refer to report_sdc in the Timing Analyzer to see clock uncertainties.
Info (332146): Worst-case setup slack is 2.138
    Info (332119):     Slack       End Point TNS Clock 
    Info (332119): ========= =================== =====================
    Info (332119):     2.138               0.000 CLOCK_50 
    Info (332119):   648.430               0.000 iTOP|iAUD_CNTRL|iCLKGEN|gen_16_bit.pll|altera_pll_i|general[1].gpll~PLL_OUTPUT_COUNTER|divclk 
Info (332146): Worst-case hold slack is 0.129
    Info (332119):     Slack       End Point TNS Clock 
    Info (332119): ========= =================== =====================
    Info (332119):     0.129               0.000 CLOCK_50 
    Info (332119):     0.179               0.000 iTOP|iAUD_CNTRL|iCLKGEN|gen_16_bit.pll|altera_pll_i|general[1].gpll~PLL_OUTPUT_COUNTER|divclk 
Info (332140): No Recovery paths to report
Info (332140): No Removal paths to report
Info (332146): Worst-case minimum pulse width slack is 1.233
    Info (332119):     Slack       End Point TNS Clock 
    Info (332119): ========= =================== =====================
    Info (332119):     1.233               0.000 iTOP|iAUD_CNTRL|iCLKGEN|gen_16_bit.pll|altera_pll_i|general[0].gpll~FRACTIONAL_PLL|vcoph[0] 
    Info (332119):     8.474               0.000 CLOCK_50 
    Info (332119):    40.591               0.000 iTOP|iAUD_CNTRL|iCLKGEN|gen_16_bit.pll|altera_pll_i|general[0].gpll~PLL_OUTPUT_COUNTER|divclk 
    Info (332119):   324.442               0.000 iTOP|iAUD_CNTRL|iCLKGEN|gen_16_bit.pll|altera_pll_i|general[1].gpll~PLL_OUTPUT_COUNTER|divclk 
Info (332114): Report Metastability: Found 16 synchronizer chains.
    Info (332114): Worst-Case MTBF of Design is 1e+09 years or 3.15e+16 seconds.
    Info (332114): Typical MTBF of Design is 1e+09 years or 3.15e+16 seconds.

    Info (332114): Number of Synchronizer Chains Found: 16
    Info (332114): Shortest Synchronizer Chain: 2 Registers
    Info (332114): Fraction of Chains for which MTBFs Could Not be Calculated: 0.000
    Info (332114): Worst Case Available Settling Time: 33.619 ns
    Info (332114): 
    Info (332114): Worst-Case MTBF values are calculated based on the worst-case silicon characteristics, with worst-case operating conditions.
    Info (332114):   - Under worst-case conditions, an increase of 100ps in available settling time will increase MTBF values by a factor of 79.4
    Info (332114): Typical MTBF values are calculated based on the nominal silicon characteristics, at nominal operating conditions.
    Info (332114):   - Under typical conditions, an increase of 100ps in available settling time will increase MTBF values by a factor of 17.8
Info: Analyzing Fast 1100mV 0C Model
Info (332097): The following timing edges are non-unate.  The Timing Analyzer will assume pos-unate behavior for these edges in the clock network.
    Info (332098): Cell: iTOP|iAUD_CNTRL|iCLKGEN|gen_16_bit.pll|altera_pll_i|general[0].gpll~FRACTIONAL_PLL  from: refclkin  to: fbclk
    Info (332098): Cell: iTOP|iAUD_CNTRL|iCLKGEN|gen_16_bit.pll|altera_pll_i|general[0].gpll~PLL_OUTPUT_COUNTER  from: vco0ph[0]  to: divclk
    Info (332098): Cell: iTOP|iAUD_CNTRL|iCLKGEN|gen_16_bit.pll|altera_pll_i|general[0].gpll~PLL_REFCLK_SELECT  from: clkin[0]  to: clkout
    Info (332098): Cell: iTOP|iAUD_CNTRL|iCLKGEN|gen_16_bit.pll|altera_pll_i|general[1].gpll~PLL_OUTPUT_COUNTER  from: vco0ph[0]  to: divclk
Info (332123): Deriving Clock Uncertainty. Please refer to report_sdc in the Timing Analyzer to see clock uncertainties.
Info (332146): Worst-case setup slack is 3.324
    Info (332119):     Slack       End Point TNS Clock 
    Info (332119): ========= =================== =====================
    Info (332119):     3.324               0.000 CLOCK_50 
    Info (332119):   648.696               0.000 iTOP|iAUD_CNTRL|iCLKGEN|gen_16_bit.pll|altera_pll_i|general[1].gpll~PLL_OUTPUT_COUNTER|divclk 
Info (332146): Worst-case hold slack is 0.106
    Info (332119):     Slack       End Point TNS Clock 
    Info (332119): ========= =================== =====================
    Info (332119):     0.106               0.000 CLOCK_50 
    Info (332119):     0.170               0.000 iTOP|iAUD_CNTRL|iCLKGEN|gen_16_bit.pll|altera_pll_i|general[1].gpll~PLL_OUTPUT_COUNTER|divclk 
Info (332140): No Recovery paths to report
Info (332140): No Removal paths to report
Info (332146): Worst-case minimum pulse width slack is 1.233
    Info (332119):     Slack       End Point TNS Clock 
    Info (332119): ========= =================== =====================
    Info (332119):     1.233               0.000 iTOP|iAUD_CNTRL|iCLKGEN|gen_16_bit.pll|altera_pll_i|general[0].gpll~FRACTIONAL_PLL|vcoph[0] 
    Info (332119):     8.430               0.000 CLOCK_50 
    Info (332119):    40.584               0.000 iTOP|iAUD_CNTRL|iCLKGEN|gen_16_bit.pll|altera_pll_i|general[0].gpll~PLL_OUTPUT_COUNTER|divclk 
    Info (332119):   324.438               0.000 iTOP|iAUD_CNTRL|iCLKGEN|gen_16_bit.pll|altera_pll_i|general[1].gpll~PLL_OUTPUT_COUNTER|divclk 
Info (332114): Report Metastability: Found 16 synchronizer chains.
    Info (332114): Worst-Case MTBF of Design is 1e+09 years or 3.15e+16 seconds.
    Info (332114): Typical MTBF of Design is 1e+09 years or 3.15e+16 seconds.

    Info (332114): Number of Synchronizer Chains Found: 16
    Info (332114): Shortest Synchronizer Chain: 2 Registers
    Info (332114): Fraction of Chains for which MTBFs Could Not be Calculated: 0.000
    Info (332114): Worst Case Available Settling Time: 34.293 ns
    Info (332114): 
    Info (332114): Worst-Case MTBF values are calculated based on the worst-case silicon characteristics, with worst-case operating conditions.
    Info (332114):   - Under worst-case conditions, an increase of 100ps in available settling time will increase MTBF values by a factor of 5.2
    Info (332114): Typical MTBF values are calculated based on the nominal silicon characteristics, at nominal operating conditions.
    Info (332114):   - Under typical conditions, an increase of 100ps in available settling time will increase MTBF values by a factor of 17.8
Info (332102): Design is not fully constrained for setup requirements
Info (332102): Design is not fully constrained for hold requirements
Info: Quartus Prime Timing Analyzer was successful. 0 errors, 22 warnings
    Info: Peak virtual memory: 2024 megabytes
    Info: Processing ended: Sat Apr 18 17:40:45 2026
    Info: Elapsed time: 00:00:56
    Info: Total CPU time (on all processors): 00:04:04


