:020000040000FA
:10000000000017EB2EE2440C568565E371C079DEE3
:100010007E897FFF7EB87B6F76C8717D6C3A679270
:1000200063F3619860AB6113629C64FF67DA6ACE28
:100030006D7C6F9A70F1716370F26FB66DDD6BA6B7
:100040006954672965606425639163A76458658571
:1000500066FF68946A0E6B406C066C496C026B3FDD
:100060006A1568A9672465B064776393631C631895
:10007000637B6438652E663B673C680E689968C68A
:1000800068936806672A661B64F663DA62E4622D89
:1000900061C561B161EF6271632163E764A6654583
:1000A00065AD65D065A96537648963B162C361DAFE
:1000B000610D607060115FF4601A607860FD619797
:1000C000622D62AB62FE631B62FA629C620B615539
:1000D000608C5FC55F135E875E2D5E0C5E215E6780
:1000E0005ECF5F4A5FC4602C60716088606C601C8A
:1000F0005F9F5F025E535DA35D045C855C305C0ABC
:100100005C145C485C9B5D005D655DBD5DF75E0AEF
:100110005DF15DAB5D3F5CB35C185B7A5AE95A7385
:100120005A2059F859FA5A205A635AB75B0D5B574F
:100130005B895B9B5B845B465AE55A6759DB594B8D
:1001400058C65856580757DC57D657F25829586F93
:1001500058B958F959255933591F58E7588F581E1F
:10016000579D5718569C563355E555B855AD55C152
:1001700055ED5629566856A156C756D356C1568EC8
:10018000563E55D5555E54E3546E540A53BE538FB4
:100190005380538D53B153E3541A544B546E5478D7
:1001A0005467543953EE538E531F52AB523D51DCBA
:1001B00051925162514F51565173519E51CE51F946
:1001C00052175221521151E651A1514750DF50723E
:1001D00050094FAC4F634F324F1C4F1E4F344F5995
:1001E0004F834FA94FC44FCC4FBD4F954F554F0133
:1001F0004E9F4E384DD34D794D314D004CE64CE479
:100200004CF54D144D394D5B4D734D7A4D6C4D474A
:100210004D0A4CBB4C5F4BFC4B9C4B454AFE4ACBBA
:100220004AAF4AA94AB64AD04AF04B0E4B244B2A51
:100230004B1D4AF94AC14A764A1E49C04963490FD3
:1002400048C848954877486E4876488C48A848C3BF
:1002500048D648DB48CE48AD4878483147DD47832B
:10026000472946D74691465E463E4632463746487F
:10027000466046784689468E46814662462F45EC62
:10028000459C454544EF449E445A4425440443F567
:1002900043F744044419442E443E44414436441830
:1002A00043E743A7435B430742B34264422141EC27
:1002B00041C941B841B641C141D341E541F341F69D
:1002C00041EA41CE41A04163411940C94077402AEB
:1002D0003FE73FB23F8D3F7A3F763F7E3F8D3F9D68
:1002E0003FA93FAB3FA03F853F593F1E3ED83E8AC6
:1002F0003E3A3DEF3DAC3D773D523D3C3D353D3ACC
:100300003D473D553D5F3D613D563D3C3D123CDA2C
:100310003C963C4A3BFD3BB33B713B3C3B153AFEB4
:100320003AF53AF73B013B0D3B173B183B0D3AF4CE
:100330003ACC3A963A543A0B39C0397739363900C3
:1003400038D838BF38B438B538BC38C638CE38CFCE
:1003500038C438AC38863852381237CB3781373A00
:1003600036FA36C3369B3680367336723677368029
:1003700036863686367C36653640360D35D0358B3A
:10038000354334FD34BD3487345D34413433342F48
:1003900034323439343F343E3434341E33FA33C9C2
:1003A000338E334B330532BF3280324A3220320231
:1003B00031F231EC31EE31F331F831F631EC31D745
:1003C00031B43185314C310B30C630823043300C82
:1003D0002FE22FC32FB12FA92FAA2FAD2FB12FAFEF
:1003E0002FA52F902F6F2F412F0A2ECA2E872E4414
:1003F0002E052DCF2DA32D842D702D672D652D68F5
:100400002D6A2D682D5E2D4A2D292CFD2CC72C8997
:100410002C472C052BC72B912B652B442B2F2B24E2
:100420002B212B222B242B212B172B032AE42ABA36
:100430002A852A482A0829C72989295329262905CE
:1004400028EE28E228DE28DD28DD28DA28D128BD9C
:10045000289F28762842280727C82788274B271552
:1004600026E726C526AD26A0269A26982698269405
:10047000268A2677265A2632260025C6258825492B
:10048000250C24D624A82485246C245D24562453CA
:100490002452244E24442431241523EE23BD2385E5
:1004A0002348230A22CE229722692245222B221B8F
:1004B0002212220F220C220821FE21EC21D021AA97
:1004C000217B2144210820CA208F2059202A200581
:1004D0001FEA1FD91FCF1FCA1FC71FC21FB81FA6E1
:1004E0001F8B1F661F381F021EC71E8B1E501E1932
:1004F0001DEB1DC51DA91D971D8C1D861D821D7C14
:100500001D721D611D461D221CF51CC11C871C4B44
:100510001C101BDA1BAB1B851B681B541B481B41A3
:100520001B3D1B371B2C1B1B1B021ADF1AB31A7F28
:100530001A461A0B19D1199B196C1945192719124A
:10054000190518FD18F818F118E718D618BD189BEA
:100550001870183D180517CB1792175C172C170544
:1005600016E616D016C216B916B316AC16A1169119
:1005700016781657162D15FB15C5158B1552151C1B
:1005800014ED14C514A5148E147F1475146E14671D
:10059000145C144C1434141313EA13BA1384134B5D
:1005A000131212DD12AD12841264124C123C12317D
:1005B000122912211217120711EF11CF11A711786A
:1005C0001143110B10D3109D106D10441023100B0C
:1005D0000FF90FEE0FE50FDD0FD20FC20FAB0F8B30
:1005E0000F640F360F020ECA0E930E5D0E2D0E0411
:1005F0000DE20DC90DB60DAA0DA10D980D8D0D7D45
:100600000D660D480D210CF40CC00C8A0C530C1E09
:100610000BED0BC30BA10B870B740B660B5C0B5321
:100620000B480B380B220B040ADE0AB20A7F0A4978
:100630000A1209DE09AD0983096009450931092358
:100640000918090E090308F308DD08C0089B086FA4
:10065000083E080907D2079E076D0742071F0703D8
:1006600006EE06DF06D406CA06BE06AE0699067C6E
:100670000658062D05FC05C80592055E052D0502E8
:1006800004DE04C104AC049C04900485047904696C
:1006900004540438041503EB03BB03870352031E01
:1006A00002ED02C1029D028002690259024C024120
:1006B00002340225021001F501D201A80179014698
:1006C000011100DD00AD0081005C003E0027001537
:1006D0000008FFFDFFF1FFE1FFCDFFB2FF90FF67D4
:1006E000FF38FF06FED2FE9EFE6DFE41FE1CFDFDA4
:1006F000FDE5FDD3FDC5FDB9FDACFD9DFD88FD6E9D
:10070000FD4CFD25FCF7FCC5FC91FC5EFC2DFC01BD
:10071000FBDBFBBCFBA3FB90FB82FB75FB68FB5880
:10072000FB44FB2AFB09FAE2FAB5FA84FA50FA1DF7
:10073000F9EDF9C0F99AF97AF961F94DF93EF93113
:10074000F923F914F900F8E6F8C6F89FF873F842AF
:10075000F810F7DDF7ACF780F759F739F71FF70A0C
:10076000F6FAF6EDF6DFF6CFF6BCF6A2F683F65D06
:10077000F631F601F5CFF59CF56CF53FF518F4F779
:10078000F4DCF4C8F4B7F4A9F49BF48BF477F45ECA
:10079000F43FF41AF3EFF3C0F38EF35CF32BF2FFA4
:1007A000F2D7F2B6F29AF285F273F265F257F24797
:1007B000F233F21BF1FCF1D7F1ADF17EF14DF11BFB
:1007C000F0EBF0BEF096F074F058F042F030F0210B
:1007D000F012F002EFEFEFD7EFB9EF94EF6BEF3DD0
:1007E000EF0CEEDAEEAAEE7DEE55EE33EE16EDFFEF
:1007F000EDEDEDDDEDCEEDBEEDABED93ED75ED5236
:10080000ED29ECFBECCBEC9AEC6AEC3DEC14EBF153
:10081000EBD4EBBDEBAAEB99EB8AEB7AEB67EB4FF2
:10082000EB32EB0FEAE6EAB9EA8AEA59EA29E9FC8F
:10083000E9D3E9B0E992E97AE966E956E946E936A9
:10084000E922E90BE8EEE8CCE8A4E878E849E81802
:10085000E7E8E7BBE792E76EE750E738E723E71200
:10086000E702E6F2E6DEE6C7E6ABE689E662E636F2
:10087000E607E5D7E5A7E57AE551E52DE50EE4F5D0
:10088000E4E0E4CFE4BEE4ADE49AE483E467E44664
:10089000E41FE3F4E3C6E396E367E33AE310E2EC34
:1008A000E2CDE2B3E29DE28BE27AE269E256E23F18
:1008B000E224E203E1DDE1B2E184E155E126E0F981
:1008C000E0CFE0AAE08BE071E05AE048E037E025B5
:1008D000E012DFFCDFE0DFC0DF9ADF70DF43DF1410
:1008E000DEE5DEB8DE8EDE69DE49DE2EDE18DE05F0
:1008F000DDF3DDE1DDCEDDB8DD9DDD7DDD58DD2E16
:10090000DD01DCD3DCA4DC77DC4DDC28DC08DBECAF
:10091000DBD5DBC1DBAFDB9EDB8ADB74DB59DB398C
:10092000DB15DAECDAC0DA91DA63DA36DA0CD9E719
:10093000D9C6D9AAD992D97ED96CD95AD946D93033
:10094000D915D8F6D8D2D8AAD87ED850D822D7F57B
:10095000D7CCD7A6D784D768D750D73BD728D716B8
:10096000D702D6ECD6D2D6B3D68FD667D63CD60F22
:10097000D5E1D5B5D58BD564D543D526D50DD4F8DD
:10098000D4E5D4D2D4BED4A8D48ED46FD44CD4253C
:10099000D3FAD3CDD3A0D374D34AD323D301D2E493
:1009A000D2CBD2B5D2A2D28ED27AD264D24AD22CB3
:1009B000D209D1E2D1B8D18CD15FD132D109D0E204
:1009C000D0C0D0A2D089D072D05ED04BD037D0204A
:1009D000D006CFE8CFC6CFA0CF76CF4ACF1ECEF27B
:1009E000CEC8CEA1CE7FCE61CE46CE30CE1BCE07B6
:1009F000CDF3CDDCCDC3CDA5CD83CD5DCD34CD083C
:100A0000CCDCCCB0CC87CC60CC3DCC1FCC04CBEDC7
:100A1000CBD8CBC4CBAFCB98CB7FCB61CB40CB1A61
:100A2000CAF2CAC7CA9BCA6FCA46CA1FC9FCC9DD77
:100A3000C9C2C9AAC995C980C96BC954C93BC91ED5
:100A4000C8FCC8D7C8AFC885C859C82EC805C7DEF6
:100A5000C7BBC79CC780C768C752C73DC727C71158
:100A6000C6F7C6DAC6B9C694C66DC643C618C5ED84
:100A7000C5C4C59DC57AC55AC53FC526C50FC4FAAC
:100A8000C4E4C4CDC4B3C496C476C451C42AC4015A
:100A9000C3D6C3ACC383C35CC339C319C2FDC2E3AD
:100AA000C2CCC2B7C2A0C289C26FC252C232C20E89
:100AB000C1E8C1BEC194C16BC142C11CC0F8C0D85D
:100AC000C0BBC0A1C08AC073C05DC045C02BC00EF2
:100AD000BFEEBFCBBFA5BF7CBF53BF29BF01BEDBED
:100AE000BEB7BE97BE7ABE60BE47BE30BE19BE015D
:100AF000BDE7BDCABDAABD87BD61BD3ABD11BCE899
:100B0000BCC0BC9ABC77BC56BC39BC1EBC05BBEE95
:100B1000BBD6BBBDBBA3BB86BB66BB43BB1EBAF784
:100B2000BACFBAA6BA7FBA59BA36BA15B9F8B9DD8A
:100B3000B9C3B9ABB993B97AB95FB942B922B8FFB1
:100B4000B8DAB8B4B88CB864B83EB818B7F5B7D549
:100B5000B7B7B79BB781B769B750B736B71BB6FD04
:100B6000B6DDB6BBB697B671B64AB623B5FDB5D8F5
:100B7000B5B5B595B577B55AB540B526B50DB4F24E
:100B8000B4D6B4B9B499B477B453B42DB407B3E1BF
:100B9000B3BBB397B375B355B336B31AB2FFB2E470
:100BA000B2CAB2AFB292B274B254B232B20EB1EAB9
:100BB000B1C4B19FB17AB157B135B115B0F7B0DA60
:100BC000B0BEB0A3B087B06BB04EB02FB00FAFEDDA
:100BD000AFC9AFA5AF80AF5DAF39AF16AEF5AED53B
:100BE000AEB7AE9AAE7EAE61AE45AE28AE09ADEA06
:100BF000ADC9ADA7AD84AD60AD3DAD1AACF7ACD617
:100C0000ACB5AC96AC78AC5BAC3EAC21AC03ABE520
:100C1000ABC5ABA5AB83AB61AB3EAB1BAAF8AAD609
:100C2000AAB5AA95AA76AA58AA3AAA1DA9FFA9E127
:100C3000A9C2A9A2A981A95FA93CA919A8F7A8D40A
:100C4000A8B3A893A873A855A837A81AA7FDA7E02A
:100C5000A7C1A7A1A781A75FA73CA719A6F5A6D101
:100C6000A6AEA68DA66DA64EA631A615A5F9A5DD44
:100C7000A5C1A5A4A585A564A542A51DA4F8A4D2D7
:100C8000A4ACA487A464A444A424A408A3EEA3D47D
:100C9000A3BBA3A2A387A36AA34AA328A303A2DC9E
:100CA000A2B4A28AA262A23CA218A1F7A1DAA1C0B2
:100CB000A1A9A193A17EA168A14FA133A113A0EF87
:100CC000A0C8A09CA070A042A0169FED9FC89FA89E
:100CD0009F8C9F759F639F529F429F309F1B9F01D8
:100CE0009EE19EBC9E909E5F9E2D9DF99DC79D9A04
:100CF0009D729D519D379D259D189D0F9D079CFCC4
:100D00009CED9CD79CB99C919C5F9C299BEC9BAED5
:100D10009B739B3D9B109AED9AD69ACA9AC59AC826
:100D20009ACD9ACF9ACC9ABE9AA39A799A4299FF71
:100D300099B39964991698CF9895986C9854984F50
:100D4000985C9874989298B098C698CD98BF9899E6
:100D5000985898009795971C96A2963095D0958CA8
:100D6000956A9570959995E7964B96B99726977CD5
:100D700097AE97A8976496DD960894FE93C79278ED
:100D80009139902B8F7D8F518FE0915593C1975F53
:100D90009C38A24EA9BBB264BC3CC723D2F2DF8709
:100DA000EC93F9F70000196531B247BC5AD16A17C4
:100DB00075717C987FFF7FFA7D5978D7735C6DB52C
:100DC0006896649161F960F46170632F65D368EA95
:100DD0006C026EAF709E719E7196709D6EDB6C980A
:100DE0006A2167C765D3647A63DB63FD64CA661CE6
:100DF00067B969646AE16BF96C8B6C846BE86ACDE6
:100E0000695B67BF662E64D963E26366636863E10A
:100E100064B765C666E467E668A7690C690468920A
:100E200067C166AE65796448633E6278620D61FEB3
:100E3000624C62E163A66479653965CC661666101A
:100E400065B3650F64316337623E616060B96055B8
:100E5000603F607160E06176621A62B2632563612F
:100E6000635A630D628361C960F660215F615ECC85
:100E70005E705E535E745EC85F3E5FC3603E609DA1
:100E800060CD60C66084600D5F6C5EB45DF95D4FDF
:100E90005CC85C705C4F5C625CA35D025D705DD79A
:100EA0005E265E4F5E475E0D5DA45D165C725BCA9A
:100EB0005B305AB35A5F5A3A5A445A765AC45B2046
:100EC0005B785BBB5BDE5BD65BA25B435AC45A308C
:100ED0005997590958945843581B581D58445885D8
:100EE00058D3591E59585976596E593E58E9587574
:100EF00057ED576056DC566D561E55F555F1560E9A
:100F00005644568756C856FB5714570D56E156920D
:100F1000562755AA552754AB544253F553C953C0CD
:100F200053D65403543C547554A254B854B0548707
:100F3000543F53DB536752EC5277521251C6519AC9
:100F4000518C519C51C151F25224524C525F525714
:100F5000523151ED5191512450B050404FDF4F95D7
:100F60004F674F564F604F7F4FA94FD54FF85009ED
:100F700050014FDD4F9E4F474EE04E724E074DAA37
:100F80004D614D324D1E4D234D3C4D614D874DA75A
:100F90004DB54DAD4D8B4D504CFE4C9C4C344BCD16
:100FA0004B734B2B4AFB4AE44AE54AF94B194B3B3E
:100FB0004B564B634B5B4B3B4B034AB54A5849F48A
:100FC0004992493A48F348C248A948A748B648D187
:100FD00048EF49084913490B48EC48B7486D481495
:100FE00047B44756470046BA4688466D466746733B
:100FF000468A46A446BA46C446BC469E466B46252B
:1010000045D04574451844C4447F444D4430442879
:1010100044304443445A446E4476446E445144211F
:1010200043DD438C433342DA42884244421141F368
:1010300041E741ED41FD4211422242294220420551
:1010400041D74196414840F2409C404B40073FD534
:101050003FB43FA73FA93FB63FC83FD63FDC3FD490
:101060003FBA3F8D3F4F3F043EB13E5C3E0E3DCA0E
:101070003D973D763D663D663D703D7F3D8C3D91A3
:101080003D883D6F3D443D083CBF3C6F3C1D3BD01F
:101090003B8D3B593B363B253B223B2A3B363B4273
:1010A0003B453B3D3B243AFB3AC13A7B3A2D39DD87
:1010B0003991394F391B38F738E338DE38E438EEE8
:1010C00038F838FB38F238DA38B2387B383637EB54
:1010D000379C3752371036DC36B736A2369B369EF1
:1010E00036A736AF36B136A83690366A363435F282
:1010F00035A8355C351234D1349D3477346034579B
:101100003458345F34663467345E3447342233ED08
:1011100033AE3365331B32D23292325D3236321EF9
:10112000321332133218321D321D321431FE31DACD
:1011300031A73169312330D930923052301D2FF52B
:101140002FDC2FD02FCD2FD12FD52FD42FCB2FB5B4
:101150002F922F612F242EE02E982E522E122DDD4D
:101160002DB42D9A2D8C2D882D8A2D8C2D8B2D8292
:101170002D6D2D4A2D1B2CE02C9D2C562C112BD285
:101180002B9C2B732B582B482B432B432B452B434A
:101190002B392B242B032AD42A9B2A5A2A1429D0F0
:1011A0002991295C29322915290528FD28FC28FDCB
:1011B00028FA28F028DC28BB288E2856281627D2A3
:1011C000278F2751271B26F126D326C126B826B6FE
:1011D00026B526B226A8269426742648261225D39C
:1011E0002590254E251024DA24AF2490247D2473E5
:1011F000246F246E246A2460244C242D240223CDE1
:10120000238F234E230C22CE2299226D224E223987
:10121000222E2229222722222218220421E621BC62
:101220002188214C210B20CA208D2057202C200BF7
:101230001FF51FE91FE31FE01FDA1FD01FBD1F9F0F
:101240001F761F431F081EC91E891E4C1E161DEA4D
:101250001DC81DB21DA41D9D1D991D931D881D75C2
:101260001D581D301CFE1CC51C861C471C0A1BD4A7
:101270001BA81B851B6E1B5F1B571B521B4C1B4166
:101280001B2E1B111AEA1AB91A811A431A0419C91A
:10129000199319661943192A191A1911190B1904E6
:1012A00018F918E718CB18A41875183D180017C2BC
:1012B000178717511723170016E616D616CB16C434
:1012C00016BD16B2169F1684165F163015F915BD99
:1012D00015801545150F14E114BD14A21491148640
:1012E000147E1476146B1458143D141913EB13B5B3
:1012F000137A133E130312CD129F127A125F124C0F
:1013000012401238122F1223121111F711D311A605
:101310001171113710FB10C1108B105C1037101BAE
:1013200010070FFA0FF10FE80FDC0FCA0FB00F8D87
:101330000F610F2D0EF40EB80E7E0E490E1A0DF42D
:101340000DD70DC30DB50DAB0DA10D950D830D6A18
:101350000D470D1C0CE90CB00C760C3C0C060BD7A1
:101360000BB10B930B7E0B700B650B5B0B4E0B3DA8
:101370000B230B010AD70AA50A6D0A3309FA09C41F
:101380000995096E0950093A092A091F0914090823
:1013900008F608DD08BC08920860082A07F007B7BD
:1013A00007820752072B070C06F506E506D906CE7D
:1013B00006C106AF06970676064D061C05E605AD86
:1013C0000575053F051004E804C804B104A00493A2
:1013D0000487047A046904500430040803D803A283
:1013E000036A033202FD02CD02A50284026C025A96
:1013F000024D024102340222020A01EA01C20193B3
:10140000015F012700EF00BA008A00620041002856
:1014100000150007FFFCFFEEFFDCFFC5FFA5FF7E08
:10142000FF50FF1CFEE5FEADFE79FE49FE1FFDFEEE
:10143000FDE4FDD1FDC2FDB5FDA7FD96FD7EFD607D
:10144000FD39FD0BFCD8FCA2FC6BFC36FC06FBDC7A
:10145000FBBBFBA0FB8CFB7DFB6FFB61FB4FFB38F9
:10146000FB1AFAF4FAC7FA94FA5EFA28F9F3F9C308
:10147000F999F977F95CF947F937F929F91BF9096D
:10148000F8F2F8D4F8AFF882F850F81BF7E5F7B0A7
:10149000F780F756F733F717F702F6F2F6E3F6D4CC
:1014A000F6C3F6ACF68EF669F63EF60DF5D8F5A263
:1014B000F56EF53DF513F4EFF4D3F4BDF4ACF49D03
:1014C000F48EF47CF466F448F424F3F9F3C9F3944D
:1014D000F35FF32BF2FAF2D0F2ACF28FF278F2670C
:1014E000F257F248F236F21FF203F1DFF1B4F18461
:1014F000F151F11CF0E8F0B7F08DF068F04BF034EA
:10150000F021F011F002EFF0EFD9EFBDEF9AEF709C
:10151000EF40EF0DEED8EEA5EE74EE49EE25EE07A6
:10152000EDEFEDDCEDCCEDBBEDAAED93ED77ED54F9
:10153000ED2BECFCECC9EC95EC62EC31EC06EBE14C
:10154000EBC2EBAAEB97EB86EB75EB63EB4DEB3164
:10155000EB0FEAE6EAB8EA86EA52EA1FE9EEE9C3E7
:10156000E99DE97EE966E951E940E92FE91DE907CE
:10157000E8EBE8CAE8A1E874E842E80FE7DCE7AB8B
:10158000E780E75AE73AE721E70CE6FAE6E9E6D72B
:10159000E6C1E6A6E684E65CE62FE5FEE5CBE59946
:1015A000E568E53CE516E4F6E4DCE4C7E4B5E4A46C
:1015B000E491E47BE460E43FE418E3EBE3BAE3881E
:1015C000E355E325E2F9E2D3E2B2E298E282E26F88
:1015D000E25EE24BE235E21AE1F9E1D3E1A7E1771D
:1015E000E144E112E0E2E0B6E08FE06EE053E03D7E
:1015F000E02AE018E005DFEFDFD4DFB4DF8EDF6242
:10160000DF33DF01DECFDE9FDE73DE4CDE2BDE0F4D
:10161000DDF8DDE4DDD2DDBFDDA9DD8EDD6EDD4888
:10162000DD1EDCEFDCBDDC8CDC5CDC30DC08DBE709
:10163000DBCBDBB3DB9FDB8CDB79DB63DB48DB29DC
:10164000DB03DAD9DAAADA7ADA48DA19D9ECD9C5B9
:10165000D9A3D986D96ED95AD947D933D91DD90238
:10166000D8E3D8BED894D866D836D805D7D5D7A968
:10167000D781D75FD742D72AD715D701D6EDD6D78E
:10168000D6BDD69DD679D650D622D5F2D5C1D59223
:10169000D566D53ED51BD4FED4E5D4CFD4BBD4A7D4
:1016A000D491D477D458D434D40BD3DED3AED37EF4
:1016B000D34FD323D2FBD2D8D2BAD2A0D28AD276F9
:1016C000D261D24BD231D212D1EED1C6D19AD16AE7
:1016D000D13BD10CD0E0D0B7D094D076D05CD045FF
:1016E000D030D01BD005CFEBCFCCCFA9CF81CF55F9
:1016F000CF26CEF7CEC8CE9CCE74CE50CE32CE17EB
:10170000CE00CDEBCDD6CDBFCDA5CD87CD64CD3C24
:10171000CD11CCE2CCB3CC85CC59CC31CC0DCBEEB9
:10172000CBD3CBBBCBA5CB90CB79CB5FCB41CB1E67
:10173000CAF7CACCCA9ECA70CA42CA16C9EEC9C97B
:10174000C9AAC98FC977C960C94AC933C919C8FBB1
:10175000C8D8C8B2C887C85AC82CC7FEC7D3C7AA3A
:10176000C786C766C74AC732C71BC705C6EDC6D3FB
:10177000C6B5C693C66CC642C616C5E8C5BBC58FFE
:10178000C567C543C523C506C4EDC4D6C4BFC4A739
:10179000C48DC46FC44DC427C3FDC3D1C3A4C377D4
:1017A000C34CC324C300C2DFC2C3C2A9C291C27A60
:1017B000C262C247C229C207C1E1C1B9C18DC160BD
:1017C000C134C109C0E1C0BCC09CC07FC065C04C71
:1017D000C034C01CC001BFE3BFC1BF9CBF73BF48C2
:1017E000BF1CBEF0BEC6BE9EBE79BE58BE3BBE206C
:1017F000BE07BDEFBDD6BDBBBD9CBD7BBD56BD2EDE
:10180000BD03BCD8BCADBC83BC5BBC36BC15BBF750
:10181000BBDCBBC3BBAABB90BB74BB56BB35BB1008
:10182000BAE8BABFBA94BA69BA3FBA18B9F4B9D229
:10183000B9B4B998B97EB965B94AB92EB910B8EE3C
:10184000B8CAB8A2B87AB84FB825B7FCB7D5B7B1FF
:10185000B790B771B755B73AB71FB705B6E8B6C96D
:10186000B6A8B683B65DB634B60BB5E1B5B9B592D8
:10187000B56FB54DB52EB511B4F6B4DBB4BFB4A297
:10188000B483B461B43DB416B3EEB3C6B39DB376BE
:10189000B350B32CB30BB2ECB2CEB2B2B296B27AB2
:1018A000B25BB23CB21AB1F6B1D0B1A8B181B159B4
:1018B000B132B10DB0EAB0C9B0AAB08CB06FB052BD
:1018C000B034B015AFF5AFD2AFAEAF89AF62AF3BBA
:1018D000AF14AEEFAECBAEA8AE88AE68AE4AAE2BBC
:1018E000AE0EADEFADCFADADAD8AAD66AD41AD1BCA
:1018F000ACF5ACD0ACACAC89AC67AC47AC27AC08B1
:10190000ABE9ABCAABAAAB88AB66AB42AB1EAAF9DC
:10191000AAD3AAAFAA8BAA68AA47AA26AA06A9E7A9
:10192000A9C7A9A7A987A965A942A91EA8F9A8D4EA
:10193000A8AFA88BA868A846A825A805A7E6A7C7AA
:10194000A7A8A788A767A744A720A6FBA6D6A6AFE7
:10195000A68AA665A641A620A600A5E1A5C3A5A6C0
:10196000A588A56AA549A527A502A4DDA4B4A48DD0
:10197000A464A43EA419A3F6A3D6A3B8A39DA382EE
:10198000A367A34BA32EA30DA2E9A2C3A299A26FA2
:10199000A243A218A1F0A1CAA1A8A18AA170A1582E
:1019A000A141A12AA111A0F5A0D4A0AFA085A05863
:1019B000A0289FF99FCA9F9E9F789F569F3B9F2478
:1019C0009F129F009EEF9EDA9EC09EA09E799E4C25
:1019D0009E199DE49DAC9D789D489D1F9CFE9CE5B5
:1019E0009CD49CC89CBF9CB69CA89C939C759C4D09
:1019F0009C1B9BE09BA19B5F9B219AE89ABA9A98BB
:101A00009A829A7A9A789A7E9A829A819A769A5D3E
:101A10009A3599FC99B69965991198BE9875983B35
:101A20009813980298039817983598569872987E4C
:101A300098769852981197B5974396C3964295CB4E
:101A4000956A952D9515952D956995CB963D96B4EE
:101A5000971997579760971C969295B094949340D6
:101A600091E190968F8E8F058F20902B923A9593CF
:101A70009A3BA05BA7E8B0E7BB3BC6C5D357E0BA2B
:101A8000EEADFCF200001ACD34434B2E5E766D9223
:101A900078147E0D7FFF7E767A7674F86EF8695C36
:101AA00064D561E460AA6126630B65E469306C6308
:101AB0006F0870C0716270E26F656D336AA368165B
:101AC00065E56456639463AA648165EA67A4696303
:101AD0006AE06BE46C476BFD6B1769B6680F665E76
:101AE00064DE63BF63226316638E646F658F66BCBA
:101AF00067C3687A68C5689367EF66EE65B3646A22
:101B0000633F625861CD61AF61F662906360643E8D
:101B10006506659265CE65AB652B64626365625A46
:101B20006161609B601C5FF2601C608A612861D506
:101B3000627462E6631862FE629761F0611E603A49
:101B40005F635EB25E3C5E0B5E205E715EEC5F7852
:101B50005FFA605A60856070601B5F8E5ED85E12AF
:101B60005D525CB25C415C0B5C115C4D5CAE5D2116
:101B70005D8F5DE15E085DF75DAE5D345C945BE3B7
:101B80005B365AA15A3559FB59F75A215A705ACF28
:101B90005B2D5B755B975B8B5B4B5ADF5A5159B181
:101BA00059125887581E57E157D457F25831588167
:101BB00058D259115930592658EF588E580E577C23
:101BC00056E8566455FF55C055AB55BF55F15635CF
:101BD000567B56B456D056C85697564055CB5544AA
:101BE00054BB543D53DA5399537F538953B253EB4B
:101BF0005429545B5475546F544353F45388530B16
:101C0000528A521251B1516E51505153517251A3D7
:101C100051D95205521E521951F151A9514650D174
:101C200050564FE44F844F414F1E4F1B4F324F5B76
:101C30004F8A4FB34FC94FC54FA24F604F034E95C8
:101C40004E214DB34D554D114CEA4CE24CF34D1520
:101C50004D3E4D624D774D744D544D174CC14C590E
:101C60004BEB4B804B244ADF4AB54AA84AB34ACFD4
:101C70004AF34B144B274B254B074ACF4A7E4A1C4D
:101C800049B3494C48F148AB487F486D4873488A8E
:101C900048A948C748D848D748BC4887483C47DF88
:101CA000477A471646BD467646484632463346464C
:101CB0004661467B468B46894671464045F945A1BB
:101CC000454044DF44874441441043F743F4440211
:101CD00044194430443F443E442743FA43B74363E6
:101CE000430542A74251420A41D741BB41B441BEDC
:101CF00041D141E641F441F341DE41B34174412415
:101D000040CA406F401A3FD23F9E3F7F3F743F7BA7
:101D10003F8B3F9D3FA93FA83F953F6D3F313EE53B
:101D20003E8E3E353DE13D9A3D643D433D353D3877
:101D30003D443D543D5F3D5E3D4D3D273CEE3CA561
:101D40003C523BFB3BA83B613B2A3B063AF63AF54B
:101D50003AFF3B0C3B163B153B053AE23AAC3A6680
:101D60003A1539C1396F392838F038CA38B638B31E
:101D700038BA38C538CE38CD38BD389C38693826A1
:101D800037D83785373536EE36B5368D36773670F7
:101D90003675367E3685368536763656362635E6BF
:101DA000359A354A34FB34B4347A34503438342ECE
:101DB00034303438343E343D342F341133E333A5DA
:101DC000335C330E32C03279323E321331F831EDAA
:101DD00031EC31F131F731F531E831CC31A03165F9
:101DE000311E30D23085303E30032FD62FB92FAB85
:101DF0002FA82FAC2FB02FAE2FA22F872F5D2F240F
:101E00002EE02E952E492E032DC72D992D7A2D6962
:101E10002D652D662D692D672D5B2D422D1A2CE326
:101E20002CA12C582C0D2BC82B8B2B5C2B3B2B283F
:101E30002B212B212B232B202B152AFD2AD62AA23E
:101E40002A622A1B29D1298C294F291E28FC28E720
:101E500028DE28DC28DD28DA28CF28B82893286156
:101E6000282327DD27952750271226E126BD26A601
:101E7000269B269826972694268926732650261F69
:101E800025E3259F2558251424D624A3247E2465E4
:101E9000245824532452244E2444242F240D23DE7A
:101EA00023A42361231B22D722992266223F2225C5
:101EB0002216220F220D220821FE21EA21C9219C8F
:101EC0002164212320DE209B205D202820001FE4A8
:101ED0001FD41FCC1FC71FC31FB91FA51F861F5BA1
:101EE0001F241EE41EA11E5E1E201DEB1DC11DA48D
:101EF0001D911D881D831D7D1D731D611D431D19B1
:101F00001CE41CA61C631C211BE31BAD1B821B6372
:101F10001B4F1B441B3E1B381B2E1B1C1AFF1AD7C2
:101F20001AA31A671A2619E419A6196F1943192357
:101F3000190E190118FA18F318E918D818BC1895D1
:101F40001863182817E817A617681731170416E33F
:101F500016CC16BE16B516AE16A4169316791653E1
:101F6000162215E915AA1569152B14F414C614A325
:101F7000148A147B1471146A145F144F14351411ED
:101F800013E113A9136B132B12ED12B61287126310
:101F900012491238122E1225121B120A11F111CEFB
:101FA00011A0116A112D10EE10B0107810481023F6
:101FB00010080FF60FEA0FE10FD60FC60FAE0F8C09
:101FC0000F5F0F2A0EEE0EB00E720E3A0E090DE3E1
:101FD0000DC70DB30DA60D9C0D910D820D6A0D4917
:101FE0000D1E0CEA0CAF0C720C340BFC0BCB0BA3CC
:101FF0000B860B710B630B580B4D0B3E0B270B071E
:102000000ADD0AAA0A710A3309F709BE098C0963B5
:102010000945092F09200914090908F908E308C42A
:10202000089C086A083107F507B90780074D07249F
:10203000070406ED06DD06D006C406B506A0068236
:10204000065A062A05F205B7057B0542050F04E48A
:1020500004C304AB049A048D04800471045C043F3F
:10206000041903E903B30378033C030302D002A578
:102070000282026902570249023C022D021901FC48
:1020800001D701A90173013A00FE00C50091006566
:102090000042002700140005FFF9FFEAFFD6FFBA4F
:1020A000FF96FF69FF35FEFCFEC1FE88FE54FE2749
:1020B000FE03FDE7FDD3FDC3FDB5FDA6FD92FD7753
:1020C000FD54FD28FCF5FCBDFC82FC4AFC15FBE838
:1020D000FBC2FBA6FB90FB80FB72FB62FB4FFB3558
:1020E000FB12FAE7FAB5FA7EFA44FA0BF9D7F9A827
:1020F000F982F964F94EF93DF92EF91EF90BF8F25F
:10210000F8D0F8A6F875F83FF805F7CDF798F76915
:10211000F742F723F70CF6FAF6EAF6DBF6C8F6AF65
:10212000F68EF665F635F5FFF5C7F58EF559F52A05
:10213000F502F4E2F4CAF4B7F4A7F497F484F46C6B
:10214000F44CF424F3F5F3C0F388F350F31AF2EBF4
:10215000F2C2F2A1F288F274F264F253F241F2296F
:10216000F209F1E3F1B4F180F149F111F0DCF0ABE7
:10217000F082F060F046F031F020F010EFFDEFE576
:10218000EFC7EFA1EF74EF41EF0AEED2EE9DEE6CD8
:10219000EE42EE20EE04EDEFEDDDEDCCEDBAEDA27A
:1021A000ED85ED60ED33ED01ECCBEC94EC5EEC2DC8
:1021B000EC02EBDFEBC3EBACEB9AEB89EB76EB5F7E
:1021C000EB42EB1EEAF2EAC1EA8CEA55EA1FE9EEBD
:1021D000E9C3E99EE981E96AE957E945E933E91C80
:1021E000E900E8DCE8B2E881E84CE816E7E1E7AFAF
:1021F000E783E75EE740E728E714E702E6EFE6D982
:10220000E6BDE69AE671E641E60DE5D7E5A2E570A2
:10221000E543E51DE4FFE4E6E4D1E4BFE4ACE49685
:10222000E47AE458E430E401E3CDE398E363E33196
:10223000E304E2DDE2BDE2A4E28FE27CE269E25384
:10224000E238E216E1EEE1C0E18EE159E124E0F28C
:10225000E0C4E09DE07CE062E04CE039E025E00F86
:10226000DFF5DFD4DFADDF80DF4EDF19DEE5DEB383
:10227000DE85DE5DDE3CDE20DE0ADDF6DDE2DDCC85
:10228000DDB2DD92DD6CDD3FDD0EDCDADCA6DC7379
:10229000DC45DC1DDBFBDBDFDBC7DBB3DB9FDB8986
:1022A000DB6FDB50DB2ADAFFDACEDA9BDA67DA346F
:1022B000DA06D9DDD9BAD99DD985D970D95CD94684
:1022C000D92CD90ED8E9D8BED88ED85BD827D7F567
:1022D000D7C7D79DD779D75CD743D72ED719D70380
:1022E000D6EAD6CBD6A7D67DD64ED61BD5E8D5B660
:1022F000D587D55DD539D51BD501D4EBD4D6D4C07F
:10230000D4A7D489D465D43CD40DD3DCD3A9D37756
:10231000D348D31DD2F9D2DAD2BFD2A8D293D27D7C
:10232000D264D246D223D1FAD1CDD19CD169D13851
:10233000D108D0DED0B8D099D07ED066D050D03A77
:10234000D021D004CFE1CFB9CF8CCF5CCF2ACEF84B
:10235000CEC9CE9ECE78CE58CE3CCE24CE0ECDF772
:10236000CDDECDC1CD9FCD78CD4CCD1CCCEACCB946
:10237000CC8ACC5FCC38CC17CBFBCBE2CBCBCBB46D
:10238000CB9BCB7ECB5DCB36CB0BCADCCAAACA7A41
:10239000CA4ACA1FC9F8C9D6C9B9C9A0C989C97169
:1023A000C958C93CC91AC8F4C8CAC89BC86BC83A3E
:1023B000C80BC7DFC7B8C796C778C75EC746C72E62
:1023C000C715C6F9C6D8C6B2C688C65BC62BC5FB3C
:1023D000C5CCC5A0C579C556C537C51DC504C4EC57
:1023E000C4D2C4B6C495C470C447C41AC3EBC3BB3B
:1023F000C38CC361C339C316C2F7C2DBC2C2C2A950
:10240000C28FC273C253C22EC205C1D9C1AAC17B39
:10241000C14DC121C0F9C0D6C0B6C09AC080C06746
:10242000C04DC030C010BFECBFC4BF98BF6ABF3B37
:10243000BF0EBEE2BEBABE96BE76BE59BE3EBE243A
:10244000BE0ABDEDBDCDBDA9BD82BD57BD29BCFB3A
:10245000BCCEBCA3BC7BBC56BC35BC18BBFDBBE230
:10246000BBC7BBAABB8ABB67BB3FBB15BAE8BABB3D
:10247000BA8EBA63BA3BBA17B9F6B9D7B9BCB9A024
:10248000B985B967B947B924B8FDB8D3B8A7B87B3F
:10249000B84FB824B7FCB7D7B7B6B797B77AB75F16
:1024A000B742B724B704B6E1B6BAB691B666B63A43
:1024B000B60FB5E5B5BDB598B577B557B53AB51D05
:1024C000B500B4E1B4C1B49DB477B44FB424B3F94A
:1024D000B3CFB3A5B37EB35AB337B318B2F9B2DCF6
:1024E000B2BEB29FB27DB25AB234B20CB1E2B1B850
:1024F000B18FB166B13FB11BB0F9B0D8B0BAB09BE3
:10250000B07CB05CB03AB016AFF0AFC8AFA0AF7659
:10251000AF4EAF26AF01AEDDAEBBAE9AAE7AAE5BCC
:10252000AE3AAE19ADF6ADD2ADACAD84AD5CAD3466
:10253000AD0DACE7ACC2AC9FAC7DAC5CAC3BAC1BB6
:10254000ABF9ABD6ABB2AB8DAB67AB40AB18AAF275
:10255000AACCAAA7AA84AA62AA40AA1FA9FEA9DC9B
:10256000A9B8A994A96EA948A921A8FAA8D3A8AE88
:10257000A88AA867A846A825A804A7E3A7C1A79E7C
:10258000A778A752A72AA702A6DAA6B3A68DA6699E
:10259000A647A627A607A5E9A5C9A5A8A586A5615A
:1025A000A539A510A4E6A4BCA492A46AA445A423BA
:1025B000A403A3E6A3C9A3ADA390A370A34DA32630
:1025C000A2FCA2D0A2A2A274A248A21FA1FAA1DAE0
:1025D000A1BDA1A3A18BA173A158A13AA117A0EFFE
:1025E000A0C1A091A05EA02B9FFC9FD19FAC9F8D0E
:1025F0009F749F5F9F4D9F3B9F249F099EE69EBDBA
:102600009E8A9E549E1B9DE19DAC9D7C9D569D384F
:102610009D259D189D0D9D049CF69CE09CBF9C945F
:102620009C5C9C1D9BD99B949B549B1D9AF49AD8AF
:102630009ACA9AC89ACB9AD09AD09AC59AAA9A7EE0
:102640009A4199F3999C994398EF98A89874985750
:1026500098529861987E98A198BF98CF98C6989FF5
:10266000985897F4977696EE966895F2959C956EA5
:10267000957295A495FF967696F2976197A697B175
:10268000976796C895D59494932A91B890728F8F36
:102690008F538FFE91B894DB996E9F91A763B0C65C
:1026A000BBACC7E7D550E38EF26100001C7337491D
:1026B0004F1862C371887B107FAE7FFF7CF577ADCA
:1026C00071626B36660E628B60FF6161635A666889
:1026D00069EB6D426FDF716571A970B16EBC6C27DB
:1026E000696466E264FF63F763E364AE662567F9D5
:1026F00069D26B5C6C556C956C166AF06954678690
:1027000065CE646D6391635563B5649365BF66FF81
:10271000681768D3691368CA680266DA6582642C30
:10272000630B624761F8621F62AB637D646A654256
:1027300065DC661B65F0655E647B6368624F6156AD
:1027400060A16045604960A3613C61F262A16324BD
:102750006362634A62DC6227614360525F755ECBED
:102760005E675E535E8A5EFB5F8C601C608F60CA32
:1027700060C0606C5FD85F175E445D7B5CD95C7144
:102780005C4C5C695CBC5D2F5DA95E0E5E485E487A
:102790005E075D8B5CE55C295B725AD75A6B5A39D0
:1027A0005A425A7D5ADA5B415B9B5BD35BDA5BA88A
:1027B0005B405AB05A07595E58C9585B581F5818A1
:1027C0005841588A58E2593259685974594E58F745
:1027D000587857DF574256B35644560055EC5604C6
:1027E000563E568856D05703571356F756AD563DAA
:1027F00055B355205496542753DD53BE53C953F552
:102800005433547354A454B754A25464540153839E
:1028100052FA5276520651B7518F518E51AE51E253
:10282000521B5248525D524F521B51C4515150D00D
:1028300050514FE24F8F4F5F4F544F694F934FC5E9
:102840004FF050064FFE4FD24F854F1C4EA34E29DE
:102850004DBB4D654D2F4D1B4D264D474D734D9B2B
:102860004DB14DAE4D894D454CE54C744BFF4B92EF
:102870004B3A4AFE4AE24AE54AFE4B234B474B5E3F
:102880004B5E4B404B044AAD4A4349D24967490D20
:1028900048CD48AA48A448B648D548F6490D490F3E
:1028A00048F748C24873480F47A4473B46E0469B59
:1028B00046724665466F468846A646BC46C146AE49
:1028C000467F463745DB4574450D44B14469443B7A
:1028D0004427442A443E4458446D44744465443C6F
:1028E00043FA43A4434242DE42824237420441EA71
:1028F00041E741F5420B421F4227421B41F841BDCF
:10290000416C410F40AD405240053FCD3FAE3FA529
:102910003FAD3FBF3FD23FDB3FD23FB43F7E3F336F
:102920003EDA3E7C3E213DD23D973D723D633D67A0
:102930003D753D853D8F3D893D6F3D3E3CF93CA554
:102940003C493BEF3B9F3B603B373B233B213B2CD0
:102950003B3A3B433B403B2A3AFE3ABE3A6E3A167C
:1029600039BD396C392A38FC38E438DD38E438F0C0
:1029700038F938F738E438BD3882383637E1378AE5
:10298000373836F436C336A5369A369C36A636AE78
:1029900036AE369E367B364535FE35AC355635047B
:1029A00034BE3489346734573456345D3464346506
:1029B00034583438340733C43375332132D0328934
:1029C0003250322A321632113215321B321C321179
:1029D00031F531C83189313E30EC309C30533018FC
:1029E0002FEE2FD52FCC2FCE2FD22FD42FCA2FB2F0
:1029F0002F882F4E2F062EB72E672E1D2DDF2DB2BE
:102A00002D952D892D872D8A2D8B2D842D6E2D486A
:102A10002D122CCD2C802C312BE72BA72B762B576E
:102A20002B462B412B422B432B3D2B2A2B072AD500
:102A30002A942A4929FC29B1296F293C29182904FB
:102A400028FC28FB28FB28F628E528C628972859C3
:102A5000281227C5277B2738270126DA26C326B860
:102A600026B526B426AF26A026842658261E25D9AC
:102A7000258F2544250024C8249D24822474246F96
:102A8000246D2468245B2442241923E323A02357C4
:102A9000230E22C9228E226122422231222922269D
:102AA0002222221621FF21DA21A62167212020D708
:102AB00020912055202520031FEE1FE41FE01FDB7F
:102AC0001FD11FBC1F991F691F2D1EE81EA01E5A73
:102AD0001E1C1DE91DC41DAD1DA01D9A1D951D8B3D
:102AE0001D781D581D2B1CF21CAF1C681C221BE3FB
:102AF0001BAE1B861B6C1B5D1B541B4F1B451B34E5
:102B00001B171AED1AB61A761A3019EA19AA197390
:102B10001949192B1919190F1909190018F018D585
:102B200018AE187A183C17F817B317711739170C25
:102B300016EB16D716CB16C316BA16AC1693166F2D
:102B4000163D160215BF157B153914FF14CF14ACB2
:102B500014951487147E147514671451142F1400DF
:102B600013C713861342130012C51293126D125429
:102B70001243123912301223120E11EE11C2118CAF
:102B8000114D110A10C8108B1057102F1013100080
:102B90000FF40FEA0FDE0FCB0FAD0F840F500F13A2
:102BA0000ED10E8F0E510E1C0DF10DD20DBE0DB0BB
:102BB0000DA50D990D870D6C0D450D140CD90C98B4
:102BC0000C560C180BE10BB40B930B7B0B6C0B61CD
:102BD0000B550B440B2A0B060AD70A9E0A5F0A1EE6
:102BE00009DF09A609770953093A0929091C0910BF
:102BF000090008E808C608990863082507E507A53D
:102C0000076C073B071506F906E606D806CB06BC97
:102C100006A60686065B062705EB05AB056C0531A7
:102C200004FF04D604B804A304940487047804635E
:102C30000445041D03EB03B00372033302F702C320
:102C40000298027802610250024302340220020418
:102C500001DE01AE0176013800F900BD0088005B9D
:102C60000038001F000D0000FFF1FFDEFFC4FFA0D1
:102C7000FF72FF3BFEFFFEC1FE84FE4DFE1FFDFA0C
:102C8000FDDFFDCBFDBCFDADFD9BFD82FD60FD3498
:102C9000FD00FCC5FC87FC4AFC12FBE2FBBCFB9E72
:102CA000FB89FB78FB69FB57FB40FB20FAF6FAC473
:102CB000FA8AFA4DFA11F9D8F9A6F97DF95EF946C2
:102CC000F935F925F914F8FEF8DFF8B8F887F84F68
:102CD000F813F7D7F79DF76AF73FF71EF705F6F2F7
:102CE000F6E2F6D1F6BBF69EF679F64AF614F5D979
:102CF000F59DF563F52EF502F4DEF4C3F4AFF49E12
:102D0000F48DF478F45DF439F40DF3D8F39FF363A4
:102D1000F328F2F3F2C5F29FF282F26CF25BF24A10
:102D2000F236F21CF1FAF1CFF19CF164F128F0EEE9
:102D3000F0B7F088F060F042F02AF018F006EFF3F8
:102D4000EFDAEFBAEF91EF60EF29EEEEEEB3EE7C43
:102D5000EE4BEE22EE02EDE9EDD5EDC3EDB0ED98D0
:102D6000ED79ED52ED23ECEDECB3EC79EC41EC0FA9
:102D7000EBE4EBC2EBA7EB92EB80EB6DEB56EB39A0
:102D8000EB13EAE6EAB2EA79EA3FEA06E9D3E9A711
:102D9000E983E966E950E93DE92AE914E8F7E8D46E
:102DA000E8A8E876E83EE804E7CBE797E769E74478
:102DB000E726E70EE6FAE6E7E6D1E6B6E694E66A47
:102DC000E639E602E5C9E591E55CE52DE505E4E5D2
:102DD000E4CCE4B7E4A4E48FE475E454E42CE3FC2D
:102DE000E3C7E38FE356E320E2F0E2C7E2A5E28B1C
:102DF000E275E261E24CE233E214E1EDE1BFE18B26
:102E0000E153E11BE0E5E0B3E089E066E04AE0334E
:102E1000E01EE009DFF1DFD3DFAEDF82DF4FDF1836
:102E2000DEE0DEAADE77DE4BDE27DE09DDF1DDDC6B
:102E3000DDC7DDAFDD92DD6FDD44DD13DCDDDCA55C
:102E4000DC6EDC3BDC0EDBE8DBC9DBAFDB99DB8473
:102E5000DB6DDB51DB2FDB06DAD6DAA1DA6ADA3397
:102E6000D9FFD9D1D9A9D989D96ED957D942D92B66
:102E7000D910D8EFD8C7D899D865D82FD7F8D7C4E4
:102E8000D794D76BD749D72DD715D6FFD6E8D6CE4E
:102E9000D6AED688D65BD629D5F3D5BDD588D5583C
:102EA000D52ED50AD4ECD4D3D4BDD4A6D48CD46E2C
:102EB000D449D41DD3ECD3B8D381D34CD31CD2F096
:102EC000D2CBD2ACD292D27BD264D24BD22DD20909
:102ED000D1DFD1AFD17BD146D111D0DFD0B3D08CEF
:102EE000D06CD051D039D022D009CFECCFC9CFA0EF
:102EF000CF72CF3FCF0ACED5CEA3CE76CE4ECE2C3C
:102F0000CE10CDF7CDE0CDC7CDAACD89CD62CD34E1
:102F1000CD03CCCECC9ACC67CC39CC10CBEDCBD07A
:102F2000CBB6CB9ECB85CB69CB49CB22CAF7CAC6E1
:102F3000CA92CA5ECA2CC9FDC9D3C9AEC990C975A7
:102F4000C95CC943C928C908C8E3C8B8C889C856F4
:102F5000C822C7F0C7C0C795C770C750C734C71AC3
:102F6000C701C6E6C6C7C6A3C679C64BC61AC5E61C
:102F7000C5B4C584C558C532C511C4F4C4D9C4BFCD
:102F8000C4A4C486C463C43BC40DC3DDC3AAC37850
:102F9000C348C31BC2F4C2D2C2B3C298C27EC263CA
:102FA000C245C222C1FBC1CFC19FC16EC13CC10B92
:102FB000C0DFC0B6C093C074C057C03DC021C003BD
:102FC000BFE2BFBBBF90BF62BF31BEFFBECFBEA2DC
:102FD000BE79BE55BE34BE17BDFCBDE0BDC2BDA1AD
:102FE000BD7BBD52BD24BCF4BCC3BC93BC66BC3C21
:102FF000BC17BBF5BBD7BBBBBB9FBB81BB60BB3B9F
:10300000BB12BAE5BAB6BA86BA57BA29B9FFB9D966
:10301000B9B7B998B97BB95EB940B91FB8FAB8D297
:10302000B8A6B878B849B81AB7EDB7C2B79CB7799F
:10303000B759B73BB71DB6FEB6DDB6BAB692B6679E
:10304000B63AB60CB5DDB5B0B586B55FB53BB51AC9
:10305000B4FBB4DDB4BDB49CB478B451B427B3FBB5
:10306000B3CEB3A0B374B34AB322B2FEB2DCB2BCE7
:10307000B29DB27DB25BB237B210B1E7B1BCB18FD5
:10308000B163B137B10DB0E6B0C2B09FB07EB05EF3
:10309000B03CB01AAFF6AFCFAFA6AF7BAF50AF2406
:1030A000AEFAAED1AEAAAE85AE62AE41AE1FADFCF9
:1030B000ADD9ADB4AD8DAD64AD3AAD10ACE6ACBC40
:1030C000AC95AC6EAC4AAC27AC04ABE1ABBEAB99F3
:1030D000AB73AB4BAB22AAF8AACFAAA6AA7EAA587A
:1030E000AA33AA0FA9ECA9C8A9A4A97FA959A931F3
:1030F000A908A8DFA8B5A88DA865A83FA81AA7F7B2
:10310000A7D5A7B2A78EA769A742A71AA6F0A6C6F9
:10311000A69BA671A649A623A5FEA5DDA5BCA59BD9
:10312000A579A556A52FA507A4DCA4B0A482A45612
:10313000A42BA403A3DEA3BDA39EA380A362A342EA
:10314000A31FA2F8A2CEA2A0A270A23FA20FA1E349
:10315000A1BBA197A178A15DA143A129A10DA0ECDC
:10316000A0C5A098A067A0329FFC9FC89F989F6EA3
:103170009F4B9F2F9F199F069EF29EDA9EBD9E97A2
:103180009E689E329DF79DBA9D7E9D489D1B9CF832
:103190009CDF9CD09CC59CBB9CAC9C959C729C422B
:1031A0009C079BC39B799B319AF19ABC9A969A8211
:1031B0009A7B9A7E9A839A849A7B9A609A3199EF45
:1031C000999D993F98E1988B98459817980498098C
:1031D00098239847986A987F987C9857980E97A458
:1031E000971F968D96009589953895199531957C00
:1031F00095EE967196F0974A9764972A96919590D6
:10320000943E92BA91358FE68F198F1B902E92952E
:10321000968F9C52A3E2AD40B85BC50BD30BE21274
:10322000F1D300001E0E3A3652C96681749E7CFAB4
:103230007FFF7E997A0673B36D02672462F460E8BB
:1032400061086301663769EE6D677001715371380B
:103250006FCE6D6B6A8B67B6656763F8639664388B
:1032600065A8678F69856B266C226C4F6BA76A4DCA
:103270006882669964E763B16322634664066532D7
:10328000668567B7688B68D5688667AA666864F9DB
:103290006399628261DE61C0622262E463D964CABA
:1032A000658265DB65BE652E6441631E61F660F86C
:1032B000604A6004602760A36157621862BC631BA8
:1032C000631F62C2620F612460255F3B5E895E28D6
:1032D0005E205E6A5EED5F8A601A607B6095605C6E
:1032E0005FD75F175E395D625CB05C3D5C155C3832
:1032F0005C945D115D8F5DEF5E175DFB5D985CFB1F
:103300005C3B5B755AC65A465A075A0A5A465AA82F
:103310005B155B715BA35B9B5B555AD65A2F597A41
:1033200058D0584A57F857E15802584B58A758FDFB
:103330005935593D590E58A85819577456D1564702
:1033400055E755BC55C455F85643569156CC56E0F2
:1033500056C3567455FA556654CB543F53D55399BA
:10336000538D53AC53E7542D546754835476543AD9
:1033700053D4535052BE523451C35178515A5167AD
:10338000519351CE52065228522751FC51A8513325
:1033900050AC50254FB04F5A4F2D4F284F444F75CA
:1033A0004FA84FCE4FD74FBA4F764F104E944E1274
:1033B0004D9A4D3C4D024CED4CFB4D214D4F4D7502
:1033C0004D864D754D404CE84C774BFB4B844B2064
:1033D0004ADA4AB84AB84AD14AF94B1E4B344B2D07
:1033E0004B054ABB4A5649E1496C490448B54886F1
:1033F0004878488648A648C948E248E348C748890B
:10340000483047C4475246E746914658463E4640F4
:10341000465746764690469846854654460645A306
:10342000453544CA446F442C440743FE440C4426AB
:10343000443F444C4441441B43D8437E431642AC72
:10344000424D420341D341C041C441D841EF41FE06
:1034500041FB41DE41A6415640F4408D402C3FDB0C
:103460003FA23F853F7F3F8C3FA13FB13FB43F9F8D
:103470003F713F2A3ED03E6C3E0B3DB53D753D4D04
:103480003D3F3D443D543D643D6B3D5E3D393CFB1D
:103490003CA93C4A3BE93B903B493B193B013AFE86
:1034A0003B093B183B213B1A3AFD3AC93A7E3A2583
:1034B00039C6396C391F38E738C638BB38C038CD03
:1034C00038D738D538BF3893385137FE37A3374807
:1034D00036F736B8368F367C367A3683368D368E6A
:1034E000367F365B362135D5357D352334CF348B69
:1034F000345A343F3436343B34433447343D34203B
:1035000033EF33A9335732FE32A9325F3227320507
:1035100031F531F431FB31FF31FA31E331B9317B2F
:10352000312E30D8308230352FF72FCD2FB62FB037
:103530002FB32FB72FB52FA42F812F4A2F032EB1D2
:103540002E5B2E0C2DC92D982D7A2D6D2D6C2D7086
:103550002D6F2D632D472D172CD62C882C342BE363
:103560002B9C2B652B402B2D2B282B292B292B21FA
:103570002B0A2AE12AA72A5E2A0C29BB29712934A1
:10358000290928EF28E528E328E328DE28CC28A904
:103590002875283127E427932746270526D426B403
:1035A00026A3269E269D269A268C266F2641260334
:1035B00025B9256A251C24D724A0247A2464245BF9
:1035C00024582455244A2433240B23D3238E234107
:1035D00022F322AB226F2243222722192214221027
:1035E000220821F521D321A12160211620C9207FA5
:1035F000203F200E1FEC1FD91FD01FCC1FC51FB6A8
:103600001F991F6C1F311EEB1E9F1E541E111DDAC9
:103610001DB31D9A1D8E1D881D821D751D5D1D36D5
:103620001D001CBE1C741C291BE41BA91B7C1B5EFB
:103630001B4D1B441B3E1B341B201AFE1ACE1A9036
:103640001A4919FE19B7197819471923190E1902C1
:1036500018FB18F218E118C418991860181C17D331
:10366000178B1749171316EB16D016C116B816AFDD
:1036700016A116881662162E15EF15A8155F151BD4
:1036800014E114B4149414811475146C1460144B64
:10369000142A13FB13C0137B133412EE12B0127EE4
:1036A000125A12421234122A121F120D11F011C6B0
:1036B000118F114E110810C11081104B10221005EE
:1036C0000FF30FE80FDD0FCE0FB50F8F0F5D0F1F3C
:1036D0000EDB0E950E520E190DEB0DCA0DB40DA694
:1036E0000D9B0D8D0D780D570D290CF00CAE0C684F
:1036F0000C240BE80BB60B900B760B660B5A0B4D9C
:103700000B3A0B1D0AF40ABE0A800A3B09F709B8F6
:1037100009820958093A09260918090C08FB08E228
:1037200008BD088C0850080E07CA078907500721F2
:1037300006FF06E806D806CB06BB06A50684065794
:10374000062005E0059D055A051E04EC04C604AAE2
:103750000498048A047B0467044A042203EE03B13C
:10376000036F032C02EE02B8028E026E0259024968
:10377000023B0229020F01EA01BB0181014100FE67
:1037800000BF008600570034001B0009FFFBFFEB61
:10379000FFD4FFB3FF87FF51FF13FED2FE91FE5609
:1037A000FE23FDFCFDDFFDCBFDBBFDABFD96FD79F2
:1037B000FD51FD1FFCE4FCA3FC62FC25FBF0FBC4F7
:1037C000FBA4FB8CFB7BFB6BFB58FB3EFB1AFAEB71
:1037D000FAB3FA75FA34F9F5F9BDF98EF96AF94FC9
:1037E000F93BF92BF919F901F8E1F8B6F882F84537
:1037F000F805F7C6F78BF759F731F713F6FDF6EB37
:10380000F6DAF6C4F6A7F680F64FF615F5D6F59774
:10381000F55BF525F4FAF4D8F4BFF4ACF49BF48628
:10382000F46CF448F41BF3E4F3A7F368F32AF2F31F
:10383000F2C4F29EF282F26DF25BF248F230F20FC5
:10384000F1E5F1B2F177F139F0FBF0C1F08FF066FC
:10385000F047F02FF01CF009EFF3EFD5EFAFEF7F5B
:10386000EF47EF09EECBEE90EE5BEE2FEE0CEDF2B4
:10387000EDDDEDCAEDB5ED9AED77ED4AED15ECDA3B
:10388000EC9CEC5FEC28EBF9EBD3EBB6EB9FEB8B0E
:10389000EB77EB5EEB3EEB15EAE2EAA9EA6CEA2F86
:1038A000E9F6E9C4E99BE97AE961E94DE939E922F8
:1038B000E904E8DEE8AFE878E83CE7FFE7C5E79031
:1038C000E764E740E725E70EE6FAE6E4E6C9E6A6A0
:1038D000E67AE646E60CE5CFE594E55DE52EE507FC
:1038E000E4E9E4D1E4BCE4A7E48DE46DE444E4134A
:1038F000E3DBE39FE363E32BE2F9E2CFE2AEE294A2
:10390000E27EE269E251E233E20DE1DFE1A9E16F3B
:10391000E133E0FAE0C5E099E074E058E040E02BE4
:10392000E014DFF8DFD5DFAADF77DF3EDF03DEC894
:10393000DE92DE63DE3CDE1CDE03DDEDDDD6DDBCCB
:10394000DD9CDD73DD43DD0DDCD2DC98DC60DC2E3C
:10395000DC04DBE2DBC6DBAFDB99DB80DB62DB3C7C
:10396000DB0FDADADAA1DA67DA2ED9FAD9CED9A9F9
:10397000D98BD972D95BD943D927D904D8D9D8A73B
:10398000D870D836D7FDD7C7D798D770D750D73586
:10399000D71ED706D6EBD6CBD6A3D673D63ED60542
:1039A000D5CCD595D563D539D516D4F9D4E0D4C9BD
:1039B000D4AFD490D46BD43ED40BD3D4D39AD363A6
:1039C000D330D303D2DDD2BED2A4D28CD273D2569E
:1039D000D233D208D1D8D1A2D169D131D0FCD0CD47
:1039E000D0A5D084D068D04FD036D01ACFF9CFD25E
:1039F000CFA3CF6FCF38CEFFCECACE99CE6ECE4AF0
:103A0000CE2CCE12CDF9CDDECDBFCD9ACD6ECD3C34
:103A1000CD05CCCECC97CC65CC38CC12CBF2CBD666
:103A2000CBBCCBA2CB84CB61CB37CB08CAD3CA9C4F
:103A3000CA65CA31CA03C9DAC9B8C99BC980C9668F
:103A4000C949C928C900C8D3C8A0C86AC833C7FEB5
:103A5000C7CEC7A3C77FC760C744C72AC70EC6EE75
:103A6000C6C8C69DC66CC637C601C5CCC59AC56E4C
:103A7000C547C526C509C4EEC4D2C4B3C48FC46645
:103A8000C437C404C3CEC399C367C338C310C2EDDF
:103A9000C2CEC2B2C296C278C256C22EC201C1D034
:103AA000C19CC167C133C104C0D9C0B4C094C07740
:103AB000C05BC03DC01CBFF6BFCBBF9BBF68BF345F
:103AC000BF00BED0BEA4BE7DBE5BBE3CBE1FBE015D
:103AD000BDE1BDBDBD94BD66BD34BD01BCCDBC9CCA
:103AE000BC6FBC46BC22BC02BBE4BBC6BBA7BB834D
:103AF000BB5CBB2FBAFFBACDBA9ABA68BA3ABA1051
:103B0000B9EBB9C9B9AAB98BB96CB949B923B8F835
:103B1000B8CAB898B866B835B806B7DBB7B4B791C5
:103B2000B771B751B731B70FB6EAB6C0B693B6633F
:103B3000B632B601B5D2B5A6B57EB55AB538B51709
:103B4000B4F7B4D5B4B0B487B45BB42DB3FDB3CD82
:103B5000B39EB372B349B323B300B2DEB2BDB29B1E
:103B6000B276B24EB223B1F6B1C7B198B16AB13EE6
:103B7000B114B0EEB0C9B0A6B084B061B03CB0141E
:103B8000AFEAAFBEAF90AF62AF35AF09AEE0AEB94E
:103B9000AE94AE70AE4CAE28AE02ADDAADB0AD852F
:103BA000AD58AD2BACFFACD4ACABAC84AC5FAC3A95
:103BB000AC15ABF0ABC9ABA0AB76AB4BAB1FAAF36C
:103BC000AAC8AA9FAA77AA50AA2BAA06A9E0A9B9AF
:103BD000A991A967A93CA910A8E4A8B9A88FA868C9
:103BE000A842A81DA7F8A7D3A7ACA784A75AA72EB9
:103BF000A701A6D4A6A8A67DA655A62FA60BA5E923
:103C0000A5C6A5A1A57BA552A525A4F7A4C7A498E0
:103C1000A46AA43FA418A3F4A3D4A3B4A394A37246
:103C2000A34CA322A2F3A2C2A28EA25BA22BA1FE4E
:103C3000A1D7A1B6A198A17DA162A143A120A0F620
:103C4000A0C6A090A058A01F9FEA9FBA9F929F7203
:103C50009F589F439F2F9F179EF89ED09E9F9E65C3
:103C60009E259DE59DA79D719D469D269D119D04C8
:103C70009CF99CEC9CD69CB49C849C459BFD9BAF82
:103C80009B649B219AED9ACA9ABA9AB79ABD9AC137
:103C90009ABC9AA79A7C9A3B99E69984992198C6EE
:103CA000987E98509840984C986B989298B398BE8C
:103CB00098A9986B9806978096E9965295D0957832
:103CC0009557957495C9964896D59752979C979312
:103CD0009723964494FF937391D290608F6F8F5681
:103CE000906E930797679DBCA61CB084BCD3CACFC7
:103CF000DA28EA7BFB5A00001FCF3D5C56B46A6AA3
:103D000077C07EB77FFF7CD576D86FC06914640218
:103D1000613B60EB62C5661A6A096DAF7051717BD9
:103D2000710D6F386C75695D668F648F63AC63F677
:103D30006542673169496B146C2D6C5E6BA16A2119
:103D40006830663164846374632A63A364B3661263
:103D5000676B686F68E368AC67D3668264FC638CEA
:103D6000627261DD61DF626863506458654165D1EC
:103D700065E6657664946368622B6117605B601228
:103D8000603F60CC6191625A62F46337630F627D79
:103D9000619B60905F8C5EBC5E425E2B5E725EFBE0
:103DA0005FA160366094609E604C5FA75ECC5DE072
:103DB0005D0B5C725C295C355C895D095D905DF929
:103DC0005E265E055D965CE85C195B4A5A9F5A3236
:103DD0005A0F5A335A8C5AFF5B695BAB5BAF5B6D12
:103DE0005AEA5A3B597A58C9584357FA57F4582750
:103DF000588058E1592F594E593158D65848579B39
:103E000056ED565855F255C855D75613566656B501
:103E100056E656E756AF564155AD5509546E53F424
:103E200053AB539953B853F75440547B549254783E
:103E3000542953B0531B528251FC519B516C516D0C
:103E4000519551D3520F52355233520251A3512240
:103E5000509150064F954F4C4F314F414F6E4FA6EA
:103E60004FD34FE44FCC4F884F1C4E994E0F4D947B
:103E70004D374D044CFB4D154D424D714D8E4D8BC4
:103E80004D5F4D0B4C974C154B954B2B4AE24AC15D
:103E90004AC64AE64B114B344B404B2A4AEC4A8CFB
:103EA0004A154997492448CA48944883489248B4D7
:103EB00048D948EF48EA48C24876480E4796472016
:103EC00046BA4672464C4649465E467E469A46A3E8
:103ED000468D465545FD4590451C44AF4458442009
:103EE0004409440F442744444455444F442A43E47E
:103EF0004384431642A6424541FD41D441C941D6BF
:103F000041EE4204420941F441C14170410B409EDF
:103F100040363FE23FA83F8C3F8B3F9C3FB13FBEC6
:103F20003FB73F943F543EFB3E943E2A3DCC3D84F8
:103F30003D583D483D4E3D603D703D733D5F3D2FDA
:103F40003CE43C863C1F3BBB3B683B2D3B0D3B06AA
:103F50003B113B213B2A3B223B013AC53A723A11C5
:103F600039AD3952390A38DB38C638C638D238DE6E
:103F700038DF38CB389E38583800379E373F36ED1B
:103F800036B1368D3682368636913698368F366F14
:103F9000363735E9358D352D34D5348D345C3443A1
:103FA000343F3446344E344D3439340F33CD3379C5
:103FB000331C32C032703233320D31FC31FC3203EB
:103FC000320731FD31DF31AA3160310930AD305770
:103FD000300F2FDD2FC02FB72FBA2FBF2FBC2FA828
:103FE0002F802F422EF32E9A2E412DF12DB42D8BA2
:103FF0002D772D732D762D772D6C2D4F2D1D2CD8D3
:104000002C842C2C2BD72B902B5C2B3D2B302B2F47
:104010002B312B2C2B192AF22AB72A6C2A1629C0ED
:1040200029722933290928F228EA28EA28E828DD14
:1040300028C12891284F27FF27A92757271026DBBB
:1040400026B926A826A426A3269D268A2665262DDF
:1040500025E52593253E24F224B32486246C24618F
:10406000245E245A244E2433240623C6237A23278D
:1040700022D62290225922352221221A2216220FDC
:1040800021FC21D921A3215E210E20BC20702031EA
:1040900020031FE61FD81FD21FCD1FC01FA61F7AE7
:1040A0001F3E1EF41EA31E541E0E1DD71DB01D9ACA
:1040B0001D901D8A1D811D6F1D4C1D191CD61C8A4B
:1040C0001C3A1BEF1BAF1B801B611B501B471B4087
:1040D0001B331B191AEF1AB51A6E1A2019D2198C34
:1040E0001954192C1913190618FE18F418E118C0E0
:1040F000188F184F180517B7176D172D16FC16DBFC
:1041000016C716BD16B416A6168D1664162C15E81D
:10411000159C1550150A14D114A7148C147D147312
:10412000146814551435140513C7137F133312EA9A
:1041300012AA12781255123F1232122812191200C6
:1041400011D911A41161111710CC1087104E102233
:1041500010050FF30FE80FDC0FC80FA90F7B0F40FE
:104160000EFA0EB00E670E270DF40DCF0DB70DA889
:104170000D9D0D8D0D750D4F0D1B0CDA0C920C491C
:104180000C040BCA0B9D0B7E0B6B0B5D0B500B3C99
:104190000B1E0AF20AB80A740A2B09E409A4097072
:1041A0000949092F091F0912090208E908C40892E0
:1041B0000854080D07C507810746071806F706E2E9
:1041C00006D306C506B106930668063005EE05A7B8
:1041D0000560052004EB04C304A804950487047655
:1041E000045E043A040903CD0388034102FD02C2C0
:1041F000029302710259024902390225020801DEC6
:1042000001A80168012200DC009C0067003D00203D
:10421000000CFFFDFFECFFD3FFB1FF81FF46FF0461
:10422000FEBEFE7BFE3FFE0FFDEBFDD2FDC0FDAFEF
:10423000FD9BFD7EFD56FD21FCE3FC9EFC59FC1A16
:10424000FBE3FBB9FB9AFB84FB72FB60FB48FB269C
:10425000FAF8FABFFA7EFA39F9F7F9BBF98AF96484
:10426000F94AF936F925F910F8F3F8CCF899F85C21
:10427000F819F7D5F796F75FF733F712F6FBF6E87C
:10428000F6D6F6BDF69CF66FF638F5F8F5B4F5728D
:10429000F537F505F4DEF4C2F4ADF49AF485F4696B
:1042A000F442F411F3D5F394F351F311F2DAF2ADD1
:1042B000F28BF272F25EF24BF233F212F1E6F1B0EF
:1042C000F172F12FF0EEF0B2F07FF058F03AF023F7
:1042D000F010EFFAEFDEEFB9EF88EF4EEF0EEECC15
:1042E000EE8DEE55EE27EE04EDEAEDD5EDC0EDA82E
:1042F000ED88ED5DED28ECECECAAEC69EC2DEBFA29
:10430000EBD1EBB2EB9AEB86EB70EB54EB2FEB00BF
:10431000EAC7EA88EA47EA08E9D0E9A2E97DE96163
:10432000E94BE936E91EE8FEE8D4E8A1E865E825AE
:10433000E7E5E7A9E775E74BE72AE711E6FCE6E5DD
:10434000E6CAE6A5E677E640E602E5C2E584E54B87
:10435000E51CE4F6E4D9E4C2E4ACE493E474E44B91
:10436000E418E3DEE39FE360E324E2F0E2C5E2A3C6
:10437000E289E272E25BE23FE21CE1EEE1B8E17C5D
:10438000E13DE0FFE0C6E096E070E051E039E02278
:10439000E009DFE9DFC1DF90DF57DF1ADEDBDE9FF8
:1043A000DE6BDE3FDE1CDE00DDE8DDD1DDB5DD925B
:1043B000DD66DD31DCF6DCB7DC7ADC42DC11DBE922
:1043C000DBCADBB0DB98DB7EDB5FDB38DB08DAD017
:1043D000DA93DA56DA1AD9E6D9B9D995D978D95F04
:1043E000D947D92BD908D8DDD8A9D86FD832D7F575
:1043F000D7BDD78BD763D742D727D70ED6F4D6D51C
:10440000D6AED67FD649D60DD5D0D596D560D53384
:10441000D50ED4F0D4D6D4BDD4A0D47ED453D421D8
:10442000D3E8D3ACD370D338D306D2DCD2BBD29E80
:10443000D285D26AD24BD225D1F7D1C1D187D14B07
:10444000D110D0DBD0AED087D068D04DD033D016CD
:10445000CFF4CFCACF99CF61CF26CEEACEB3CE81EB
:10446000CE57CE34CE16CDFCCDE0CDC1CD9BCD6E9A
:10447000CD39CD00CCC5CC8BCC56CC28CC01CBE1F2
:10448000CBC4CBA9CB8CCB6ACB40CB10CADACAA0A9
:10449000CA65CA2EC9FCC9D1C9ADC98EC972C9566F
:1044A000C937C911C8E4C8B1C879C83FC806C7D25E
:1044B000C7A3C77BC75AC73CC720C702C6DFC6B75A
:1044C000C687C652C619C5E0C5A9C577C54BC5265E
:1044D000C507C4EAC4CDC4ACC487C45BC429C3F255
:1044E000C3B9C381C34DC31EC2F6C2D3C2B4C297FF
:1044F000C278C255C22CC1FEC1C9C192C15AC124E1
:10450000C0F2C0C7C0A1C080C061C043C022BFFC10
:10451000BFD1BF9FBF6ABF33BEFCBEC8BE99BE70CD
:10452000BE4DBE2DBE0EBDEEBDCABDA2BD74BD4109
:10453000BD0BBCD4BC9FBC6EBC42BC1BBBF9BBD981
:10454000BBB9BB97BB71BB46BB16BAE2BAACBA7774
:10455000BA44BA15B9ECB9C7B9A6B985B964B93FB7
:10456000B917B8E9B8B7B883B84EB81AB7EAB7BE42
:10457000B797B773B752B730B70DB6E6B6BBB68BC1
:10458000B659B624B5F1B5BFB592B568B542B51FF9
:10459000B4FDB4DAB4B4B48BB45EB42DB3FAB3C71B
:1045A000B395B366B33BB313B2EEB2CBB2A7B2824C
:1045B000B25AB22EB200B1CEB19CB16BB13BB10FC9
:1045C000B0E6B0BFB09AB076B050B029AFFEAFD170
:1045D000AFA1AF71AF40AF10AEE3AEB9AE91AE6B6D
:1045E000AE45AE1FADF7ADCDADA1AD72AD43AD13D0
:1045F000ACE5ACB8AC8DAC65AC3EAC17ABEFABC7C3
:10460000AB9CAB70AB42AB13AAE5AAB7AA8CAA626B
:10461000AA39AA12A9EAA9C2A998A96CA93FA91006
:10462000A8E2A8B4A888A85EA835A80EA7E7A7BFE7
:10463000A796A76BA73EA70FA6DFA6AFA681A65693
:10464000A62DA607A5E1A5BCA596A56EA542A51217
:10465000A4E1A4AEA47CA44DA421A3F9A3D5A3B343
:10466000A391A36EA347A31CA2EBA2B7A280A24A68
:10467000A217A1E9A1C0A19EA180A163A145A12388
:10468000A0FAA0C9A091A056A01A9FE19FAD9F8358
:104690009F619F479F319F1A9EFF9EDC9EAE9E7535
:1046A0009E349DEF9DAC9D709D3F9D1A9D039CF592
:1046B0009CEA9CDB9CC39C9C9C669C209BD09B7E24
:1046C0009B329AF39AC79AAE9AA69AAB9AB19AAECF
:1046D0009A989A6B9A2499C9996098F7989C9859D6
:1046E00098359833984C9874989A98AE98A0986694
:1046F0009800977496D2963395AF955C954A957BC2
:1047000095E79678970A9774979197429678953699
:10471000939991DD90538F568F5090A993C198F043
:10472000A059AA0DB5F8C3EDD399E492F64D000057
:1047300021B240BA5ADF6E5F7AA97FFF7F547A6C4C
:1047400073486BD465B361EE60F1628265DD6A0522
:104750006DE670A471B570FD6ECA6BB2687365C208
:10476000642663DB64D166AB68E56AEA6C3D6C93F2
:104770006BDB6A466834661A646B637A6368642626
:10478000657366EF683768F668FE684766FB6563C1
:1047900063D562A36205621062B163B164C865A7A4
:1047A000661565F1653C641C62CC619260AB603F4C
:1047B000605B60E861B7628C632963636323627046
:1047C000616E60505F4E5E9A5E515E775EF55FA1EE
:1047D000604760B660CA60775FC75EDC5DE25D0A15
:1047E0005C7C5C4B5C775CE95D795DFC5E475E40C0
:1047F0005DE05D335C5A5B7E5AC75A555A365A663D
:104800005ACD5B475BAD5BDC5BC05B565AAD59E490
:10481000591F588358285817584958A7590E595C9A
:104820005974594758D65831577656C6563F55F69B
:1048300055F15624567856CF5709570E56D3565D24
:1048400055BC550E547053FC53C353C553F85444D0
:10485000548B54B454A8546253E9534D52AB521C78
:1048600051B9518C519551C7520B5245525D52442A
:1048700051F5517950E3504B4FCB4F764F544F6227
:104880004F924FCE4FFB50054FE04F8A4F0D4E7C5D
:104890004DEF4D7C4D334D1B4D2D4D5A4D8D4DAF34
:1048A0004DAD4D7D4D214CA44C184B954B2E4AF0EF
:1048B0004AE04AF44B1F4B4A4B614B534B1A4ABADE
:1048C0004A3D49B7493E48E148AE48A448BA48E1A4
:1048D0004904491148F948B8485447D9475946E866
:1048E0004697466C4667467E46A146BC46BF469EF6
:1048F000465745F0457644FD4495444D442A4429A5
:104900004440445F4472446C444343F6438D431631
:1049100042A34243420341E741EA4201421A42278D
:10492000421841E74195412B40B7404A3FF33FBB16
:104930003FA53FAA3FC03FD43FD93FC33F8B3F3540
:104940003ECB3E5A3DF43DA43D733D623D6A3D7D04
:104950003D8D3D8B3D6C3D2F3CD63C6C3BFF3B9EE3
:104960003B563B2C3B203B283B393B443B3A3B15D9
:104970003AD23A773A0E39A5394B390A38E638DD5A
:1049800038E638F438F938E938BE3876381837B1AF
:10499000374C36F936BE369F369936A236AD36AD2F
:1049A00036973665361935BB355534F534A734732B
:1049B00034593456345E346534603443340C33BD7A
:1049C000335E32FA329F32573229321332123219A1
:1049D000321C321131EF31B33161310230A1304B31
:1049E00030092FDF2FCE2FCD2FD22FD22FC12F99CD
:1049F0002F592F052EA62E482DF72DBB2D962D882D
:104A00002D882D8B2D872D712D432CFF2CA92C4CFF
:104A10002BF12BA52B6E2B4E2B422B422B432B3AEB
:104A20002B1F2AED2AA52A4E29F2299B2954292138
:104A3000290528FC28FB28FA28ED28CC2896284BA5
:104A400027F427992746270326D626BD26B526B460
:104A500026B0269E2679263E25F12599254124F269
:104A600024B4248B2476246F246C2465244F2425BD
:104A700023E62397234022EA229E22652240222E0B
:104A800022272224221921FE21D0218E213E20E737
:104A90002093204C20171FF61FE61FE01FDA1FCCC3
:104AA0001FAD1F7A1F361EE41E8E1E3E1DFB1DCA43
:104AB0001DAD1D9E1D981D901D7E1D5B1D241CDDC2
:104AC0001C8B1C371BE91BAA1B7E1B631B571B502F
:104AD0001B451B2F1B081ACE1A841A3219E0199590
:104AE000195B1932191A190F190618F918DF18B4B9
:104AF0001877182C17DA17891743170C16E716D1F1
:104B000016C616BD16AD168F1660162015D4158262
:104B1000153414F114BD149C1489147D1473145F9E
:104B2000143E140B13C9137B132A12DF129F127049
:104B30001251124012341227121111EC11B61171D8
:104B4000112310D4108B104F102310070FF70FEB09
:104B50000FDC0FC20F990F600F1A0ECB0E7E0E37AF
:104B60000DFF0DD70DBD0DAD0DA10D8F0D720D46B5
:104B70000D0A0CC20C740C280BE50BB00B8B0B73DD
:104B80000B640B560B420B220AF20AB40A6B0A1D85
:104B900009D309930961093F0929091A090B08F585
:104BA00008D1089E085D081307C6077F0742071350
:104BB00006F406E006D106C006A6067F06490607EB
:104BC00005BC0571052B04F104C604A904960486EE
:104BD00004730457042D03F403B00365031B02D8C8
:104BE00002A10279025E024C023B0227020701DAAF
:104BF000019F0159010F00C600860052002D0014CC
:104C00000002FFF1FFDAFFB8FF88FF4AFF03FEB999
:104C1000FE73FE35FE05FDE2FDCAFDB8FDA6FD8C66
:104C2000FD67FD34FCF4FCADFC63FC1FFBE4FBB64C
:104C3000FB96FB80FB6EFB59FB3DFB15FADFFA9EF2
:104C4000FA56FA0EF9CCF994F969F94BF935F922CB
:104C5000F90DF8EEF8C3F88BF848F800F7B9F779D2
:104C6000F744F71CF6FFF6EAF6D7F6BFF69EF670A5
:104C7000F636F5F2F5AAF565F527F4F5F4CFF4B4B8
:104C8000F4A0F48BF471F44DF41DF3E0F39CF355B0
:104C9000F311F2D5F2A6F283F269F255F23FF22354
:104CA000F1FCF1C9F18BF146F0FFF0BDF085F05851
:104CB000F036F01EF009EFF2EFD4EFAAEF75EF3502
:104CC000EEF0EEAAEE6AEE34EE0AEDEBEDD3EDBEB9
:104CD000EDA5ED84ED58ED21ECE0EC9AEC56EC18E6
:104CE000EBE5EBBDEB9FEB88EB72EB57EB34EB06A0
:104CF000EACCEA8AEA45EA02E9C6E995E970E953AD
:104D0000E93CE925E909E8E3E8B2E877E835E7F0C6
:104D1000E7AFE775E747E723E708E6F1E6D9E6BA44
:104D2000E692E65FE622E5DFE59BE55CE525E4F853
:104D3000E4D6E4BCE4A5E48BE46BE441E40BE3CD0E
:104D4000E38AE347E309E2D4E2AAE28AE270E259A5
:104D5000E23EE21BE1EEE1B7E178E135E0F3E0B7F6
:104D6000E085E05DE03EE025E00CDFF0DFCBDF9C9E
:104D7000DF63DF23DEE0DE9FDE66DE36DE10DDF29F
:104D8000DDD9DDBFDDA1DD7ADD49DD0EDCCEDC8BDA
:104D9000DC4CDC15DBE7DBC3DBA6DB8DDB72DB5237
:104DA000DB29DAF5DABADA79DA37D9FAD9C4D99956
:104DB000D976D95AD940D924D902D8D7D8A2D8651A
:104DC000D824D7E4D7A8D775D74BD729D70ED6F490
:104DD000D6D6D6B2D684D64ED610D5CFD590D55607
:104DE000D525D4FDD4DDD4C2D4A7D488D461D4329F
:104DF000D3FAD3BBD37BD33DD305D2D6D2B0D29195
:104E0000D275D259D239D210D1DFD1A5D167D127ED
:104E1000D0EBD0B5D087D063D044D029D00BCFE928
:104E2000CFBFCF8BCF51CF12CED4CE99CE65CE3956
:104E3000CE16CDF8CDDCCDBDCD99CD6CCD38CCFD29
:104E4000CCBECC80CC47CC15CBEBCBC9CBABCB8E7F
:104E5000CB6ECB48CB1ACAE4CAA8CA6ACA2EC9F616
:104E6000C9C6C99EC97CC95FC941C91FC8F7C8C79F
:104E7000C890C854C817C7DBC7A6C777C750C73084
:104E8000C712C6F3C6D0C6A6C674C63CC600C5C304
:104E9000C589C555C529C503C4E3C4C4C4A4C47F1A
:104EA000C454C421C3E8C3ACC370C338C306C2DB57
:104EB000C2B6C296C277C255C22FC201C1CDC1943B
:104EC000C158C11EC0E7C0B7C08DC069C049C02964
:104ED000C006BFDDBFAEBF7ABF40BF05BECCBE9728
:104EE000BE68BE40BE1CBDFBBDDABDB6BD8CBD5BA1
:104EF000BD26BCECBCB2BC7ABC47BC1ABBF2BBCF73
:104F0000BBAEBB8BBB65BB39BB08BAD2BA99BA6022
:104F1000BA2AB9F8B9CCB9A5B982B960B93CB91403
:104F2000B8E7B8B4B87EB846B80EB7D9B7A9B77F56
:104F3000B758B735B711B6ECB6C2B693B660B62A55
:104F4000B5F3B5BDB58AB55BB532B50BB4E7B4C240
:104F5000B49BB470B440B40CB3D6B3A0B36CB33B41
:104F6000B30EB2E5B2BEB299B272B249B21CB1ECA4
:104F7000B1B8B183B14FB11CB0EDB0C1B098B07150
:104F8000B04AB022AFF7AFC9AF97AF64AF31AEFD53
:104F9000AECDAE9FAE74AE4CAE24ADFBADD1ADA4E4
:104FA000AD74AD42AD10ACDEACADAC7FAC53AC2952
:104FB000ABFFABD6ABABAB7EAB4FAB1FAAEDAABC86
:104FC000AA8CAA5EAA32AA07A9DDA9B3A988A95A00
:104FD000A92BA8FAA8C8A898A868A83BA810A7E673
:104FE000A7BDA793A767A739A708A6D6A6A3A671AA
:104FF000A641A615A5ECA5C4A59DA574A54AA51B0B
:10500000A4E9A4B4A47FA44AA418A3EBA3C2A39DBB
:10501000A379A355A32EA301A2CFA298A25EA22595
:10502000A1EEA1BEA194A170A151A132A111A0EA4B
:10503000A0BAA083A046A0069FC79F8F9F609F3BFA
:105040009F1E9F079EEF9ED29EAA9E779E399DF13E
:105050009DA89D649D299CFD9CDF9CCE9CC29CB319
:105060009C9B9C739C3A9BEF9B999B449AF59AB7A7
:105070009A8F9A7D9A7D9A839A859A769A4E9A0A01
:1050800099AB993D98CF986D9828980698099829DA
:10509000985498789880985C9805978096D9962E21
:1050A00095999536951B954B95BE965996F09755C3
:1050B000975996E095D99452928890C18F6D8EFF42
:1050C0008FF792DC97F49F85A9B9B668C55FD62F94
:1050D000E858FB590000238843F95E8871AD7C9243
:1050E0007FFF7D5376DA6EE767A462A660AB61ADA1
:1050F00064EC69416D6A7056716270756DEF6A9209
:10510000673D64BB639363E5657367B469FB6BA636
:105110006C486BB96A2867FD65C56407631F633611
:10512000642765A0672A685268C66861673D65A004
:1051300063F0628F61CA61C06261636F6494657578
:1051400065CF6583649C635361F160C760175FFA44
:10515000606A6136621B62D0631962DC621F610A99
:105160005FDD5ED95E355E0C5E5A5EFA5FB3604805
:10517000608760545FB35EC55DBC5CD35C395C071F
:105180005C3D5CBB5D555DD35E095DDE5D525C8060
:105190005B945ABE5A2C59F35A165A7C5AFD5B6AD4
:1051A0005B995B745AF85A3C596558A0581357D507
:1051B00057EA583C58AA59085932591258A457F975
:1051C0005734567B55F355B155B955FC565956AC25
:1051D00056D256B5565255B654FF545153CD5387F7
:1051E000538653BB540C54555477545E5403537335
:1051F00052C8522351A2515B5151517B51C05201AF
:105200005220520951B6513050904FF34F754F2BE9
:105210004F1A4F3A4F764FAF4FCC4FB64F6A4EEDC5
:105220004E564DC04D444CF84CE24CFA4D2C4D605E
:105230004D794D664D1F4CAB4C1C4B8B4B124AC4E9
:105240004AA84AB94AE44B124B294B184AD64A6835
:1052500049E0495548DE488F486E4878489D48C522
:1052600048DB48CA488D482547A4471D46A94658EB
:10527000463346384656467A468D467E464445E392
:10528000456744E54472442043F843F744104430F2
:105290004441443343FD43A0432942AB423A41E8F1
:1052A00041BC41B641CA41E641F641E841B5415DE4
:1052B00040EB407140023FAF3F803F753F853F9DCF
:1052C0003FAB3F9F3F6E3F1B3EAD3E363DC93D75F8
:1052D0003D443D353D403D553D613D553D273CD824
:1052E0003C6E3BFB3B8F3B3A3B073AF43AFB3B0DB2
:1052F0003B183B0C3AE13A953A2F39BF3955390002
:1053000038CA38B438B738C638CF38C4389B385262
:1053100037F03783371A36C4368C36733673367F98
:105320003687367C3655360F35B1354634DE34890E
:10533000344F3433342F3438343F3434340F33CC97
:105340003371330932A3324D321131F231EC31F283
:1053500031F731ED31C93189313130CB306730101F
:105360002FD32FB22FA82FAD2FB02FA62F842F46CB
:105370002EF12E8E2E2A2DD42D952D712D652D6773
:105380002D6A2D5F2D3F2D032CB12C502BED2B972B
:105390002B572B312B222B222B232B192AF92AC0F6
:1053A0002A702A1129B0295A291928F128DF28DD65
:1053B00028DD28D228B4287D282F27D32773271D3E
:1053C00026DB26B0269D26982697268C266F263A21
:1053D00025EF2594253624E0249C2470245A245358
:1053E00024512446242A23F723AE235522F822A24F
:1053F000225E22302218220F220B220021E521B446
:10540000216D211620BA2065201F1FF01FD51FCB4C
:105410001FC61FBB1FA01F701F2B1ED71E7C1E2761
:105420001DE11DB01D931D871D801D751D5B1D2D6C
:105430001CEA1C971C3E1BE91BA21B6F1B511B4344
:105440001B3B1B301B171AEA1AA91A581A0019AB72
:105450001964192F190F18FF18F618EA18D218A78F
:105460001867181817C1176D172516EF16CD16BB3C
:1054700016B216A5168D1663162615D81582152F89
:1054800014E614AF148C1478146D146014491420AD
:1054900013E41398134412F012A7126F124A123534
:1054A0001228121B120411DD11A21158110510B29D
:1054B0001068102F10080FF20FE40FD60FC00F99CD
:1054C0000F600F180EC50E730E290DEF0DC70DAF2F
:1054D0000DA00D920D7B0D560D1E0CD70C860C34B5
:1054E0000BEA0BAF0B850B6C0B5C0B4D0B370B12E8
:1054F0000ADC0A970A4709F609AB096F094409292A
:105500000918090808F208CF089A0856080707B7CB
:10551000076C072F070306E606D406C406AE068B03
:105520000658061505C80578052D04EF04C204A425
:1055300004900480046A0448041603D403880339E1
:1055400002EE02AF02810261024C023B022602041B
:1055500001D40193014800FA00AF0070003F001F22
:105560000009FFF8FFE2FFC2FF92FF53FF0AFEBBF4
:10557000FE71FE31FDFFFDDDFDC6FDB4FD9EFD7E2D
:10558000FD50FD12FCCAFC7CFC31FBF1FBBFFB9B18
:10559000FB83FB70FB5AFB3BFB0DFAD1FA89FA3D0A
:1055A000F9F2F9B1F97EF959F940F92CF916F8F741
:1055B000F8CBF890F849F7FDF7B3F771F73DF71717
:1055C000F6FDF6E8F6D2F6B4F688F64EF609F5BE24
:1055D000F573F531F4FCF4D5F4BAF4A4F48EF47058
:1055E000F445F40DF3C8F37EF334F2F2F2BBF29318
:1055F000F277F260F24AF22CF203F1CBF188F13E3D
:10560000F0F4F0B2F07BF051F034F01DF006EFE969
:10561000EFC0EF8AEF47EEFEEEB5EE72EE3AEE1017
:10562000EDF1EDD9EDC2EDA5ED7DED48ED07ECBE58
:10563000EC75EC32EBFAEBCEEBAEEB96EB7FEB627C
:10564000EB3AEB06EAC6EA7FEA36E9F2E9B9E98D18
:10565000E96CE952E93BE91EE8F7E8C4E885E83E71
:10566000E7F6E7B2E779E74BE729E70FE6F7E6DB8E
:10567000E6B4E682E644E5FEE5B6E573E538E50A1C
:10568000E4E7E4CCE4B3E497E471E440E403E3BE8C
:10569000E377E333E2F8E2C8E2A5E289E270E2539D
:1056A000E22EE1FEE1C2E17EE137E0F3E0B7E08720
:1056B000E062E046E02CE010DFEBDFBCDF81DF3DA5
:1056C000DEF7DEB3DE77DE46DE20DE03DDE9DDCCAD
:1056D000DDA8DD79DD3FDCFDDCB7DC73DC37DC0524
:1056E000DBDEDBC0DBA5DB89DB65DB37DAFEDABCC2
:1056F000DA77DA33D9F7D9C4D99CD97DD962D945BB
:10570000D922D8F4D8BCD87CD837D7F3D7B6D7832A
:10571000D75BD73AD71FD702D6DFD6B2D67BD63BD8
:10572000D5F7D5B4D576D542D519D4F8D4DCD4BEC6
:10573000D49BD46FD439D3FAD3B6D374D336D3022F
:10574000D2D7D2B5D298D27BD258D22DD1F7D1B9F7
:10575000D176D133D0F6D0C1D096D073D055D037D2
:10576000D015CFEACFB5CF78CF36CEF3CEB6CE8038
:10577000CE54CE31CE12CDF4CDD2CDA7CD73CD3710
:10578000CCF5CCB3CC76CC40CC13CBEFCBCFCBB1DC
:10579000CB8ECB64CB31CAF5CAB5CA73CA36C9FF42
:1057A000C9D2C9ADC98DC96EC94BC921C8EEC8B42B
:1057B000C874C833C7F6C7BFC791C76BC74AC72AE3
:1057C000C708C6DEC6ACC672C633C5F3C5B6C57F4C
:1057D000C550C529C508C4E7C4C4C49BC469C43046
:1057E000C3F2C3B2C376C33EC30FC2E8C2C5C2A4EC
:1057F000C281C258C227C1EEC1B1C172C135C0FE5B
:10580000C0CFC0A6C083C061C03EC014BFE4BFAC5F
:10581000BF70BF32BEF5BEBEBE8EBE65BE41BE1EEF
:10582000BDFABDD1BDA1BD6ABD2EBCF1BCB5BC7E6B
:10583000BC4EBC24BBFFBBDCBBB7BB8DBB5DBB2779
:10584000BAEDBAB0BA75BA3FBA0EB9E3B9BEB999F2
:10585000B974B94AB91AB8E5B8ABB86FB835B7FF7B
:10586000B7CEB7A3B77CB757B730B706B6D6B6A290
:10587000B669B62EB5F5B5BFB58EB563B53BB515F2
:10588000B4EDB4C2B493B45EB426B3EDB3B5B38093
:10589000B34FB323B2FAB2D3B2AAB27EB24EB21AA7
:1058A000B1E3B1ABB174B140B110B0E4B0BAB091F2
:1058B000B067B03AB00AAFD6AFA0AF69AF34AF01AE
:1058C000AED1AEA5AE7AAE50AE24ADF6ADC5AD91BB
:1058D000AD5CAD27ACF3ACC2AC93AC67AC3BAC0FEA
:1058E000ABE1ABB2AB7FAB4CAB17AAE4AAB2AA83D5
:1058F000AA55AA29A9FDA9CFA99FA96DA93AA905C9
:10590000A8D2A8A0A871A844A818A7EDA7BFA790DF
:10591000A75DA728A6F3A6BEA68BA65BA630A60504
:10592000A5DCA5B2A583A552A51BA4E4A4ABA475D0
:10593000A443A415A3EDA3C7A3A1A378A34AA315C9
:10594000A2DBA29EA262A229A1F7A1CDA1A9A18951
:10595000A168A142A113A0DCA09CA059A0179FDAC6
:105960009FA89F819F649F4A9F319F109EE29EA89F
:105970009E609E149DC89D869D529D2E9D1A9D0CD5
:105980009CFE9CE59CBA9C7B9C2B9BD09B769B2889
:105990009AEE9AD09AC69ACB9AD09AC89AA69A6347
:1059A0009A049990991B98B5986E9851985B988233
:1059B00098B098CD98C298819807976396AC960551
:1059C000959195699596960F96B2974E97AC979547
:1059D00096EB95A393E691F590428F5C8FC5922F3D
:1059E00096E89E79A8D9B615C5DFD7B1EB10FF169A
:1059F000000025B247A762DA755D7EB47FFF7B5A4F
:105A000073756B2564A36149616A645A68D36D57E5
:105A1000709271BA70AA6DDD6A3B66D2648663D3F8
:105A200064BD66D0694F6B6D6C886C516AE368AA7F
:105A300066486462636A638E64A5664067D568DF02
:105A40006909684666C964FA6354624161FC62820E
:105A5000639264CB65C0661E65C264BE635461E434
:105A600060C9604460696116620762E3635D634612
:105A70006299617E603E5F265E7A5E595EB95F6DB7
:105A8000602E60B460CC60615F885E745D695CA507
:105A90005C515C745CF15D945E1C5E525E1B5D7BD0
:105AA0005C915B985AC85A4E5A3F5A8C5B0F5B9078
:105AB0005BDA5BCC5B5A5A9A59B758E4585158187C
:105AC000583A589B590F59645974592B589257C7D3
:105AD00056F9565555FC55F65636569956F1571601
:105AE00056EF567A55CB5508545B53E753C053E0F5
:105AF000542D548154B554AA545653C3530E525F77
:105B000051D95195519651CB52175252525D52264E
:105B100051AF510D50614FCF4F724F574F744FB22D
:105B20004FEF500A4FEC4F904F034E5F4DC74D570C
:105B30004D224D274D544D8E4DB34DAA4D674CF01F
:105B40004C584BBF4B424AF64AE34AFE4B304B5A45
:105B50004B614B354AD44A4C49B6493048D248A8E3
:105B600048AF48D54900491348FB48B0483947ABCE
:105B7000472046B446764668468046A746C246BA9F
:105B80004683461F459B4511449A444B4429443162
:105B90004451446F4474444F43FD4387430142845E
:105BA000422641F241E941FE421B4229421441D5BD
:105BB000416E40EF407040063FC13FA73FAF3FC836
:105BC0003FDB3FD43FA53F4E3EDA3E5C3DEA3D978A
:105BD0003D6C3D663D783D8C3D8F3D6F3D283CC022
:105BE0003C473BD13B723B373B223B2A3B3D3B464C
:105BF0003B343AFD3AA23A3039B93951390838E4E0
:105C000038E038EE38FB38F338CB387E381637A119
:105C1000373436DF36AC369B36A236AF36AF3693E6
:105C2000365535F83588351834BA347A345B3458FB
:105C3000346234673457342633D5336D32FE3298AC
:105C4000324C322032133217321E321631F231AE5C
:105C5000315030E3307A30242FEB2FD12FCE2FD498
:105C60002FD22FB92F822F2E2EC72E5C2DFF2DBAAB
:105C70002D942D882D8B2D8C2D7C2D512D092CA90B
:105C80002C402BDD2B8E2B5C2B462B432B452B3CAA
:105C90002B1C2ADF2A882A2229BD296629292907BF
:105CA00028FD28FD28F928E228B028642804279E2A
:105CB000274126F926CD26BA26B626B326A4267D68
:105CC000263B25E3257F251E24CE2497247A2470A5
:105CD000246D24632446240F23BF236022FE22A7C1
:105CE0002266223E222D22282221220B21DE21980B
:105CF000213F20DD2082203820061FEC1FE31FDD1E
:105D00001FCD1FAA1F6E1F1C1EBD1E5F1E0D1DD2A4
:105D10001DAF1D9F1D981D8D1D711D3F1CF61C9CE8
:105D20001C3D1BE61BA21B751B5E1B541B4A1B362E
:105D30001B0D1ACC1A791A1B19C11975193F191F95
:105D40001910190718F718D7189F185317F9179D26
:105D5000174C170D16E416CF16C416B7169D166FFE
:105D6000162B15D6157B152414DE14AC1490148153
:105D700014751461143B140013B1135812FF12B2BE
:105D800012781253124012331223120411D1118AC5
:105D9000113410DB10891047101A10000FF10FE3B7
:105DA0000FCA0F9F0F600F100EB70E620E190DE491
:105DB0000DC30DB00DA10D8D0D6A0D330CE90C93C3
:105DC0000C3C0BEE0BB10B880B700B600B4F0B32C6
:105DD0000B020AC00A6E0A1809C609820951093263
:105DE000091F090F08F708CF0894084807F3079F11
:105DF0000755071C06F606DF06CE06BA06990665A5
:105E0000062005CE0579052A04EB04BD04A1048E05
:105E1000047B0460043303F503A80353030202BCAC
:105E200002880265024E023C022401FF01C7018084
:105E3000012E00DB00900054002B0010FFFDFFE856
:105E4000FFC8FF98FF57FF08FEB5FE67FE25FDF46B
:105E5000FDD4FDBEFDAAFD8FFD65FD2AFCE1FC8F92
:105E6000FC3EFBF7FBC0FB99FB7FFB6BFB53FB2F5F
:105E7000FAFBFAB8FA69FA17F9CCF98EF961F94226
:105E8000F92CF916F8F7F8CAF88CF841F7F0F7A2F0
:105E9000F75FF72BF706F6EDF6D8F6BDF696F65E49
:105EA000F618F5C9F57AF532F4F7F4CDF4B0F499B3
:105EB000F481F45FF42EF3EEF3A2F352F307F2C78A
:105EC000F296F274F25BF244F226F1FBF1C1F17941
:105ED000F12BF0DDF098F061F03AF01EF006EFECF7
:105EE000EFC6EF92EF4FEF03EEB4EE6CEE2FEE0243
:105EF000EDE1EDC9EDB0ED8FED60ED23ECDAEC8C6A
:105F0000EC41EC00EBCCEBA7EB8BEB73EB55EB2C04
:105F1000EAF5EAB1EA64EA17E9D2E999E96EE94FEC
:105F2000E935E91AE8F6E8C5E885E83CE7EFE7A6D1
:105F3000E768E737E714E6F8E6DEE6BEE692E658FD
:105F4000E612E5C6E57BE539E503E4DAE4BCE4A264
:105F5000E484E45DE428E3E7E39DE352E30BE2D06D
:105F6000E2A2E281E265E249E226E1F7E1BBE17407
:105F7000E128E0E0E0A0E06DE047E029E00DDFEEA1
:105F8000DFC3DF8CDF49DEFFDEB5DE72DE3ADE0E18
:105F9000DDEDDDD1DDB4DD8EDD5BDD1DDCD5DC8B43
:105FA000DC45DC08DBD8DBB3DB95DB79DB56DB29B2
:105FB000DAEFDAABDA62DA19D9D9D9A3D97AD95AB0
:105FC000D93DD91DD8F4D8BFD87FD838D7EFD7ABB3
:105FD000D771D743D720D702D6E3D6BED68ED652B6
:105FE000D60DD5C4D57ED540D50ED4E6D4C6D4A81A
:105FF000D486D45AD423D3E2D39AD353D312D2DB48
:10600000D2AFD28CD26DD24DD225D1F2D1B5D16FD3
:10601000D128D0E4D0A9D079D053D033D013CFEE4B
:10602000CFC0CF86CF44CEFDCEB8CE79CE45CE1BE5
:10603000CDF8CDD9CDB6CD8BCD56CD17CCD2CC8C1D
:10604000CC4BCC12CBE4CBBFCB9ECB7DCB55CB2462
:10605000CAE9CAA6CA61CA1EC9E1C9AFC986C9646C
:10606000C943C91EC8F1C8B9C87AC835C7F1C7B293
:10607000C77CC750C72BC709C6E6C6BCC688C64C76
:10608000C609C5C5C584C54BC51BC4F3C4D0C4ADC2
:10609000C485C455C41DC3DCC399C357C31AC2E722
:1060A000C2BCC297C274C24EC221C1ECC1AEC16CA7
:1060B000C12AC0EBC0B5C086C05FC03BC016BFEBF5
:1060C000BFB9BF7FBF3FBEFDBEBDBE84BE52BE28AE
:1060D000BE02BDDDBDB5BD86BD4FBD11BCD0BC90FF
:1060E000BC54BC1FBBF2BBCBBBA5BB7EBB51BB1C16
:1060F000BAE1BAA2BA62BA25B9EEB9BEB994B96D1D
:10610000B946B91BB8E9B8B1B873B834B7F7B7BE78
:10611000B78BB75FB736B70FB6E4B6B5B67FB64341
:10612000B606B5C8B58EB55AB52BB501B4D8B4AD61
:10613000B47FB44BB412B3D6B399B35FB329B2F8FA
:10614000B2CCB2A2B277B249B217B1E0B1A5B16A8E
:10615000B130B0F9B0C7B099B06DB041B013AFE293
:10616000AFACAF73AF39AF00AEC9AE96AE67AE3964
:10617000AE0DADDEADACAD77AD40AD07ACCFAC99FB
:10618000AC66AC36AC07ABD9ABA9AB77AB42AB0BCB
:10619000AAD3AA9DAA68AA36AA06A9D7A9A8A976A9
:1061A000A942A90CA8D5A89EA868A836A806A7D772
:1061B000A7A8A778A745A70FA6D7A69EA666A6312B
:1061C000A601A5D3A5A7A57BA54BA517A4DFA4A3CE
:1061D000A467A42DA3F8A3C9A39EA376A34DA320CF
:1061E000A2ECA2B2A272A231A1F3A1BBA18DA165C2
:1061F000A143A120A0F7A0C6A08AA0469FFE9FB8F9
:106200009F7C9F4B9F269F0B9EF09ED09EA49E69D5
:106210009E219DCF9D7E9D389D019CDE9CCA9CBB8E
:106220009CAA9C899C549C089BAB9B499AF19AAC74
:106230009A859A789A7B9A819A789A519A07999C2A
:10624000992098A69844980B9801981E984F987694
:106250009879984197CA971F965D95AC9535951793
:10626000955A95E89698972D9760970095EE943CEF
:10627000923490488F168F52919D96919EACA9FDB5
:10628000B875C9B9DD24F209000027EC4B6966F046
:1062900078827FFF7F0378656F82676E6255611C2D
:1062A000636567DE6CC3707071D970C26DBA69DCEA
:1062B0006662644B640E658367FD6A8C6C4C6CADE2
:1062C0006B97696C66E064B9639063A464C9668087
:1062D00068226917690867F66635644E62CD621BED
:1062E0006254634B649665B4663865EC64E0636041
:1062F00061DD60C3605860A7617D627F6345637F35
:10630000630D620860B95F7D5EA95E6E5EC95F85E0
:10631000605060D760DC60515F555E2C5D265C8705
:106320005C6E5CCE5D735E135E685E465DAA5CB8B3
:106330005BAF5AD65A5F5A5F5AC15B505BCC5BF970
:106340005BBA5B125A2B593E58895834584658A7A5
:106350005922597D59895932588457A956D75641DF
:1063600056065626568256EA5729571956B055FFF3
:106370005530547653FB53D653FF545654AA54D039
:1063800054A95431538052BE521B51B851A551D417
:10639000522252655273523851B6510750534FC46E
:1063A0004F774F724FA44FE9501A50144FC74F3DCB
:1063B0004E924DED4D724D374D3D4D6F4DAB4DCA2B
:1063C0004DB14D574CC84C234B8C4B224AF84B06D1
:1063D0004B384B684B774B4D4AE74A5649B7492EE5
:1063E00048D648B948CE48FC4921492048E7487872
:1063F00047E6475046D5468C467B469446BD46D731
:1064000046C64680460A457944EC447F4445443DAF
:106410004458447B4488446A4418439D430F428C4B
:10642000422D41FE41FE421942354236420B41B0F7
:10643000413140A8402F3FDC3FB93FBF3FD93FED3E
:106440003FE23FAA3F473EC73E433DD53D8F3D75A6
:106450003D7F3D963DA13D8B3D483CDF3C5F3BE1B0
:106460003B7D3B433B323B3E3B513B533B313AE56B
:106470003A7639F83982392938F838EE38FC390A51
:10648000390238D53881380F3793372536D736B0AB
:1064900036AB36B836C036AF3678361C35A835310F
:1064A00034CB3487346834673472347434593419D3
:1064B00033B8334332D03273323832213223322B65
:1064C0003225320131B9315330DF3072301E2FECBA
:1064D0002FDB2FDE2FE22FD42FA72F572EEE2E7D6E
:1064E0002E162DCA2DA12D942D982D972D812D4B33
:1064F0002CF62C8A2C1B2BBC2B792B562B4E2B507D
:106500002B4A2B2C2AEE2A932A2729BC29642929D5
:10651000290D2907290728FB28D52890283127C5C8
:10652000275F270E26DB26C426C026BD26AB267D88
:10653000263125CF2564250324BA248E247C247893
:1065400024712458242323D1236C230422A92267F5
:1065500022422234222F2224220421C72171210B1E
:1065600020A6205120161FF71FEB1FE51FD51FADDA
:106570001F6A1F101EAA1E491DFB1DC71DAD1DA3AE
:106580001D9A1D841D561D0D1CAF1C4B1BEE1BA61A
:106590001B791B631B591B4D1B311AFC1AAE1A4F7A
:1065A00019EC19941953192C1919190F18FF18DD22
:1065B00018A2184F17EF178E173C170216DF16CFC9
:1065C00016C416B01687164615F0158F153214E648
:1065D00014B1149414851478145F143013E91390D3
:1065E000133012D7129112621249123B122B120C65
:1065F00011D8118C113110D3107E103D10140FFEE4
:106600000FEF0FDC0FB80F7E0F2E0ED20E760E2678
:106610000DEB0DC70DB30DA40D8C0D630D230CD028
:106620000C730C1A0BCF0B9A0B7A0B680B570B3BA6
:106630000B0C0AC70A720A1609C0097A094A092E00
:10664000091C090908E908B4086B081307B80766AC
:10665000072606FC06E206D006BA0695065B060E7D
:1066600005B5055C050F04D404AD04960484046AE2
:106670000440040103B10357030102B8028202601F
:10668000024A0236021801E901A6015300FA00A7E6
:10669000006300320013FFFFFFE9FFC7FF93FF4BCA
:1066A000FEF7FE9FFE4FFE0FFDE3FDC7FDB2FD9915
:1066B000FD73FD3AFCEFFC99FC43FBF7FBBDFB943B
:1066C000FB7AFB65FB49FB1EFAE0FA93FA3CF9E81A
:1066D000F9A1F96BF946F92EF917F8F8F8C8F88618
:1066E000F836F7E0F78FF74BF71AF6F9F6E1F6C848
:1066F000F6A5F671F62BF5D9F584F536F4F7F4CA5C
:10670000F4ABF493F479F451F419F3D0F37CF32956
:10671000F2DEF2A4F27AF25EF246F228F1FCF1BF68
:10672000F174F120F0CEF088F051F02CF010EFF77A
:10673000EFD6EFA6EF66EF18EEC4EE75EE32EE0080
:10674000EDDDEDC3EDA8ED83ED4FED0BECBBEC699A
:10675000EC1CEBDEEBB0EB8FEB75EB58EB30EAF7B4
:10676000EAB0EA5FEA0EE9C5E98AE960E941E927AA
:10677000E907E8DBE89FE855E804E7B4E76FE738A6
:10678000E710E6F3E6D8E6B5E685E645E5F9E5A8DF
:10679000E55BE519E4E6E4C2E4A5E488E462E42EFE
:1067A000E3EBE39EE34DE303E2C5E296E273E257D7
:1067B000E237E20EE1D6E191E142E0F3E0ABE071D5
:1067C000E045E025E008DFE6DFB9DF7EDF36DEE723
:1067D000DE99DE55DE1EDDF5DDD6DDB8DD94DD6447
:1067E000DD25DCDBDC8CDC41DC00DBCDDBA6DB8704
:1067F000DB68DB41DB0DDACBDA80DA32D9E9D9AB01
:10680000D97BD957D938D917D8EDD8B5D871D8256B
:10681000D7D8D792D758D72BD708D6E9D6C6D69887
:10682000D65DD617D5CAD57FD53CD505D4DBD4B92E
:10683000D499D473D442D404D3BCD370D326D2E633
:10684000D2B3D28BD26AD248D220D1ECD1ABD162B2
:10685000D116D0CFD092D061D03BD01ACFF7CFCCC9
:10686000CF94CF51CF07CEBDCE78CE3FCE11CDEC59
:10687000CDCACDA5CD76CD3CCCF7CCADCC64CC2269
:10688000CBECCBC0CB9CCB7ACB52CB20CAE4CA9EFC
:10689000CA54CA0CC9CDC99AC970C94CC929C8FE05
:1068A000C8CAC88AC843C7FAC7B5C779C748C72086
:1068B000C6FCC6D7C6AAC672C631C5EAC5A2C55FA0
:1068C000C526C4F7C4D0C4ACC484C454C41AC3D845
:1068D000C390C34AC30AC2D3C2A6C280C25BC2313C
:1068E000C1FEC1C2C17EC137C0F3C0B5C081C056B0
:1068F000C02FC008BFDCBFA7BF69BF25BEDFBE9CDD
:10690000BE62BE30BE06BDDFBDB6BD87BD4FBD1089
:10691000BCCBBC87BC47BC0FBBDFBBB5BB8DBB6270
:10692000BB31BAF7BAB7BA73BA30B9F2B9BCB98EDB
:10693000B964B93BB90EB8DAB89EB85DB81AB7D920
:10694000B79FB76BB73DB713B6E8B6B8B682B646D1
:10695000B605B5C3B584B54CB51AB4EDB4C1B4949D
:10696000B462B42AB3EDB3ACB36CB330B2FAB2C90B
:10697000B29CB26FB23FB20BB1D1B193B154B11767
:10698000B0DDB0A9B078B04AB01BAFE9AFB3AF7813
:10699000AF3BAEFDAEC2AE8BAE58AE28ADF8ADC7C4
:1069A000AD92AD59AD1EACE2ACA7AC6FAC3AAC0841
:1069B000ABD7ABA5AB71AB39AAFFAAC4AA8AAA53BD
:1069C000AA1EA9EBA9B9A986A951A919A8DFA8A44B
:1069D000A86AA833A7FFA7CEA79CA76AA734A6FBDF
:1069E000A6C0A683A649A612A5DEA5AFA580A55080
:1069F000A51BA4E2A4A4A464A425A3EBA3B8A38A22
:106A0000A360A335A304A2CDA28DA249A205A1C56E
:106A1000A18EA160A139A115A0EDA0BBA07EA037D9
:106A20009FEB9FA19F619F2E9F089EEB9ECF9EAAEA
:106A30009E779E319DDF9D889D379CF79CCC9CB3B3
:106A40009CA49C929C709C379BE59B829B1B9AC14B
:106A50009A829A629A5D9A649A649A499A08999F6E
:106A6000991D989A982F97F097E69807983B985F0A
:106A700098549804976E96AA95E0954394FC9520B7
:106A800095A5965D9703974796E695C093EA91BDC5
:106A90008FCC8ED98FB8933299E5A42DB213C34D04
:106AA000D742ED1700002A034ECE6A5E7AAC7FFF14
:106AB0007CA674526AFA63D860BD61E0660E6B46CC
:106AC0006F83715D70696D41692B659D63B463E18E
:106AD00065CD688E6B036C3D6BD169F1674F64D6F1
:106AE00063506326643D660667BF68B66887673D86
:106AF000654D635C620A61B36258639C64EC65BA7D
:106B000065AD64BD6336619860665FF66053614051
:106B1000624D63006307625261125FAE5E935E1165
:106B20005E3E5EEF5FCA6069607F5FF25EE75DAE0A
:106B30005CA55C175C205CA35D585DE75E075D9A11
:106B40005CB75BA05AA65A1059FD5A5C5AF35B73A6
:106B50005B9A5B465A845988589B580057D75818F7
:106B600058955909593458F4584D5769568855E97C
:106B700055AE55D7563E56A656D556A4561455452D
:106B8000546F53CD5384539853EB5449547954560E
:106B900053D9531C525151AE5159515A519C51EF36
:106BA00052205208519C50F0502F4F8C4F2D4F1FA8
:106BB0004F504F9A4FCA4FBB4F5E4EC14E0A4D6861
:106BC0004D004CE44D074D474D764D6F4D1F4C9099
:106BD0004BE24B414AD34AAA4AC04AF74B244B23C3
:106BE0004ADF4A5D49B8491948A64872487B48A916
:106BF00048D448D7489E4828478C46F04678463ABD
:106C00004638465D4685468C465C45F1455E44C542
:106C1000444A440343F6441244374441441943B9B7
:106C2000432F4299421B41CD41B641C941EA41F748
:106C300041D6417F40FD406C3FEC3F973F773F821C
:106C40003F9F3FAD3F923F443ECB3E3E3DBD3D6208
:106C50003D393D3C3D543D633D4E3D083C973C0F26
:106C60003B8D3B2D3AFD3AF83B0B3B193B093ACBA8
:106C70003A6139DF395E38F938C138B438C238D0B2
:106C800038C4388D382B37AD372D36C53686367239
:106C9000367B3687367F364E35F3357B34FC349180
:106CA000344C34313434343F3439340F33BB33480B
:106CB00032CB325E321331F131EE31F731F331CE76
:106CC00031813114309A302A2FDA2FB22FAA2FB007
:106CD0002FAD2F8D2F472EDF2E672DF72DA22D7371
:106CE0002D662D6A2D682D4C2D0B2CA92C342BC410
:106CF0002B6B2B362B232B232B222B0A2ACF2A72EA
:106D00002A012990293428FA28E128DE28DC28C71E
:106D10002892283B27CD275D26FE26BE26A0269951
:106D200026962684265426022599252924C72483BD
:106D3000245F245424512441241523C9236322F5BC
:106D40002291224822202211220C21FE21D6218FBD
:106D5000212E20C1205C200F1FE11FCE1FC71FBAAC
:106D60001F971F541EF71E8C1E261DD51DA31D8B9D
:106D70001D831D761D561D191CC01C571BF11B9D24
:106D80001B651B491B3E1B331B151ADD1A881A2273
:106D900019BB19651929190818FA18EF18D418A081
:106DA000185017ED1786172D16EC16C816B716AB28
:106DB00016931662161715B6155014F514B11488EB
:106DC000147414671451142413DD1380131B12BEA2
:106DD0001276124912321224120F11E611A3114930
:106DE00010E51087103C100A0FF00FE00FCD0FA731
:106DF0000F680F110EAF0E500E020DCC0DAE0D9D93
:106E00000D8A0D670D2C0CD90C790C190BC80B8F42
:106E10000B6D0B5A0B480B270AF00AA10A4209E234
:106E2000098F0952092D0918090508E708B30868F0
:106E3000080C07AC0757071606ED06D606C306A6CC
:106E40000676062E05D40575051E04DB04AE0494F3
:106E500004800465043803F4039D033E02E6029FA8
:106E6000026F0252023E022401FA01B901650108D3
:106E700000AE006500310011FFFCFFE4FFBCFF7FA6
:106E8000FF2EFED2FE77FE2BFDF4FDD1FDBAFDA252
:106E9000FD7DFD43FCF5FC9AFC40FBF2FBB7FB914A
:106EA000FB78FB60FB3DFB07FABCFA63FA08F9B814
:106EB000F97BF951F936F91FF8FDF8CAF882F82B79
:106EC000F7D1F77FF73EF712F6F5F6DDF6BDF68C53
:106ED000F648F5F3F599F546F503F4D3F4B4F49BCD
:106EE000F47DF44FF40DF3BBF362F30DF2C7F295AA
:106EF000F273F259F23CF211F1D2F183F12AF0D59A
:106F0000F08DF057F033F018EFFBEFD2EF96EF492A
:106F1000EEF2EE9CEE52EE1AEDF3EDD7EDBAED93F4
:106F2000ED5AED10ECBAEC64EC18EBDDEBB3EB953D
:106F3000EB79EB54EB1EEAD6EA82EA2CE9DEE9A013
:106F4000E974E954E938E914E8E1E89CE84AE7F42F
:106F5000E7A5E764E735E714E6F7E6D4E6A4E661DB
:106F6000E611E5BCE56BE528E4F7E4D4E4B6E49487
:106F7000E466E426E3D8E383E332E2EDE2B9E293A8
:106F8000E275E254E228E1EBE19FE14BE0F9E0B287
:106F9000E07BE054E034E014DFE9DFAFDF65DF13CE
:106FA000DEC0DE78DE3EDE14DDF4DDD4DDAADD7287
:106FB000DD2BDCDADC88DC3DDC02DBD5DBB3DB930C
:106FC000DB6BDB36DAF1DAA1DA4FDA03D9C5D99710
:106FD000D973D953D92CD8F9D8B6D868D816D7CA06
:106FE000D78AD758D733D712D6EDD6BBD67BD62E75
:106FF000D5DDD590D54ED51BD4F4D4D2D4ADD47D27
:10700000D43FD3F5D3A4D356D313D2DDD2B4D29286
:10701000D26DD23FD203D1BBD16BD11DD0D8D0A07D
:10702000D075D052D02DD001CFC7CF80CF32CEE493
:10703000CE9DCE63CE37CE12CDEDCDC2CD8ACD461C
:10704000CCF8CCAACC63CC27CBF8CBD2CBAECB83BD
:10705000CB4DCB0BCABFCA71CA29C9EBC9BAC993F8
:10706000C96EC944C90FC8CFC885C838C7EFC7B0F3
:10707000C77DC753C72EC705C6D2C693C64BC5FE2C
:10708000C5B5C574C540C515C4EEC4C5C494C457C0
:10709000C410C3C4C37BC339C303C2D6C2AFC28644
:1070A000C255C21AC1D5C18BC141C0FFC0C7C0986B
:1070B000C06FC046C017BFDDBF9ABF50BF07BEC478
:1070C000BE8BBE5BBE31BE07BDD8BD9FBD5EBD16CB
:1070D000BCCDBC8ABC4FBC1EBBF2BBC8BB99BB625B
:1070E000BB21BADBBA93BA50BA14B9E1B9B4B989C1
:1070F000B95AB923B8E5B8A0B859B815B7D9B7A5E2
:10710000B776B74AB71BB6E5B6A7B664B61EB5DB09
:10711000B59EB569B539B50CB4DCB4A6B469B4276D
:10712000B3E3B3A1B364B32EB2FDB2CEB29DB267E6
:10713000B22BB1EBB1A8B167B12AB0F3B0C1B09036
:10714000B05EB028AFECAFADAF6CAF2CAEF0AEB967
:10715000AE86AE53AE1FADE8ADADAD6EAD2FACF1AA
:10716000ACB7AC80AC4CAC18ABE2ABA9AB6DAB2F01
:10717000AAF1AAB5AA7DAA47AA12A9DDA9A5A9695B
:10718000A92CA8EEA8B2A879A843A80FA7DBA7A3AB
:10719000A768A72AA6EAA6ACA671A63BA609A5D809
:1071A000A5A4A56CA52EA4EBA4A8A468A42EA3FB5B
:1071B000A3CEA3A1A370A337A2F5A2AEA265A2227B
:1071C000A1E8A1B9A192A16BA13EA106A0C0A071A6
:1071D000A0229FD99F9E9F739F549F369F109EDA37
:1071E0009E909E389DDD9D8B9D4C9D259D119D0201
:1071F0009CE89CB79C6B9C069B989B369AEE9ACA1F
:107200009AC49ACD9ACA9AA79A5999E2995598D14F
:107210009874984E9860989398C298C6988097EA08
:10722000971D964895A69565959F963E97039797C7
:10723000979F96D89536930190CE8F688FC892EF1E
:107240009998A438B2E5C54BDAA7F1E900002C778C
:1072500052D16E597D1C7FFF7A447091675D61D079
:10726000612664946A006EEF717970DB6DA86955D0
:10727000659D63CE645366A669986BD86C7A6B443F
:1072800068C065F063E26340641D65EC67CE68E545
:1072900068B7674E6537633B620B620162F86468EA
:1072A000659C6604656363F1623360C8602860743E
:1072B00061696285633A6329624960E35F755E7C58
:1072C0005E405EBB5F9B606A60B960555F535E085D
:1072D0005CE55C475C515CE35DA25E285E265D87F1
:1072E0005C795B535A775A225A5C5AF05B875BC9C8
:1072F0005B855AC159B858BE58215807585E58E79F
:10730000594F595558DE5805570D564255DF55F11E
:10731000565456C7570056D056345555547753DDFA
:1073200053AB53DB543E5492549C5440538C52B351
:1073300051F75189517F51C15219524A522851A9CE
:1073400050E950204F884F454F584FA04FE54FF11F
:107350004FA84F0F4E4F4D9D4D294D0A4D324D7642
:107360004DA14D884D1E4C774BBE4B294AD94AD76B
:107370004B094B414B4E4B134A9049E3493A48C3A2
:10738000489448A748DA48FF48EE489448004756D2
:1073900046C3466A4657467746A346B14681460FDE
:1073A000457244D24458441C441E444344634456EA
:1073B000440A438642E8425841F841D741E8420B2B
:1073C000421741F0418D40FD40653FE93FA43F98A1
:1073D0003FB13FCA3FC13F813F0A3E773DEA3D850D
:1073E0003D583D5C3D753D813D613D093C863BF529
:1073F0003B793B2B3B133B203B353B2E3AF73A8CFA
:107400003A03397A391138DA38D238E338ED38D2DC
:107410003885380C3782370636B2368F369336A227
:10742000369C366D360D358C3507349B345C344ACA
:107430003453345A344333FF3391330E329232395A
:10744000320D32073210320C31E2318C311430936C
:1074500030252FDE2FC32FC42FC92FB62F792F141D
:107460002E972E1D2DBF2D8B2D7D2D812D7C2D58E2
:107470002D0A2C9A2C1D2BAE2B612B3D2B382B3932
:107480002B282AF32A952A1F29A72945290A28F4F7
:1074900028F228ED28CD2887281E27A6273626E49F
:1074A00026B926AD26AB269B266B261625A5252FAD
:1074B00024CC248A246C2466245F2443240323A13F
:1074C000232D22BE226822362223221D220F21E4F0
:1074D0002195212B20B72052200A1FE61FDA1FD248
:1074E0001FB81F7E1F231EB41E451DEC1DB31D9A21
:1074F0001D911D821D5C1D131CAF1C3E1BD71B8CD8
:107500001B611B4F1B451B2E1AF91AA41A3919CCE3
:10751000196F19311912190518F618D31891183264
:1075200017C5175D170D16DC16C616B916A3167308
:10753000162415BE155214F314B0148B147A146B60
:10754000144A140D13B4134A12E2128F1259123D49
:10755000122E121911EC11A3114210D8107810300C
:1075600010060FF00FE00FC20F890F350ECF0E6817
:107570000E110DD60DB50DA30D8E0D660D210CC58A
:107580000C5D0BFC0BB00B810B670B550B390B051E
:107590000AB50A5309ED09940954092E0919090479
:1075A00008DE089F084707E10780073106FC06DF71
:1075B00006CB06AF067F063505D60571051704D341
:1075C00004A80490047A0457041C03C80365030448
:1075D00002B2027902570241022601F901B40159AF
:1075E00000F6009A005200230007FFF1FFD0FF9938
:1075F000FF49FEEAFE89FE35FDF7FDD1FDB8FD9E8F
:10760000FD74FD33FCDCFC7AFC1EFBD3FB9FFB808E
:10761000FB68FB48FB14FAC9FA6DFA0CF9B6F97568
:10762000F94BF92FF915F8EDF8B0F85DF7FEF7A171
:10763000F753F71CF6F8F6DEF6BFF68FF648F5EFCF
:10764000F590F538F4F4F4C5F4A7F48CF466F42D51
:10765000F3DEF381F324F2D4F298F272F256F237A9
:10766000F20AF1C7F171F113F0BAF073F041F01FB3
:10767000F003EFDFEFA9EF5DEF03EEA7EE55EE1697
:10768000EDEBEDCDEDAFED84ED44ECF2EC96EC3DA1
:10769000EBF2EBBCEB98EB7BEB58EB24EADDEA85F5
:1076A000EA29E9D6E994E966E945E927E8FDE8C170
:1076B000E872E818E7BFE772E739E711E6F2E6D0CB
:1076C000E69FE65BE607E5ACE557E513E4E1E4BEDB
:1076D000E49EE477E43EE3F2E39AE341E2F3E2B6C8
:1076E000E28BE26BE248E21AE1D9E188E12EE0D9CF
:1076F000E092E05DE037E017DFF0DFBADF71DF1C1A
:10770000DEC4DE74DE34DE06DDE3DDC1DD94DD568D
:10771000DD08DCB0DC5BDC11DBD9DBB1DB8FDB69E6
:10772000DB35DAF0DA9DDA46D9F5D9B2D981D95C00
:10773000D939D90ED8D3D888D832D7DDD791D756F2
:10774000D72BD707D6E2D6B0D66ED61ED5C7D576FC
:10775000D531D4FDD4D6D4B2D487D44FD407D3B343
:10776000D35ED312D2D4D2A6D280D25AD22AD1EBAF
:10777000D19DD149D0F7D0B1D07AD050D02BD00103
:10778000CFCACF85CF34CEE0CE92CE52CE21CDFA25
:10779000CDD3CDA4CD68CD1DCCCACC78CC30CBF721
:1077A000CBCACBA4CB7ACB45CB02CAB4CA61CA132D
:1077B000C9D1C99DC974C94CC91EC8E3C89BC84B6F
:1077C000C7FAC7B1C775C746C71DC6F3C6C0C67FCF
:1077D000C633C5E2C594C551C51AC4EEC4C6C49823
:1077E000C45FC419C3CBC37BC331C2F4C2C2C29746
:1077F000C26CC23AC1FBC1B2C163C115C0D1C0984D
:10780000C06AC03FC011BFD9BF96BF4ABEFCBEB25E
:10781000BE73BE3FBE12BDE6BDB3BD76BD2FBCE29A
:10782000BC96BC52BC17BBE6BBBABB8ABB53BB12EF
:10783000BAC8BA7CBA33B9F3B9BDB98EB95FB92C3D
:10784000B8F1B8ACB861B817B7D3B797B764B73465
:10785000B703B6CCB68CB645B5FCB5B5B575B53C79
:10786000B50BB4DAB4A5B46AB427B3DFB398B35494
:10787000B318B2E3B2B1B27DB245B206B1C1B17ACA
:10788000B136B0F7B0BEB089B055B01EAFE2AFA010
:10789000AF5BAF17AED7AE9BAE64AE2FADF7ADBD4D
:1078A000AD7DAD3AACF7ACB7AC7AAC41AC0AABD27B
:1078B000AB97AB58AB17AAD5AA95AA59AA20A9E8A5
:1078C000A9AFA973A933A8F2A8B1A872A836A7FED8
:1078D000A7C7A78EA752A710A6CDA68AA64BA6110A
:1078E000A5DCA5A7A570A534A4F1A4A9A463A4212F
:1078F000A3E7A3B4A385A353A319A2D6A28BA23E48
:10790000A1F6A1B9A187A15DA134A102A0C1A07473
:10791000A01F9FCD9F869F529F2C9F0E9EE99EB2D7
:107920009E679E0B9DAA9D549D159CEE9CDC9CC958
:107930009CA79C679C099B969B279ACF9A9D9A919E
:107940009A999A999A769A2399A1990D988698303E
:10795000981B983E98789898987497F6972D964724
:10796000958995339561960696D6976C9757965953
:10797000946A92038FE28F1890CF961D9FABADDB78
:10798000C05CD66BEEE500002F5C576572E57FD0DA
:107990007FFF77FA6D5264F561A5639A68E76E9789
:1079A000721572156EF96A6466666492655B6809A1
:1079B0006B206D1D6D196B27682E657A641C647CC5
:1079C0006633684669A769A1683465FB63E462C2EF
:1079D00062EB642165AA66B366AF658D63C2620718
:1079E0006109611361F8632B63FE63F963096186C2
:1079F00060085F215F145FC460BC616A6165609666
:107A00005F475DF55D1E5D025D8A5E575EE95EE47F
:107A10005E2F5D055BD45B095AE25B4D5BF85C76DB
:107A20005C705BCF5AC359AB58EA58B9590D599E8F
:107A30005A0B5A055974587F577C56C3568A56CBF1
:107A4000574757A757A1571C563B5548549654576C
:107A5000548954F35548554154C753F65311526550
:107A60005221524552A152EB52E5527451B050D8B6
:107A700050304FE8500150505092508B50224F6A76
:107A80004E9C4DF94DAD4DBC4E004E3B4E344DD14C
:107A90004D244C5F4BC04B704B774BB14BE64BDFEB
:107AA0004B824ADD4A21498449334932496349922C
:107AB000498A4933489747E1474846F346EC471619
:107AC0004740473746E5465045A1450A44B444A6D9
:107AD00044C944EE44E644974409435F42CB4273B1
:107AE0004260427D429D4295424A41C1411E408CC6
:107AF0004032401A4031404D40443FFD3F7A3EDB2A
:107B00003E4C3DF03DD33DE53DFE3DF53DB03D32C3
:107B10003C983C0B3BAE3B8D3B9A3BAF3BA63B645A
:107B20003AEB3A5539C9396B3947394F39613957C9
:107B3000391838A3381137873728370037043713F7
:107B4000370936CC365B35CD354534E534BA34B9F2
:107B500034C634BB348034133388330232A13273D9
:107B6000326F3279326D323531CB314430BF305DD6
:107B7000302C3025302C30202FE92F832EFF2E7C07
:107B80002E192DE62DDB2DDF2DD32D9E2D3B2CBA6E
:107B90002C382BD52B9F2B912B932B872B532AF3F0
:107BA0002A7429F42990295829472947293A29086C
:107BB00028AA282F27B0274C271126FD26FB26EEC2
:107BC00026BD266225E9256C250724CA24B424B0E5
:107BD00024A22472241A23A3232722C22284226AE5
:107BE00022642256222721D1215D20E3207D203DE1
:107BF00020212019200A1FDD1F891F171E9E1E38F5
:107C00001DF61DD81DCE1DBE1D921D401CD11C5938
:107C10001BF31BAF1B8F1B831B721B471AF81A8A9F
:107C20001A1419AD196819461938192718FD18AF13
:107C3000184417CF1768172116FD16ED16DC16B27B
:107C4000166615FD1589152314DA14B414A31491BE
:107C50001468141E13B6134412DD1294126B1258DA
:107C60001246121D11D5116F10FE1097104D1022E3
:107C7000100E0FFA0FD30F8C0F280EB80E520E06EF
:107C80000DDA0DC40DB00D890D430CE10C730C0C15
:107C90000BBF0B910B7A0B650B3E0AFA0A9A0A2D61
:107CA00009C609780949092F091A08F408B20853C6
:107CB00007E707800731070006E506CF06AA066931
:107CC000060C05A0053A04EB04B8049C0485046086
:107CD000042003C4035A02F402A402700252023ABE
:107CE000021501D7017D011400AE005D00270008D8
:107CF000FFF1FFCCFF8FFF36FECFFE69FE17FDE0E0
:107D0000FDBFFDA6FD82FD45FCEFFC88FC23FBD0FA
:107D1000FB98FB76FB5CFB38FAFCFAA7FA42F9DD2C
:107D2000F989F950F92CF912F8EEF8B3F85FF7FB7E
:107D3000F797F743F708F6E3F6C7F6A4F66AF618DE
:107D4000F5B4F550F4FCF4C0F49AF47DF45AF4213F
:107D5000F3D0F36EF30AF2B5F278F250F233F21088
:107D6000F1D8F188F127F0C4F06EF030F007EFE9B8
:107D7000EFC5EF8FEF40EEE0EE7DEE27EDE8EDBED4
:107D8000ED9FED7BED45ECF8EC99EC37EBE1EBA0EA
:107D9000EB75EB55EB31EAFCEAB0EA52E9F0E99A0F
:107DA000E958E92CE90BE8E7E8B3E868E80BE7AA4B
:107DB000E753E711E6E3E6C2E69DE669E61FE5C4A0
:107DC000E563E50CE4C9E49AE478E454E420E3D7FD
:107DD000E37DE31DE2C6E281E251E22EE20AE1D751
:107DE000E18FE136E0D6E07FE03AE009DFE5DFC091
:107DF000DF8DDF46DEEEDE90DE38DDF2DDC0DD9BBE
:107E0000DD76DD44DCFEDCA7DC49DBF1DBABDB78D7
:107E1000DB51DB2CDAFADAB5DA5FDA02D9AAD963F8
:107E2000D92FD908D8E2D8B1D86DD818D7BBD76424
:107E3000D71CD6E7D6BFD698D667D624D5D0D5746A
:107E4000D51DD4D4D49ED476D44ED41ED3DBD389BE
:107E5000D32DD2D6D28DD256D22CD205D1D4D19216
:107E6000D141D0E6D08FD046D00ECFE3CFBBCF8A62
:107E7000CF4ACEF9CE9FCE49CDFFCDC6CD9ACD719A
:107E8000CD41CD01CCB1CC58CC02CBB8CB7ECB51BF
:107E9000CB28CAF7CAB8CA69CA11C9BBC971C936E1
:107EA000C908C8DEC8ADC86EC820C7CAC774C72A0B
:107EB000C6EEC6C0C695C664C625C5D8C582C52E41
:107EC000C4E3C4A7C477C44BC41AC3DCC390C33B88
:107ED000C2E7C29CC25FC22EC202C1D0C192C147DA
:107EE000C0F3C0A0C055C018BFE6BFB8BF86BF4929
:107EF000BEFEBEACBE59BE0FBDD1BD9EBD6FBD3C6A
:107F0000BCFFBCB5BC64BC12BBC8BB8ABB56BB269D
:107F1000BAF2BAB5BA6CBA1CB9CBB982B943B90EC8
:107F2000B8DDB8A8B86BB823B7D4B784B73BB6FCF4
:107F3000B6C6B694B65EB621B5D9B58BB53EB4F526
:107F4000B4B6B47FB44BB414B3D6B38FB343B2F664
:107F5000B2AFB270B238B203B1CAB18BB145B0FAA8
:107F6000B0AFB069B02AAFF1AFBAAF80AF40AEFAF0
:107F7000AEB1AE68AE24ADE5ADABAD72AD36ACF52D
:107F8000ACAFAC67AC20ABDEABA1AB66AB2AAAEB67
:107F9000AAA9AA63AA1DA9D9A999A95DA921A8E39B
:107FA000A8A1A85CA816A7D2A791A755A71AA6DDD5
:107FB000A69DA657A60FA5C8A585A549A510A4D816
:107FC000A49BA457A40DA3C0A378A337A300A2CD5C
:107FD000A298A25BA213A1C3A170A125A0E7A0B59E
:107FE000A08AA05AA01E9FD29F799F1E9ECF9E93CB
:107FF0009E699E489E219DE69D949D309CC99C73E0
:108000009C389C199C079BED9BB89B5E9AEA9A70E2
:108010009A0B99D099BF99C899C6999D993C98ABEC
:10802000980C978A97499750978797BC97B4974C25
:108030009687959294BE94579486953A961796A1F2
:10804000965694F692AF901B8E5B8EBF92A99B378B
:10805000A8DCBB8DD27DEC61000031B15ACE756FCA
:108060007FFF7D5B7360689A61FB617065D16BFF18
:10807000709D71976EDE6A2465D663DC64C967B74C
:108080006ADF6C8C6BEB695F663263E5636864B5CD
:1080900066E268A6690567C5657D6341620E624B4D
:1080A00063A46538661665B66435624260BB603F9E
:1080B00060DE62186324635B628660FA5F655E72ED
:1080C0005E735F3C603D60CE60865F705DFD5CCA44
:1080D0005C4F5CA25D6E5E265E495DA75C775B349B
:1080E0005A615A435AC35B765BDE5BA55AC8599BFB
:1080F0005897581C584358D15958596F58EC57F253
:1081000056E0562155F1564356C7571456E3562BA1
:10811000552C544553CA53D5543A54A154B15442E2
:10812000536C527B51C9518D51C05223525F52330F
:10813000519550B44FE34F694F604FA84FF750022D
:108140004FA14EE54E0C4D644D1F4D3B4D864DB538
:108150004D8E4D024C384B774AFD4AE54B184B5635
:108160004B5D4B064A5D499748F648AA48B648EE2B
:10817000491348EF487147BA4704468A466846891A
:1081800046BA46BD466F45D5451D4483443244300A
:10819000445A4476445443E24339428D421441E800
:1081A00041FC4221422241DA414D40A1400B3FB601
:1081B0003FA93FC73FDD3FBC3F533EB63E133D9A0C
:1081C0003D673D6F3D8C3D893D473CC53C223B9121
:1081D0003B383B223B363B463B273AC63A32399640
:1081E000391E38E538E438F838F338B6383C37A269
:1081F000371536B9369B36A636B13693363935AE95
:10820000351834A0346134583466345F342533B3C0
:1082100033213297323932143218321E320131ACE6
:108220003129309830212FDE2FCE2FD52FCC2F960D
:108230002F2A2E9E2E172DB72D8D2D8A2D8C2D6F2A
:108240002D1F2CA32C172BA12B5A2B432B452B3A3C
:108250002B062AA12A1B29972936290628FC28FB48
:1082600028DF2893281D2795272026D526B926B64E
:1082700026A9267826172597251524B3247F247050
:10828000246B244F240723962312229E2250222F50
:108290002227221921EA218E2112209320301FF754
:1082A0001FE41FDB1FBF1F7B1F0F1E8F1E1B1DCB5D
:1082B0001DA51D991D8A1D5C1D041C8D1C101BAC69
:1082C0001B701B581B4D1B311AEF1A871A0B19987C
:1082D0001946191C190C18FB18CE187A1807178D97
:1082E000172816E916CC16BE16A2166316001587B7
:1082F000151514C11492147F146C144113F11381D9
:10830000130A12A4126212411230121411D81178F9
:1083100011021091103B10090FF20FDE0FB40F671E
:108320000EFB0E850E1F0DDA0DB60DA30D860D4C3E
:108330000CF00C7D0C0D0BB50B810B660B500B2755
:108340000ADD0A740A01099B0953092C091608F968
:1083500008C1086707F80788073006F806DA06C379
:10836000069A065305ED057C051604CC04A2048983
:10837000046B043503DF0372030402AA026F024F89
:108380000236020E01C8016600F700910045001890
:10839000FFFDFFDFFFAAFF57FEEDFE80FE25FDE893
:1083A000FDC4FDAAFD82FD3FFCE0FC73FC0CFBBF9D
:1083B000FB8FFB71FB52FB1FFACEFA67F9FBF99FAB
:1083C000F95FF939F91DF8F6F8B5F858F7EDF787C0
:1083D000F738F705F6E5F6C6F693F645F5E0F575D8
:1083E000F519F4D7F4AEF490F469F42AF3D0F367F6
:1083F000F302F2B1F27CF25AF239F208F1BCF1590F
:10840000F0F0F093F04FF024F004EFDDEFA0EF4830
:10841000EEE1EE7CEE2AEDF2EDCEEDADED7CED324F
:10842000ECD2EC6AEC0DEBC7EB99EB78EB51EB156A
:10843000EAC0EA5BE9F6E9A3E969E943E920E8F083
:10844000E8A9E84BE7E4E787E73FE70FE6ECE6C596
:10845000E68AE637E5D4E570E51CE4E0E4B8E494A8
:10846000E465E41FE3C3E35EE301E2B8E285E261B1
:10847000E239E1FFE1AFE14DE0EAE096E058E02DBE
:10848000E008DFD9DF95DF3BDED8DE7ADE30DDFCC9
:10849000DDD5DDADDD74DD26DCC6DC64DC0FDBCFD5
:1084A000DBA2DB7CDB4DDB0BDAB3DA51D9F4D9A9E3
:1084B000D972D94AD921D8E9D89CD83FD7DED789F3
:1084C000D747D718D6F1D6C2D680D62BD5CBD56E06
:1084D000D521D4E9D4BFD495D45ED413D3B8D3581E
:1084E000D302D2BFD28ED265D236D1F6D1A2D14438
:1084F000D0E8D09BD060D034D009CFD3CF89CF3053
:10850000CED2CE7CCE37CE04CDDACDAACD6BCD196E
:10851000CCBDCC62CC14CBD8CBAACB7ECB47CAFF88
:10852000CAA8CA4BC9F5C9B0C97BC94FC91EC8E0A2
:10853000C890C836C7DBC78DC750C720C6F2C6BBB8
:10854000C675C61FC5C4C56FC529C4F2C4C4C492CC
:10855000C454C406C3AEC355C307C2C8C296C266DC
:10856000C22FC1EAC196C13DC0E9C0A2C06AC039EC
:10857000C007BFC9BF7CBF26BECFBE81BE41BE0DF6
:10858000BDDBBDA3BD5EBD0DBCB6BC63BC1CBBE208
:10859000BBAFBB7BBB3CBAF1BA9DBA48B9FBB9BB18
:1085A000B984B950B917B8D2B883B82EB7DEB79727
:1085B000B75BB726B6EFB6AFB665B614B5C2B5763B
:1085C000B535B4FCB4C5B48AB445B3F8B3A6B35852
:1085D000B312B2D5B29CB262B222B1D8B18AB13B69
:1085E000B0F2B0B1B075B03BAFFCAFB7AF6BAF1E80
:1085F000AED3AE8FAE51AE14ADD6AD93AD4AACFE98
:10860000ACB4AC6FAC2EABF0ABB1AB6EAB26AADCAE
:10861000AA93AA4FAA0EA9CFA98EA94AA902A8B8BF
:10862000A870A82DA7EDA7AFA76FA729A6DFA693CF
:10863000A64AA607A5CAA58FA552A50CA4BFA46EDD
:10864000A421A3DDA3A3A36EA335A2F3A2A4A24EEB
:10865000A1F9A1B0A176A146A117A0DDA090A035F7
:108660009FD59F819F419F159EF39EC79E849E2705
:108670009DBB9D549D059CD89CC29CAC9C7E9C2817
:108680009BB19B309AC59A879A789A809A7A9A4138
:1086900099C999279887981C9801982B986A987A75
:1086A000982597639664958295189556961D96FF22
:1086B000976196BE94E892438FCF8F04918798C5B7
:1086C000A5A1B831CFB7EAB8000034435E7678147C
:1086D0007FFF7A766EF864D560AA630B69306F0805
:1086E00071626F656AA365E56394648167A46AE05B
:1086F0006C476B17680F64DE6322638E658F67C3F8
:1087000068C567EF65B3633F61CD61F66360650679
:1087100065CE652B63656161601C601C61286274B5
:1087200063186297611E5F635E3C5E205EEC5FFAD9
:108730006085601B5ED85D525C415C115CAE5D8FF4
:108740005E085DAE5C945B365A3559F75A705B2D06
:108750005B975B4B5A515912581E57D4583158D217
:10876000593058EF580E56E855FF55AB55F1567B2A
:1087700056D0569755CB54BB53DA537F53B2542936
:10878000547554435388528A51B15150517251D942
:10879000521E51F1514650564F844F1E4F324F8A50
:1087A0004FC94FA24F034E214D554CEA4CF34D3E5D
:1087B0004D774D544CC14BEB4B244AB54AB34AF369
:1087C0004B274B074A7E49B348F1487F487348A975
:1087D00048D848BC483C477A46BD4648463346617F
:1087E000468B467145F945404487441043F444198B
:1087F000443F442743B74305425141D741B441D197
:1088000041F441DE417440CA401A3F9E3F743F8BA1
:108810003FA93F953F313E8E3DE13D643D353D44AE
:108820003D5F3D4D3CEE3C523BA83B2A3AF63AFFB9
:108830003B163B053AAC3A15396F38F038B638BAC2
:1088400038CE38BD386937D8373536B536773675CE
:10885000368536763626359A34FB347A34383430D9
:10886000343E342F33E3335C32C0323E31F831ECE6
:1088700031F731E831A0311E308530032FB92FA8F0
:108880002FB02FA22F5D2EE02E492DC72D7A2D65FA
:108890002D692D5B2D1A2CA12C0D2B8B2B3B2B2105
:1088A0002B232B152AD62A6229D1294F28FC28DE12
:1088B00028DD28CF289328232795271226BD269B1D
:1088C00026972689265025E3255824D6247E245829
:1088D00024522444240D23A4231B2299223F221630
:1088E000220D21FE21C9216420DE205D20001FD43D
:1088F0001FC71FB91F861F241EA11E201DC11D9149
:108900001D831D731D431CE41C631BE31B821B4F53
:108910001B3E1B2E1AFF1AA31A2619A61943190E5D
:1089200018FA18E918BC186317E81768170416CC6A
:1089300016B516A41679162215AA152B14C6148A74
:108940001471145F143513E1136B12ED1287124981
:10895000122E121B11F111A0112D10B01048100889
:108960000FEA0FD60FAE0F5F0EEE0E720E090DC797
:108970000DA60D910D6A0D1E0CAF0C340BCB0B86A2
:108980000B630B4D0B270ADD0A7109F7098C0945AA
:108990000920090908E3089C083107B9074D0704B5
:1089A00006DD06C406A0065A05F2057B050F04C3C2
:1089B000049A0480045C041903B3033C02D00282CD
:1089C0000257023C021901D7017300FE00910042D8
:1089D0000014FFF9FFD6FF96FF35FEC1FE54FE03DB
:1089E000FDD3FDB5FD92FD54FCF5FC82FC15FBC2E8
:1089F000FB90FB72FB4FFB12FAB5FA44F9D7F982F0
:108A0000F94EF92EF90BF8D0F875F805F798F742FA
:108A1000F70CF6EAF6C8F68EF635F5C7F559F50205
:108A2000F4CAF4A7F484F44CF3F5F388F31AF2C211
:108A3000F288F264F241F209F1B4F149F0DCF0821B
:108A4000F046F020EFFDEFC7EF74EF0AEE9DEE4227
:108A5000EE04EDDDEDBAED85ED33ECCBEC5EEC0232
:108A6000EBC3EB9AEB76EB42EAF2EA8CEA1FE9C33E
:108A7000E981E957E933E900E8B2E84CE7E1E78347
:108A8000E740E714E6EFE6BDE671E60DE5A2E54353
:108A9000E4FFE4D1E4ACE47AE430E3CDE363E3045F
:108AA000E2BDE28FE269E238E1EEE18EE124E0C46A
:108AB000E07CE04CE025DFF5DFADDF4EDEE5DE8576
:108AC000DE3CDE0ADDE2DDB2DD6CDD0EDCA6DC457F
:108AD000DBFBDBC7DB9FDB6FDB2ADACEDA67DA068C
:108AE000D9BAD985D95CD92CD8E9D88ED827D7C797
:108AF000D779D743D719D6EAD6A7D64ED5E8D587A2
:108B0000D539D501D4D6D4A7D465D40DD3A9D348AB
:108B1000D2F9D2BFD293D264D223D1CDD169D108B8
:108B2000D0B8D07ED050D021CFE1CF8CCF2ACEC9C3
:108B3000CE78CE3CCE0ECDDECD9FCD4CCCEACC8ACD
:108B4000CC38CBFBCBCBCB9BCB5DCB0BCAAACA4AD9
:108B5000C9F8C9B9C989C958C91AC8CAC86BC80BE4
:108B6000C7B8C778C746C715C6D8C688C62BC5CCF0
:108B7000C579C537C504C4D2C495C447C3EBC38CFB
:108B8000C339C2F7C2C2C28FC253C205C1AAC14D06
:108B9000C0F9C0B6C080C04DC010BFC4BF6ABF0E10
:108BA000BEBABE76BE3EBE0ABDCDBD82BD29BCCE1C
:108BB000BC7BBC35BBFDBBC7BB8ABB3FBAE8BA8E2A
:108BC000BA3BB9F6B9BCB985B947B8FDB8A7B84F33
:108BD000B7FCB7B6B77AB742B704B6BAB666B60F3F
:108BE000B5BDB577B53AB500B4C1B477B424B3CF49
:108BF000B37EB337B2F9B2BEB27DB234B1E2B18F57
:108C0000B13FB0F9B0BAB07CB03AAFF0AFA0AF4E60
:108C1000AF01AEBBAE7AAE3AADF6ADACAD5CAD0D6C
:108C2000ACC2AC7DAC3BABF9ABB2AB67AB18AACC7A
:108C3000AA84AA40A9FEA9B8A96EA921A8D3A88A86
:108C4000A846A804A7C1A778A72AA6DAA68DA64792
:108C5000A607A5C9A586A539A4E6A492A445A403A0
:108C6000A3C9A390A34DA2FCA2A2A248A1FAA1BDB0
:108C7000A18BA158A117A0C1A05E9FFC9FAC9F74BF
:108C80009F4D9F249EE69E8A9E1B9DAC9D569D25D2
:108C90009D0D9CF69CBF9C5C9BD99B549AF49ACAF0
:108CA0009ACB9AD09AAA9A41999C98EF9874985224
:108CB000987E98BF98C6985897769668959C9572B6
:108CC00095FF96F297A6976795D5932A90728F5342
:108CD00091B8996EA763BBACD550F2610000374BD9
:108CE00062C67B137FFF77AB6B33628A6162666B10
:108CF0006D45716770B06C2466E063F764B067FC23
:108D00006B5E6C956AEE6784646B6356649567026C
:108D100068D568C966D8642A624662206380654463
:108D2000661B655D63666154604560A561F56326F9
:108D300063496224604F5EC95E545EFE601F60CB73
:108D4000606B5F145D795C705C6B5D325E105E47DA
:108D50005D895C265AD55A395A7F5B445BD45BA740
:108D60005AAD595B585A5819588C5934597458F59A
:108D700057DC56B055FF5606568A570556F6563AF2
:108D8000551D542553BE53F7547554B75462538040
:108D9000527251B6518F51E4524A524F51C150CD87
:108DA0004FDF4F5F4F6B4FC750074FD14F194E26C4
:108DB0004D634D1B4D494D9C4DAD4D424C704B8FFD
:108DC0004AFD4AE54B244B5F4B3F4AA949CE490B2C
:108DD00048A948B748F7490F48C0480C4737469953
:108DE0004666468A46BD46AD4634457044AE443A72
:108DF000442B44594474443A43A042DA423541E991
:108E000041F64220421B41BA410B404E3FCB3FA5A9
:108E10003FC13FDB3FB23F303E773DCF3D713D67C5
:108E20003D863D883D3C3CA13BEB3B5E3B233B2DDF
:108E30003B443B283ABA3A11396838FB38DD38F000
:108E400038F638BA3832378536F136A4369D36AF23
:108E5000369D364135A7350034873457345E346546
:108E6000343633C0331D328532293211321C321070
:108E700031C53139309730152FD52FCE2FD32FB0A4
:108E80002F4A2EB22E192DB02D882D8B2D832D45D6
:108E90002CC92C2C2BA42B552B412B432B282AD10E
:108EA0002A4429AC2939290328FC28F528C3285548
:108EB00027C0273426D826B726B4269F265525D482
:108EC000253F24C42481246F2468243F23DE2352B9
:108ED00022C4225E22302226221521D6216220D1F0
:108EE000205020011FE41FDB1FB91F651EE21E5426
:108EF0001DE61DAC1D9A1D8A1D551CED1C621BDE56
:108F00001B841B5C1B4E1B321AE91A7019E5196F82
:108F1000192A190F18FF18D3187517F2176C1709AB
:108F200016D616C316AA166B15FC157514FA14AAD4
:108F300014861474144E13FB138012FA128F1252FB
:108F40001238122111EB118611041086102C0FFF1C
:108F50000FEA0FC80F800F0D0E890E170DD00DAF41
:108F60000D980D690D0E0C920C120BB00B7A0B6064
:108F70000B420B020A980A1709A109500927090F89
:108F800008E50894081E079F073606F606D706BAB6
:108F90000682062105A4052C04D304A104860460DE
:108FA000041803AA032C02BE0275024F023202000B
:108FB00001A8013100B70057001DFFFEFFDCFF9B39
:108FC000FF35FEBAFE48FDF7FDC9FDABFD7EFD2F66
:108FD000FCBEFC44FBDDFB9BFB76FB55FB1BFABD9B
:108FE000FA46F9D1F979F944F923F8FAF8B2F848D0
:108FF000F7CFF764F71AF6F0F6CEF69AF644F5D204
:10900000F55CF4FDF4C0F49CF475F434F3D1F35B37
:10901000F2ECF29BF26AF247F218F1C9F15CF0E669
:10902000F082F03EF015EFF0EFB5EF59EEE6EE7599
:10903000EE1DEDE6EDC0ED94ED4CECE6EC71EC09C7
:10904000EBBEEB8FEB6AEB34EADFEA71E9FFE9A1F3
:10905000E963E93AE910E8CEE86EE7FCE790E73F1C
:10906000E70BE6E4E6B2E664E5FBE589E526E4E144
:10907000E4B4E48BE44FE3F5E386E319E2C2E2876C
:10908000E25EE22FE1E7E183E113E0ADE061E02F92
:10909000E006DFCEDF7BDF10DEA2DE45DE05DDD8B9
:1090A000DDABDD69DD0BDC9DDC34DBE3DBABDB81E1
:1090B000DB4CDAFFDA99DA2BD9CBD984D954D9270A
:1090C000D8E9D891D826D7BCD765D729D6FBD6C939
:1090D000D681D620D5B4D551D505D4CFD4A2D46865
:1090E000D416D3AFD344D2EAD2A7D277D246D20392
:1090F000D1A7D13DD0D8D087D04DD01ECFE6CF99C3
:10910000CF37CECDCE6FCE27CDF3CDC2CD83CD2CF4
:10911000CCC6CC5FCC0ACBCBCB9ACB64CB1BCABD25
:10912000CA55C9F5C9A9C970C93EC902C8B0C84D58
:10913000C7E7C78EC74BC716C6E1C69CC643C5DD89
:10914000C57CC52BC4EEC4BBC480C433C3D4C36FB9
:10915000C314C2CCC293C25DC21CC1C7C165C103E6
:10916000C0AFC06EC038BFFEBFB4BF59BEF6BE9A16
:10917000BE4EBE12BDDABD9ABD49BCEBBC8ABC3541
:10918000BBEFBBB6BB7BBB34BADDBA7DBA21B9D26B
:10919000B992B958B918B8CAB86FB811B7BBB77295
:1091A000B735B6F8B6B2B65FB602B5A8B558B514BD
:1091B000B4D7B495B449B3F2B397B342B2F7B2B6E9
:1091C000B276B230B1DEB186B12FB0DFB098B05711
:1091D000B013AFC7AF73AF1CAEC9AE7EAE39ADF63C
:1091E000ADACAD5CAD07ACB4AC67AC1FABDAAB916A
:1091F000AB42AAF0AA9EAA50AA07A9C1A977A92999
:10920000A8D6A884A837A7F0A7AAA761A711A6BCCB
:10921000A668A61BA5D6A594A54DA4FEA4A6A44CFD
:10922000A3FBA3B6A379A33AA2F0A296A235A1DA32
:10923000A190A157A123A0E4A08EA0269FBD9F6569
:109240009F2A9F019ED49E8D9E269DAB9D3D9CF2A4
:109250009CCD9CB79C8E9C379BB19B229AB29A7FE7
:109260009A7E9A839A5799DD992A98799810980D41
:10927000984F9880984A9787966C9573951A959011
:10928000968F97569711954892648FAD8F39935565
:109290009DDBAF92C80CE59700003ADB67A37E5CCC
:1092A0007FFF74FB684861FB64196B1B713F727927
:1092B0006EA168DC6514655468B46C556D826B7A78
:1092C00067BC64CB645F665168DD69FE68D0661771
:1092D000639962D563FC65E766FB664C6437620A96
:1092E000611461B5632E643463D9623760495F33BA
:1092F0005F756098618C616D60245E6A5D425D3D62
:109300005E195EF95F055E035C785B465B095BA9ED
:109310005C745C9F5BD75A78594458DA594559F9BF
:109320005A3A59A3586C573B56AE56EB578757D607
:1093300057695658552E54865499551B55735529BF
:10934000543C531D525F524D52B6531152E55219BF
:109350005108503B5008505650B0509C4FF04EEFC3
:109360004E174DC74DFB4E514E514DC24CD34BF590
:109370004B8C4BA54BF34C024B8F4AB349D249530C
:109380004954499749B24957488F47B0471F470743
:10939000473E4760471B4668458D44ED44BF44E760
:1093A000450D44DC443D436942BE427A429242B993
:1093B0004299420F414440904039404040664054F9
:1093C0003FDD3F1D3E643DFB3DF13E123E0C3DA89E
:1093D0003CF53C393BC03BA53BC03BC13B6F3ACA67
:1093E0003A0F3988395C396E39763933389D37E42C
:1093F00037533716371D372936F5366E35BA3520CF
:1094000034D334CF34DB34B4343C338E32EE329246
:109410003282328D32713207316230BE3054303791
:10942000303F302B2FD02F352E8E2E192DEE2DF1D3
:109430002DE42D972D062C602BE02BA82BA32B9B26
:109440002B5B2AD62A3129A9296329572952291C9D
:1094500028A3280327742721270C270726DC266F3B
:1094600025D4254024E224C224BC2499243823A4F2
:10947000230D22A4227A227122552200217420DB9E
:1094800020682033202620101FC51F421EAA1E2F31
:109490001DEE1DDB1DC91D891D0F1C791BF71BABA4
:1094A0001B921B811B4A1ADB1A4819C1196B1949F7
:1094B0001938190A18A51817178B172B170116EF4B
:1094C00016C8166D15E5155714EE14BB14A61485B1
:1094D000143413B3132412B31276125D124011F830
:1094E000117F10F11079103310150FFA0FBB0F4ACE
:1094F0000EBE0E410DF10DCD0DB40D7D0D140C8B76
:109500000C090BB10B860B6D0B3C0ADD0A5809D315
:1095100009720940092508FB08A40825079E07369B
:1095200006FB06DE06B8066905F1056A04FA04B80A
:1095300004970474042D03BC033502C00275024F66
:10954000022F01F001850101008700350009FFEAC3
:10955000FFB2FF4FFECEFE51FDF6FDC5FDA4FD722C
:10956000FD17FC9AFC1AFBB8FB80FB5EFB30FADDB2
:10957000FA65F9E4F97CF93CF918F8EEF8A2F82F4D
:10958000F7AFF741F6FAF6D2F6AAF665F5F9F579EE
:10959000F507F4B8F48CF466F427F3C2F344F2CE82
:1095A000F278F247F221F1E8F189F10FF096F03A02
:1095B000F002EFDCEFA8EF50EED9EE5EEDFCEDBF70
:1095C000ED97ED66ED15ECA3EC28EBC0EB7CEB52D0
:1095D000EB24EAD9EA6DE9F1E985E93BE90DE8E137
:1095E000E89CE835E7BBE74BE6FAE6C8E69DE65EB1
:1095F000E5FDE585E512E4BBE484E459E41FE3C43A
:10960000E34FE2D9E27DE240E215E1DEE189E118D3
:10961000E0A2E040DFFEDFD1DF9DDF4EDEE1DE6A6B
:10962000DE04DDBCDD8CDD5BDD11DCAADC33DBC9F7
:10963000DB7CDB48DB19DAD4DA71D9FCD98FD93C71
:10964000D905D8D5D895D838D7C5D755D6FDD6C2DF
:10965000D692D656D5FED58ED51DD4C0D47FD44E45
:10966000D415D3C2D356D2E4D283D23ED20BD1D4B6
:10967000D186D11ED0ACD048CFFDCFC8CF92CF4934
:10968000CEE5CE75CE0DCDBDCD85CD50CD0BCCACC0
:10969000CC3DCBD2CB7FCB42CB0ECACCCA72CA0553
:1096A000C999C941C901C8CBC88CC836C7CCC760E5
:1096B000C704C6BFC689C64CC5FAC593C527C4C86A
:1096C000C47FC446C40BC3BDC35AC2EEC28CC240E1
:1096D000C204C1CAC17FC120C0B5C051C001BFC34F
:1096E000BF88BF41BEE5BE7CBE17BDC3BD82BD47BE
:1096F000BD01BCA9BC43BBDDBB86BB42BB05BAC137
:10970000BA6CBA09B9A3B94AB902B8C4B881B82FBA
:10971000B7CEB769B70FB6C4B683B640B5F0B59348
:10972000B530B4D4B486B443B400B3B1B356B2F5D3
:10973000B299B249B204B1BFB172B119B0BAB05E58
:10974000B00DAFC6AF7FAF32AEDBAE7EAE24ADD2D2
:10975000AD89AD40ACF2AC9BAC40ABE9AB98AB4D46
:10976000AB02AAB1AA5BAA02A9ADA95EA912A8C4BC
:10977000A871A819A7C2A76FA724A6D9A689A6323F
:10978000A5D7A580A531A4E9A4A1A451A3F5A395CB
:10979000A33BA2F0A2AEA26BA21BA1B9A152A0F45E
:1097A000A0ABA071A0379FE99F829F109EA99E60E9
:1097B0009E319E049DBD9D509CCF9C5A9C0E9BEB60
:1097C0009BD39B9B9B2B9A939A0399AC999899A2B4
:1097D0009988991A986297A1972A9726976D979AD0
:1097E000974696589526944A9446951C9629966CC9
:1097F0009518923F8F248E1791D39CA5AFA3CA3999
:10980000EA3E00003DFB6B7E7FFF7E1970E265053E
:1098100061E667236ECB72A170596A6E659464FA33
:10982000683C6C296D776B35673A647664A5671B75
:10983000697E69BB678C648E62DB6367655C66D931
:10984000667D646A6213610B61C763596438637D26
:10985000618B5FB25F1F5FF261306198609F5ED382
:109860005D625D245DFA5EED5EF95DD95C375B1C7F
:109870005B1D5BEB5C985C5A5B2559AF58DE590C5D
:1098800059C85A3659BD587F573856A656F257967A
:1098900057C8572155E554CE547254D15556555397
:1098A00054895358526F524052A7530A52D751F419
:1098B00050D55019500E507550B350564F654E5DEF
:1098C0004DCC4DDC4E3A4E544DD24CDA4BEE4B83E0
:1098D0004BA84BF74BED4B4D4A564987493F4971D1
:1098E00049AC497F48C947D8472946FF4735475AB9
:1098F000470B4645456144D044C044F54500449477
:1099000043C342F1427E428042AF429F421A4146E7
:10991000408740314041406440393F9E3ECC3E2428
:109920003DE73DFF3E123DCD3D233C563BC73BA0AE
:109930003BBA3BBB3B5D3AA839E6396F395A3972BD
:10994000395E38EA382E377B371B3714372536FC1B
:10995000367535B7351534CB34CD34D4349633FF22
:10996000334432B5327E3285327E322B318830D468
:1099700030593033303B30242FBD2F122E692E0149
:109980002DE92DED2DC52D4C2C9E2C012BAD2B9FA3
:109990002B9C2B622ADA2A2C299E295C29542947E0
:1099A00028FB286727BD2740270D270726EE26908E
:1099B00025F4255124E524BF24B9249124232382AE
:1099C00022E9228D22722267223021B421112085C2
:1099D0002039202520131FCC1F441EA31E241DE761
:1099E0001DD71DBB1D641CD41C371BC71B961B87B2
:1099F0001B5F1AFA1A6419CF196D19471935190125
:109A0000188E17F41769171616F816E1169E162009
:109A10001587150714C114A81489143913B2131B20
:109A200012A8126F1257122F11D1114410B2104CFC
:109A3000101D10050FD20F670ED60E4C0DF30DCC76
:109A40000DB00D710CFC0C690BE90B9C0B7B0B5AD8
:109A50000B0E0A8F09FE098809470929090008A881
:109A600008220794072B06F406D606A4064005B57F
:109A7000052E04D004A10482044503D7034902C97A
:109A80000277024F022B01E3016C00DF0068002027
:109A9000FFFDFFD3FF80FF01FE77FE0AFDCCFDA98D
:109AA000FD78FD1AFC95FC0FFBADFB78FB54FB1A0F
:109AB000FAB2FA2AF9ABF953F924F8FEF8B9F848E2
:109AC000F7C0F748F6FBF6D1F6A5F657F5DEF557E1
:109AD000F4E8F4A4F47DF44BF3F2F373F2F0F28AB9
:109AE000F24FF227F1EEF18BF109F08AF02FEFFA45
:109AF000EFD1EF8EEF23EE9FEE27EDD5EDA6ED78BB
:109B0000ED2DECBAEC36EBC6EB7DEB51EB1EEAC962
:109B1000EA50E9CFE968E927E8FBE8C2E864E7E74B
:109B2000E76AE70BE6D1E6A4E663E5FDE57EE50638
:109B3000E4B0E47BE44CE403E395E316E2A4E257EB
:109B4000E225E1F2E1A0E12DE0AEE045DFFFDFCF6D
:109B5000DF96DF3CDEC4DE49DDE7DDA8DD78DD38F9
:109B6000DCD6DC5CDBE5DB8BDB52DB20DAD9DA70C0
:109B7000D9F4D983D931D8FBD8C6D877D808D78DAE
:109B8000D722D6D8D6A4D66AD614D5A0D528D4C480
:109B9000D480D44DD40DD3AFD339D2C3D267D22918
:109BA000D1F4D1AED149D0D2D061D00CCFD1CF9A9F
:109BB000CF4DCEE3CE6BCE01CDB2CD7ACD3ECCEB48
:109BC000CC7CCC06CBA2CB59CB22CAE1CA87CA1522
:109BD000C9A2C944C901C8C8C882C822C7AFC74002
:109BE000C6E9C6A9C66EC622C5BCC549C4DFC48EB7
:109BF000C450C412C3C0C356C2E4C280C234C1F749
:109C0000C1B5C15DC0F0C081C023BFDBBF9EBF56E0
:109C1000BEF8BE8BBE1FBDC6BD82BD42BCF6BC94A5
:109C2000BC26BBBFBB6BBB28BAE6BA94BA2EB9C27E
:109C3000B960B911B8CEB888B831B7C9B760B70341
:109C4000B6B7B674B628B5CDB565B4FFB4A7B45DE4
:109C5000B417B3C7B368B301B2A0B24CB203B1B981
:109C6000B165B104B09FB042AFF1AFA7AF5AAF0139
:109C7000AEA0AE3EADE6AD97AD4BACF8AC9CAC3C07
:109C8000ABE0AB8CAB3DAAECAA94AA37A9DAA984C5
:109C9000A933A8E2A88CA82FA7D2A77AA72AA6DB67
:109CA000A685A628A5C8A56DA51DA4D2A483A42613
:109CB000A3C1A35FA30AA2C3A27EA22BA1C5A157E1
:109CC000A0F5A0A9A06EA02D9FD29F5E9EE79E88C2
:109CD0009E4C9E1F9DE09D789CF19C709C1A9BF46D
:109CE0009BDA9B9A9B1D9A7999ED99A799A499A7BC
:109CF000996398C097EC974C9726976797A2975AC5
:109D00009665952194489466956696659633942257
:109D100090C08E328F8897E4A92EC351E44B000087
:109D200040BA6E5F7FFF7A6C6BD461EE62826A0527
:109D300070A470FD6BB265C263DB66AB6AEA6C93BC
:109D40006A46661A637A642666EF68F66847656352
:109D500062A3621063B165A765F1641C6192603F04
:109D600060E8628C6363627060505E9A5E775FA1A8
:109D700060B660775EDC5D0A5C4B5CE95DFC5E4072
:109D80005D335B7E5A555A665B475BDC5B5659E434
:109D90005883581758A7595C5947583156C655F635
:109DA000562456CF570E565D550E53FC53C554449A
:109DB00054B45462534D521C518C51C752455244B5
:109DC0005179504B4F764F624FCE50054F8A4E7CA3
:109DD0004D7C4D1B4D5A4DAF4D7D4CA44B954AF0DB
:109DE0004AF44B4A4B534ABA49B748E148A448E1C0
:109DF000491148B847D946E8466C467E46BC469E5F
:109E000045F044FD444D4429445F446C43F64316F9
:109E1000424341E74201422741E7412B404A3FBBD1
:109E20003FAA3FD43FC33F353E5A3DA43D623D7DEE
:109E30003D8B3D2F3C6C3B9E3B2C3B283B443B15D4
:109E40003A7739A5390A38DD38F438E9387637B148
:109E500036F9369F36A236AD366535BB34F53473E8
:109E600034563465344333BD32FA32573213321923
:109E7000321131B33102304B2FDF2FCD2FD22F993A
:109E80002F052E482DBB2D882D8B2D712CFF2C4C92
:109E90002BA52B4E2B422B3A2AED2A4E299B29210A
:109EA00028FC28FA28CC284B2799270326BD26B45E
:109EB000269E263E259924F2248B246F2465242592
:109EC000239722EA2265222E222421FE218E20E7DA
:109ED000204C1FF61FE01FCC1F7A1EE41E3E1DCA39
:109EE0001D9E1D901D5B1CDD1C371BAA1B631B5098
:109EF0001B2F1ACE1A3219951932190F18F918B4E6
:109F0000182C1789170C16D116BD168F162015821E
:109F100014F1149C147D145F140B137B12DF127068
:109F20001240122711EC117110D4104F10070FEBD3
:109F30000FC20F600ECB0E370DD70DAD0D8F0D4636
:109F40000CC20C280BB00B730B560B220AB40A1D63
:109F50000993093F091A08F5089E0813077F07139C
:109F600006E006C0067F0607057104F104A9048611
:109F7000045703F4036502D80279024C022701DA80
:109F8000015900C600520014FFF1FFB8FF4AFEB9A4
:109F9000FE35FDE2FDB8FD8CFD34FCADFC1FFBB6CB
:109FA000FB80FB59FB15FA9EFA0EF994F94BF92246
:109FB000F8EEF88BF800F779F71CF6EAF6BFF670C2
:109FC000F5F2F565F4F5F4B4F48BF44DF3E0F355E4
:109FD000F2D5F283F255F223F1C9F146F0BDF05803
:109FE000F01EEFF2EFAAEF35EEAAEE34EDEBEDBE88
:109FF000ED84ED21EC9AEC18EBBDEB88EB57EB060A
:10A00000EA8AEA02E995E953E925E8E3E877E7F027
:10A01000E775E723E6F1E6BAE65FE5DFE55CE4F83D
:10A02000E4BCE48BE441E3CDE347E2D4E28AE259C5
:10A03000E21BE1B7E135E0B7E05DE025DFF0DF9C52
:10A04000DF23DE9FDE36DDF2DDBFDD7ADD0EDC8B69
:10A05000DC15DBC3DB8DDB52DAF5DA79D9FAD99975
:10A06000D95AD924D8D7D865D7E4D775D729D6F403
:10A07000D6B2D64ED5CFD556D4FDD4C2D488D4329C
:10A08000D3BBD33DD2D6D291D259D210D1A5D127AC
:10A09000D0B5D063D029CFE9CF8BCF12CE99CE39AE
:10A0A000CDF8CDBDCD6CCCFDCC80CC15CBC9CB8E45
:10A0B000CB48CAE4CA6AC9F6C99EC95FC91FC8C7E6
:10A0C000C854C7DBC777C730C6F3C6A6C63CC5C3EE
:10A0D000C555C503C4C4C47FC421C3ACC338C2DBE7
:10A0E000C296C255C201C194C11EC0B7C069C02981
:10A0F000BFDDBF7ABF05BE97BE40BDFBBDB6BD5B31
:10A10000BCECBC7ABC1ABBCFBB8BBB39BAD2BA6031
:10A11000B9F8B9A5B960B914B8B4B846B7D9B77F1A
:10A12000B735B6ECB693B62AB5BDB55BB50BB4C2C0
:10A13000B470B40CB3A0B33BB2E5B299B249B1EC80
:10A14000B183B11CB0C1B071B022AFC9AF64AEFD74
:10A15000AE9FAE4CADFBADA4AD42ACDEAC7FAC2946
:10A16000ABD6AB7EAB1FAABCAA5EAA07A9B3A95AFD
:10A17000A8FAA898A83BA7E6A793A739A6D6A671E0
:10A18000A615A5C4A574A51BA4B4A44AA3EBA39DBE
:10A19000A355A301A298A225A1BEA170A132A0EA55
:10A1A000A083A0069F8F9F3B9F079ED29E779DF125
:10A1B0009D649CFD9CCE9CB39C739BEF9B449AB783
:10A1C0009A7D9A839A769A0A993D986D980698296D
:10A1D0009878985C9780962E9536954B965997551A
:10A1E00096E0945290C18EFF92DC9F85B668D62F80
:10A1F000FB59000043FB71AF7FFF76D867A260ABCD
:10A2000064EE6D6B71626DEE673B6392657569FD1F
:10A210006C486A2665C3631F6429672C68C6673B60
:10A2200063ED61C96263649565CF649B61EF6016FD
:10A23000606C621D6319621D5FDA5E345E5B5FB540
:10A2400060875FB15DBA5C385C3E5D565E095D500B
:10A250005B915A2B5A175AFE5B995AF6596358125A
:10A2600057EB58AB593358A2573155F155BA565B95
:10A2700056D2565054FC53CB5387540D5477540147
:10A2800052C551A1515151C1522051B4508D4F73FB
:10A290004F1A4F774FCC4F684E534D424CE24D2EE4
:10A2A0004D7A4D1D4C194B104AA84AE54B294AD40A
:10A2B00049DD48DC486E489E48DB488B47A046A6EF
:10A2C00046334657468D46424563447043F8441131
:10A2D000444143FB4326423841BC41CB41F641B3A4
:10A2E00040E83FFF3F7F3F863FAB3F6C3EAA3DC605
:10A2F0003D433D413D613D263C6B3B8C3B053AFC7B
:10A300003B183ADF3A2C395138C838B838CF389929
:10A3100037ED3716368B36733687365335AD34DB2B
:10A32000344D3430343F340D336D329F320F31ECC5
:10A3300031F731C8312D30632FD12FA82FB02F82A4
:10A340002EED2E262D932D652D6A2D3D2CAD2BE95E
:10A350002B552B222B232AF72A6C29AC291728DF0F
:10A3600028DC28B2282B276F26D8269C2696266D17
:10A3700025EB2531249A245A2451242823AA22F497
:10A38000225B2217220B21E3216920B6201D1FD555
:10A390001FC51F9E1F271E781DDE1D921D801D5983
:10A3A0001CE61C391B9F1B501B3B1B151AA519FBD8
:10A3B0001960190E18F618D0186317BC172116CC9F
:10A3C00016B1168B1622157E14E2148A146C1447EB
:10A3D00013E0133F12A3124812281202119E11001B
:10A3E000106410070FE30FBE0F5C0EC00E250DC5E5
:10A3F0000D9F0D790D1A0C810BE60B830B5B0B3552
:10A400000AD80A4209A70942091708F10896080262
:10A410000768070106D306AC065405C3052904BF27
:10A42000048F04680412038302E9027E024B0224B3
:10A4300001D0014300AA003D0007FFE0FF8EFF04AA
:10A44000FE6CFDFDFDC5FD9CFD4CFCC4FC2CFBBB66
:10A45000FB82FB58FB09FA84F9EDF97AF93EF9140D
:10A46000F8C7F844F7ADF739F6FBF6D0F684F603F3
:10A47000F56EF4F9F4B8F48CF441F3C3F32EF2B8AA
:10A48000F275F248F1FFF182F0EFF077F032F0046C
:10A49000EFBCEF42EEAFEE36EDEFEDC0ED79ED0142
:10A4A000EC6FEBF5EBACEB7CEB36EAC0EA30E9B5F0
:10A4B000E969E938E8F3E87FE7F0E774E727E6F5CC
:10A4C000E6B0E63EE5B0E534E4E4E4B1E46DE3FD96
:10A4D000E370E2F3E2A2E26DE22AE1BCE130E0B334
:10A4E000E060E02ADFE7DF7BDEF0DE72DE1DDDE626
:10A4F000DDA4DD39DCB0DC32DBDBDBA3DB61DAF8E9
:10A50000DA70D9F1D999D95FD91ED8B6D830D7B178
:10A51000D757D71CD6DBD675D5F0D571D515D4D97C
:10A52000D497D433D3B0D330D2D3D295D254D1F13F
:10A53000D16FD0F0D092D052D011CFAFCF2FCEB0BC
:10A54000CE50CE0FCDCDCD6DCCEECC70CC0FCBCCD4
:10A55000CB8ACB2BCAAECA2FC9CEC98AC947C8E895
:10A56000C86DC7EFC78DC747C703C6A6C62CC5AF02
:10A57000C54CC504C4C0C463C3EBC36FC30BC2C224
:10A58000C27DC221C1AAC12FC0CAC07FC039BFDEEF
:10A59000BF69BEEFBE89BE3DBDF6BD9BBD27BCAF4A
:10A5A000BC49BBFBBBB2BB57BAE5BA6EBA09B9B975
:10A5B000B96FB914B8A4B82EB7C9B778B72BB6D04D
:10A5C000B662B5EEB589B536B4E8B48CB41FB3AE97
:10A5D000B349B2F5B2A5B248B1DDB16EB10AB0B5BA
:10A5E000B061B004AF99AF2DAECCAE75AE1EADBFAD
:10A5F000AD55ACEDAC8DAC35ABDCAB79AB11AAACE9
:10A60000AA50A9F7A999A933A8CBA86BA813A7B9F1
:10A61000A756A6ECA685A62AA5D7A57EA515A4A40F
:10A62000A43CA3E8A39CA343A2D3A25AA1F1A1A551
:10A63000A163A10DA094A00E9FA29F609F2D9EDB01
:10A640009E579DBF9D4C9D179CFB9CB39C1F9B6A76
:10A650009AE99AC79AD09A9E99F4990B9868985F4C
:10A6600098B598BD97F39693958695A396C997B09C
:10A6700096C4939F9015900397D8AA90C83FEDD1A8
:10A68000000047A9755F7FFF737364A2616B68D692
:10A69000709370A96A39648564BF69516C896AE1F5
:10A6A0006647636A64A767D7690966C7635361FD34
:10A6B000639465C165C1635260C8606A6208635E85
:10A6C0006297603B5E795EBB603060CC5F865D67A1
:10A6D0005C515CF35E1D5E1B5C8F5AC65A405B107A
:10A6E0005BDB5B5959B45850583B59115974589019
:10A6F00056F755FB563856F256EF55C9545953C0C4
:10A70000542E54B65454530C51D851965218525D8D
:10A7100051AD505F4F714F754FF04FEB4F004DC52E
:10A720004D224D564DB44D664C564B404AE34B318D
:10A730004B614AD249B348D148B0490148FA48363A
:10A74000471E4675468146C346824598449844292B
:10A750004452447443FB42FE422441E9421C4214E9
:10A76000416B406D3FC03FB03FDC3FA43ED73DE76B
:10A770003D6C3D783D8E3D263C443B703B223B3E4C
:10A780003B333A9F39B6390738E138FB38C93812BC
:10A79000373136AB36A236AE3653358534B7345BF7
:10A7A0003463345633D332FA324A3213321F31F122
:10A7B000314C30762FEA2FCF2FD22F802EC32DFC95
:10A7C0002D942D8B2D7B2D062C3C2B8C2B462B4535
:10A7D0002B1A2A8429B9292728FD28F828AE280011
:10A7E000273E26CC26B626A32638257B24CC2479E2
:10A7F000246D244423BC22FA2263222C222021DC53
:10A80000213B207E20051FE21FCC1F6A1EB91E0AB5
:10A810001DAE1D981D701CF21C391B9F1B5D1B4A31
:10A820001B0A1A7419BD193D191018F6189C17F552
:10A83000174816E316C4169C1627157614DB148FDA
:10A840001475143913AD12FB1276123F122211CE79
:10A850001130108510180FF00FC80F5C0EB30E16D4
:10A860000DC10DA10D670CE40C380BAF0B6F0B4D38
:10A870000AFF0A6A09C1094E091E08F5089007EE89
:10A88000075106F506CD0696061B057404E804A0DC
:10A89000047A043003A302FD0285024D022201C3A3
:10A8A0000129008C0029FFFCFFC6FF52FEB0FE22EA
:10A8B000FDD2FDA8FD62FCDCFC39FBBDFB7EFB513B
:10A8C000FAF7FA63F9C7F95EF92AF8F5F887F7EBB2
:10A8D000F75BF704F6D6F692F613F574F4F4F4AEDB
:10A8E000F47FF42AF39CF302F293F25AF223F1BCC0
:10A8F000F125F094F037F005EFC3EF4AEEAFEE2B01
:10A90000EDDFEDADED5CECD5EC3CEBC9EB89EB524A
:10A91000EAF0EA5EE9CDE96BE933E8F3E880E7E9DC
:10A92000E763E711E6DCE68EE60CE575E4FFE4BAE2
:10A93000E482E424E397E306E29FE263E223E1B5E5
:10A94000E122E09BE044E00BDFBFDF43DEAFDE351A
:10A95000DDEBDDB1DD57DCCFDC3FDBD4DB93DB535C
:10A96000DAEADA5BD9D4D977D93BD8F0D879D7E805
:10A97000D76DD71DD6E0D689D607D578D50AD4C4E9
:10A98000D482D41DD394D30CD2ABD26AD221D1AF0E
:10A99000D121D0A4D04FD010CFBBCF3DCEB2CE402E
:10A9A000CDF5CDB2CD50CCCBCC45CBE0CB9BCB5174
:10A9B000CAE3CA5AC9DCC983C940C8ECC873C7EB2B
:10A9C000C777C727C6E2C683C602C57EC516C4CCF4
:10A9D000C481C416C392C315C2B8C270C21CC1A838
:10A9E000C123C0AFC05BC012BFB4BF38BEB7BE4D3D
:10A9F000BDFEBDB0BD48BCC9BC4EBBEEBBA1BB4B90
:10AA0000BADBBA5BB9E9B990B941B8E3B86DB7F050
:10AA1000B786B732B6DFB679B5FFB588B526B4D3F9
:10AA2000B47AB40CB393B323B2C7B272B211B19F6C
:10AA3000B129B0C1B068B00EAFA6AF32AEC3AE623E
:10AA4000AE07ADA6AD39ACC9AC61AC02ABA3AB3BB4
:10AA5000AACDAA62AA01A9A2A93CA8CEA862A80070
:10AA6000A7A3A73FA6D0A660A5FBA5A2A545A4D8ED
:10AA7000A460A3F2A399A348A2E5A26AA1ECA187CE
:10AA8000A13EA0F2A0829FF59F759F229EED9E9E03
:10AA90009E169D759CFC9CC79CA79C4B9B9F9AE710
:10AAA0009A819A7D9A7599FB9910983A98029854D0
:10AAB000987697B69645952D956596AF975F95BD17
:10AAC00091F28F0692159FE6BA79DFC000004BFF26
:10AAD00079727FFF70606318642B6D9B72BB6E95FB
:10AAE000672D64D568CC6D246C6D67AD6456659236
:10AAF00068F169D9670163926318655E670465A8A8
:10AB000062A06118623F640A63D261795F665F8503
:10AB10006110619D60135DDF5D265E2D5F245E65C3
:10AB20005C665B135B765C825C705ADE593958F662
:10AB300059D35A3B5934578356B1572E57D6575C81
:10AB400055D954A254A655535551542652BE524776
:10AB500052C65317525850F35015504250B95066D0
:10AB60004F2F4E0C4DD64E464E4C4D614C224B8DC8
:10AB70004BCD4C0D4B7C4A4A4967495F49B34978F4
:10AB8000487547624707474A47534695457544CC41
:10AB900044E0451044A0439442B0428142B9428E01
:10ABA00041B340AE4038405840613FC53EBF3E09CA
:10ABB0003DF93E1C3DC23CD73BF43BA73BC73BA7FE
:10ABC0003AEB39F4396A396D397338F13802374460
:10ABD0003718372D36E43613353434D034DB34C1EE
:10ABE000341E3335329C32873289321C3140307DFD
:10ABF000303A304130062F4C2E722DFB2DF22DDCD9
:10AC00002D4F2C732BCF2BA42BA02B442A7B29B6A2
:10AC1000295F29592927288127AD2728270D26F8BC
:10AC2000267D25AF250324C524BA246A23B322EE4A
:10AC300022862273224721B320E72056202B20149E
:10AC40001FA91EE71E371DE81DD51D901CE81C26F8
:10AC50001BAF1B901B671AE31A201986194B193179
:10AC600018D3181E176B170D16F116B4161B155CAA
:10AC700014DA14AE14871411135612B6126D124F53
:10AC800011FB1153109F1034100F0FD80F4D0E925F
:10AC90000E070DCE0DA70D3D0C8C0BE70B910B6D28
:10ACA0000B220A8609D3095D092E08FA087C07C819
:10ACB000073506F006C7066805C1051904B7048DF7
:10ACC000044803B803070287024F021D01A900FCD4
:10ACD00000630013FFE9FF92FEF5FE4CFDDFFDAEC1
:10ACE000FD6EFCE9FC3CFBB4FB71FB40FAD6FA318B
:10ACF000F994F939F909F8BAF826F77EF708F6CF8A
:10AD0000F692F617F56FF4E1F495F462F401F3634B
:10AD1000F2C4F25FF22AF1E0F157F0B0F032EFF155
:10AD2000EFB6EF45EEA2EE0FEDB9ED83ED2AEC950F
:10AD3000EBF5EB87EB4CEB06EA86E9E2E95EE9141A
:10AD4000E8D9E870E7D4E73EE6DFE6A6E652E5C5D7
:10AD5000E526E4B0E46FE42BE3B3E314E28AE238DF
:10AD6000E1FCE19AE105E06DE006DFC8DF79DEF5A0
:10AD7000DE57DDDBDD92DD50DCE0DC46DBB8DB5EA0
:10AD8000DB1FDAC3DA35D99DD92FD8EBD89FD8226B
:10AD9000D788D707D6B7D674D60AD576D4E7D48560
:10ADA000D443D3EBD364D2CDD259D20FD1C5D14F36
:10ADB000D0B9D034CFDCCF98CF34CEA6CE16CDAD1F
:10ADC000CD66CD12CC92CBFDCB84CB34CAE9CA7A06
:10ADD000C9E9C962C904C8BBC85CC7D5C745C6D7DD
:10ADE000C68BC638C5BEC52EC4B1C45AC40EC3A3D3
:10ADF000C318C290C22CC1E0C183C102C075C00398
:10AE0000BFB0BF5DBEE8BE5DBDDFBD82BD32BCCBA5
:10AE1000BC46BBC0BB57BB05BAA8BA2DB9A5B93152
:10AE2000B8D8B881B811B78BB70FB6ADB657B5F073
:10AE3000B572B4F0B485B42CB3CCB355B2D4B2610E
:10AE4000B202B1A5B136B0B8B040AFDAAF7CAF1343
:10AE5000AE9AAE21ADB6AD55ACEEAC79AC02AB94CA
:10AE6000AB30AAC9AA56A9E0A973A90DA8A5A83212
:10AE7000A7BCA750A6EDA684A60EA596A52BA4CC8C
:10AE8000A466A3EEA36FA300A2A8A24BA1D4A14ADB
:10AE9000A0D2A07DA0309FC19F2C9EA19E479E0E58
:10AEA0009DB59D1C9C739C069BDE9BAA9B1E9A5283
:10AEB00099B89993999A993D985197609717976D7A
:10AEC0009786969E950D942794D196329615931356
:10AED0008EED8ED8991AB178D6F1000050EC7DF73E
:10AEE0007FFF6DDA635668CC7281736E6BFE6662AB
:10AEF00068896DE26EB76A1665FB66EE6A896B5506
:10AF0000680664AC64FD67A2686865E062FD62E99A
:10AF100064F065B063AE611E60C6625C6316617406
:10AF20005F225E9A5FDA608D5F355D165C685D64F6
:10AF30005E0F5CF25AFD5A335AF65B9A5AAC58DBF4
:10AF400057FB588F592A586456B455C2562C56BED2
:10AF5000561A5487538853CD545553CD5257514D9B
:10AF6000517251EF518050234F124F194F8B4F3276
:10AF70004DEC4CD64CC24D294CE24BB34A994A6E2B
:10AF80004AC94A914978485C481B486A4840473B4F
:10AF9000461F45CA460C45EE44FD43E2437A43AFA3
:10AFA000439B42BC41A4412C41544147407A3F65F8
:10AFB0003EDE3EFA3EF33E373D273C923CA13C9FAD
:10AFC0003BF33AE83A473A483A4A39AD38A937FDAF
:10AFD00037F137F53766366935B4359B35A0351FFF
:10AFE0003429336B3346334B32D631E8312330F2D8
:10AFF00030F5308C2FA62EDC2E9E2EA02E412D64F7
:10B000002C962C4C2C4A2BF52B222A5029FA29F568
:10B0100029A928DF280A27A927A0275C269B25C461
:10B020002559254B250E2457237F230A22F622BFBC
:10B030002212213A20BC20A220701FCC1EF61E6EC8
:10B040001E4D1E201D861CB11C221BFA1BD01B3F4F
:10B050001A6C19D619A6197F18F71828178A1753CA
:10B06000172E16AF15E3153F150114DD1466139E58
:10B0700012F512AF128B121C115910AB105D103962
:10B080000FD10F140E620E0C0DE70D870CCF0C19AB
:10B090000BBC0B950B3B0A8909D1096C094308EFDE
:10B0A00008430789071D06F106A205FD054104CEE8
:10B0B000049F045503B602FA0280024D0207016F95
:10B0C00000B30032FFFCFFBAFF28FE6DFDE6FDAACB
:10B0D000FD6BFCE0FC26FB9AFB59FB1CFA98F9DFA0
:10B0E000F94EF908F8CDF84EF799F702F6B7F67D64
:10B0F000F605F552F4B7F466F42DF3BBF30BF26CDE
:10B10000F216F1DDF170F0C4F022EFC6EF8DEF26FC
:10B11000EE7DEDD8ED77ED3DECDAEC36EB8FEB28FC
:10B12000EAECEA8EE9EFE946E8D9E89BE842E7A7CE
:10B13000E6FDE68BE64BE5F5E55FE4B4E43DE3FAD6
:10B14000E3A8E316E26CE1F0E1AAE15AE0CEE024E4
:10B15000DFA3DF5ADF0DDE85DDDCDD56DD0ADCBE78
:10B16000DC3CDB94DB0ADABADA70D9F2D94CD8BF0E
:10B17000D86AD821D7A8D704D673D61BD5D2D55D27
:10B18000D4BBD428D3CCD383D312D273D1DED17D18
:10B19000D134D0C7D02BCF94CF2ECEE4CE7BCDE20E
:10B1A000CD4ACCE0CC95CC2FCB99CB00CA92CA46E5
:10B1B000C9E3C951C8B6C845C7F6C796C707C66D23
:10B1C000C5F8C5A7C548C4BEC424C3ACC358C2FB98
:10B1D000C274C1DBC15FC109C0ADC02ABF91BF1439
:10B1E000BEBABE5FBDDFBD48BCC9BC6CBC11BB9361
:10B1F000BAFFBA7EBA1EB9C3B948B8B6B833B7D128
:10B20000B774B6FCB66CB5E9B583B525B4AFB42256
:10B21000B39FB337B2D7B262B1D8B155B0EBB089F2
:10B22000B014AF8DAF0CAEA0AE3AADC5AD42ACC35D
:10B23000AC56ABECAB77AAF5AA7AAA0CA99FA927C2
:10B24000A8A8A831A7C3A753A6D7A65AA5E8A57C46
:10B25000A507A486A409A39EA337A2BDA234A1B7C3
:10B26000A154A0F3A0769FE29F619F089EB29E31F9
:10B270009D8E9D079CBB9C759BF29B3A9AA69A68F3
:10B280009A3E99BE98E69837980C9812979E969396
:10B2900095AC959795FD95B8944C92CA92C394310C
:10B2A00094D192578DD18CC496D8B0D3D9A6000032
:10B2B00054BC7FFF7D1469BE63646C747417702E78
:10B2C00067F366A46C096EFA6B29662F666D6A33A4
:10B2D0006B20678A644D654267F467B86474626086
:10B2E00063A96584648B61A6606C61D162F461833B
:10B2F0005F085E735FCC60515E995C8B5C725DA48D
:10B300005DA05BC75A285A685B5F5AE9590D57DA46
:10B3100058535901582F566855985630568F5577BF
:10B3200053D9536153FE540C52C4515C512D51BD3D
:10B33000517C501A4EF04EFB4F6B4EE44D7B4C92BD
:10B340004CC54D0A4C464AE84A404A894A9B49A6A0
:10B35000486247F648454820470945E945B145F761
:10B36000459A4470437D436E439D430D41DE411B2E
:10B3700041294139407C3F553EC23EE13ECA3DE84D
:10B380003CD53C703C923C513B563A603A213A3CA9
:10B3900039D038C737F337D537DE3749363D3590A2
:10B3A0003588357734BE33BA3333333833073232E6
:10B3B000313F30DD30E3308F2FA72ECB2E892E8802
:10B3C0002E112D1E2C5F2C372C262B8E2A9929FB13
:10B3D00029E429BD2907281A279D278F274C268075
:10B3E00025A22543253524D523F9233122EC22D764
:10B3F0002258217520C6209620721FD81EF41E6187
:10B400001E3F1E071D541C791C011BE61B961AD0FB
:10B410001A0319A51989191F184D1793174C1727C7
:10B4200016A315CC152914F314C01424134E12C4FA
:10B430001299125411A410D51063103D0FE20F227F
:10B440000E610E050DDD0D6C0CA20BF30BAA0B7932
:10B450000AF10A230989094E0911087307A807246C
:10B4600006F206A305F4053104C304930431037501
:10B4700002BF0264023101BA00F700510006FFCD9D
:10B48000FF41FE7CFDE9FDAAFD63FCC5FC03FB84D6
:10B49000FB4BFAF4FA47F98DF922F8EBF881F7CA79
:10B4A000F71DF6C2F687F60BF54DF4B0F463F42001
:10B4B000F391F2D3F247F204F1B4F116F05CEFE24B
:10B4C000EFA3EF45EE9AEDE9ED7FED41ECD2EC1EF6
:10B4D000EB79EB1EEADBEA5BE9A4E90DE8BEE87371
:10B4E000E7E3E72BE6A4E65DE606E568E4B6E43FBD
:10B4F000E3FBE396E2EEE243E1DBE197E123E07375
:10B50000DFD5DF79DF30DEACDDFADD69DD18DCC6E2
:10B51000DC34DB83DB01DAB6DA58D9BBD910D89B2F
:10B52000D852D7E7D742D69FD638D5ECD574D4C9F0
:10B53000D431D3D4D384D2FED252D1C6D171D11852
:10B54000D086CFDCCF5ECF0ECEAACE0ECD6ACCF8A1
:10B55000CCA8CC38CB96CAFACA93CA41C9C5C91F70
:10B56000C88EC82FC7D7C74FC6AAC624C5CBC56AC1
:10B57000C4D8C436C3BCC365C2FAC262C1C6C15511
:10B58000C0FEC088BFEBBF58BEEFBE94BE14BD76F0
:10B59000BCECBC8ABC28BB9FBB03BA83BA23B9B935
:10B5A000B92AB892B81BB7BBB748B6B5B624B5B47C
:10B5B000B551B4D6B441B3B8B34CB2E4B262B1CF72
:10B5C000B14EB0E5B075AFEEAF60AEE6AE7AAE04A8
:10B5D000AD7AACF2AC7EAC0FAB91AB08AA88AA16E0
:10B5E000A9A0A91DA898A820A7ADA72EA6A8A62CFB
:10B5F000A5BAA541A4B9A434A3C3A355A2D1A2401E
:10B60000A1C3A15FA0F0A05D9FC59F569F009E892A
:10B610009DE29D489CEF9CA89C209B5E9AC89A91B5
:10B620009A5899B098CA98459843981A9739961994
:10B6300095B79619960994AD930992F7947B94E384
:10B6400091BE8D278E969E93C0C3F0CE0000578684
:10B650007FFF7827651A63BF6EC172406A8B64B83A
:10B6600068306D466B4F65A064A2686D69C966213C
:10B6700062E7644666DA65B3622C61376350641F23
:10B6800061AA5F445FE8618E60BA5E185D245E7AED
:10B690005F085D285B2B5B6F5C985BF259CD58DAD5
:10B6A00059C05A2758A056E456EC57C8573D55681C
:10B6B000547755135561541552845264530A52926B
:10B6C00050F65006506E50AA4F884E164DD94E581F
:10B6D0004DEE4C7C4B8C4BCE4BFB4AF949A0494D6F
:10B6E00049AD494E47FC470E47304752466A45240C
:10B6F00044C0450844B04378428C429542AD41DA9B
:10B7000040A44032406540143EF23E073DFC3E0CF2
:10B710003D493C213BA33BC53B7A3A6B39803964B8
:10B72000396C38B8379C3715372836E035E134F8AE
:10B7300034CD34CF342733153286328B32473156ED
:10B74000306F303730322F952E8D2DF72DF02DAFF5
:10B750002CCA2BE52BA12B972B032A0429672956EA
:10B760002917283E275A270C26FC2670257A24D82C
:10B7700024BD248023B022CF2277226221DE20EF55
:10B78000204920251FE91F221E431DE31DC91D4B13
:10B790001C641BB91B8D1B521A9419B7194F193110
:10B7A00018B817D7172A16F616BB1605152A14BC93
:10B7B00014981425134B129B125F12241176109EBD
:10B7C000102910000F920EBE0E0B0DC90D8E0CE647
:10B7D0000C100B960B690AFE0A30097C093308F736
:10B7E00008560783070306D2066B05A304EC049DE5
:10B7F000046103C602F50271023B01D70114005D2A
:10B800000008FFCCFF36FE69FDDFFDA5FD44FC8787
:10B81000FBCFFB74FB36FAA5F9DBF94DF90FF8B154
:10B82000F7F8F73FF6E0F6A0F614F54CF4BBF47920
:10B83000F41DF369F2B0F24BF20AF183F0BEF02A84
:10B84000EFE3EF88EEDAEE21EDB7ED74ECF1EC30DA
:10B85000EB98EB4EEAF4EA4AE991E924E8DFE85F85
:10B86000E7A1E707E6B8E660E5BAE502E490E44957
:10B87000E3CDE312E276E223E1CBE12AE073DFFDE0
:10B88000DFB4DF3ADE83DDE5DD8EDD37DC9ADBE435
:10B89000DB6ADB1EDAA8D9F4D955D8FAD8A2D809C0
:10B8A000D755D6D7D689D614D564D4C4D465D40D8B
:10B8B000D378D2C5D245D1F4D181D0D5D034CFD12F
:10B8C000CF78CEE6CE36CDB3CD5FCCEECC45CBA493
:10B8D000CB3DCAE3CA55C9A7C922C8CAC85AC7B509
:10B8E000C715C6AAC64EC5C2C518C491C435C3C5BE
:10B8F000C324C285C217C1B9C130C088C000BFA06F
:10B90000BF30BE93BDF6BD85BD23BC9CBBF9BB70EB
:10B91000BB0CBA9BBA02B967B8F3B88EB808B7695E
:10B92000B6E1B678B605B56FB4D9B463B3F8B373FE
:10B93000B2DAB253B1E5B16EB0DCB04CAFD3AF62A6
:10B94000AEDCAE49ADC7AD53ACD6AC48ABBFAB4631
:10B95000AACCAA43A9B9A93CA8C2A83BA7B1A733BE
:10B96000A6BCA635A5A6A527A4B6A435A39EA31557
:10B97000A2AAA238A19FA102A092A0379FAE9EFAD0
:10B980009E6F9E239DC29D0C9C4E9BF49BC89B3832
:10B990009A4A99AA99A29977988497639729979533
:10B9A0009725956B942F9512967A94CE8FF18E945D
:10B9B0009B11BB74EC5A00005ACE7FFF736061FB91
:10B9C00065D1709D6EDE65D664C96ADF6BEB663249
:10B9D000636866E26905657D620E63A46616643578
:10B9E00060BB60DE632462865F655E73603D608677
:10B9F0005DFD5C4F5D6E5E495C775A615AC35BDEEC
:10BA00005AC858975843595858EC56E055F156C7FC
:10BA100056E3552C53CA543A54B1536C51C951C0D2
:10BA2000525F51954FE34F604FF74FA14E0C4D1FA2
:10BA30004D864D8E4C384AFD4B184B5D4A5D48F69D
:10BA400048B6491348714704466846BA466F451DD3
:10BA50004432445A44544339421441FC4222414D39
:10BA6000400B3FA93FDD3F533E133D673D8C3D47B3
:10BA70003C223B383B363B273A32391E38E438F318
:10BA8000383C3715369B36B1363935183461346653
:10BA900034253321323932183201312930212FCE69
:10BAA0002FCC2F2A2E172D8D2D8C2D1F2C172B5A76
:10BAB0002B452B062A1B293628FC28DF281D27208A
:10BAC00026B926A926172515247F246B24072312BF
:10BAD0002250222721EA211220301FE41FBF1F0F0E
:10BAE0001E1B1DA51D8A1D041C101B701B4D1AEF6B
:10BAF0001A0B1946190C18CE1807172816CC16A2BF
:10BB0000160015151492146C13F1130A12621230F8
:10BB100011D81102103B0FF20FB40EFB0E1F0DB621
:10BB20000D860CF00C0D0B810B500ADD0A01095338
:10BB3000091608C107F8073006DA069A05ED05165A
:10BB400004A2046B03DF0304026F023601C800F78E
:10BB50000045FFFDFFAAFEEDFE25FDC4FD82FCE0D1
:10BB6000FC0CFB8FFB52FACEF9FBF95FF91DF8B51F
:10BB7000F7EDF738F6E5F693F5E0F519F4AEF4696C
:10BB8000F3D0F302F27CF239F1BCF0F0F04FF004A4
:10BB9000EFA0EEE1EE2AEDCEED7CECD2EC0DEB99D0
:10BBA000EB51EAC0E9F6E969E920E8A9E7E4E73FF3
:10BBB000E6ECE68AE5D4E51CE4B8E465E3C3E3011A
:10BBC000E285E239E1AFE0EAE058E008DF95DED84F
:10BBD000DE30DDD5DD74DCC6DC0FDBA2DB4DDAB395
:10BBE000D9F4D972D921D89CD7DED747D6F1D680DF
:10BBF000D5CBD521D4BFD45ED3B8D302D28ED23622
:10BC0000D1A2D0E8D060D009CF89CED2CE37CDDA5C
:10BC1000CD6BCCBDCC14CBAACB47CAA8C9F5C97B88
:10BC2000C91EC890C7DBC750C6F2C675C5C4C529B2
:10BC3000C4C4C454C3AEC307C296C22FC196C0E9E0
:10BC4000C06AC007BF7CBECFBE41BDDBBD5EBCB617
:10BC5000BC1CBBAFBB3CBA9DB9FBB984B917B88358
:10BC6000B7DEB75BB6EFB665B5C2B535B4C5B4459A
:10BC7000B3A6B312B29CB222B18AB0F2B075AFFCD7
:10BC8000AF6BAED3AE51ADD6AD4AACB4AC2EABB10A
:10BC9000AB26AA93AA0EA98EA902A870A7EDA76F3A
:10BCA000A6DFA64AA5CAA552A4BFA421A3A3A33573
:10BCB000A2A4A1F9A176A117A0909FD59F419EF3C0
:10BCC0009E849DBB9D059CC29C7E9BB19AC59A7823
:10BCD0009A7A99C998879801986A982596649518D0
:10BCE000961D976194E88FCF9187A5A1CFB70000EB
:10BCF0005E747FFF6EF960AA692E71626AA4639414
:10BD000067A26C4768116323658E68C565B461CE10
:10BD1000635F65CE6367601D61276318611F5E3DC9
:10BD20005EEB60855EDA5C415CAD5E085C965A3520
:10BD30005A6F5B975A52581F58305930580F560057
:10BD400055F056D055CD53DB53B15475538A51B28B
:10BD50005171521D51484F864F324FC94F054D57B3
:10BD60004CF24D774CC34B254AB24B274A8048F3DF
:10BD7000487348D8483E46BF4633468B45FB448906
:10BD800043F4443F43B8425341B441F34176401C2D
:10BD90003F743FA93F333DE33D353D5F3CF03BAB56
:10BDA0003AF63B163AAD397138B638CD386B37387C
:10BDB00036773685362834FD3438343E33E532C2A2
:10BDC00031F931F731A230872FBA2FB02F5F2E4CC7
:10BDD0002D7B2D692D1B2C102B3C2B232AD829D4ED
:10BDE00028FD28DD2895279826BE26972652255B14
:10BDF000247F2452240F231E2240220D21CB20E138
:10BE000020011FC81F881EA41DC31D831D441C665E
:10BE10001B841B3E1B011A29194518FA18BE17EB83
:10BE2000170616B6167A15AD14C814721437136FA8
:10BE30001289122E11F31130104B0FEA0FAF0EF2D0
:10BE40000E0C0DA70D6C0CB30BCD0B630B280A74F5
:10BE5000098F092008E50835075006DD06A105F61B
:10BE60000512049A045E03B602D30258021A01773F
:10BE700000950015FFD7FF38FE57FDD4FD94FCF95F
:10BE8000FC18FB91FB50FAB9F9DAF94FF90DF87982
:10BE9000F79BF70DF6C9F638F55DF4CBF486F3F8A9
:10BEA000F31EF289F242F1B8F0DFF048EFFEEF77CF
:10BEB000EEA1EE06EDBBED37EC62EBC4EB78EAF6F3
:10BEC000EA23E983E934E8B5E7E5E742E6F1E67419
:10BED000E5A6E501E4ADE433E367E2C0E26AE1F23E
:10BEE000E128E07FE027DFB1DEE9DE3EDDE4DD6F63
:10BEF000DCAADBFDDBA1DB2EDA6BD9BDD95ED8EC89
:10BF0000D82CD77CD71BD6AAD5EDD53CD4D8D468AD
:10BF1000D3ADD2FCD295D226D16ED0BCD052CFE4D4
:10BF2000CF2FCE7BCE10CDA2CCEFCC3BCBCDCB60F8
:10BF3000CAAFC9FCC98BC91EC86FC7BCC748C6DB1E
:10BF4000C62FC57CC506C499C3EFC33DC2C4C25643
:10BF5000C1AFC0FDC083C013BF6FBEBEBE41BDD167
:10BF6000BD2EBC7EBBFFBB8EBAEDBA3FB9BEB94B8E
:10BF7000B8ACB800B77EB708B66BB5C1B53DB4C4B0
:10BF8000B429B382B2FDB281B1E7B144B0BDB03ED5
:10BF9000AFA4AF05AE7EADFAAD61ACC6AC3FABB6FB
:10BFA000AB1DAA88AA02A973A8D8A84AA7C5A72F1B
:10BFB000A691A60BA58AA4EBA449A3CDA351A2A741
:10BFC000A1FFA18EA11CA0649FB09F509EEB9E215B
:10BFD0009D5A9D0F9CC49BE19AF89ACB9AAF99A861
:10BFE000987A987A98C9978695A495F397A295F52B
:10BFF00090959177A651D391000062C57FFF6B3574
:10C0000061626D4370B166E164AF6B5D6AEF646C51
:10C01000649468D466D96247637F661B6367604532
:10C0200061F4634960515E53601D606B5D7A5C6AC8
:10C030005E0F5D8A5AD65A7E5BD45AAE585A588BD8
:10C04000597457DE55FF568956F6551E53BE547423
:10C0500054635274518F524951C24FE14F6A500795
:10C060004F1A4D644D484DAD4C724AFD4B244B4028
:10C0700049D048AA48F648C14739466546BD4635C5
:10C0800044B0442B447443A2423641F5421B410D57
:10C090003FCC3FC03FB33E7A3D713D863D3D3BEDD9
:10C0A0003B233B443ABC396A38DD38F7383436F341
:10C0B000369D369D35A93488345D3437331F322997
:10C0C000321B31C630992FD52FD42F4C2E1B2D89E2
:10C0D0002D832CCB2BA62B412B292A47293A28FB31
:10C0E00028C527C326D926B426572542248124688B
:10C0F00023E022C622312215216420531FE41FBBF6
:10C100001EE51DE71D9A1D571C651B851B4E1AEB6E
:10C1100019E8192A18FF1878176F16D616AB15FFED
:10C1200014FC1486144F13831291123811EC11076A
:10C13000102E0FEA0F820E8C0DD10D990D110C15DA
:10C140000B7B0B430A9B09A4092808E7082207393F
:10C1500006D7068405A804D40486041A032F0277A0
:10C16000023301AB00BA001EFFDDFF38FE4BFDCAF3
:10C17000FD80FCC1FBE0FB77FB1EFA4AF97BF9244A
:10C18000F8B5F7D3F71CF6CFF647F55FF4C2F477AE
:10C19000F3D5F2EFF26BF21AF160F085F016EFB71B
:10C1A000EEEAEE20EDC2ED4FEC75EBC0EB6BEAE290
:10C1B000EA03E964E912E872E794E70CE6B4E5FF04
:10C1C000E529E4B6E451E38AE2C4E25FE1EAE1177B
:10C1D000E064E008DF7EDEA6DE07DDADDD0FDC38E3
:10C1E000DBADDB4FDA9DD9CED955D8ECD82AD7684C
:10C1F000D6FDD685D5B9D507D4A4D419D348D2AAAB
:10C20000D248D1ABD0DBD04FCFE9CF3BCE72CDF50A
:10C21000CD86CCCACC0DCB9CCB1FCA5AC9ACC94168
:10C22000C8B4C7EBC74DC6E3C647C580C4F1C483D5
:10C23000C3D8C318C296C21FC169C0B3C03ABFB841
:10C24000BEFBBE51BDDDBD4DBC8FBBF2BB7EBAE1B6
:10C25000BA25B995B91BB874B7BFB738B6B6B60723
:10C26000B55BB4DAB44DB39CB2FBB27AB1E3B1338F
:10C27000B09CB016AF77AECDAE3DADB0AD0CAC6BF3
:10C28000ABDEAB47AAA2AA0BA97CA8DAA83BA7AE53
:10C29000A715A66DA5D9A552A4AAA3FFA37DA2F4B4
:10C2A000A23AA194A126A0939FC29F2D9ED79E2C17
:10C2B0009D429CCD9C929BBA9AB79A7E9A5C993586
:10C2C0009814984B9851967E95199681971C928F49
:10C2D0008F239D0EC68C000067A17FFF68496418FC
:10C2E000713E6EA2651468B36D8167BD645E68DCE3
:10C2F00068D0639A63FB66FB64386113632D63DA6D
:10C30000604A5F74618B60255D425E185F055C79F1
:10C310005B085C735BD8594559445A3A586D56AE20
:10C320005786576A552F54985572543D525F52B5EF
:10C3300052E55109500850B04FF14E184DFA4E5188
:10C340004CD44B8C4BF24B9049D4495349B2489151
:10C35000471F473D471C458F44BE450D443F42BFE4
:10C360004291429A4146403940653FDE3E663DF18A
:10C370003E0C3CF73BC13BBF3B703A10395C397611
:10C38000389F3754371D36F635BC34D334DB343E52
:10C3900032EF3282327131653055303E2FD22E90DD
:10C3A0002DEE2DE42D082BE12BA32B5C2A332964E1
:10C3B000295228A52775270C26DD25D624E224BC82
:10C3C000243A230F227A22562177206A20261FC77B
:10C3D0001EAD1DEF1DC91D121BF91B921B4C1A4BE4
:10C3E000196C193918A7178E170116C915E814F01A
:10C3F00014A714361326127712411182107B1015E0
:10C400000FBD0EC10DF20DB50D170C0C0B870B3EB9
:10C410000A5B0974092608A607A106FC06B905F4FB
:10C4200004FC049704300339027702300189008A42
:10C43000000AFFB4FED2FDF8FDA5FD1AFC1DFB812C
:10C44000FB32FA68F97EF919F8A4F7B2F6FBF6ACFC
:10C45000F5FCF509F48DF429F348F27AF222F18D16
:10C46000F099F003EFAAEEDDEDFFED98ED18EC2B5F
:10C47000EB7EEB26EA71E988E90EE89FE7BFE6FC70
:10C48000E69FE601E515E485E421E353E27FE21649
:10C49000E18DE0A5E000DF9FDEE5DE07DD8EDD1546
:10C4A000DC37DB7EDB1ADA75D992D906D898D7CA81
:10C4B000D700D694D601D521D481D418D35BD286A7
:10C4C000D20DD18AD0B1D000CF95CEEACE10CD8793
:10C4D000CD0ECC41CB81CB10CA75C99DC903C88F85
:10C4E000C7D1C707C68BC5FEC52BC482C40EC35EA9
:10C4F000C290C207C183C0B9C004BF8BBEE9BE1BD6
:10C50000BD84BD05BC47BB8ABB08BA70B9A8B905D4
:10C51000B884B7D2B712B686B5F4B534B489B403CB
:10C52000B35AB29DB207B176B0BEB011AF83AEDFE1
:10C53000AE28AD8CACF5AC45AB9BAB05AA5FA9B101
:10C54000A916A876A7C6A727A68DA5DCA534A4A5FD
:10C55000A3F9A340A2B2A21FA157A0AEA03A9F8800
:10C560009EAE9E349DC19CD59C109BD59B319A0953
:10C570009999998B986D972E976A974E9535944314
:10C58000961F95338F449173AE7FE88600006D1B34
:10C590007FFF668B68AF745A6C0A667E6DC96CD378
:10C5A00065FA68A76B53661364E6686565EE628199
:10C5B00064D764FD61246162631160425E8A605ADF
:10C5C0005F445C7B5D4C5DBF5B0A5A625B9159D5F1
:10C5D00057F458E6587256165617569C549B537D7E
:10C5E000544A5332514F51AA518D4F8C4F084F82AC
:10C5F0004E044CA74D1C4C714AA44A8B4A9B48EFF1
:10C600004810486D475645DA45FE459E43F4438041
:10C6100043A142434129415C40953F153EED3EBD5B
:10C620003D413C853CA23B8C3A4D3A4F39C738538B
:10C6300037E837D13689359735A034C9337A33484E
:10C6400032EE319230ED30DE2FCA2EB32E9E2DFD0C
:10C650002CAD2C472C0A2AD129FC29E7290527D8FB
:10C66000279E272725E3254D251F240D231322EC84
:10C670002239210420A120481F1C1E5B1E2E1D45AF
:10C680001C331BF11B641A3419A919621853177053
:10C69000173A1678155A14F81489136812B61276D8
:10C6A0001189108C10430FA50E850E020DA70C9B4F
:10C6B0000BCA0B860ABB09AF094D08CC07B4070F9C
:10C6C00006BF05CF04E4049403E802D6025801ED46
:10C6D00000E50022FFD4FF00FE04FDA1FD11FC03D4
:10C6E000FB68FB09FA17F93BF8E4F82DF729F6AED9
:10C6F000F634F531F47AF41FF346F259F1F3F156BA
:10C70000F052EFBEEF51EE60ED91ED33EC73EB7B49
:10C71000EB02EA7AE97DE8D0E86AE78EE6ADE64426
:10C72000E59CE4A1E412E39AE2AAE1E6E180E0BA42
:10C73000DFCDDF54DEC1DDCADD25DCB5DBD6DB01B4
:10C74000DA93D9E3D8F1D866D7E2D6F5D63CD5CC82
:10C75000D501D420D3A6D308D218D17AD0FED020C8
:10C76000CF56CEE2CE29CD43CCB9CC29CB41CA910C
:10C77000CA17C949C874C7F6C74EC669C5CEC546EB
:10C78000C46BC3ABC32EC270C196C10AC06FBF9049
:10C79000BEE6BE60BD92BCCABC44BB94BABBBA2262
:10C7A000B98CB8B7B802B777B6B7B5EDB55BB4B367
:10C7B000B3E1B33CB2A5B1DDB123B08EAFD7AF12B8
:10C7C000AE74ADCCAD07AC5DABBBAAFDAA4AA9A8BF
:10C7D000A8F0A83AA795A6E0A629A586A4D1A413F7
:10C7E000A376A2C9A1FEA15FA0C59FEF9F3D9EBFFA
:10C7F0009DEF9D149CA89C029AF59A739A1B98FA37
:10C80000981F981D973A95BD95D095CD939292C259
:10C8100094C792A08C8995C4C10F000073667FFFF6
:10C8200066636ED876226A656B5871846AC068B692
:10C830006DBE6A0166876A4868AA64A1670966ECEA
:10C8400062E963FB64DB61476124628A5FA85E84FE
:10C85000600B5DFC5C1A5D6E5C3559E05AC35A4B47
:10C8600057CF581A583A55D95581560353F35300A8
:10C8700053AA520F509D513850214E5A4EB74E2157
:10C880004C334C334C084A2349B449D548214744DA
:10C89000478A462444E7452A442342A242BC421622
:10C8A0004072404A3FF83E553DDA3DC63C453B7438
:10C8B0003B803A3A391C392A382D36D636C83618D4
:10C8C00034A2346133F6327E31FA31C430642F9AA7
:10C8D0002F822E502D462D322C3B2B012AD72A2178
:10C8E00028CA287727FC26A0261725CA248123BC1E
:10C8F000238A2266216B213E204C1F251EE91E2E15
:10C900001CED1C8E1C061AC01A3319D4189C17DB98
:10C910001796167D158C154D145E134712FB123CAD
:10C92000110D10A410130EDD0E4D0DE10CB60BF918
:10C930000BA40A9309AB095D08710766070E064D43
:10C94000052B04BB042202F9026601F000CF00149B
:10C95000FFB4FEAAFDC9FD6FFC86FB84FB23FA5FD2
:10C96000F949F8D2F834F715F680F600F4E9F43016
:10C97000F3C5F2C1F1E5F181F09AEFA1EF37EE7264
:10C98000ED65ECE9EC45EB30EA99EA11E902E84B98
:10C99000E7D6E6D7E601E594E4AFE3BDE34BE284F6
:10C9A000E180E0FFE056DF4ADEB1DE22DD1ADC6521
:10C9B000DBE7DAEEDA1CD9A6D8C3D7D9D75FD6978A
:10C9C000D59CD515D468D365D2CAD233D133D07FA4
:10C9D000CFF9CF05CE38CDB8CCD8CBF5CB73CAAA1A
:10C9E000C9B8C92BC879C780C6E2C644C54DC49929
:10C9F000C409C31CC254C1CAC0EDC012BF86BEBCAC
:10CA0000BDD5BD40BC89BB9CBAFABA52B967B8B4AF
:10CA1000B818B734B671B5D9B501B432B398B2CD40
:10CA2000B1F5B155B097AFBCAF12AE5EAD84ACD22C
:10CA3000AC22AB4DAA93A9E4A915A857A7A5A6DADD
:10CA4000A61DA568A49DA3E3A32EA25DA1A8A0F89E
:10CA5000A01D9F689EC59DDF9D229C959BA79AD394
:10CA60009A65997A987B982D9760961B95E49565C1
:10CA700093B6936E93A4915C906F92918F6B89DAC9
:10CA80009B20D44800007A6F7FFF681C75D77665BD
:10CA90006B3D722672536AC16F1C6F2F69516C53C4
:10CAA0006C5B677D69AA69AC657567136710635233
:10CAB00064856480611C61FF61F85EDA5F7E5F7689
:10CAC0005C905D005CF65A405A855A7A57EA580CD9
:10CAD00057FF5592559455865336531E530E50D9D1
:10CAE00050A950984E794E354E224C184BC14BAC44
:10CAF00049B6494E4938475246DB46C344EE44697D
:10CB0000444F428941F841DC40233F863F693DBDA7
:10CB10003D153CF63B563AA53A8338EF3834381089
:10CB2000368735C4359E341F3354332C31B630E448
:10CB300030BA2F4D2E742E472CE42C052BD52A7B92
:10CB4000299629642811272626F225A724B72480B0
:10CB5000233D2249220F20D31FDA1F9D1E681D6B23
:10CB60001D2C1BFE1AFD1ABA1993188E1849172886
:10CB7000162015D814BD13B213661251114310F5C7
:10CB80000FE60ED50E840D7A0C670C130B0F09FA05
:10CB900009A208A3078C07310637051E04C003CB82
:10CBA00002B0024F015F0043FFDFFEF4FDD6FD6ED1
:10CBB000FC87FB69FAFDFA1BF8FCF88DF7AEF68EE0
:10CBC000F61CF541F421F3ABF2D5F1B4F13BF0687A
:10CBD000EF47EECAEDFBECDAEC5AEB8EEA6CE9E9D2
:10CBE000E920E800E779E6B3E593E508E446E326C3
:10CBF000E298E1D8E0B9E028DF6BDE4CDDB8DCFD7F
:10CC0000DBDFDB48DA8FD973D8D7D821D706D667D0
:10CC1000D5B3D499D3F7D345D22DD188D0D7CFC0AF
:10CC2000CF18CE68CD54CCA8CBFACAE7CA39C98B85
:10CC3000C87BC7C9C71DC60EC55AC4AEC3A1C2EAC8
:10CC4000C23FC135C07BBFD0BEC9BE0CBD60BC5C9D
:10CC5000BB9EBAF1B9F0B92FB881B783B6C0B6118F
:10CC6000B517B452B3A1B2AAB1E4B131B03EAF77B7
:10CC7000AEC0ADD1AD0AAC50AB64AA9DA9DEA8F898
:10CC8000A830A76DA68BA5C5A4FAA41EA35AA28797
:10CC9000A1B0A0F0A0149F429E899D9F9CD39C238D
:10CCA0009B289A6399C198AF97F197649633957AC8
:10CCB000951293B292FB92D49126906390CC8E837E
:10CCC0008D6A8FA88B6F8740A30FEAEF00007FFF6C
:10CCD0007DE96A3D7AC573DA6DDE765E6F8C6DC470
:10CCE000728D6C536C986EFA698D6AE96B86670871
:10CCF00068E6682E64AE66A364F3626D642D61D647
:10CD00006038618E5ED95E065ECF5BFE5BCE5BF9FE
:10CD100059425987591456A4572D562A541F54BDA9
:10CD2000534151AC523550624F454F974D914CE4B1
:10CD30004CE64AD04A824A2548234819475A458733
:10CD400045A5448A42FC432241BB407E40903EF2CE
:10CD50003E083DEF3C323B953B40397F39223886D7
:10CD600036DA36A935C534413427330231B5319B23
:10CD700030402F312F032D832CB32C5E2ACE2A383E
:10CD800029B0282227BA26FA25822538244022EC09
:10CD900022AE2184205F201B1EC91DD81D7F1C14BC
:10CDA0001B561AD9196618D4182B16C016501578A8
:10CDB000142313C712C1118F1137100A0F010EA0CF
:10CDC0000D560C790C000AA609F2095907FD076CEB
:10CDD00006AB055B04E303FA02C102550146002DD0
:10CDE000FFC2FE95FDA0FD27FBE5FB16FA85F9398C
:10CDF000F88DF7DDF694F602F530F3F6F375F28070
:10CE0000F15DF0E3EFCFEECBEE4CED20EC3CEBAE82
:10CE1000EA74E9B0E90AE7CDE724E662E52BE49697
:10CE2000E3B6E28FE205E108DFF8DF70DE5ADD6588
:10CE3000DCD5DBAEDAD6DA35D905D848D791D6615C
:10CE4000D5B9D4E8D3C2D328D23DD128D094CF913C
:10CE5000CE92CDFBCCE6CBFFCB5ECA3DC96EC8BC43
:10CE6000C798C6DDC617C4F7C44CC36EC25BC1B752
:10CE7000C0C5BFC2BF1FBE1CBD2DBC83BB75BA9948
:10CE8000B9E4B8D0B806B740B62FB572B49BB39228
:10CE9000B2DBB1F4B0F8B042AF4EAE61ADA5ACAA12
:10CEA000ABCBAB05AA09A935A862A76BA69DA5BD0A
:10CEB000A4D0A402A318A239A163A0759FA59EC007
:10CEC0009DD79D109C179B3D9A7A996A98AB97DFE6
:10CED00096BA9624953D940793A8928E91519144C9
:10CEE0008FC58E968F168CBE8BB78DE5881D87E219
:10CEF000B31200007FFF7670699378EC6CBF6E749C
:10CF0000724769C06E9A6C9068716C9367F2678C17
:10CF10006935648B664D6542622C6446616260656A
:10CF2000616D5E0A5EAC5E055B5F5C935A7B59384F
:10CF300059EC5735573D56CA546755145374520A25
:10CF40005286503E4FE44F8F4D5D4DAD4C5E4ADCF6
:10CF50004B2C49354897485446494653453E43AFC4
:10CF600043DA4222415141183F303F013E193C8390
:10CF70003C8D3B083A1139DB381337B536EE35575F
:10CF8000354333E932D4329D30F3306D2FC12E2C2E
:10CF90002DFB2CC62B9A2B5F29D1292928912702FA
:10CFA00026B525A02463242122AE21E7215E1FD8C7
:10CFB0001F711E781D2E1CE21B881AA81A2A18AE93
:10CFC000182E174D15FB15A31462136B12F3118560
:10CFD00010ED10200EC90E640D3A0C310BBC0A5B2B
:10CFE00009AD08F107980725061004F804830331FA
:10CFF000026F01C00069FFE7FEE6FDC2FD4AFC08C2
:10D00000FB32FA8FF93BF8A9F7BAF68CF610F4DD8B
:10D01000F3F7F35BF20DF16BF08CEF58EED5EDB258
:10D02000ECBCEC26EAE0EA2EE95DE825E799E68625
:10D03000E584E4EFE3B3E2F2E22CE0F3E05EDF59F3
:10D04000DE4CDDB8DC86DBB6DAFAD9C3D922D82BC0
:10D05000D717D67FD559D47CD3C7D293D1E6D0FC8D
:10D06000CFE2CF46CE2BCD43CC92CB64CAABC9CB5B
:10D07000C8AFC80CC6FEC60CC55BC436C371C29926
:10D08000C17EC0D1BFCFBED6BE23BD07BC38BB65F5
:10D09000BA4DB997B89EB7A3B6EAB5D9B501B42FC2
:10D0A000B31FB25DB16CB072AFAFAEAAADCCACF590
:10D0B000ABF2AB24AA35A945A872A779A69CA5B75F
:10D0C000A4C7A3EEA2F9A21EA133A0449F759E702F
:10D0D0009D9E9CBF9BAF9B0499F299019867971402
:10D0E000967795AC9433941492B8916E91E38F48EF
:10D0F0008F09905E88D2938CD4B900007FFF6FA017
:10D100006A7C754B68086FA86BCC68976D10664C8D
:10D11000694E67846482675462AE63F2630660207E
:10D12000621C5E965EE65E725BA75D145A4A59FC0D
:10D1300059D15724582455E455275527529D53411A
:10D14000516E505F50784E134E674CEC4BA14BC55F
:10D1500049874995486146EA470E44FA44C743D097
:10D1600042394255406B3FFE3F383D8C3D993BDB99
:10D170003B393A9B38E438DC3749367835FA344065
:10D18000341E32B631BC31542F9E2F602E202D021A
:10D190002CAB2AFE2AA22988284D27FE266025E5E9
:10D1A00024ED239B234E21C32128204F1EEC1E9CDF
:10D1B0001D271C6D1BAF1A4019E8188B17B4170CEC
:10D1C0001597153313EF12FC126710F0107C0F52F5
:10D1D0000E460DBE0C4B0BC50AB40993091407A8E3
:10D1E000070E061504E204670306025601750033B4
:10D1F000FFB9FE66FDA1FCD3FB88FB08F9C6F8EB7E
:10D20000F82FF6DDF656F526F436F388F234F1A35E
:10D21000F085EF83EEE0ED8EECEFEBE4EAD2EA3658
:10D22000E8E8E83BE742E622E58AE444E387E29F58
:10D23000E173E0DCDFA0DED3DDFBDCC7DC2DDAFD53
:10D24000DA20D955D81CD77CD65AD56ED4ADD37335
:10D25000D2CBD1B7D0BDD004CECCCE1ACD13CC0D0D
:10D26000CB59CA25C968C86FC75FC6ADC57FC4B6EC
:10D27000C3C9C2B3C1FFC0DAC005BF22BE08BD50DA
:10D28000BC35BB55BA79B95FB8A1B78FB6A7B5CED3
:10D29000B4B7B3F0B2E9B1FAB121B011AF40AE41C9
:10D2A000AD50AC72AB6BAA91A996A8A9A7C0A6C6AF
:10D2B000A5E5A4E8A407A30CA221A13CA0319F6B83
:10D2C0009E559D789C9D9B6F9ADA999A98C598185F
:10D2D000968B966594E093E09401910892749093F4
:10D2E0008AE8AF8C00007FFF69BF6C73702F66A463
:10D2F0006EFA66306A33678C654167B9626065842F
:10D3000061A861D161855E7360525C8C5DA45BC86D
:10D310005A685AEA57DA59015669563055785361B6
:10D32000540D515D51BD501C4EFA4EE54C934D0BC2
:10D330004AEA4A8949A847F6482145EA45F744722E
:10D34000436E430F411B41393F573EE13DEA3C707C
:10D350003C523A613A3D38C937D5374A359035782D
:10D3600033BB3338323430DD30912ECC2E882D2033
:10D370002C372B8F29FC29BE281C278F268225437A
:10D3800024D6233222D7217720961FD91E621E0869
:10D390001C7A1BE61AD219A619201794172815CE45
:10D3A00014F3142612C4125510D7103D0F240E0684
:10D3B0000D6D0BF40B7A0A25094F0875072506A495
:10D3C000053304940377026401BC0053FFCEFE7E54
:10D3D000FDAAFCC7FB85FAF6F98FF8EBF7CCF6C28D
:10D3E000F60DF4B1F421F2D6F204F118EFE3EF47B1
:10D3F000EDEAED42EC21EB1FEA5EE90EE874E72D61
:10D40000E65EE56BE440E398E245E198E076DF7A9A
:10D41000DEAFDD6BDCC7DB86DAB6D9BED89DD7E9D7
:10D42000D6A1D5EDD4CBD3D6D300D1C8D11ACFDF76
:10D43000CF0FCE11CCF9CC3BCAFCCA42C922C830AE
:10D44000C751C625C56CC439C366C264C157C08BF9
:10D45000BF5ABE96BD79BC8BBBA2BA84B9BBB89586
:10D46000B7BCB6B8B5B5B4D8B3BAB2E6B1D2B0E6C7
:10D47000AFF0AEE7AE06ACF5AC10AB0AAA18A91F28
:10D48000A822A730A62EA543A436A357A243A16184
:10D49000A0609F579E8C9D4A9CA99B619A9299B5CA
:10D4A0009845981C961E961794B792F094E88D3A7A
:10D4B0009E02EFAD00007FFF651A6EC16A8B683077
:10D4C0006B4F64A269C962E766DA622C635061AA95
:10D4D0005FE860BA5D245F085B2B5C9859CD59C04A
:10D4E00058A056EC573D547755615284530A50F674
:10D4F000506E4F884DD94DEE4B8C4BFB49A049AD3A
:10D5000047FC4730466A44C044B0428C42AD40A418
:10D5100040653EF23DFC3D493BA33B7A3980396C86
:10D52000379C372835E134CD342732863247306F87
:10D5300030322E8D2DF02CCA2BA12B0329672917F1
:10D54000275A26FC257A24BD23B0227721DE2049E4
:10D550001FE91E431DC91C641B8D1A94194F18B86E
:10D56000172A16BB152A1498134B125F117610292F
:10D570000F920E0B0D8E0C100B690A3009330856F2
:10D580000703066B04EC046102F5023B011400087A
:10D59000FF36FDDFFD44FBCFFB36F9DBF90FF7F873
:10D5A000F6E0F614F4BBF41DF2B0F20AF0BEEFE3BD
:10D5B000EEDAEDB7ECF1EB98EAF4E991E8DFE7A1F8
:10D5C000E6B8E5BAE490E3CDE276E1CBE073DFB410
:10D5D000DE83DD8EDC9ADB6ADAA8D955D8A2D7556E
:10D5E000D689D564D465D378D245D181D034CF786B
:10D5F000CE36CD5FCC45CB3DCA55C922C85AC715DA
:10D60000C64EC518C435C324C217C130C000BF30D0
:10D61000BDF6BD23BBF9BB0CBA02B8F3B808B6E13E
:10D62000B605B4D9B3F8B2DAB1E5B0DCAFD3AEDC4D
:10D63000ADC7ACD6ABBFAACCA9B9A8C2A7B1A6BC8E
:10D64000A5A6A4B6A39EA2AAA19FA0929FAE9E6FDC
:10D650009DC29C4E9BC89A4A99A298849729972567
:10D66000942F967A8FF19B11EC5A00007FFF61FB9B
:10D67000709D65D66ADF663266E2657D63A46435B7
:10D6800060DE62865E7360865C4F5E495A615BDE77
:10D690005897595856E056C7552C543A536C51C0B8
:10D6A00051954F604FA14D1F4D8E4AFD4B5D48F681
:10D6B0004913470446BA451D445A433941FC414D7C
:10D6C0003FA93F533D673D473B383B27391E38F361
:10D6D000371536B1351834663321321831292FCE3B
:10D6E0002F2A2D8D2D1F2B5A2B06293628DF272078
:10D6F00026A92515246B2312222721121FE41F0FB0
:10D700001DA51D041B701AEF194618CE172816A266
:10D710001515146C130A123011020FF20EFB0DB620
:10D720000CF00B810ADD095308C10730069A051673
:10D73000046B0304023600F7FFFDFEEDFDC4FCE0C0
:10D74000FB8FFACEF95FF8B5F738F693F519F4695F
:10D75000F302F239F0F0F004EEE1EDCEECD2EB9909
:10D76000EAC0E969E8A9E73FE68AE51CE465E30168
:10D77000E239E0EAE008DED8DDD5DCC6DBA2DAB3C8
:10D78000D972D89CD747D680D521D45ED302D23661
:10D79000D0E8D009CED2CDDACCBDCBAACAA8C97BFD
:10D7A000C890C750C675C529C454C307C22FC0E965
:10D7B000C007BECFBDDBBCB6BBAFBA9DB984B883D2
:10D7C000B75BB665B535B445B312B222B0F2AFFC63
:10D7D000AED3ADD6ACB4ABB1AA93A98EA870A76FE7
:10D7E000A64AA552A421A335A1F9A1179FD59EF35E
:10D7F0009DBB9CC29BB19A7899C9980198259518B0
:10D8000097618FCFA5A100007FFF60AA716263942A
:10D810006C47632368C561CE65CE601D63185E3DAD
:10D8200060855C415E085A355B97581F5930560039
:10D8300056D053DB547551B2521D4F864FC94D57C8
:10D840004D774B254B2748F348D846BF468B448934
:10D85000443F425341F3401C3FA93DE33D5F3BAB96
:10D860003B16397138CD3738368534FD343E32C2F7
:10D8700031F730872FB02E4C2D692C102B2329D453
:10D8800028DD27982697255B2452231E220D20E1B0
:10D890001FC81EA41D831C661B3E1A2918FA17EB0D
:10D8A00016B615AD1472136F122E11300FEA0EF268
:10D8B0000DA70CB30B630A740920083506DD05F6C5
:10D8C000049A03B6025801770015FF38FDD4FCF91D
:10D8D000FB91FAB9F94FF879F70DF638F4CBF3F874
:10D8E000F289F1B8F048EF77EE06ED37EBC4EAF6CF
:10D8F000E983E8B5E742E674E501E433E2C0E1F22A
:10D90000E07FDFB1DE3EDD6FDBFDDB2ED9BDD8EC85
:10D91000D77CD6AAD53CD468D2FCD226D0BCCFE4E2
:10D92000CE7BCDA2CC3BCB60C9FCC91EC7BCC6DB3D
:10D93000C57CC499C33DC256C0FDC013BEBEBDD197
:10D94000BC7EBB8EBA3FB94BB800B708B5C1B4C4F2
:10D95000B382B281B144B03EAF05ADFAACC6ABB64E
:10D96000AA88A973A84AA72FA60BA4EBA3CDA2A7A8
:10D97000A18EA0649F509E219D0F9BE19ACB99A8F8
:10D98000987A978695F395F59177D3910000638205
:10D990007FFF6A0E60016BA36DFB6352610A673CF7
:10D9A00065A75E815E99622A5F0A5A075B235CE283
:10D9B000591C55B3572D577F5394517052E1521053
:10D9C0004E574D334E524CA4495548EF498E47436C
:10D9D0004482449A44A041F73FD6402C3F923CC633
:10D9E0003B443BA13A6E37B436C136F6354032C3BC
:10D9F0003244322B30122DF12DC22D422AED293A1C
:10DA00002932284225D924972490233120DB200174
:10DA10001FD61E171BF41B701B0418FC172616DCE0
:10DA2000161A13E7126E123E111D0EE10DC60D8F70
:10DA30000C1209ED092A08CD06FF050E049103F426
:10DA400001EC0044FFF6FF09FCE0FB8FFB50FA0AF3
:10DA5000F7E1F6E8F69BF4FFF2F3F24BF1D2EFEDCB
:10DA6000EE1AEDB1ECF4EADCE955E913E802E5D190
:10DA7000E4A4E46AE2FFE0D5E002DFB1DDEFDBEB36
:10DA8000DB6ADAE4D8D8D717D6D5D600D3C2D25AB3
:10DA9000D23BD106CEB4CDB2CD96CBF8C9B5C91C18
:10DAA000C8DEC6DBC4CCC492C40EC1B4BFFDC00E78
:10DAB000BF22BC8CBB4BBB86BA19B76CB6B7B6F3EA
:10DAC000B4F1B25DB240B24AAFAEAD68ADE5AD8182
:10DAD000AA50A899A9A3A88CA4D9A3FEA57AA35754
:10DAE0009F469FB3A1739DB899879C059DAC9712E3
:10DAF00093689A679A568AA69065D2340000688027
:10DB00007FFF672462D46F796BA16187650768DC4A
:10DB100062095E7C628C614A5B695BB35DD959F0D6
:10DB20005684585257D65372528853EE51514E0470
:10DB30004EAC4E894B0149724A5748804558453F83
:10DB40004547425D406840E53F943C983BF13C08C6
:10DB5000399D37683788369833CD32B732CB30CAE3
:10DB60002E6E2E382D8E2AFB298C298D27E9257BB8
:10DB700024F3247B2223206D20501EFD1C8C1BB619
:10DB80001B60194617571714160813A11281123D6E
:10DB900010650E4A0DD80D090AB909550915077EF9
:10DBA0000546049E040101D2002FFFE9FE93FC49C3
:10DBB000FB68FAF3F8EEF713F6B7F5A2F353F23376
:10DBC000F1DCF009EDFCED82ECAAEA62E902E8BDC5
:10DBD000E724E4EEE44AE3ACE176DFD5DF97DE3D0F
:10DBE000DBE7DB0FDAA7D891D6ACD66AD556D2E8F8
:10DBF000D1D3D19BCFB0CD88CD34CC6DC9F2C893F1
:10DC0000C888C6D6C469C3F6C383C106BF50BF6BFC
:10DC1000BE05BB4FBAACBA9BB827B605B644B542F1
:10DC2000B23AB14EB1B6AF5CACA9AD0EAC9CA9286E
:10DC3000A7CCA8E2A6B7A324A3BDA43CA0129DEA4A
:10DC4000A04C9E7899059A2F9CF996A4924A99BB6C
:10DC500098268779988EED6800006E347FFF657591
:10DC60006789726368D4630969DF6799602962AB69
:10DC700064345DF65CAE5F6A5BAE57ED59E858C63A
:10DC80005433545454FD51104F3150664E004AC025
:10DC90004B564A9146F8463A468C4393417441F7B5
:10DCA00040313D333D133C7D396C3834385135E7D4
:10DCB00033A433BA32542F832EEF2E752BC02A385B
:10DCC0002A2E282625CD2593247221C320D9207100
:10DCD0001E041C401C151A5A17F31777168B13FCD9
:10DCE00012CC126F103F0E4B0E020C880A170963FC
:10DCF00008A2063004C4046E02750059FFF3FEB298
:10DD0000FC3DFB52FAB7F864F6C0F66EF4AAF26A6C
:10DD1000F1E4F0DAEE61ED42ECCAEA96E8BCE86CB8
:10DD2000E6DDE47BE3D5E301E088DF31DEDCDCCB5C
:10DD3000DAB8DA68D913D68CD5C1D52AD2B1D11DBB
:10DD4000D0EECF04CCB1CC61CB4FC89DC7A7C7588C
:10DD5000C4DEC2FFC301C148BEA1BE52BD98BAAD68
:10DD6000B97EB992B716B4CBB517B3A3B07DB036B0
:10DD7000B005ACB6AB2FABF0A963A65CA73BA64041
:10DD8000A218A1F3A2E49E9D9C5B9EE19BFB96D909
:10DD900099D09A3291C993239A108C6888A1CCC5E6
:10DDA000000074A37FFF65606DBD73D8670D67E5E4
:10DDB0006D0B651262E1671962045E4761735E6C08
:10DDC00059F25BFA5A7855CA56A7563B51BE517C58
:10DDD00051C54DBE4C7B4D1F49BF47A6485745B363
:10DDE00042FB437741933E773E8C3D563A1439A12E
:10DDF00038FA35CA34C0347E318F2FF22FE42D5BD0
:10DE00002B3B2B312924269F266C24E0221F219DA9
:10DE1000208A1DB61CCE1C1E19601805179A1517EE
:10DE2000134A12FE10D20EA20E4F0C8A0A1009914C
:10DE30000839059404CB03D7012D0005FF62FCD7F8
:10DE4000FB47FAD7F88AF695F637F441F1F5F185F4
:10DE5000EFF4ED6AECC6EB9DE8F4E800E735E492F8
:10DE6000E33BE2BAE040DE7EDE28DBF8D9CED981A2
:10DE7000D7B3D532D4C7D369D0ADCFFECF14CC3F02
:10DE8000CB2FCAADC7E8C660C62EC3A4C199C19541
:10DE9000BF6DBCE2BCE0BB3CB843B812B708B3C12D
:10DEA000B32FB2C9AF5FAE3BAE74AB22A93EAA029C
:10DEB000A708A43FA56AA3169F45A0A19F4F9A5506
:10DEC0009B999BC79569963198C790528FFE97C2D0
:10DED00088E58915DD8F0000799A7DAA6557729BC8
:10DEE00071AD66076C806B33631D670E65A65F3D81
:10DEF00061DD606B5AFA5CCB5B53568557CA56504E
:10DF000051F352D451584D4F4DE54C68489F48FB52
:10DF1000477D43E6441442963F273F303DB13A6483
:10DF20003A4E38CF359D356D33EE30D3308D2F0FCF
:10DF30002C062BAF2A31273826D12553226821F40D
:10DF400020771D971D181B9B18C5183C16C013F28F
:10DF5000136011E50F1D0E850D0B0A4809AB083142
:10DF6000057304D00357009CFFF7FE7FFBC6FB1D23
:10DF7000F9A7F6EEF644F4CEF215F16AEFF7ED3CB0
:10DF8000EC91EB1FE862E7B9E648E387E2E0E17273
:10DF9000DEACDE08DC9CD9CFD930D7C7D4F2D45957
:10DFA000D2F2D013CF82CE1FCB33CAABC94CC651ED
:10DFB000C5D6C47AC16EC101BFABBC87BC2DBADD6A
:10DFC000B79DB75AB611B2AFB28AB14AADBAADBCBD
:10DFD000AC87A8BCA8F2A7CBA3B0A430A31A9E8C90
:10DFE0009F7A9E7D993C9AE09A02938E968F95D067
:10DFF0008CCC937C921C8000B2DF00007D6F79D1C5
:10E000006615759E6D5367356E956689649F6821A8
:10E0100060DB60F361E75BA75CBB5BD256B9582459
:10E0200055DF51F7534550124D4D4E2C4A6E48ABBB
:10E0300048E444F54403437B3FA73F4B3DFC3A8112
:10E040003A7A3874357C358A32F0309230792D78CE
:10E050002BB72B4A281526E3260022CB220B20A122
:10E060001D9D1D261B361889182F15C8138B131FCD
:10E07000105F0E9F0DF80B0409BB08B805BB04D850
:10E0800003650089FFEEFE05FB70FAF5F89FF66B5D
:10E09000F5E8F33AF178F0C5EDDEEC90EB8AE89321
:10E0A000E7ACE63BE35CE2C4E0DCDE3DDDD0DB7305
:10E0B000D936D8CAD608D444D3ACD0A3CF62CE7553
:10E0C000CB4DCA88C924C60DC5AFC3BCC0E8C0CCFF
:10E0D000BE43BBE1BBD8B8C0B6F9B6CAB33CB22E9A
:10E0E000B199ADC2AD7BAC40A85DA8DDA6B9A319BE
:10E0F000A44BA0FB9E079FC19AF699429B39947B43
:10E10000951296AE8CDF92D891548000C2EB00003D
:10E110007FFF74C9679775E6686C69EA6C3D62F0C9
:10E12000674B63A35F2D624F5C545BBC5BF1566A27
:10E1300057BE5513519852CB4E784D4C4CF04895E4
:10E1400048DF4695437843E140453ED33E373A6C3D
:10E150003A31381B352C352B31F430592F9B2C217B
:10E160002B9729A326CD268D239521DD210E1DC5B4
:10E170001D081B2D186217FC152E135F12890F5EE8
:10E180000E7E0CB809F1097306C204E1040A00F11D
:10E19000FFFAFE45FB7BFAF1F854F661F592F27F47
:10E1A000F176EFD4ECFEEC73E9E3E7DEE71DE4077C
:10E1B000E2F4E166DE7CDDFBDB72D956D8B0D589AE
:10E1C000D473D2FDCFF2CF88CD00CAC9CA4DC704DF
:10E1D000C5F1C49CC15BC11FBE8EBC2FBBFBB87216
:10E1E000B76FB64CB2ABB2C9B01EAD7DADCFA9C34F
:10E1F000A8ECA825A3BAA4A8A1AE9E81A01F9AA8A6
:10E200009A6E9A9793A697AF92F98DDB96E5839EC7
:10E210009FBB00007FFF6DF0688F71F963CC6AE4EB
:10E22000656761EE65125D4C5FDB5C6959175AB03A
:10E2300054E855CF53384FF150D14C0A4C1049F2A5
:10E2400046B1472442FB427240A33D663D8F39D31D
:10E2500038E5374F34143406309C2F622DF82AC02D
:10E260002A85275E25E5249E216921081E1A1C6C3B
:10E270001B431811179014D212F611E70EB80E199D
:10E280000B870982088B055E04A4023B000FFF2F59
:10E29000FC05FB30F8EFF69DF5D2F2ABF1BCEFA236
:10E2A000ED2BEC74E950E848E655E3B8E318DFF6E7
:10E2B000DED3DD09DA44D9BCD69CD55DD3C0D0CE3F
:10E2C000D061CD43CBE5CA7AC754C709C3EAC26857
:10E2D000C13ABDD3BDB4BA92B8E5B806B447B46785
:10E2E000B13BAF56AEE6AAA4AB2AA7E6A5AFA5F30D
:10E2F000A0CBA2149E919BC79D89963899B0950793
:10E3000090E998608355BD8800007FFF68126A8796
:10E310006C9B628B69C25FC263525EFB5C685D612D
:10E32000573E5993543B541B521C4E9A4F424A5CE1
:10E330004AF4476A45C944BD40F4413E3D323CB1D0
:10E340003A3E37C4372A336633402FEE2E972CE3FC
:10E3500029E9297725E72542229A20971F6A1C2C54
:10E360001BAF18731747153712AE11D60E860DD690
:10E370000B05095107C604DB042C00F4FFF1FD9ADC
:10E38000FB64FA45F71CF66EF373F204F02DED8092
:10E39000ECB2E972E89CE5FEE413E2BBDFA9DF0D15
:10E3A000DBDBDABAD894D61FD541D1E3D153CE59AD
:10E3B000CCC6CB33C82CC7BDC42EC382C0EEBEBFF3
:10E3C000BDDDBA38BA2EB68FB594B3A6B097B0A15A
:10E3D000AC37AC99A90DA76FA6A9A215A3C09DF053
:10E3E0009F1A9BC9988D9B1D912D9AA9891CAB4B97
:10E3F00000007FFF63786CC366CD642165985E5B27
:10E40000623B5A4F5D7D574D580E54A7529451C2EE
:10E410004D934E3D49484A0145A3453F425840521D
:10E420003F073B9A3B5D37513739338032AE2FFB84
:10E430002DF92C7B296128BF251D24A421392032E8
:10E440001D981B981A011712163B12CF12250EE1C8
:10E450000DC10B310934078F04B603C60073FFB436
:10E46000FC80FB57F8CAF6D0F524F252F15CEE0DB1
:10E47000ED4CEA16E8F1E65FE469E2BDDFE6DEFBBB
:10E48000DB9BDAF0D7A2D693D3F0D201D05BCD706C
:10E49000CCA7C918C8A5C51DC442C17BBF99BE037E
:10E4A000BAE7BA70B672B681B272B211AEF1AD32DD
:10E4B000ABC3A827A892A352A4F49F1EA0899BDEF9
:10E4C0009B0699DF93F49A4087ACF08400007FFFAD
:10E4D000606E6E79620E66A1603160825D4D5B1781
:10E4E00059E456175620516652144CF54DD048B792
:10E4F000495F44A044CC40A540243CB83B7438CE8E
:10E5000036C634DC322530DA2D982CC02924288CEC
:10E5100024CC243D208D1FD51C661B5A184F16D1C4
:10E520001441124210350DB60C220934080304C2FE
:10E5300003D20063FF8CFC1BFB31F7E6F6C2F3C38A
:10E54000F244EFACEDBCEB9CE932E789E4AEE36F5B
:10E55000E035DF45DBCDDB08D77BD6B5D340D24AEB
:10E56000CF1BCDCBCB09C93BC704C4A1C306C00593
:10E57000BF05BB70BAFAB6EAB6DBB27CB29FAE2D6D
:10E58000AE41AA06A9B8A60DA4FCA24C9FFF9EDB33
:10E590009A9A9BFF94439AEF8A0D00007FFF5F36A3
:10E5A0006EFF5FDD67955D2161C9597F5C8A55808B
:10E5B000578C515152B14D084DEC48AD4934444748
:10E5C00044863FD93FDE3B653B3C36ED369D32729B
:10E5D00032022DF42D68297328D124F1243C206DBA
:10E5E0001FA71BE91B141763168212DC11F10E54CE
:10E5F0000D6109CB08D10542044200B9FFB5FC2FDB
:10E60000FB27F7A4F69AF318F20DEE8CED81E9FFE3
:10E61000E8F6E572E46BE0E4DFE1DC55DB58D7C5F2
:10E62000D6D0D334D249CEA2CDC3CA0FC93EC57A03
:10E63000C4BCC0E3C03CBC49BBBFB7ABB747B30821
:10E64000B2D5AE5DAE6CA9A7AA13A4DDA5D39FEE8B
:10E65000A1C99AAE9E44947E9CBC889CDC8000003C
:10E66000650B7FFF67C85D456851686D5C1859A1EF
:10E670005EBD5AC9526F526054694EF7492E4A0125
:10E6800049D143EF401B41073F1B3967371A379D7C
:10E69000345F2F452E152DD729B1257424F723C8B3
:10E6A0001F231BE41BB2198114C4128312380F15E7
:10E6B0000A9E093D0882049800B6FFFEFE90FA21EA
:10E6C000F70CF6AFF462EFC2ED96ED3EEA03E58C8F
:10E6D000E44BE39BDF82DB90DB1AD9BAD4EFD1D7CE
:10E6E000D1F1CF90CA60C86AC8B9C519BFEABF4D99
:10E6F000BF5BBA4DB5A8B68AB5BBAF1EABBCAE3CCE
:10E70000ABA9A35BA26DA6C3A0A296369AEEA208FF
:10E7100090D381F3B2AA00006A507FFF64E2604D9B
:10E720006BD865755A4D5D815F3E564F5274558169
:10E7300051B44A994AAF4AE844B540E041E93EE461
:10E74000390437FD37B232992EBA2EE12C4526F323
:10E75000255824D520531C601C0D19BA14B112B4CD
:10E76000121F0DFD09EB0952073D0255000DFF82F6
:10E77000FBA2F764F6A3F4D0EFEAED5EECF6E9490C
:10E78000E4C8E3F7E275DD74DA9EDA7ED6FBD212D6
:10E79000D148D03ACAF2C7BCC821C4CABF2BBE8D6B
:10E7A000BE43B85FB489B604B2E4ABC7ABABAD143B
:10E7B000A597A048A4D9A22496079848A1048F8DB4
:10E7C0008100BC5900006E257D80615763356C1A4D
:10E7D00060445A245FCC5AE65289549353AA4BACF6
:10E7E0004A3A4B2C44FE40D241DD3E0A385538307F
:10E7F000367F308F2E972E3D292F2569255721D121
:10E800001CD51C0B1A2214D612AF11EC0D3D099623
:10E81000092805BE00F7FFFDFE09F8E4F6AFF5DEB6
:10E82000F13CED90ED28E9C1E4E1E3FDE21FDCC33A
:10E83000DA99DA0CD52AD152D15DCDDCC87DC81366
:10E84000C67FC056BE5EBEB1B8F2B499B61AB23633
:10E85000AB35AC7BABDFA2AFA19EA5A69BA394DD9D
:10E860009FB897BB8000AAD80000772B7FFF635822
:10E870006B766F0F602B60C263AC594B56D0592F2B
:10E8800051654D384EFB490A43D644E840693A9BEE
:10E890003AE83795317E30F92E992878271A25796C
:10E8A0001F831D4C1C38169B139312DA0DBA09EF07
:10E8B000096104DC0064FFD0FBFDF6F3F62AF315D2
:10E8C000ED9DEC73EA21E462E2AEE11DDB45D8DFA9
:10E8D000D805D246CF09CED4C965C530C585C0A6F6
:10E8E000BB56BC11B80FB179B271AFAFA795A88F65
:10E8F000A7AF9D949E3CA088931892DC9C8A8513B8
:10E900008402EC0A000079947AB061386DA469BA87
:10E910005D07629D5E505533584153D54C6A4E2772
:10E9200049AA433B442D3FA439DB3A4535B0305C1E
:10E9300030692BC826CC269621E51D301CC8180747
:10E94000138A13000E2B09DF093C0450002EFF7EB2
:10E95000FA76F67BF5C3F099ECC3EC0DE6B9E30962
:10E96000E25EDCD6D94DD8B6D2EBCF8ECF1AC8F73F
:10E97000C5CDC58DBEF3BC0BBC18B4D3B247B2CD68
:10E98000AA80A883A9D69FBE9EC9A1A593B295656A
:10E990009C4D800097E000007D61769F62067017B5
:10E9A00064CC5E36638A58D65699578C4E164DCC39
:10E9B0004BCC43E54457403D3A073A6934E4305A7A
:10E9C000301729CB26BF25771EF91D1D1A9D1470FF
:10E9D000135F0F9E0A2D097104920028FF48F991D8
:10E9E000F653F4DCEEB0EC99EA2EE401E2E5DF4503
:10E9F000D994D91FD42DCF72CF2FC8F8C5A1C4FF89
:10EA0000BDBABC21BA73B28BB2F9AF6CA788AA3D6C
:10EA1000A3A39CDCA243962C932F9CC380009B7ADB
:10EA200000007FFF717F63A96FC55FBB60C75FFB9D
:10EA3000553F5875518B4C894D6A44DA43DF40EAA3
:10EA400039EE3A35342C30342F2F282826BD232296
:10EA50001D4A1CAC16D6135711930B1409A0059F21
:10EA6000004BFF64F974F657F434EDCDEC98E82FC1
:10EA7000E320E24EDBF2D951D6FDD04BCFBFCAB571
:10EA8000C5C7C58CBE1FBC68BA01B23BB386ACF02B
:10EA9000A80BA9EE9ED0A0649DE290AF9D3888EEB1
:10EAA0008B5D00007E0D6901633369A259EF5FC081
:10EAB0005722533A53844A054B7F44CF410E3FE9D6
:10EAC000383A383C32472E922CD425F125481FAADB
:10EAD0001BFB19F3137312780D020958072E00D689
:10EAE000FFC1FA52F6AEF47EEE22ED1CE799E3FD8B
:10EAF000E1E1DB51DA91D4D4D144CF60C856C82FBC
:10EB0000C1F7BE80BD15B503B62FAEDCABA5AB60BB
:10EB1000A08FA5A59A8198B79D288000D9A800004C
:10EB20007FFF64C666AC655E5A515F1E52CF555476
:10EB30004D984A81484040C3412F3901384032AB9B
:10EB40002E902C57258C24D81DEF1C02175412AD83
:10EB500010A109FF08E0028AFFFCFBE8F6C3F50BF1
:10EB6000EE47ED14E706E403E084DABBD99FD260F8
:10EB7000D16DCB73C7F8C555BE5CBE9FB60FB6113D
:10EB8000AFD6AB8EAB12A06FA5D0970E9D73926DD2
:10EB90008E1500007FFF603E68B85F385BE959ED75
:10EBA00051A852C248ED4A53413A41153A1B3780A9
:10EBB00033172E062BC8250023EA1C971B6C14C3A1
:10EBC00012700D4E093B05E80022FE41F76CF61D60
:10EBD000EF3EED6EE793E451E037DB0BD8D9D1F48B
:10EBE000D120C95EC8C8C17CBFB3BA55B5F3B3BAAA
:10EBF000ABCDAD5AA19FA6D197BCA0038D50A3CC9D
:10EC000000007FFF5D556A125A625DEE53F4537A3D
:10EC10004C8E49A444BA40233CA236DA34592DBD67
:10EC20002BE724C623521BF01A9D133911CB0A9DE2
:10EC300008E0021AFFDEF9ACF6C9F14FEDA5E8FED7
:10EC4000E475E0B6DB40D872D208D02EC8D2C7E750
:10EC5000BFA1BF9AB676B747AD51AEF1A427A6B013
:10EC60009AC29F148F20A88400007FFF5C496A111C
:10EC700058505DE650E4535F488E49693FD83FB530
:10EC800036F336262DF12CAC24DE23401BC019DFD1
:10EC900012991084096B072F0038FDE0F703F494F4
:10ECA000EDC9EB4AE48BE205DB4AD8C2D206CF8439
:10ECB000C8BDC64ABF6FBD17B619B3EDACB8AAD26E
:10ECC000A343A1CD99C2986996CA000067827F01CB
:10ECD000624556EF607D5BCA4C4749834BF242FB6D
:10ECE000389A3830366D2C422583257A2080169C40
:10ECF00012B511D90A6301CD0000FD6CF448EDC4D2
:10ED0000ED32E83CDE5ADA7EDA1ED244C8CEC80EB6
:10ED1000C689BB54B3ECB6DFB202A27EA0A1A9485B
:10ED200099AF8000A32900006E347FFF60275B0449
:10ED300063FB58324B0D4D714A633D4739063960CC
:10ED4000300026F3267D21CA171A132C11C308ADF3
:10ED500000C8FFDCFA69F028ECCFEB05E151D9E0FF
:10ED6000D9B5D37CC862C66FC550B947B1F2B53FBB
:10ED7000AD0B9D66A181A51288CB8326DA00000029
:10ED800071E97CA95C395DAB628E51B24ACF4DD33B
:10ED90004339391739ED3367280E266022BA177FB9
:10EDA0001324115A0740004BFF5CF72AEDEDECCC21
:10EDB000E714DC21D9BBD6D8CB01C630C652BABACB
:10EDC000B212B563ABC79CB0A40BA08A8000990DAA
:10EDD000000072D675E5578E5E6D5C8F4AEB4AE493
:10EDE00048B93AB437FC35D5298C254D234518044C
:10EDF00012B310E10651001AFE9AF48BED77EC6B1A
:10EE0000E2C3DAB5DA59D10AC7B4C876BF80B424F0
:10EE1000B700AE729EF1A71D9F078000B3DE000011
:10EE200075EA71275648607D56BD48A04BFA41C629
:10EE3000376638222DB4253D249019E612B81123E7
:10EE4000062D000CFDCEF273ED56EA8CDE9EDAAE96
:10EE5000D75FCA8EC83AC44FB5F3B660B16D9FBADA
:10EE6000A6E69E968000C4E1000079056C4D56CA66
:10EE70006140508B49674A0F3AD0381B335A268974
:10EE800025641CE7130A11BB06C5000AFD40F113F7
:10EE9000ED58E7FEDBF9DAC3D1F3C7AEC821BAF407
:10EEA000B4A3B54CA220A4BDA19A8000C7C30000A2
:10EEB0007DBA68E75A1461484CA34CA345493863AE
:10EEC00038B32B6725EA2140146812A908560014AC
:10EED000FD1BF01EED03E510DA37D921CBBCC721AD
:10EEE000C274B357B616A7429F56A5728000B92CBC
:10EEF00000007FFF63DC5CEA5D494A0B4D203DCB9F
:10EF0000390532CA261E24C3171F12FD0ACA004043
:10EF1000FD8EF000ECF0E319D9EDD6EDC82DC7A2B7
:10EF2000BACDB3A4B1659D65A7E089A09DBB0000E3
:10EF30007FFF5E0B5EB6564F497648CC383B381E95
:10EF40002980259C1BE112BD0DE800D8FE79F0BB9D
:10EF5000ED2AE25ADA73D4DEC77EC6E5B5CAB6E654
:10EF6000A6E5A3249D7F846600007FFF59A6604329
:10EF70004F794ADB4173377B3218252021E3138612
:10EF800010FA0296FF73F23CED5DE266DACDD30231
:10EF9000C7CEC40FB450B5C69FBBA9C084AECA8645
:10EFA00000007FFF56F960BE4A774B933A663818E7
:10EFB0002966252F180812840680FFF7F4E7ED7103
:10EFC000E34DDAE2D1C7C832C076B52CAFB5A12780
:10EFD000A0EE88DE00007FFF56415F8A489B4935DE
:10EFE00037643492253E207F12BB0CAA0010F8EF44
:10EFF000ED59E533DAACD15EC82FBD38B63CA80F69
:10F00000A6768CBDBF8F00007F0156EF5BCA498397
:10F0100042FB38302C42257A169C11D901CDFD6C6B
:10F02000EDC4E83CDA7ED244C80EBB54B6DFA27E03
:10F03000A948800000007FFF5B0458324D713D47B6
:10F04000396026F321CA132C08ADFFDCF028EB054C
:10F05000D9E0D37CC66FB947B53F9D66A51283261C
:10F0600000007FFF602D53E24FE93A9E34C72767C7
:10F07000182011D1004DF6EEEC48DB2BD5BEC4A311
:10F08000B8DFB3649A079DFB964B00007FFF668450
:10F0900051574EF53CC82D1B264B144D06DBFE7B0D
:10F0A000EBE0E041D71FC2E1B9F9B0BE96A096B837
:10F0B000AD5800007FFF6D2652284A683F802A2005
:10F0C0001D4C1362000EF0ACE7BCD5C8C38BBC7AF4
:10F0D000ACB7931891CEBD1F00007FFF72F156C1EF
:10F0E00045823CB12C31168007FFFCC0E9F3D56C9A
:10F0F000C992BDF7A6EE910D906DBD8D00007FFF0A
:10F1000076B45D8344CE34F5289216C50019EC9E82
:10F11000DF22D092BA9BA27693B89181A994000085
:10F120007FFF779262DB491630DB1DA30DD5FCDE35
:10F13000E791CF32B872A74E9B3F8F0C820A000036
:10F14000616359614B623A1D26F3136800E0F030A9
:10F15000E14CD356C4DDB44C9FD7800000005D0C59
:10F16000527D43EF33FE232C119FFF6DECA8D96431
:10F17000C5ADB1719C1580000000751A64424EA1A6
:10F1800037BD205C08C1F10FD95DC1C4AA7493E5F5
:10F19000800000007B4D67CB4F2F353D1AC700160E
:10F1A000E556CAA4B035968D8000A3E5000056EF61
:10F1B00049823830257A11D9FD6CE83CD244BB53E2
:04F1C000A27E8000AB
:00000001FF
