0000
0ab5
153d
1f6b
2914
321d
3a6b
41e9
4898
4e76
5388
57e6
5ba1
5ecf
618e
63f1
6611
6801
69cd
6b82
6d24
6eb6
7038
71a5
72f9
7432
754b
7641
7715
77ca
7861
78e1
794f
79b1
7a0d
7a68
7ac6
7b28
7b90
7bfc
7c69
7cd4
7d3b
7d99
7deb
7e2f
7e66
7e8e
7eaa
7ebc
7ec7
7ecf
7ed7
7ee2
7ef2
7f08
7f23
7f44
7f68
7f8d
7fb1
7fcf
7fe8
7ff8
7fff
7ffe
7ff4
7fe5
7fd2
7fbe
7faa
7f99
7f8d
7f87
7f85
7f88
7f8f
7f96
7f9d
7fa2
7fa1
7f9b
7f8f
7f7c
7f64
7f47
7f27
7f06
7ee7
7eca
7eb1
7e9d
7e8d
7e82
7e79
7e71
7e6a
7e60
7e53
7e42
7e2b
7e10
7def
7dcc
7da6
7d80
7d5a
7d37
7d17
7cfb
7ce4
7ccf
7cbd
7cad
7c9d
7c8b
7c77
7c5e
7c42
7c22
7bfd
7bd6
7bad
7b83
7b5b
7b34
7b10
7aef
7ad3
7ab9
7aa1
7a8b
7a75
7a5e
7a45
7a29
7a09
79e5
79be
7995
796a
793f
7914
78eb
78c4
78a1
7880
7863
7847
782d
7813
77f9
77dc
77bd
779b
7775
774d
7722
76f6
76ca
769d
7673
764b
7625
7602
75e2
75c4
75a7
758a
756d
754e
752d
7509
74e2
74b9
748d
7460
7433
7406
73da
73b1
738a
7365
7343
7322
7303
72e5
72c5
72a5
7282
725d
7235
720b
71df
71b2
7184
7157
712a
7100
70d7
70b1
708e
706c
704b
702a
700a
6fe8
6fc4
6f9e
6f76
6f4b
6f1f
6ef1
6ec3
6e95
6e68
6e3d
6e14
6ded
6dc8
6da5
6d82
6d61
6d3f
6d1c
6cf7
6cd0
6ca8
6c7d
6c50
6c22
6bf4
6bc6
6b99
6b6d
6b43
6b1b
6af5
6ad1
6aae
6a8b
6a68
6a44
6a1f
69f8
69ce
69a3
6977
6949
691a
68ec
68be
6892
6868
683f
6819
67f3
67cf
67ac
6788
6763
673d
6716
66ec
66c1
6694
6666
6638
6609
65dc
65af
6584
655b
6534
650e
64e9
64c4
64a0
647b
6454
642d
6403
63d8
63ab
637d
634e
6320
62f2
62c5
629a
6270
6248
6222
61fc
61d7
61b2
618c
6166
613e
6114
60e8
60bb
608d
605f
6030
6002
5fd5
5faa
5f80
5f57
5f30
5f0a
5ee5
5ebf
5e99
5e72
5e4a
5e20
5df4
5dc7
5d99
5d6b
5d3c
5d0e
5ce1
5cb5
5c8b
5c62
5c3a
5c14
5bee
5bc8
5ba1
5b7a
5b51
5b27
5afc
5acf
5aa1
5a73
5a44
5a16
59e9
59bd
5992
5969
5941
591a
58f3
58cd
58a6
587f
5856
582c
5800
57d3
57a6
5777
5749
571a
56ed
56c1
5696
566c
5644
561c
55f5
55cf
55a8
5580
5557
552d
5502
54d5
54a7
5479
544a
541c
53ee
53c2
5397
536d
5344
531c
52f5
52ce
52a7
527f
5256
522c
5201
51d4
51a6
5178
5149
511b
50ed
50c1
5095
506b
5042
501a
4ff3
4fcb
4fa4
4f7c
4f53
4f29
4efd
4ed1
4ea3
4e75
4e46
4e18
4dea
4dbd
4d92
4d67
4d3e
4d16
4cee
4cc7
4c9f
4c77
4c4e
4c23
4bf8
4bcb
4b9e
4b70
4b41
4b13
4ae5
4ab8
4a8c
4a62
4a38
4a10
49e8
49c0
4998
4970
4947
491d
48f1
48c5
4897
4869
483a
480c
47de
47b1
4785
475a
4731
4708
46e0
46b8
4690
4668
463e
4614
45e9
45bc
458f
4561
4532
4504
44d6
44a9
447d
4452
4428
43ff
43d7
43af
4387
435e
4335
430b
42df
42b3
4285
4257
4229
41fb
41cd
419f
4173
4148
411e
40f5
40cc
40a4
407c
4053
402a
4000
3fd4
3fa8
3f7b
3f4d
3f1e
3ef0
3ec2
3e95
3e68
3e3d
3e13
3dea
3dc1
3d99
3d70
3d48
3d1e
3cf4
3cc9
3c9c
3c6f
3c41
3c13
3be5
3bb7
3b89
3b5d
3b31
3b07
3add
3ab5
3a8c
3a64
3a3b
3a12
39e7
39bc
3990
3963
3935
3906
38d8
38aa
387d
3850
3825
37fa
37d0
37a7
377f
3756
372e
3704
36da
36af
3682
3655
3627
35f9
35cb
359d
356f
3543
3517
34ec
34c3
3499
3471
3448
341f
33f6
33cc
33a1
3374
3347
331a
32eb
32bd
328f
3261
3235
3209
31de
31b4
318b
3162
3139
3111
30e7
30bd
3092
3066
3039
300b
2fdd
2fae
2f80
2f53
2f26
2efa
2ecf
2ea5
2e7c
2e53
2e2a
2e01
2dd8
2dad
2d82
2d56
2d29
2cfc
2cce
2c9f
2c71
2c44
2c17
2beb
2bc0
2b95
2b6c
2b43
2b1a
2af1
2ac8
2a9e
2a73
2a47
2a1a
29ec
29be
2990
2962
2934
2907
28db
28b0
2885
285c
2833
280a
27e1
27b7
278d
2762
2736
2709
26dc
26ae
2680
2652
2624
25f7
25cb
259f
2575
254b
2522
24f9
24d0
24a7
247c
2451
2426
23f9
23cb
239d
236f
2341
2313
22e6
22ba
228f
2264
223a
2211
21e8
21bf
2195
216b
2140
2115
20e8
20bb
208d
205e
2030
2002
1fd5
1fa9
1f7d
1f53
1f29
1f00
1ed7
1ead
1e84
1e5a
1e2f
1e03
1dd7
1da9
1d7b
1d4d
1d1f
1cf1
1cc4
1c98
1c6c
1c41
1c17
1bee
1bc5
1b9c
1b72
1b48
1b1d
1af2
1ac5
1a98
1a6a
1a3c
1a0e
19e0
19b3
1986
195a
1930
1905
18dc
18b3
188a
1860
1836
180b
17e0
17b3
1786
1758
172a
16fc
16ce
16a1
1674
1648
161e
15f3
15ca
15a1
1577
154e
1524
14f9
14ce
14a1
1474
1446
1418
13ea
13bc
138f
1362
1336
130b
12e1
12b7
128e
1265
123c
1212
11e7
11bb
118f
1162
1134
1106
10d8
10aa
107d
1050
1024
0ff9
0fcf
0fa5
0f7c
0f52
0f29
0eff
0ed4
0ea9
0e7d
0e50
0e22
0df4
0dc6
0d98
0d6a
0d3e
0d12
0ce6
0cbc
0c92
0c69
0c40
0c16
0bec
0bc2
0b97
0b6a
0b3d
0b10
0ae2
0ab4
0a86
0a58
0a2b
09ff
09d4
09a9
0980
0956
092d
0904
08da
08af
0884
0858
082b
07fd
07cf
07a1
0773
0746
0719
06ec
06c1
0697
066d
0643
061a
05f1
05c7
059c
0571
0545
0518
04eb
04bd
048f
0461
0433
0406
03da
03ae
0384
035a
0330
0307
02de
02b4
028a
025f
0233
0206
01d8
01aa
017c
014e
0120
00f3
00c7
009c
0071
0047
001e
fff5
ffcc
ffa2
ff78
ff4d
ff21
fef4
fec7
fe99
fe6b
fe3d
fe0f
fde2
fdb5
fd8a
fd5f
fd35
fd0c
fce2
fcb9
fc8f
fc65
fc3a
fc0e
fbe2
fbb4
fb86
fb58
fb2a
fafc
facf
faa3
fa77
fa4c
fa22
f9f9
f9cf
f9a6
f97c
f952
f927
f8fc
f8cf
f8a2
f874
f846
f818
f7ea
f7bd
f790
f764
f73a
f70f
f6e6
f6bd
f693
f66a
f640
f615
f5e9
f5bc
f58f
f561
f533
f505
f4d7
f4aa
f47d
f452
f427
f3fd
f3d3
f3aa
f380
f357
f32d
f302
f2d6
f2aa
f27d
f24f
f221
f1f3
f1c5
f198
f16b
f13f
f114
f0ea
f0c0
f097
f06e
f044
f01a
eff0
efc4
ef98
ef6b
ef3d
ef0f
eee1
eeb3
ee85
ee59
ee2d
ee02
edd7
edae
ed85
ed5b
ed32
ed08
ecdd
ecb2
ec86
ec58
ec2b
ebfd
ebcf
eba1
eb73
eb46
eb1a
eaef
eac5
ea9b
ea72
ea49
ea20
e9f6
e9cb
e9a0
e974
e947
e919
e8eb
e8bd
e88f
e861
e834
e808
e7dd
e7b3
e789
e760
e737
e70d
e6e4
e6b9
e68e
e662
e635
e607
e5d9
e5ab
e57d
e54f
e522
e4f6
e4cb
e4a1
e477
e44e
e425
e3fc
e3d2
e3a7
e37c
e350
e323
e2f6
e2c8
e29a
e26b
e23e
e211
e1e5
e1b9
e18f
e165
e13c
e113
e0ea
e0c0
e096
e06b
e03f
e012
dfe5
dfb7
df88
df5a
df2d
df00
ded3
dea8
de7e
de54
de2b
de02
ddd9
ddaf
dd85
dd5a
dd2e
dd01
dcd4
dca6
dc78
dc49
dc1c
dbef
dbc2
db97
db6c
db43
db1a
daf1
dac8
da9e
da74
da49
da1d
d9f1
d9c3
d995
d967
d939
d90b
d8de
d8b2
d886
d85c
d832
d809
d7e0
d7b7
d78e
d764
d739
d70d
d6e1
d6b3
d685
d657
d629
d5fb
d5ce
d5a1
d576
d54b
d522
d4f8
d4d0
d4a7
d47d
d454
d429
d3fd
d3d1
d3a4
d376
d347
d319
d2eb
d2be
d292
d266
d23b
d212
d1e9
d1c0
d197
d16e
d144
d11a
d0ee
d0c2
d094
d066
d038
d00a
cfdc
cfaf
cf82
cf57
cf2c
cf02
ced9
ceb0
ce88
ce5f
ce35
ce0b
cddf
cdb3
cd86
cd58
cd2a
ccfb
cccd
cca0
cc73
cc48
cc1d
cbf3
cbca
cba2
cb79
cb50
cb27
cafc
cad1
caa5
ca78
ca4a
ca1c
c9ed
c9bf
c992
c965
c93a
c90f
c8e5
c8bc
c894
c86b
c842
c819
c7ef
c7c4
c798
c76b
c73d
c70f
c6e0
c6b2
c685
c658
c62c
c601
c5d8
c5af
c586
c55e
c535
c50c
c4e2
c4b7
c48b
c45e
c430
c402
c3d4
c3a6
c378
c34b
c320
c2f5
c2cb
c2a2
c27a
c251
c229
c200
c1d6
c1ab
c17f
c153
c125
c0f7
c0c8
c09a
c06c
c040
c014
bfe9
bfbf
bf96
bf6e
bf46
bf1e
bef5
becb
bea1
be75
be48
be1a
bdec
bdbe
bd90
bd62
bd35
bd09
bcde
bcb5
bc8c
bc63
bc3b
bc13
bbeb
bbc1
bb97
bb6b
bb3f
bb11
bae3
bab4
ba86
ba58
ba2b
b9ff
b9d5
b9ab
b982
b95a
b932
b90a
b8e2
b8b9
b88e
b863
b836
b809
b7db
b7ac
b77e
b750
b723
b6f7
b6cc
b6a3
b67a
b652
b62a
b603
b5da
b5b1
b587
b55c
b530
b502
b4d4
b4a6
b477
b449
b41c
b3f0
b3c5
b39c
b373
b34b
b324
b2fc
b2d4
b2ac
b282
b257
b22a
b1fd
b1cf
b1a1
b172
b144
b117
b0eb
b0c0
b097
b06e
b046
b01f
aff8
afd0
afa8
af7e
af53
af27
aefa
aecc
ae9d
ae6f
ae41
ae14
ade8
adbd
ad93
ad6b
ad43
ad1c
acf6
acce
aca6
ac7d
ac52
ac26
abf9
abcb
ab9c
ab6e
ab40
ab13
aae6
aabc
aa92
aa6a
aa43
aa1c
a9f5
a9ce
a9a7
a97d
a953
a927
a8fa
a8cc
a89e
a86f
a841
a814
a7e8
a7bd
a794
a76c
a745
a71e
a6f8
a6d1
a6aa
a681
a657
a62c
a5ff
a5d1
a5a2
a574
a546
a518
a4ec
a4c1
a498
a470
a44a
a424
a3fe
a3d7
a3b0
a388
a35e
a333
a307
a2d9
a2aa
a27c
a24e
a220
a1f4
a1c9
a1a0
a179
a152
a12d
a107
a0e1
a0bb
a093
a06a
a03f
a012
9fe5
9fb6
9f88
9f59
9f2c
9f00
9ed5
9eac
9e85
9e5f
9e3a
9e15
9df0
9dca
9da2
9d79
9d4f
9d23
9cf5
9cc7
9c98
9c6a
9c3d
9c11
9be6
9bbd
9b96
9b71
9b4c
9b28
9b03
9ade
9ab7
9a8f
9a65
9a39
9a0c
99dd
99af
9981
9953
9927
98fd
98d4
98ae
9889
9865
9841
981d
97f9
97d3
97ab
9781
9756
9729
96fb
96cc
969e
9671
9645
961b
95f3
95cd
95a8
9585
9562
953f
951b
94f6
94cf
94a6
947b
944f
9421
93f3
93c5
9397
936c
9342
931a
92f5
92d1
92af
928d
926b
9248
9224
91fe
91d6
91ac
917f
9152
9124
90f6
90c9
909d
9074
904d
9028
9006
8fe4
8fc4
8fa3
8f82
8f5f
8f3a
8f13
8ee9
8ebe
8e91
8e63
8e35
8e09
8dde
8db5
8d8f
8d6b
8d49
8d2a
8d0b
8cec
8ccc
8cab
8c87
8c61
8c39
8c0e
8be2
8bb4
8b87
8b5b
8b30
8b09
8ae3
8ac1
8aa1
8a83
8a66
8a4a
8a2c
8a0d
89eb
89c7
89a0
8976
894b
891e
88f2
88c6
889d
8876
8852
8832
8814
87f9
87df
87c5
87aa
878e
876e
874c
8727
86ff
86d5
86aa
867e
8654
862c
8607
85e5
85c8
85ad
8595
857f
8569
8552
853a
851e
84ff
84dd
84b7
848f
8466
843c
8414
83ee
83cc
83ae
8394
837e
836b
835a
834a
8339
8326
8310
82f6
82d8
82b6
8292
826b
8245
8220
81ff
81e1
81c8
81b4
81a5
819a
8192
818b
8183
8179
816b
8158
8142
8127
8108
80e8
80c8
80a9
808e
8079
8069
8061
805e
8060
8066
806e
8075
807a
807b
8076
806d
805e
804c
8037
8023
8012
8006
8000
8004
8010
8025
8041
8062
8087
80ac
80ce
80ed
8105
8117
8124
812d
8135
813e
814d
8164
8186
81b6
81f4
8240
8299
82fc
8366
83d3
8440
84a9
850e
856e
85c9
8625
8683
86eb
8762
87ee
8895
895b
8a41
8b4b
8c75
8dbd
8f20
9098
9223
93be
956a
972a
9909
9b11
9d52
9fe5
a2dd
a654
aa67
af24
b4a4
baf4
c213
ca04
d2bb
dc1e
e615
f079
fb1f
0000
0b58
167a
212e
2b4e
34aa
3d33
44cd
4b7f
5146
5639
5a69
5df5
60f8
6392
65db
67eb
69d4
6ba1
6d5b
6f02
7096
7212
7371
74af
75c8
76ba
7788
7832
78c1
7939
79a3
7a05
7a66
7ac9
7b32
7ba0
7c12
7c86
7cf7
7d60
7dbf
7e10
7e51
7e81
7ea3
7eb9
7ec6
7ecf
7ed7
7ee2
7ef3
7f0b
7f29
7f4c
7f73
7f9a
7fbe
7fdc
7ff1
7ffe
7fff
7ff8
7fea
7fd6
7fc0
7fab
7f9a
7f8d
7f87
7f86
7f8a
7f91
7f99
7fa0
7fa3
7f9f
7f95
7f84
7f6b
7f4e
7f2d
7f0a
7ee9
7eca
7eb0
7e9b
7e8b
7e7f
7e77
7e6f
7e66
7e5b
7e4a
7e35
7e1a
7df9
7dd4
7dac
7d84
7d5c
7d37
7d15
7cf8
7ce0
7ccb
7cb8
7ca7
7c96
7c82
7c6a
7c4e
7c2d
7c08
7bdf
7bb3
7b87
7b5c
7b33
7b0d
7aeb
7acd
7ab2
7a9a
7a83
7a6b
7a52
7a35
7a15
79f1
79c9
799d
7970
7942
7914
78e9
78c0
789b
7879
785b
783e
7823
7807
77ea
77cb
77a7
7781
7757
772a
76fc
76cc
769e
7670
7646
761f
75fa
75d9
75b9
759b
757c
755d
753a
7516
74ed
74c2
7495
7465
7435
7406
73d7
73ac
7382
735c
7339
7317
72f6
72d5
72b4
7290
726a
7240
7214
71e6
71b6
7186
7155
7127
70fa
70cf
70a8
7083
705f
703d
701a
6ff7
6fd2
6faa
6f80
6f54
6f25
6ef5
6ec4
6e93
6e64
6e36
6e0b
6de2
6dbc
6d97
6d73
6d4f
6d2b
6d05
6cdc
6cb2
6c85
6c56
6c25
6bf4
6bc4
6b94
6b66
6b3a
6b10
6ae8
6ac2
6a9d
6a78
6a53
6a2c
6a03
69d8
69ab
697c
694b
691a
68e9
68b9
688a
685e
6833
680b
67e4
67be
6798
6772
674a
6721
66f5
66c8
6699
6668
6637
6606
65d5
65a6
6579
654e
6525
64fd
64d7
64b0
6489
6461
6437
640c
63de
63af
637e
634d
631b
62eb
62bc
628e
6263
6239
6211
61e9
61c2
619a
6172
6148
611c
60ee
60bf
608e
605d
602b
5ffb
5fcb
5f9e
5f72
5f47
5f1e
5ef6
5ecf
5ea7
5e7e
5e53
5e27
5df9
5dca
5d99
5d68
5d37
5d06
5cd6
5ca8
5c7c
5c51
5c28
5bff
5bd7
5bae
5b85
5b5b
5b2e
5b00
5ad1
5aa0
5a6f
5a3e
5a0d
59dd
59af
5982
5957
592d
5904
58dc
58b3
5889
585e
5832
5804
57d5
57a4
5773
5742
5711
56e1
56b2
5685
565a
5630
5606
55dd
55b4
558a
555f
5533
5505
54d5
54a5
5474
5442
5412
53e2
53b3
5386
535a
532f
5305
52dc
52b3
5289
525e
5231
5203
51d4
51a3
5172
5141
5110
50e0
50b1
5083
5057
502c
5002
4fd9
4faf
4f85
4f5a
4f2d
4eff
4ed0
4e9f
4e6e
4e3d
4e0c
4ddc
4dad
4d7f
4d53
4d28
4cfd
4cd4
4caa
4c7f
4c54
4c27
4bf9
4bca
4b9a
4b69
4b37
4b06
4ad6
4aa7
4a79
4a4d
4a21
49f7
49cd
49a3
4978
494d
4920
48f2
48c3
4892
4861
4830
47ff
47cf
479f
4771
4745
4719
46ee
46c4
469a
466f
4644
4617
45e9
45ba
458a
4559
4527
44f6
44c6
4497
4468
443b
4410
43e5
43ba
4390
4365
4339
430d
42df
42b0
427f
424f
421d
41ec
41bc
418c
415e
4131
4105
40da
40af
4085
405a
402e
4001
3fd3
3fa4
3f74
3f43
3f12
3ee1
3eb1
3e81
3e53
3e25
3df9
3dce
3da3
3d78
3d4d
3d22
3cf5
3cc7
3c98
3c68
3c37
3c06
3bd5
3ba4
3b75
3b46
3b19
3aec
3ac1
3a96
3a6b
3a40
3a14
39e8
39ba
398b
395b
392a
38f9
38c8
3897
3868
3839
380b
37df
37b3
3788
375d
3732
3706
36da
36ac
367d
364d
361c
35eb
35ba
3589
355a
352b
34fd
34d1
34a5
347a
344f
3423
33f8
33cb
339d
336e
333e
330e
32dd
32ac
327b
324b
321c
31ee
31c2
3196
316a
313f
3114
30e8
30bb
308e
305f
302f
2ffe
2fcd
2f9c
2f6c
2f3c
2f0d
2edf
2eb2
2e86
2e5b
2e2f
2e04
2dd8
2dab
2d7e
2d4f
2d1f
2cef
2cbe
2c8d
2c5c
2c2c
2bfd
2bcf
2ba2
2b76
2b4a
2b1f
2af4
2ac8
2a9b
2a6d
2a3e
2a0f
29de
29ad
297c
294c
291c
28ec
28be
2891
2865
2839
280e
27e3
27b7
278a
275c
272e
26fe
26cd
269d
266c
263b
260b
25dc
25ad
2580
2554
2528
24fd
24d1
24a5
2479
244b
241c
23ed
23bc
238b
235a
232a
22fa
22ca
229c
226f
2242
2216
21eb
21bf
2193
2167
2139
210b
20db
20ab
207a
2049
2018
1fe8
1fb9
1f8a
1f5d
1f30
1f05
1ed9
1ead
1e81
1e55
1e27
1df9
1dc9
1d99
1d68
1d37
1d06
1cd6
1ca7
1c78
1c4b
1c1e
1bf2
1bc7
1b9b
1b6f
1b42
1b15
1ae6
1ab7
1a87
1a56
1a25
19f4
19c4
1995
1966
1938
190c
18e0
18b4
1888
185d
1830
1802
17d4
17a5
1774
1744
1713
16e2
16b2
1682
1654
1626
15f9
15cd
15a1
1576
154a
151d
14f0
14c1
1492
1462
1431
1400
13d0
139f
1370
1341
1313
12e6
12ba
128e
1263
1237
120a
11dd
11ae
117f
114f
111f
10ee
10bd
108c
105d
102e
1000
0fd3
0fa7
0f7b
0f50
0f24
0ef7
0eca
0e9b
0e6c
0e3c
0e0c
0ddb
0daa
0d7a
0d4a
0d1b
0ced
0cc0
0c94
0c68
0c3c
0c10
0be4
0bb7
0b88
0b59
0b29
0af9
0ac8
0a97
0a67
0a37
0a08
09da
09ad
0980
0955
0929
08fd
08d1
08a3
0875
0846
0816
07e6
07b5
0784
0753
0724
06f5
06c7
0699
066d
0641
0615
05ea
05bd
0590
0562
0533
0503
04d2
04a2
0471
0440
0410
03e1
03b3
0386
035a
032e
0302
02d6
02aa
027d
024f
0220
01f0
01bf
018e
015e
012d
00fd
00ce
00a0
0073
0046
001a
ffef
ffc4
ff97
ff6a
ff3c
ff0d
fede
fead
fe7c
fe4b
fe1b
fdeb
fdbc
fd8d
fd60
fd34
fd08
fcdc
fcb0
fc84
fc57
fc29
fbfa
fbca
fb9a
fb69
fb38
fb08
fad8
faa8
fa7a
fa4d
fa20
f9f4
f9c8
f99d
f970
f943
f916
f8e7
f8b7
f887
f856
f825
f7f4
f7c4
f795
f767
f739
f70d
f6e1
f6b5
f689
f65d
f630
f602
f5d4
f5a4
f574
f543
f512
f4e1
f4b1
f482
f454
f426
f3f9
f3cd
f3a2
f376
f34a
f31d
f2ef
f2c1
f291
f261
f230
f1ff
f1ce
f19e
f16f
f140
f113
f0e6
f0ba
f08e
f063
f037
f00a
efdc
efae
ef7e
ef4e
ef1d
eeec
eebc
ee8b
ee5c
ee2d
ee00
edd3
eda7
ed7b
ed50
ed24
ecf7
ecc9
ec9b
ec6b
ec3b
ec0a
ebda
eba9
eb79
eb49
eb1a
eaed
eac0
ea94
ea68
ea3d
ea11
e9e4
e9b7
e988
e959
e929
e8f8
e8c7
e896
e866
e836
e808
e7da
e7ad
e781
e755
e72a
e6fe
e6d1
e6a4
e676
e646
e616
e5e6
e5b5
e584
e554
e524
e4f5
e4c7
e49b
e46f
e443
e417
e3ec
e3bf
e392
e364
e334
e304
e2d4
e2a3
e272
e241
e212
e1e3
e1b5
e188
e15c
e131
e105
e0d9
e0ad
e080
e052
e022
dff2
dfc2
df91
df60
df2f
df00
ded1
dea3
de76
de4a
de1f
ddf3
ddc7
dd9b
dd6e
dd40
dd11
dce1
dcb0
dc7f
dc4e
dc1e
dbee
dbbf
db91
db65
db38
db0d
dae1
dab6
da8a
da5d
da2f
da00
d9d0
d99f
d96e
d93d
d90d
d8dd
d8ae
d880
d853
d827
d7fc
d7d0
d7a5
d779
d74c
d71e
d6ef
d6bf
d68e
d65e
d62d
d5fc
d5cc
d59d
d56f
d542
d516
d4eb
d4bf
d494
d468
d43b
d40d
d3df
d3af
d37e
d34d
d31c
d2ec
d2bc
d28d
d25f
d232
d206
d1da
d1af
d184
d158
d12b
d0fd
d0cf
d09f
d06e
d03d
d00c
cfdc
cfac
cf7d
cf4f
cf22
cef6
ceca
ce9f
ce74
ce48
ce1c
cdee
cdbf
cd90
cd5f
cd2e
ccfd
cccc
cc9c
cc6d
cc3f
cc12
cbe6
cbbb
cb90
cb65
cb39
cb0d
cadf
cab1
ca81
ca51
ca20
c9ef
c9be
c98e
c95f
c930
c903
c8d7
c8ac
c881
c856
c82b
c7ff
c7d1
c7a3
c773
c743
c712
c6e1
c6b0
c680
c650
c622
c5f5
c5c9
c59e
c573
c548
c51d
c4f1
c4c4
c496
c466
c436
c405
c3d4
c3a3
c373
c343
c315
c2e8
c2bc
c291
c266
c23c
c210
c1e4
c1b7
c189
c15a
c12a
c0f9
c0c8
c097
c066
c037
c009
bfdc
bfb0
bf85
bf5a
bf30
bf05
bed9
beac
be7e
be4f
be1e
bdee
bdbc
bd8b
bd5b
bd2c
bcfd
bcd0
bca5
bc7a
bc4f
bc25
bbfa
bbce
bba2
bb74
bb45
bb14
bae3
bab2
ba81
ba51
ba21
b9f3
b9c6
b99a
b970
b945
b91b
b8f0
b8c5
b899
b86b
b83c
b80c
b7db
b7aa
b778
b748
b718
b6ea
b6bd
b691
b667
b63d
b613
b5e8
b5bd
b591
b563
b534
b504
b4d3
b4a2
b471
b441
b411
b3e3
b3b6
b38a
b360
b336
b30c
b2e2
b2b7
b28b
b25d
b22f
b1ff
b1ce
b19d
b16b
b13b
b10b
b0dd
b0b0
b084
b05a
b030
b007
afdd
afb2
af86
af59
af2b
aefb
aeca
ae99
ae68
ae37
ae07
add9
adac
ad81
ad56
ad2d
ad04
acda
acb0
ac84
ac57
ac29
abf9
abc8
ab97
ab66
ab35
ab05
aad7
aaaa
aa7f
aa55
aa2c
aa03
a9da
a9b0
a985
a958
a92a
a8fa
a8c9
a898
a867
a836
a806
a7d8
a7ab
a780
a756
a72d
a705
a6dc
a6b2
a688
a65b
a62d
a5fe
a5cd
a59c
a56a
a53a
a50a
a4dc
a4af
a484
a45b
a432
a40a
a3e1
a3b8
a38e
a362
a334
a305
a2d4
a2a3
a272
a241
a211
a1e3
a1b6
a18c
a162
a13a
a112
a0eb
a0c2
a098
a06c
a03f
a010
9fdf
9fae
9f7d
9f4c
9f1c
9eee
9ec2
9e97
9e6e
9e47
9e20
9df8
9dd0
9da7
9d7c
9d4e
9d20
9cef
9cbe
9c8d
9c5c
9c2c
9bfe
9bd2
9ba8
9b80
9b58
9b32
9b0b
9ae4
9abb
9a90
9a64
9a35
9a05
99d4
99a3
9972
9942
9914
98e9
98bf
9897
9870
984a
9825
97fe
97d6
97ac
9780
9752
9722
96f1
96c0
968f
965f
9632
9606
95dd
95b5
9590
956b
9546
9520
94f9
94d0
94a4
9477
9447
9416
93e5
93b5
9385
9358
932d
9304
92dd
92b9
9295
9271
924c
9226
91fe
91d3
91a6
9177
9147
9116
90e5
90b6
9089
905f
9037
9011
8fee
8fcb
8fa9
8f85
8f61
8f3a
8f10
8ee4
8eb5
8e85
8e55
8e24
8df6
8dc9
8d9f
8d78
8d54
8d32
8d11
8cf0
8ccf
8cac
8c86
8c5e
8c32
8c05
8bd5
8ba5
8b76
8b48
8b1c
8af3
8acd
8aab
8a8b
8a6c
8a4d
8a2e
8a0d
89ea
89c3
8999
896d
893e
890f
88e0
88b3
8888
8861
883d
881d
87ff
87e3
87c8
87ac
878d
876d
8748
8720
86f5
86c8
869a
866d
8641
8618
85f3
85d1
85b4
859a
8582
856b
8553
8539
851c
84fb
84d6
84ad
8482
8456
842b
8401
83db
83b9
839c
8383
836f
835d
834b
833a
8325
830e
82f2
82d1
82ad
8285
825d
8235
820f
81ed
81d1
81ba
81a9
819c
8193
818b
8183
8178
8169
8155
813c
811e
80fd
80db
80b9
809b
8081
806e
8062
805e
805f
8065
806d
8075
807a
807a
8075
8069
8059
8044
802f
801a
800a
8001
8001
800b
801f
803b
805e
8084
80ab
80d0
80ef
8108
811b
8127
8130
8138
8144
8157
8176
81a4
81e0
822e
8289
82f1
8361
83d4
8447
84b6
8520
8585
85e5
8647
86ae
8723
87ac
8850
8915
8a00
8b10
8c46
8d9e
8f14
90a3
9246
93fc
95c5
97a7
99ad
9be8
9e6c
a157
a4c0
a8cd
ad8f
b32a
b9a2
c10f
c95e
d293
dc85
e720
f22d
fd7f
0000
0c03
17c5
230a
2d97
374b
4003
47b1
4e5b
5404
58ca
5ccd
6026
6302
657d
67b3
69bc
6ba6
6d79
6f37
70df
726c
73d7
751a
7634
7722
77e8
788c
7913
7987
79f0
7a56
7abf
7b2d
7ba2
7c1b
7c96
7d0c
7d7a
7dda
7e2a
7e68
7e93
7eb0
7ec2
7ecc
7ed5
7ee0
7ef0
7f08
7f28
7f4d
7f77
7f9f
7fc5
7fe3
7ff6
7fff
7ffd
7ff2
7fdf
7fc9
7fb2
7f9e
7f8f
7f87
7f86
7f8a
7f92
7f9a
7fa1
7fa2
7f9d
7f90
7f7b
7f5f
7f3d
7f19
7ef5
7ed3
7eb6
7e9f
7e8d
7e80
7e77
7e6f
7e65
7e58
7e46
7e2e
7e0f
7deb
7dc2
7d97
7d6c
7d44
7d1f
7cff
7ce4
7ccd
7cba
7ca7
7c94
7c7f
7c65
7c46
7c22
7bfa
7bcd
7b9f
7b70
7b43
7b1a
7af5
7ad4
7ab7
7a9d
7a84
7a6b
7a50
7a32
7a0f
79e7
79bc
798d
795d
792c
78fd
78d0
78a8
7883
7861
7843
7826
7809
77ea
77c8
77a3
7779
774c
771c
76ea
76b8
7687
7659
762e
7606
75e2
75c0
75a0
757f
755e
753a
7512
74e7
74b9
7488
7456
7423
73f1
73c1
7394
736b
7344
7320
72fd
72da
72b7
7291
7268
723c
720d
71dc
71a9
7176
7143
7112
70e4
70b9
7090
706a
7045
7021
6ffc
6fd5
6fab
6f7f
6f4f
6f1d
6eea
6eb6
6e83
6e52
6e22
6df6
6dcc
6da4
6d7e
6d58
6d32
6d0a
6cdf
6cb2
6c82
6c51
6c1d
6be9
6bb6
6b83
6b53
6b26
6afb
6ad2
6aaa
6a83
6a5c
6a33
6a08
69db
69ab
6979
6945
6911
68dd
68ab
687a
684c
6820
67f6
67cd
67a5
677d
6753
6728
66fa
66ca
6698
6665
6630
65fc
65ca
6598
6569
653d
6512
64e8
64bf
6496
646c
6441
6413
63e2
63b0
637d
6349
6315
62e1
62b0
6280
6253
6227
61fd
61d3
61aa
617f
6153
6125
60f5
60c3
608f
605b
6027
5ff4
5fc2
5f92
5f64
5f37
5f0c
5ee2
5eb8
5e8d
5e61
5e33
5e02
5dd0
5d9d
5d69
5d35
5d01
5ccf
5c9e
5c70
5c43
5c17
5bed
5bc2
5b97
5b6a
5b3c
5b0c
5ada
5aa7
5a73
5a3e
5a0b
59d8
59a7
5978
594b
591f
58f4
58c9
589d
5870
5842
5812
57e0
57ad
5779
5745
5711
56de
56ad
567d
5650
5623
55f8
55cc
55a0
5574
5545
5515
54e3
54b0
547c
5448
5414
53e1
53b0
5380
5352
5325
52f9
52cd
52a1
5274
5246
5216
51e4
51b1
517d
5149
5115
50e2
50b0
5080
5051
5024
4ff8
4fcc
4fa0
4f72
4f44
4f14
4ee2
4eb0
4e7c
4e47
4e14
4de0
4dae
4d7e
4d4f
4d22
4cf5
4cc9
4c9c
4c6f
4c40
4c10
4bdf
4bac
4b78
4b44
4b10
4add
4aab
4a7a
4a4b
4a1d
49f0
49c4
4997
496a
493b
490b
48da
48a7
4874
483f
480b
47d8
47a6
4775
4745
4717
46ea
46bd
4690
4663
4635
4605
45d3
45a1
456d
4539
4505
44d2
449f
446e
443e
4410
43e2
43b5
4388
435b
432d
42fd
42cc
4299
4266
4232
41fe
41ca
4197
4166
4136
4107
40da
40ad
407f
4052
4023
3ff4
3fc3
3f90
3f5d
3f29
3ef5
3ec1
3e8e
3e5d
3e2d
3dfe
3dd0
3da3
3d75
3d48
3d19
3cea
3cb9
3c86
3c53
3c1f
3beb
3bb7
3b85
3b53
3b22
3af3
3ac5
3a98
3a6a
3a3d
3a0e
39df
39ae
397c
3948
3915
38e1
38ad
387a
3848
3817
37e8
37ba
378c
375f
3731
3702
36d3
36a2
3670
363d
3609
35d5
35a1
356e
353c
350c
34dc
34ad
3480
3452
3424
33f6
33c6
3396
3364
3331
32fd
32c9
3295
3262
3230
31ff
31cf
31a0
3172
3145
3117
30e9
30b9
3089
3057
3024
2ff0
2fbc
2f89
2f55
2f23
2ef2
2ec2
2e93
2e65
2e37
2e09
2ddb
2dab
2d7b
2d49
2d16
2ce3
2caf
2c7b
2c48
2c15
2be4
2bb4
2b85
2b57
2b29
2afb
2acc
2a9d
2a6d
2a3b
2a09
29d5
29a1
296d
293a
2907
28d6
28a6
2876
2848
281a
27ec
27be
278e
275e
272d
26fa
26c7
2693
265f
262c
25f9
25c7
2597
2568
2539
250b
24dd
24af
247f
244f
241e
23eb
23b8
2384
2350
231d
22ea
22b8
2288
2258
222a
21fb
21cd
219f
2170
2140
210f
20dc
20a9
2075
2041
200e
1fdb
1fa9
1f78
1f49
1f1a
1eec
1ebe
1e8f
1e60
1e30
1dff
1dcd
1d9a
1d66
1d32
1cfe
1ccc
1c9a
1c69
1c39
1c0a
1bdc
1bad
1b7f
1b50
1b20
1aef
1abd
1a8a
1a56
1a22
19ef
19bc
198a
1959
1929
18fa
18cb
189d
186f
1840
1810
17df
17ad
177a
1746
1713
16df
16ac
167a
1648
1618
15e9
15bb
158c
155e
152f
14ff
14cf
149d
146a
1436
1402
13cf
139c
1369
1338
1308
12d8
12aa
127c
124d
121e
11ef
11be
118c
1159
1126
10f2
10bf
108b
1059
1027
0ff7
0fc8
0f99
0f6b
0f3c
0f0d
0ede
0ead
0e7c
0e49
0e16
0de2
0dae
0d7b
0d48
0d17
0ce6
0cb7
0c88
0c5a
0c2b
0bfc
0bcd
0b9c
0b6b
0b38
0b05
0ad1
0a9e
0a6a
0a38
0a06
09d5
09a6
0977
0948
091a
08eb
08bc
088c
085a
0828
07f4
07c1
078d
075a
0727
06f5
06c4
0695
0666
0637
0609
05da
05ab
057b
0549
0517
04e4
04b0
047c
0449
0416
03e4
03b3
0383
0354
0326
02f8
02c9
029a
026a
0238
0206
01d3
019f
016c
0138
0105
00d3
00a2
0072
0043
0015
ffe7
ffb9
ff89
ff59
ff28
fef6
fec3
fe90
fe5c
fe28
fdf5
fdc3
fd92
fd62
fd33
fd04
fcd6
fca7
fc78
fc48
fc17
fbe5
fbb2
fb7f
fb4b
fb18
fae4
fab2
fa81
fa51
fa22
f9f3
f9c5
f996
f967
f937
f906
f8d5
f8a2
f86e
f83a
f807
f7d4
f7a1
f770
f740
f710
f6e2
f6b3
f685
f656
f626
f5f6
f5c4
f591
f55e
f52a
f4f6
f4c3
f490
f45f
f42f
f3ff
f3d0
f3a2
f374
f345
f315
f2e5
f2b3
f280
f24d
f219
f1e6
f1b2
f180
f14e
f11e
f0ee
f0bf
f091
f063
f034
f005
efd4
efa3
ef70
ef3d
ef09
eed5
eea2
ee6f
ee3d
ee0d
eddd
edae
ed80
ed52
ed23
ecf4
ecc4
ec92
ec60
ec2c
ebf9
ebc5
eb91
eb5f
eb2d
eafc
eacd
ea9e
ea6f
ea41
ea13
e9e3
e9b3
e982
e950
e91c
e8e9
e8b5
e881
e84e
e81d
e7ec
e7bc
e78d
e75f
e731
e702
e6d3
e6a3
e672
e640
e60c
e5d9
e5a5
e571
e53e
e50c
e4db
e4ac
e47d
e44e
e420
e3f2
e3c3
e393
e362
e330
e2fd
e2c9
e295
e262
e22f
e1fd
e1cb
e19c
e16d
e13e
e110
e0e2
e0b3
e083
e052
e020
dfed
dfba
df86
df52
df1f
deed
debc
de8c
de5d
de2e
de00
ddd2
dda3
dd74
dd43
dd11
dcde
dcab
dc77
dc43
dc10
dbde
dbac
db7c
db4d
db1f
daf1
dac3
da94
da65
da34
da02
d9d0
d99c
d968
d934
d901
d8cf
d89d
d86d
d83e
d810
d7e2
d7b4
d785
d756
d725
d6f4
d6c1
d68e
d65a
d626
d5f3
d5c0
d58f
d55e
d52f
d501
d4d3
d4a5
d477
d448
d417
d3e6
d3b3
d380
d34c
d318
d2e5
d2b2
d281
d250
d221
d1f3
d1c5
d197
d169
d13a
d10a
d0d8
d0a6
d073
d03f
d00b
cfd7
cfa5
cf73
cf42
cf13
cee5
ceb7
ce89
ce5b
ce2c
cdfd
cdcb
cd99
cd66
cd32
ccfe
cccb
cc98
cc66
cc35
cc06
cbd8
cbaa
cb7c
cb4e
cb20
caf0
cabf
ca8d
ca5a
ca26
c9f2
c9be
c98b
c959
c929
c8f9
c8cb
c89d
c870
c842
c814
c7e4
c7b3
c781
c74e
c71b
c6e7
c6b3
c680
c64e
c61d
c5ed
c5bf
c591
c564
c537
c508
c4d9
c4a9
c477
c444
c410
c3dc
c3a8
c375
c343
c312
c2e2
c2b4
c286
c259
c22c
c1fe
c1cf
c19f
c16d
c13a
c106
c0d2
c09e
c06b
c039
c008
bfd8
bfaa
bf7c
bf4f
bf22
bef4
bec6
be95
be64
be31
bdfe
bdca
bd96
bd62
bd30
bcff
bccf
bca1
bc73
bc46
bc19
bbec
bbbd
bb8d
bb5c
bb2a
baf6
bac2
ba8e
ba5a
ba28
b9f7
b9c7
b999
b96b
b93f
b912
b8e5
b8b6
b887
b856
b823
b7f0
b7bc
b788
b754
b721
b6f0
b6c0
b692
b665
b638
b60c
b5df
b5b1
b581
b551
b51e
b4eb
b4b7
b483
b44f
b41c
b3eb
b3bb
b38d
b360
b333
b307
b2da
b2ad
b27e
b24d
b21b
b1e8
b1b4
b17f
b14c
b119
b0e7
b0b8
b089
b05c
b030
b004
afd8
afaa
af7c
af4b
af1a
aee6
aeb2
ae7e
ae4a
ae17
ade6
adb6
ad88
ad5b
ad2f
ad03
acd7
acaa
ac7c
ac4c
ac1a
abe7
abb3
ab7f
ab4b
ab18
aae6
aab6
aa88
aa5b
aa30
aa04
a9d9
a9ac
a97e
a94f
a91d
a8ea
a8b7
a882
a84e
a81b
a7ea
a7ba
a78b
a75f
a733
a708
a6dd
a6b1
a683
a654
a623
a5f1
a5bd
a589
a555
a521
a4f0
a4c0
a491
a465
a43a
a40f
a3e5
a3b9
a38c
a35d
a32d
a2fa
a2c7
a292
a25e
a22b
a1f9
a1c9
a19b
a16f
a144
a11a
a0f0
a0c5
a098
a06a
a03a
a008
9fd4
9fa0
9f6c
9f38
9f07
9ed7
9ea9
9e7d
9e52
9e29
9dff
9dd5
9da9
9d7b
9d4c
9d1a
9ce7
9cb3
9c7e
9c4b
9c19
9be9
9bbb
9b90
9b66
9b3d
9b14
9aea
9abf
9a92
9a63
9a32
99ff
99cb
9997
9963
9931
9901
98d4
98a9
987f
9857
982f
9806
97dc
97b0
9782
9751
971e
96ea
96b6
9683
9651
9621
95f4
95c9
95a0
9579
9552
952a
9501
94d6
94a8
9478
9446
9412
93de
93ab
9379
934a
931d
92f3
92cb
92a4
927f
9258
9230
9206
91d9
91aa
9178
9145
9111
90de
90ac
907d
9051
9028
9001
8fdc
8fb7
8f93
8f6c
8f43
8f18
8ee9
8eb8
8e86
8e52
8e1f
8dee
8dbf
8d94
8d6c
8d46
8d23
8d00
8cdd
8cb9
8c92
8c68
8c3a
8c0a
8bd8
8ba6
8b73
8b42
8b14
8aea
8ac3
8a9f
8a7e
8a5d
8a3d
8a1b
89f6
89cf
89a3
8974
8943
8911
88e0
88b0
8883
885a
8835
8813
87f5
87d8
87ba
879c
877a
8755
872c
86ff
86d0
869f
866e
8640
8615
85ee
85cb
85ad
8593
857a
8561
8547
852a
8508
84e2
84b9
848c
845d
842f
8403
83da
83b6
8398
837f
836a
8357
8345
8331
831a
82ff
82de
82b9
8290
8265
823a
8212
81ee
81d0
81b8
81a6
819a
8191
8188
817f
8172
815f
8147
812a
8108
80e4
80c0
809f
8083
806e
8062
805d
8060
8067
806f
8077
807a
8078
8070
8060
804c
8035
801f
800d
8002
8001
800b
8020
803e
8064
808d
80b6
80db
80fa
8112
8122
812c
8135
8140
8152
8170
819e
81dd
822e
8290
82fe
8375
83f0
8469
84dd
854b
85b3
8619
8683
86f9
8782
8828
88f2
89e4
8b02
8c4a
8db7
8f47
90f1
92b2
9487
9673
987f
9abb
9d3c
a023
a38c
a79c
ac79
b239
b8f8
c0c2
c98f
d359
ddfb
e94b
f517
0000
0cb8
1922
24f7
2ffb
39fd
42dc
4a93
5127
56ac
5b41
5f0b
6239
64f1
6757
6984
6b8d
6d7c
6f54
7113
72b1
7429
7574
768f
777b
783b
78d7
795a
79cd
7a39
7aa7
7b1b
7b95
7c16
7c97
7d14
7d87
7deb
7e3b
7e77
7e9f
7eb8
7ec7
7ed0
7eda
7ee9
7f00
7f20
7f47
7f72
7f9e
7fc5
7fe4
7ff8
7fff
7ffb
7fec
7fd7
7fbe
7fa7
7f95
7f89
7f85
7f88
7f8f
7f99
7fa0
7fa2
7f9d
7f8e
7f77
7f58
7f33
7f0d
7ee7
7ec5
7ea9
7e94
7e84
7e79
7e70
7e67
7e5a
7e47
7e2e
7e0d
7de6
7dbb
7d8d
7d60
7d36
7d11
7cf1
7cd7
7cc1
7cae
7c9a
7c84
7c6a
7c4b
7c25
7bfa
7bca
7b99
7b68
7b39
7b0e
7ae8
7ac7
7aaa
7a8f
7a75
7a5a
7a3b
7a17
79ef
79c1
7990
795c
7929
78f7
78c9
789e
7878
7856
7837
7818
77f8
77d6
77b0
7785
7756
7724
76f0
76bb
7687
7656
7628
75ff
75d9
75b6
7594
7571
754d
7525
74f9
74c9
7496
7461
742b
73f6
73c3
7393
7367
733f
7319
72f4
72cf
72a9
7280
7253
7223
71f0
71ba
7184
714e
7119
70e8
70ba
708f
7067
7040
7019
6ff2
6fc8
6f9a
6f6a
6f37
6f01
6eca
6e94
6e5e
6e2c
6dfc
6dcf
6da5
6d7d
6d55
6d2c
6d01
6cd3
6ca3
6c6f
6c3a
6c03
6bcc
6b96
6b62
6b31
6b03
6ad7
6aad
6a84
6a5a
6a2f
6a01
69d0
699d
6968
6931
68f9
68c3
688f
685c
682d
6800
67d5
67aa
6780
6754
6726
66f5
66c2
668d
6656
661e
65e8
65b3
6580
654f
6521
64f5
64c9
649e
6471
6443
6413
63e0
63ab
6374
633c
6305
62d0
629c
626b
623b
620e
61e2
61b6
6189
615b
612a
60f8
60c3
608c
6055
601e
5fe7
5fb3
5f81
5f51
5f23
5ef6
5ec9
5e9c
5e6e
5e3d
5e0b
5dd6
5da0
5d68
5d31
5cfa
5cc6
5c93
5c62
5c33
5c05
5bd8
5bab
5b7c
5b4c
5b1a
5ae5
5aaf
5a78
5a40
5a0a
59d4
59a1
596f
593f
5911
58e4
58b6
5887
5857
5825
57f1
57bb
5784
574c
5716
56e0
56ac
5679
5649
561a
55ec
55be
558f
555f
552d
54f9
54c4
548d
5456
541f
53e8
53b4
5381
5350
5321
52f2
52c4
5295
5265
5233
5200
51ca
5194
515c
5125
50ef
50ba
5086
5055
5025
4ff6
4fc7
4f98
4f68
4f37
4f03
4ece
4e98
4e61
4e2a
4df3
4dbe
4d8a
4d58
4d27
4cf8
4cc9
4c9a
4c6a
4c39
4c05
4bd1
4b9a
4b63
4b2c
4af5
4ac0
4a8b
4a59
4a28
49f8
49c9
499a
496a
4939
4906
48d1
489b
4864
482d
47f6
47c0
478c
4759
4727
46f7
46c8
4698
4668
4637
4604
45d0
459a
4564
452d
44f6
44bf
448a
4457
4425
43f5
43c5
4395
4365
4334
4302
42ce
4298
4262
422b
41f4
41bd
4188
4154
4122
40f1
40c1
4091
4061
4030
3ffe
3fca
3f95
3f5f
3f28
3ef1
3eba
3e85
3e50
3e1e
3dec
3dbc
3d8c
3d5c
3d2b
3cf9
3cc6
3c91
3c5b
3c24
3bed
3bb6
3b80
3b4c
3b19
3ae7
3ab6
3a86
3a56
3a25
39f4
39c0
398c
3956
391f
38e8
38b1
387b
3846
3813
37e1
37b0
3780
374f
371f
36ed
36ba
3686
3650
3619
35e2
35ab
3575
3540
350c
34da
34a9
3478
3448
3417
33e6
33b3
337f
3349
3313
32dc
32a5
326f
3239
3205
31d2
31a1
3170
3140
310f
30de
30ab
3077
3042
300c
2fd5
2f9e
2f67
2f32
2efd
2eca
2e99
2e68
2e37
2e06
2dd5
2da3
2d6f
2d3a
2d04
2ccd
2c96
2c60
2c2a
2bf5
2bc2
2b90
2b5f
2b2e
2afd
2acc
2a9a
2a67
2a32
29fc
29c5
298e
2958
2922
28ed
28b9
2886
2855
2824
27f4
27c3
2791
275d
2729
26f3
26bd
2686
264f
2619
25e4
25b0
257d
254b
251a
24ea
24b9
2487
2454
2420
23ea
23b4
237d
2346
2310
22da
22a6
2273
2241
2210
21df
21ae
217d
214a
2116
20e1
20ab
2074
203d
2006
1fd1
1f9c
1f69
1f37
1f05
1ed4
1ea3
1e72
1e3f
1e0c
1dd7
1da1
1d6a
1d33
1cfd
1cc7
1c92
1c5e
1c2c
1bfa
1bc9
1b98
1b67
1b35
1b01
1acd
1a97
1a60
1a29
19f3
19bd
1987
1954
1921
18ef
18be
188d
185c
182a
17f7
17c2
178d
1756
171f
16e8
16b2
167d
1649
1616
15e4
15b3
1582
1551
151f
14ec
14b7
1482
144c
1415
13de
13a8
1372
133e
130b
12d8
12a7
1276
1245
1213
11e0
11ac
1177
1141
110a
10d4
109d
1067
1033
0fff
0fcd
0f9b
0f6a
0f39
0f08
0ed5
0ea1
0e6c
0e36
0e00
0dc9
0d92
0d5c
0d27
0cf4
0cc1
0c8f
0c5e
0c2d
0bfc
0bc9
0b96
0b61
0b2c
0af5
0abe
0a87
0a51
0a1c
09e8
09b5
0984
0952
0921
08f0
08be
088a
0856
0820
07ea
07b3
077c
0746
0711
06dd
06aa
0678
0646
0615
05e4
05b2
057f
054b
0515
04df
04a8
0472
043b
0406
03d1
039e
036c
033a
0309
02d8
02a6
0273
023f
020a
01d4
019d
0167
0130
00fa
00c5
0092
0060
002e
fffe
ffcd
ff9b
ff68
ff35
ff00
feca
fe93
fe5d
fe26
fdf0
fdbb
fd87
fd55
fd23
fcf2
fcc1
fc8f
fc5d
fc29
fbf5
fbbf
fb88
fb52
fb1b
fae5
fab0
fa7b
fa49
fa17
f9e5
f9b4
f983
f951
f91e
f8e9
f8b4
f87d
f847
f810
f7da
f7a4
f770
f73d
f70b
f6d9
f6a8
f677
f645
f612
f5de
f5a9
f573
f53c
f505
f4cf
f499
f464
f431
f3ff
f3cd
f39c
f36b
f339
f307
f2d3
f29e
f268
f231
f1fa
f1c4
f18e
f159
f125
f0f3
f0c1
f090
f05f
f02e
effb
efc8
ef93
ef5d
ef26
eef0
eeb9
ee83
ee4e
ee1a
ede7
edb6
ed85
ed53
ed22
ecf0
ecbd
ec88
ec52
ec1c
ebe5
ebae
eb78
eb43
eb0f
eadc
eaaa
ea79
ea48
ea17
e9e5
e9b2
e97d
e948
e912
e8db
e8a4
e86d
e838
e804
e7d1
e79f
e76d
e73c
e70b
e6da
e6a7
e673
e63e
e607
e5d1
e59a
e563
e52e
e4f9
e4c6
e493
e462
e431
e400
e3cf
e39c
e368
e333
e2fd
e2c7
e290
e259
e223
e1ee
e1bb
e189
e157
e126
e0f5
e0c4
e092
e05e
e02a
dff4
dfbd
df86
df4f
df19
dee4
deb1
de7e
de4c
de1b
ddeb
ddb9
dd87
dd54
dd20
dcea
dcb4
dc7d
dc46
dc10
dbdb
dba6
db74
db42
db11
dae0
daaf
da7e
da4b
da17
d9e1
d9ab
d974
d93d
d907
d8d1
d89d
d86a
d838
d807
d7d6
d7a6
d774
d741
d70e
d6d9
d6a2
d66c
d635
d5fe
d5c8
d594
d560
d52e
d4fd
d4cd
d49c
d46b
d439
d405
d3d0
d39a
d363
d32c
d2f6
d2c0
d28b
d257
d225
d1f4
d1c4
d193
d162
d130
d0fd
d0c8
d093
d05c
d025
cfee
cfb8
cf83
cf4f
cf1d
ceeb
cebb
ce8a
ce5a
ce28
cdf5
cdc1
cd8b
cd55
cd1e
cce7
ccb1
cc7b
cc47
cc15
cbe3
cbb3
cb82
cb52
cb21
caee
caba
ca85
ca4f
ca18
c9e1
c9aa
c974
c940
c90d
c8dc
c8ab
c87b
c84b
c81a
c7e8
c7b4
c77f
c749
c712
c6db
c6a4
c66e
c63a
c607
c5d5
c5a5
c574
c544
c514
c4e2
c4af
c47a
c444
c40d
c3d6
c39f
c369
c334
c301
c2cf
c29f
c26f
c23f
c20e
c1dd
c1aa
c176
c140
c109
c0d2
c09b
c065
c030
bffc
bfca
bf99
bf6a
bf3a
bf0a
bed9
bea6
be72
be3d
be06
bdcf
bd98
bd62
bd2c
bcf9
bcc6
bc95
bc65
bc36
bc06
bbd5
bba3
bb70
bb3b
bb04
bacd
ba96
ba60
ba2a
b9f6
b9c3
b992
b963
b933
b904
b8d3
b8a2
b86f
b83a
b804
b7cd
b796
b75f
b729
b6f5
b6c2
b691
b661
b632
b603
b5d3
b5a2
b56f
b53b
b505
b4ce
b497
b460
b42a
b3f5
b3c2
b391
b361
b332
b303
b2d3
b2a3
b271
b23d
b207
b1d0
b199
b162
b12c
b0f7
b0c4
b092
b062
b033
b005
afd6
afa6
af74
af41
af0b
aed5
ae9e
ae66
ae30
adfb
adc7
ad96
ad66
ad37
ad09
acda
acab
ac79
ac46
ac12
abdb
aba4
ab6d
ab36
ab01
aacd
aa9b
aa6b
aa3d
aa0f
a9e1
a9b2
a981
a94f
a91a
a8e4
a8ad
a876
a83f
a809
a7d5
a7a4
a774
a745
a717
a6ea
a6bb
a68b
a65a
a626
a5f0
a5b9
a582
a54b
a515
a4e1
a4af
a47f
a450
a423
a3f6
a3c8
a399
a368
a335
a300
a2c9
a292
a25a
a224
a1f0
a1bd
a18d
a15f
a132
a105
a0d8
a0aa
a07a
a047
a013
9fdc
9fa5
9f6e
9f37
9f03
9ed0
9ea0
9e72
9e45
9e19
9ded
9dc0
9d90
9d5e
9d2a
9cf5
9cbd
9c86
9c4f
9c1a
9be8
9bb8
9b8a
9b5d
9b32
9b07
9ada
9aac
9a7b
9a48
9a12
99db
99a4
996d
9938
9905
98d5
98a7
987c
9851
9827
97fb
97ce
979e
976c
9737
9701
96c9
9692
965d
962a
95fa
95cc
95a1
9577
954e
9524
94f8
94c9
9498
9464
942e
93f7
93c0
938b
9358
9328
92fa
92d0
92a7
927f
9256
922c
91ff
91cf
919c
9167
9130
90f9
90c4
9091
9060
9034
900a
8fe2
8fbc
8f95
8f6c
8f41
8f13
8ee1
8ead
8e76
8e40
8e0b
8dd8
8da8
8d7c
8d53
8d2d
8d08
8ce3
8cbd
8c94
8c67
8c37
8c04
8bcf
8b99
8b64
8b31
8b02
8ad7
8aaf
8a8b
8a69
8a46
8a23
89fd
89d3
89a5
8974
8940
890b
88d6
88a4
8876
884c
8826
8804
87e5
87c6
87a6
8784
875d
8732
8703
86d1
869e
866b
863a
860d
85e5
85c2
85a3
8588
856e
8553
8535
8514
84ed
84c2
8493
8461
8430
8401
83d7
83b2
8393
8379
8364
8350
833d
8326
830b
82eb
82c5
829b
826e
8240
8215
81ef
81cf
81b6
81a4
8198
818f
8186
817a
816a
8154
8137
8115
80ef
80c9
80a5
8086
8070
8062
805e
8061
8068
8071
8079
807b
8076
806a
8057
803f
8027
8012
8004
8001
800a
801f
803f
8067
8093
80be
80e4
8103
8119
8127
8131
813a
814a
8164
818f
81cd
821f
8285
82f9
8377
83f9
8479
84f3
8565
85d3
863f
86b3
8739
87d9
889e
898e
8aae
8bfe
8d7b
8f1d
90df
92b9
94ab
96b8
98ea
9b56
9e19
a157
a538
a9e4
af81
b637
be11
c712
d12f
dc4b
e835
f4ac
0000
0d79
1a96
2702
3276
3cc0
45c1
4d75
53e8
593b
5d98
6130
6435
66d2
692a
6b57
6d66
6f5a
7132
72e6
746d
75c0
76de
77c7
7882
791a
799a
7a0f
7a82
7afb
7b7b
7c02
7c8b
7d10
7d8a
7df2
7e45
7e80
7ea7
7ebe
7ecb
7ed4
7ee1
7ef5
7f13
7f3a
7f67
7f95
7fc0
7fe2
7ff8
7fff
7ffa
7fe9
7fd1
7fb7
7fa0
7f8f
7f86
7f86
7f8c
7f95
7f9e
7fa2
7f9e
7f90
7f78
7f58
7f31
7f08
7ee1
7ebe
7ea2
7e8d
7e7f
7e75
7e6b
7e60
7e4f
7e36
7e15
7ded
7dc0
7d90
7d60
7d34
7d0d
7cec
7cd1
7cbb
7ca7
7c91
7c78
7c5a
7c34
7c09
7bd8
7ba4
7b70
7b3e
7b10
7ae8
7ac5
7aa6
7a8a
7a6e
7a50
7a2e
7a06
79d8
79a6
7970
7939
7904
78d2
78a4
787b
7857
7835
7815
77f3
77ce
77a5
7776
7743
770c
76d4
769d
7667
7636
7609
75e0
75ba
7596
7571
754b
7520
74f1
74be
7487
744e
7415
73de
73a9
7379
734d
7324
72fc
72d6
72ad
7282
7253
7220
71e9
71b0
7176
713e
7107
70d4
70a5
7079
704f
7026
6ffd
6fd1
6fa2
6f6f
6f39
6f00
6ec6
6e8c
6e54
6e1f
6dee
6dbf
6d93
6d69
6d3e
6d12
6ce2
6cb0
6c7a
6c42
6c08
6bcd
6b94
6b5e
6b2a
6afa
6acc
6aa0
6a74
6a47
6a18
69e6
69b0
6978
693e
6904
68ca
6892
685d
682b
67fb
67ce
67a1
6773
6744
6712
66de
66a6
666d
6632
65f8
65bf
6588
6555
6523
64f4
64c7
6499
6469
6438
6404
63cd
6394
6359
631f
62e5
62ad
6278
6246
6215
61e7
61b8
6189
6157
6124
60ee
60b5
607b
6040
6006
5fcd
5f97
5f63
5f32
5f02
5ed2
5ea3
5e72
5e3f
5e09
5dd1
5d97
5d5d
5d22
5ce9
5cb2
5c7d
5c4a
5c19
5be9
5bb9
5b88
5b55
5b20
5ae9
5ab0
5a75
5a3b
5a01
59c9
5993
595f
592d
58fc
58cc
589b
5869
5834
57fe
57c5
578b
5750
5716
56dd
56a6
5671
563e
560d
55dc
55ab
5579
5545
550f
54d7
549d
5462
5428
53ee
53b6
5381
534d
531b
52e9
52b8
5286
5253
521d
51e6
51ac
5172
5137
50fe
50c5
508e
505a
5027
4ff5
4fc4
4f92
4f5e
4f2a
4ef3
4eba
4e80
4e45
4e0b
4dd2
4d9a
4d65
4d31
4cff
4ccd
4c9b
4c68
4c34
4bfd
4bc5
4b8b
4b51
4b16
4add
4aa5
4a6e
4a3a
4a07
49d5
49a3
4970
493c
4906
48ce
4895
485b
4820
47e6
47ae
4777
4741
470e
46db
46a9
4676
4643
460d
45d6
459d
4563
4529
44ef
44b5
447e
4448
4413
43e0
43ae
437b
4348
4313
42dd
42a4
426b
4230
41f6
41bc
4184
414d
4118
40e5
40b2
407f
404c
4018
3fe2
3faa
3f71
3f36
3efc
3ec2
3e89
3e52
3e1c
3de8
3db5
3d82
3d4f
3d1b
3ce5
3cae
3c75
3c3c
3c01
3bc7
3b8e
3b56
3b1f
3aeb
3ab7
3a84
3a51
3a1d
39e8
39b2
3979
3940
3906
38cb
3891
3859
3822
37ed
37b9
3785
3752
371f
36ea
36b4
367c
3643
3609
35cf
3595
355c
3524
34ee
34b9
3486
3453
341f
33eb
33b5
337e
3345
330c
32d1
3297
325e
3226
31ef
31ba
3186
3153
311f
30eb
30b6
307f
3047
300e
2fd3
2f99
2f60
2f27
2ef0
2eba
2e86
2e52
2e1f
2deb
2db6
2d80
2d48
2d0f
2cd5
2c9b
2c61
2c28
2bf0
2bba
2b85
2b51
2b1d
2aea
2ab5
2a80
2a48
2a10
29d6
299c
2962
2928
28f0
28b9
2884
284f
281c
27e8
27b4
277f
2748
2710
26d6
269c
2662
2628
25f0
25b8
2582
254e
251a
24e6
24b2
247d
2447
240f
23d6
239c
2362
2328
22ef
22b7
2281
224c
2218
21e4
21b0
217b
2146
210e
20d6
209c
2062
2028
1fee
1fb6
1f7f
1f4a
1f15
1ee1
1ead
1e79
1e44
1e0d
1dd5
1d9c
1d62
1d27
1cee
1cb5
1c7d
1c47
1c12
1bde
1baa
1b76
1b41
1b0b
1ad3
1a9b
1a61
1a27
19ed
19b3
197b
1945
190f
18db
18a7
1873
183f
1809
17d2
1799
1760
1726
16eb
16b2
1679
1642
160d
15d8
15a4
1570
153c
1506
14cf
1497
145e
1424
13ea
13b0
1377
1340
130a
12d5
12a0
126c
1238
1203
11cd
1195
115d
1123
10e9
10af
1075
103d
1007
0fd1
0f9d
0f69
0f35
0f00
0eca
0e93
0e5b
0e21
0de7
0dad
0d73
0d3b
0d04
0cce
0c99
0c65
0c31
0bfc
0bc7
0b90
0b58
0b1f
0ae5
0aab
0a71
0a39
0a01
09ca
0995
0961
092d
08f9
08c4
088e
0856
081d
07e4
07a9
076f
0736
06fe
06c7
0692
065d
0629
05f5
05c0
058a
0553
051b
04e2
04a8
046e
0434
03fb
03c4
038e
0359
0325
02f1
02bc
0287
0251
0219
01e0
01a6
016c
0132
00f9
00c1
008a
0055
0021
ffee
ffba
ff85
ff4f
ff17
fede
fea5
fe6b
fe31
fdf7
fdbf
fd88
fd52
fd1e
fcea
fcb6
fc81
fc4b
fc14
fbdc
fba3
fb69
fb2f
faf5
fabc
fa85
fa4f
fa1a
f9e6
f9b2
f97d
f948
f912
f8da
f8a1
f867
f82d
f7f3
f7ba
f782
f74b
f716
f6e2
f6ae
f67a
f645
f60f
f5d7
f59f
f565
f52b
f4f1
f4b8
f47f
f448
f412
f3de
f3aa
f376
f341
f30c
f2d5
f29d
f263
f229
f1ef
f1b5
f17d
f145
f10f
f0da
f0a6
f072
f03e
f009
efd2
ef9a
ef61
ef28
eeee
eeb4
ee7a
ee43
ee0c
edd7
eda2
ed6e
ed3a
ed05
ecd0
ec98
ec60
ec26
ebec
ebb2
eb79
eb40
eb09
ead3
ea9f
ea6b
ea37
ea02
e9cd
e996
e95e
e925
e8eb
e8b1
e877
e83e
e807
e7d0
e79b
e767
e733
e6ff
e6ca
e694
e65c
e624
e5ea
e5b0
e576
e53c
e504
e4ce
e498
e464
e430
e3fc
e3c8
e392
e35b
e322
e2e9
e2af
e275
e23b
e203
e1cc
e196
e161
e12d
e0fa
e0c5
e090
e059
e021
dfe8
dfae
df74
df3a
df01
deca
de94
de5f
de2b
ddf7
ddc3
dd8e
dd58
dd21
dce8
dcae
dc74
dc3a
dc01
dbc8
db92
db5d
db28
daf5
dac1
da8d
da57
da20
d9e8
d9ae
d974
d93a
d900
d8c8
d891
d85b
d826
d7f3
d7bf
d78b
d756
d720
d6e8
d6af
d675
d63a
d600
d5c8
d590
d55a
d525
d4f1
d4be
d48a
d455
d41f
d3e8
d3af
d376
d33b
d301
d2c8
d290
d259
d224
d1f0
d1bc
d189
d155
d120
d0e9
d0b1
d077
d03d
d003
cfc9
cf90
cf59
cf24
ceef
cebc
ce89
ce55
ce20
cdea
cdb2
cd79
cd3f
cd05
cccb
cc92
cc5a
cc24
cbef
cbbc
cb89
cb55
cb21
caeb
cab4
ca7c
ca42
ca07
c9cd
c994
c95c
c925
c8f0
c8bc
c889
c856
c822
c7ed
c7b7
c77f
c745
c70b
c6d1
c697
c65e
c627
c5f2
c5bd
c58a
c557
c524
c4f0
c4ba
c482
c449
c40f
c3d5
c39b
c362
c32a
c2f4
c2c0
c28c
c259
c227
c1f3
c1bd
c187
c14e
c114
c0da
c0a0
c066
c02e
bff7
bfc3
bf8f
bf5c
bf2a
bef7
bec2
be8c
be54
be1a
bde0
bda6
bd6c
bd33
bcfc
bcc7
bc93
bc60
bc2e
bbfb
bbc7
bb92
bb5a
bb22
bae7
baad
ba73
ba3a
ba02
b9cc
b998
b965
b933
b901
b8cd
b899
b862
b82a
b7f0
b7b6
b77b
b742
b709
b6d3
b69f
b66b
b639
b607
b5d5
b5a1
b56b
b533
b4fa
b4c0
b485
b44b
b412
b3db
b3a6
b373
b341
b30f
b2dd
b2aa
b275
b23e
b205
b1cb
b191
b156
b11d
b0e6
b0b0
b07d
b04a
b019
afe7
afb5
af81
af4b
af13
aed9
ae9e
ae64
ae2a
adf2
adbc
ad88
ad56
ad24
acf3
acc1
ac8e
ac59
ac22
abe9
abae
ab74
ab39
ab01
aaca
aa96
aa63
aa32
aa01
a9d0
a99e
a969
a933
a8fa
a8c0
a886
a84b
a812
a7db
a7a6
a773
a742
a711
a6e1
a6af
a67c
a647
a60f
a5d6
a59b
a560
a527
a4ef
a4b9
a486
a454
a424
a3f5
a3c4
a392
a35e
a327
a2ee
a2b4
a279
a23f
a206
a1d0
a19c
a16b
a13b
a10c
a0dc
a0ab
a078
a042
a00a
9fd0
9f96
9f5b
9f22
9eeb
9eb7
9e85
9e55
9e27
9df8
9dc8
9d96
9d62
9d2b
9cf2
9cb7
9c7d
9c43
9c0b
9bd7
9ba4
9b75
9b46
9b19
9aea
9ab9
9a86
9a51
9a18
99de
99a4
996a
9932
98fc
98ca
989a
986c
983f
9812
97e3
97b1
977d
9746
970c
96d2
9698
965f
9629
95f6
95c6
9599
956d
9541
9513
94e4
94b1
947b
9443
9409
93cf
9396
935f
932b
92fb
92ce
92a3
9279
924d
9220
91ef
91bb
9184
914b
9111
90d7
90a0
906c
903c
900f
8fe5
8fbc
8f93
8f68
8f3a
8f08
8ed2
8e9a
8e60
8e27
8def
8dbb
8d8b
8d5f
8d36
8d0e
8ce8
8cbf
8c94
8c65
8c31
8bfb
8bc2
8b89
8b51
8b1d
8aed
8ac1
8a99
8a74
8a50
8a2b
8a03
89d7
89a7
8973
893c
8903
88cc
8898
8868
883d
8817
87f4
87d4
87b3
878f
8768
873c
870b
86d6
869f
8669
8635
8606
85dd
85b9
859a
857e
8562
8544
8523
84fc
84d0
849f
846b
8437
8405
83d7
83b0
8390
8375
835f
834b
8335
831c
82fd
82d8
82ad
827e
824e
821f
81f5
81d2
81b8
81a5
8197
818e
8184
8177
8164
814a
812a
8103
80da
80b3
8090
8075
8065
805e
8060
8068
8072
8079
807b
8074
8065
8050
8036
801d
800a
8001
8005
8017
8035
805e
808c
80ba
80e3
8103
811a
8129
8133
813e
8151
8173
81a8
81f4
8257
82cc
834e
83d7
8460
84e2
855d
85d1
8644
86c0
8750
8801
88dc
89ea
8b2e
8ca7
8e4f
901d
920b
9412
9635
987f
9b06
9de9
a153
a574
aa7d
b09c
b7f3
c097
ca86
d5aa
e1d7
eeca
fc32
0000
0e44
1c1a
291f
3503
3f8f
48a7
504c
5695
5bad
5fd0
6338
661b
68a7
6afc
6d2e
6f43
7137
7303
749b
75fa
771c
7805
78be
7953
79d4
7a4e
7aca
7b4f
7bdd
7c6e
7cfd
7d7f
7def
7e46
7e85
7eac
7ec1
7ece
7ed8
7ee8
7f01
7f26
7f53
7f84
7fb3
7fda
7ff5
7fff
7ffb
7fea
7fd1
7fb5
7f9d
7f8d
7f86
7f87
7f90
7f9a
7fa1
7fa1
7f97
7f81
7f61
7f39
7f0e
7ee4
7ebf
7ea1
7e8c
7e7e
7e73
7e69
7e5b
7e46
7e28
7e02
7dd4
7da2
7d6e
7d3e
7d14
7cf0
7cd3
7cbb
7ca6
7c8f
7c74
7c52
7c28
7bf8
7bc3
7b8c
7b55
7b22
7af5
7acf
7aad
7a8f
7a72
7a52
7a2e
7a03
79d3
799c
7963
7929
78f2
78be
7890
7867
7843
7820
77fd
77d7
77ac
777b
7745
770c
76d0
7695
765e
762a
75fc
75d2
75ab
7584
755d
7531
7501
74cc
7493
7457
741b
73e0
73a8
7375
7347
731c
72f3
72c9
729d
726e
723a
7202
71c6
7189
714c
7112
70db
70a9
707a
704e
7023
6ff6
6fc7
6f94
6f5d
6f23
6ee6
6ea8
6e6c
6e33
6dfd
6dcb
6d9c
6d6f
6d41
6d12
6ce0
6cab
6c71
6c35
6bf7
6bba
6b7e
6b46
6b11
6adf
6ab0
6a81
6a52
6a21
69ec
69b4
6979
693b
68fd
68c0
6886
684e
681a
67e8
67b9
6789
6758
6724
66ed
66b3
6677
6639
65fb
65bf
6585
654e
651b
64e9
64b9
6488
6455
641f
63e6
63ab
636d
632f
62f2
62b6
627e
6248
6215
61e3
61b2
617f
614b
6113
60d9
609c
605e
6020
5fe3
5fa9
5f71
5f3c
5f09
5ed7
5ea4
5e71
5e3a
5e01
5dc5
5d88
5d4a
5d0c
5cd0
5c97
5c60
5c2b
5bf8
5bc6
5b92
5b5d
5b25
5aea
5aae
5a70
5a32
59f5
59ba
5981
594b
5917
58e4
58b0
587b
5845
580b
57d0
5792
5754
5716
56da
56a0
5668
5633
55ff
55cb
5597
5561
5529
54ee
54b2
5474
5436
53f8
53bd
5384
534d
5318
52e4
52b0
527a
5243
520a
51ce
5191
5153
5115
50d8
509e
5065
502f
4ffa
4fc6
4f91
4f5b
4f22
4ee8
4eab
4e6e
4e30
4df2
4db6
4d7d
4d45
4d0f
4cdb
4ca6
4c70
4c39
4bff
4bc4
4b87
4b49
4b0b
4ace
4a93
4a5a
4a23
49ee
49b9
4984
494d
4915
48da
489e
4860
4822
47e5
47a8
476e
4736
4700
46cb
4695
465f
4628
45ee
45b3
4576
4538
44fa
44bd
4482
4449
4411
43db
43a6
4370
4339
4301
42c6
428a
424c
420e
41d1
4195
415a
4122
40eb
40b5
407f
4049
4012
3fd8
3f9d
3f60
3f22
3ee4
3ea7
3e6c
3e32
3dfa
3dc4
3d8e
3d58
3d21
3ce8
3cae
3c72
3c34
3bf6
3bb9
3b7d
3b42
3b09
3ad2
3a9b
3a66
3a2f
39f7
39be
3983
3946
3908
38ca
388d
3851
3817
37df
37a8
3772
373c
3705
36cc
3692
3656
3619
35db
359d
3561
3526
34ed
34b5
347e
3448
3412
33da
33a0
3365
3329
32eb
32ad
3270
3234
31fa
31c1
318a
3154
311d
30e6
30ae
3073
3037
2ffa
2fbc
2f7f
2f42
2f07
2ece
2e96
2e5f
2e28
2df2
2dba
2d80
2d45
2d09
2ccb
2c8e
2c50
2c14
2bda
2ba1
2b6a
2b33
2afc
2ac5
2a8c
2a52
2a16
29d9
299c
295e
2921
28e6
28ac
2874
283d
2806
27cf
2798
275e
2723
26e7
26aa
266c
262f
25f2
25b8
257f
2547
2510
24d9
24a2
2469
242f
23f4
23b7
2379
233c
22ff
22c3
2289
2251
221a
21e3
21ac
2174
213b
2100
20c4
2086
2049
200b
1fcf
1f94
1f5b
1f23
1eec
1eb5
1e7e
1e45
1e0b
1dd0
1d93
1d55
1d18
1cdb
1c9f
1c65
1c2c
1bf5
1bbe
1b87
1b4f
1b16
1adb
1a9f
1a62
1a24
19e7
19aa
196f
1936
18fe
18c6
188f
1858
1820
17e6
17aa
176e
1730
16f3
16b6
167a
163f
1607
15cf
1598
1561
1529
14f0
14b5
1479
143c
13ff
13c1
1385
1349
1310
12d7
12a0
1269
1232
11f9
11c0
1184
1148
110a
10cd
1090
1054
1019
0fe0
0fa8
0f71
0f3a
0f02
0ec9
0e8f
0e53
0e16
0dd8
0d9b
0d5e
0d23
0ce9
0cb1
0c79
0c42
0c0b
0bd2
0b99
0b5e
0b21
0ae4
0aa6
0a69
0a2d
09f2
09b9
0981
094a
0913
08db
08a2
0868
082c
07ef
07b2
0774
0737
06fc
06c2
0689
0652
061b
05e3
05ab
0572
0537
04fa
04bd
047f
0442
0406
03cb
0392
035a
0322
02eb
02b4
027b
0241
0205
01c8
018b
014d
0110
00d5
009b
0062
002a
fff4
ffbd
ff85
ff4b
ff10
fed4
fe97
fe59
fe1c
fde0
fda5
fd6b
fd33
fcfc
fcc5
fc8d
fc54
fc1a
fbdf
fba2
fb65
fb27
faea
faae
fa74
fa3b
fa04
f9cc
f995
f95d
f924
f8e9
f8ad
f870
f832
f7f5
f7b9
f77d
f744
f70c
f6d4
f69d
f666
f62d
f5f3
f5b8
f57b
f53e
f500
f4c3
f487
f44d
f414
f3dc
f3a5
f36e
f336
f2fd
f2c2
f286
f249
f20c
f1ce
f192
f156
f11d
f0e4
f0ad
f076
f03f
f006
efcc
ef91
ef55
ef17
eeda
ee9d
ee61
ee26
eded
edb5
ed7e
ed47
ed0f
ecd6
ec9c
ec60
ec23
ebe5
eba8
eb6b
eb30
eaf6
eabe
ea86
ea4f
ea18
e9e0
e9a6
e96b
e92f
e8f1
e8b4
e877
e83a
e800
e7c7
e78f
e758
e721
e6e9
e6b0
e676
e63a
e5fe
e5c0
e582
e546
e50a
e4d0
e498
e460
e429
e3f2
e3ba
e381
e346
e30a
e2cc
e28f
e251
e215
e1da
e1a1
e169
e132
e0fb
e0c4
e08b
e051
e016
dfd9
df9b
df5e
df21
dee5
deab
de73
de3b
de04
ddcd
dd96
dd5d
dd22
dce6
dca8
dc6b
dc2d
dbf1
dbb6
db7d
db45
db0e
dad7
daa0
da68
da2e
d9f2
d9b6
d978
d93a
d8fd
d8c2
d887
d84f
d817
d7e1
d7aa
d773
d73a
d6ff
d6c3
d686
d648
d60b
d5ce
d593
d55a
d522
d4eb
d4b4
d47d
d445
d40c
d3d1
d394
d356
d319
d2dc
d2a0
d265
d22d
d1f5
d1bf
d188
d151
d119
d0de
d0a2
d065
d027
cfea
cfad
cf72
cf39
cf01
ceca
ce94
ce5d
ce25
cdec
cdb1
cd74
cd37
ccf9
ccbc
cc80
cc45
cc0d
cbd5
cb9f
cb69
cb32
cafa
cac0
ca84
ca47
ca09
c9cb
c98f
c953
c91a
c8e2
c8ab
c875
c83f
c807
c7ce
c794
c757
c71a
c6dc
c69e
c662
c628
c5ef
c5b8
c582
c54c
c515
c4dd
c4a4
c468
c42b
c3ed
c3b0
c373
c337
c2fe
c2c6
c290
c25a
c224
c1ed
c1b4
c17a
c13d
c100
c0c2
c084
c048
c00e
bfd5
bf9e
bf68
bf33
befc
bec5
be8b
be50
be13
bdd5
bd98
bd5a
bd1f
bce5
bcae
bc77
bc42
bc0c
bbd6
bb9e
bb63
bb27
baea
baac
ba6e
ba32
b9f7
b9bf
b988
b952
b91d
b8e8
b8b0
b877
b83c
b800
b7c2
b784
b747
b70b
b6d2
b69a
b664
b62f
b5fa
b5c4
b58c
b552
b517
b4d9
b49b
b45d
b421
b3e6
b3ae
b377
b342
b30d
b2d8
b2a2
b269
b22f
b1f2
b1b4
b176
b139
b0fd
b0c4
b08c
b057
b022
afee
afb8
af81
af48
af0c
aecf
ae91
ae53
ae17
addc
ada4
ad6d
ad39
ad05
acd0
ac9a
ac63
ac28
abec
abae
ab70
ab33
aaf7
aabd
aa86
aa51
aa1d
a9ea
a9b5
a97f
a946
a90b
a8ce
a890
a852
a815
a7da
a7a2
a76c
a738
a705
a6d2
a69d
a666
a62c
a5f0
a5b2
a574
a536
a4fb
a4c1
a48b
a456
a423
a3f1
a3bd
a388
a350
a315
a2d8
a29a
a25c
a21f
a1e5
a1ad
a178
a145
a112
a0e0
a0ac
a076
a03d
a001
9fc4
9f86
9f48
9f0c
9ed3
9e9d
9e6a
9e38
9e07
9dd4
9da0
9d69
9d2f
9cf2
9cb5
9c77
9c3a
9bff
9bc8
9b94
9b62
9b31
9b00
9ace
9a99
9a61
9a26
99e9
99ab
996d
9932
98f9
98c4
9892
9861
9832
9801
97cf
9799
9760
9724
96e7
96a9
966c
9632
95fc
95c9
9598
956a
953b
950b
94d8
94a1
9467
942b
93ed
93b0
9374
933c
9308
92d8
92aa
927d
924f
921f
91eb
91b4
9179
913c
90fe
90c2
9089
9054
9023
8ff5
8fca
8f9e
8f71
8f41
8f0c
8ed4
8e98
8e5b
8e1f
8de4
8dae
8d7c
8d4e
8d24
8cfb
8cd1
8ca4
8c74
8c3f
8c06
8bca
8b8e
8b53
8b1b
8ae8
8aba
8a91
8a6a
8a44
8a1c
89f0
89bf
8989
8950
8915
88da
88a1
886e
8840
8817
87f3
87d0
87ad
8787
875c
872b
86f6
86bd
8683
864a
8616
85e8
85c1
859f
8581
8563
8544
8521
84f7
84c7
8493
845b
8424
83f1
83c4
839e
837f
8366
8350
833a
8320
8301
82da
82ac
827a
8247
8217
81ec
81c9
81b0
819e
8192
8188
817d
816b
8152
8131
8109
80de
80b4
808f
8073
8063
805e
8062
806b
8075
807a
8078
806d
8058
803e
8023
800d
8001
8003
8015
8036
8062
8093
80c3
80ec
810c
8120
812d
8137
8147
8164
8195
81de
8241
82ba
8343
83d4
8465
84ee
856f
85e9
8665
86ed
8791
885e
8960
8a9e
8c17
8dc8
8fa8
91ac
93ce
960e
9879
9b27
9e3f
a1f5
a682
ac21
b303
bb4c
c50d
d039
dca9
ea1b
f831
0000
0f1a
1db2
2b58
37a6
4269
4b8b
530f
5921
5dff
61e9
6527
67f2
6a78
6cd1
6f0a
7120
7307
74b6
7623
774c
7837
78ef
7984
7a08
7a89
7b12
7ba4
7c3d
7cd6
7d64
7ddf
7e3f
7e83
7eac
7ec3
7ecf
7edb
7eee
7f0c
7f36
7f68
7f9c
7fca
7fed
7ffe
7ffe
7fee
7fd5
7fb8
7f9e
7f8d
7f86
7f88
7f92
7f9c
7fa2
7f9f
7f8f
7f72
7f4b
7f1f
7ef1
7ec8
7ea7
7e8f
7e7f
7e73
7e69
7e59
7e42
7e21
7df6
7dc3
7d8d
7d58
7d28
7cff
7cdd
7cc3
7cab
7c94
7c78
7c55
7c29
7bf6
7bbd
7b82
7b49
7b15
7ae7
7ac1
7a9f
7a80
7a60
7a3c
7a11
79df
79a7
796a
792d
78f2
78bb
788b
7861
783b
7816
77f0
77c6
7796
775f
7724
76e5
76a6
766a
7633
7601
75d4
75ab
7582
7558
7529
74f5
74bb
747e
743e
73fe
73c1
7389
7356
7328
72fc
72d0
72a2
7270
7239
71fd
71be
717d
713d
7101
70c8
7094
7064
7036
7008
6fd7
6fa3
6f69
6f2c
6eec
6eaa
6e6b
6e2e
6df5
6dc1
6d90
6d60
6d30
6cfd
6cc6
6c8b
6c4c
6c0b
6bca
6b8a
6b4e
6b15
6ae0
6aae
6a7d
6a4b
6a16
69dd
69a1
6961
691f
68de
689f
6862
682a
67f5
67c2
678f
675c
6725
66eb
66ad
666d
662b
65ea
65ab
656f
6536
6501
64cd
649a
6465
642d
63f1
63b2
6371
6330
62ef
62b0
6274
623c
6206
61d2
619d
6167
612e
60f1
60b2
6070
602e
5fee
5faf
5f74
5f3c
5f06
5ed1
5e9b
5e64
5e29
5dec
5dac
5d6a
5d28
5ce8
5caa
5c6f
5c37
5c01
5bcb
5b95
5b5c
5b21
5ae3
5aa2
5a60
5a1f
59df
59a1
5966
592e
58f8
58c1
588a
5851
5814
57d6
5795
5753
5711
56d2
5695
565a
5622
55eb
55b4
557c
5542
5505
54c5
5484
5442
5401
53c2
5385
534b
5313
52dc
52a4
526c
5231
51f3
51b3
5171
5130
50ef
50b0
5074
503a
5001
4fca
4f92
4f59
4f1d
4ede
4e9e
4e5c
4e1b
4dda
4d9c
4d60
4d26
4cee
4cb6
4c7e
4c43
4c07
4bc8
4b87
4b45
4b04
4ac4
4a86
4a4a
4a11
49d8
49a0
4967
492c
48ef
48b0
486f
482d
47ec
47ac
476e
4733
46f9
46c1
4689
464f
4613
45d6
4596
4555
4513
44d2
4493
4455
441a
43e1
43a8
436f
4335
42f9
42bb
427b
4239
41f8
41b7
4178
413b
4100
40c7
408e
4055
401a
3fde
3f9f
3f5e
3f1d
3edc
3e9b
3e5d
3e20
3de5
3dac
3d73
3d3a
3cfe
3cc1
3c82
3c41
3c00
3bbe
3b7e
3b40
3b04
3aca
3a90
3a57
3a1d
39e1
39a4
3964
3923
38e1
38a0
3861
3823
37e7
37ad
3773
373a
36ff
36c3
3685
3645
3604
35c2
3582
3542
3505
34c9
348f
3456
341c
33e1
33a4
3366
3325
32e4
32a3
3262
3223
31e6
31ab
3171
3137
30fd
30c2
3085
3046
3005
2fc4
2f83
2f42
2f04
2ec7
2e8c
2e52
2e18
2dde
2da2
2d64
2d25
2ce4
2ca3
2c62
2c22
2be4
2ba7
2b6c
2b32
2af8
2abe
2a82
2a44
2a04
29c3
2982
2941
2901
28c3
2887
284c
2812
27d8
279d
2761
2722
26e2
26a1
2660
261f
25e0
25a2
2566
252c
24f2
24b8
247c
243f
2400
23c0
237f
233e
22fd
22be
2281
2245
220b
21d1
2196
215b
211d
20de
209d
205c
201b
1fdb
1f9c
1f5f
1f24
1eea
1eb0
1e75
1e39
1dfb
1dbb
1d7b
1d39
1cf8
1cb8
1c7a
1c3e
1c02
1bc8
1b8e
1b53
1b16
1ad8
1a98
1a57
1a16
19d5
1996
1958
191c
18e1
18a6
186c
1831
17f4
17b5
1775
1734
16f3
16b2
1673
1635
15f9
15bf
1584
154a
150e
14d1
1492
1452
1410
13cf
138f
1350
1313
12d7
129c
1262
1227
11eb
11ae
116e
112e
10ed
10ab
106b
102d
0ff0
0fb4
0f7a
0f40
0f05
0ec8
0e8a
0e4b
0e0a
0dc9
0d88
0d48
0d0a
0ccd
0c92
0c57
0c1d
0be2
0ba5
0b67
0b27
0ae6
0aa5
0a64
0a24
09e6
09aa
096f
0935
08fa
08bf
0882
0843
0803
07c2
0780
0740
0701
06c3
0687
064c
0612
05d7
059b
055e
051f
04df
049d
045c
041c
03dd
03a0
0364
032a
02ef
02b4
0278
023a
01fb
01ba
0179
0138
00f8
00ba
007d
0041
0007
ffcd
ff92
ff56
ff18
fed8
fe97
fe56
fe15
fdd5
fd97
fd5b
fd1f
fce5
fcaa
fc6f
fc32
fbf4
fbb4
fb73
fb32
faf1
fab2
fa74
fa38
f9fd
f9c2
f988
f94c
f90f
f8d0
f890
f84f
f80e
f7cd
f78e
f750
f715
f6da
f69f
f665
f629
f5eb
f5ac
f56c
f52b
f4e9
f4a9
f46a
f42d
f3f2
f3b7
f37d
f342
f306
f2c8
f288
f248
f206
f1c5
f186
f147
f10a
f0cf
f095
f05a
f01f
efe3
efa4
ef65
ef24
eee3
eea2
ee62
ee24
ede8
edad
ed72
ed38
ecfc
ecc0
ec81
ec41
ec00
ebbf
eb7e
eb3f
eb01
eac5
ea8a
ea50
ea15
e9da
e99d
e95e
e91e
e8dc
e89b
e85b
e81c
e7de
e7a3
e768
e72e
e6f3
e6b7
e67a
e63b
e5fa
e5b9
e578
e538
e4f9
e4bc
e481
e446
e40c
e3d1
e395
e357
e318
e2d7
e296
e255
e215
e1d7
e19a
e15f
e125
e0eb
e0b0
e073
e035
dff5
dfb4
df73
df32
def2
deb5
de78
de3e
de04
ddc9
dd8e
dd51
dd13
dcd3
dc92
dc50
dc10
dbd0
db93
db57
db1d
dae3
daa8
da6d
da30
d9f1
d9b1
d96f
d92e
d8ee
d8af
d872
d836
d7fc
d7c2
d788
d74c
d70f
d6cf
d68f
d64d
d60c
d5cc
d58e
d551
d516
d4dc
d4a2
d468
d42c
d3ee
d3ae
d36d
d32c
d2eb
d2ab
d26d
d231
d1f6
d1bd
d183
d148
d10c
d0ce
d08e
d04d
d00b
cfca
cf8b
cf4d
cf11
ced7
ce9e
ce64
ce29
cdec
cdae
cd6d
cd2c
cceb
ccaa
cc6b
cc2e
cbf3
cbb9
cb7f
cb45
cb0a
cacd
ca8e
ca4e
ca0d
c9cb
c98b
c94c
c90f
c8d5
c89b
c862
c828
c7ec
c7af
c770
c72f
c6ed
c6ac
c66c
c62e
c5f2
c5b7
c57e
c545
c50b
c4cf
c491
c452
c411
c3cf
c38e
c34e
c311
c2d5
c29b
c262
c229
c1ef
c1b3
c175
c135
c0f3
c0b2
c071
c032
bff5
bfb9
bf80
bf47
bf0e
bed4
be97
be59
be19
bdd7
bd96
bd55
bd16
bcda
bc9f
bc66
bc2d
bbf4
bbba
bb7d
bb3e
bafd
babc
ba7a
ba3a
b9fc
b9c0
b986
b94d
b915
b8dc
b8a1
b864
b824
b7e4
b7a2
b761
b721
b6e3
b6a7
b66e
b636
b5fe
b5c4
b589
b54c
b50c
b4cb
b489
b448
b409
b3cc
b391
b358
b320
b2e8
b2af
b273
b236
b1f6
b1b4
b172
b132
b0f3
b0b6
b07c
b044
b00c
afd5
af9b
af5f
af21
aee1
ae9f
ae5e
ae1d
addf
ada3
ad6a
ad32
acfb
acc3
ac8a
ac4d
ac0f
abce
ab8c
ab4b
ab0b
aacd
aa92
aa5a
aa22
a9ec
a9b4
a97a
a93e
a8ff
a8be
a87c
a83b
a7fb
a7be
a784
a74c
a716
a6e0
a6a8
a66e
a631
a5f2
a5b0
a56e
a52d
a4ef
a4b2
a479
a442
a40d
a3d7
a39f
a365
a328
a2e8
a2a6
a264
a224
a1e6
a1ab
a172
a13d
a108
a0d2
a09a
a060
a022
9fe2
9fa0
9f5f
9f1f
9ee1
9ea7
9e70
9e3b
9e07
9dd2
9d9a
9d5f
9d21
9ce1
9c9f
9c5e
9c1e
9be2
9ba9
9b73
9b40
9b0c
9ad7
9aa0
9a65
9a26
99e5
99a4
9963
9924
98e9
98b2
987d
984b
9818
97e4
97ac
9771
9732
96f1
96af
966f
9632
95f8
95c2
958f
955e
952d
94f9
94c1
9485
9446
9405
93c4
9385
9348
9311
92dd
92ac
927c
924b
9218
91e1
91a5
9166
9125
90e4
90a6
906b
9035
9004
8fd5
8fa7
8f78
8f45
8f0e
8ed2
8e93
8e52
8e12
8dd5
8d9d
8d6a
8d3b
8d0f
8ce3
8cb6
8c84
8c4d
8c11
8bd2
8b92
8b54
8b19
8ae4
8ab4
8a88
8a60
8a37
8a0b
89da
89a4
8969
892b
88ec
88af
8877
8846
881a
87f3
87ce
87a9
8780
8751
871c
86e2
86a5
8668
862f
85fb
85ce
85a9
8588
8569
8548
8523
84f7
84c4
848c
8451
8418
83e3
83b5
8390
8373
835a
8343
832a
830a
82e3
82b4
8280
824a
8216
81e9
81c5
81ac
819b
818f
8184
8176
8160
8141
811a
80ed
80bf
8097
8077
8064
805e
8061
806b
8076
807a
8076
8067
804f
8032
8017
8005
8000
800e
802c
8058
808b
80be
80eb
810c
8121
812e
813a
814d
8171
81ad
8206
827b
8305
839c
8436
84cb
8555
85d8
865a
86e9
8797
8874
898c
8ae9
8c87
8e61
906d
929d
94ee
9767
9a1d
9d38
a0f3
a58d
ab49
b26f
bb26
c57f
d172
dec8
ed2d
fc33
0000
0ffc
1f62
2da1
3a5d
454b
4e67
55be
5b94
602f
63e7
6704
69c3
6c4b
6eac
70e7
72f0
74b9
7639
776d
785c
7916
79ad
7a37
7ac2
7b57
7bf6
7c9a
7d36
7dbf
7e2c
7e7a
7ea9
7ec2
7ecf
7edb
7ef1
7f13
7f42
7f78
7fae
7fdb
7ff7
7fff
7ff5
7fdd
7fbf
7fa3
7f8e
7f85
7f88
7f92
7f9d
7fa2
7f9c
7f88
7f66
7f3a
7f0a
7edb
7eb4
7e96
7e83
7e76
7e6b
7e5b
7e44
7e21
7df4
7dbe
7d84
7d4d
7d1b
7cf2
7cd2
7cb7
7c9f
7c84
7c62
7c37
7c03
7bc8
7b8a
7b4d
7b15
7ae5
7abc
7a99
7a79
7a56
7a2d
79fd
79c5
7987
7946
7906
78cb
7896
7868
783f
7818
77f0
77c3
778f
7755
7715
76d2
7690
7652
761a
75e8
75bb
7590
7564
7534
74fe
74c2
7480
743d
73f9
73ba
737f
734a
731a
72eb
72bc
728a
7252
7215
71d3
718f
714b
710a
70cd
7096
7063
7032
7001
6fcd
6f94
6f56
6f14
6ecf
6e8a
6e48
6e0a
6dd1
6d9c
6d6a
6d37
6d01
6cc7
6c89
6c46
6c01
6bbc
6b79
6b3a
6b00
6ac9
6a95
6a61
6a2a
69ef
69b0
696d
6928
68e3
68a0
6860
6824
67ec
67b7
6781
6749
670e
66cf
668c
6647
6601
65be
657d
6540
6507
64d1
649a
6462
6426
63e7
63a4
635e
6319
62d5
6293
6256
621c
61e4
61ad
6174
6138
60f8
60b5
6070
602a
5fe6
5fa4
5f66
5f2b
5ef3
5eba
5e81
5e45
5e05
5dc2
5d7d
5d37
5cf3
5cb1
5c72
5c36
5bfd
5bc4
5b8a
5b4e
5b0e
5acb
5a86
5a40
59fb
59b9
597a
593d
5903
58ca
588f
5853
5813
57d0
578b
5746
5701
56be
567e
5641
5607
55cd
5592
5555
5515
54d3
548e
5448
5403
53c0
5380
5343
5307
52cd
5292
5255
5215
51d3
518e
5148
5103
50c0
507f
5041
5006
4fcb
4f90
4f53
4f13
4ed0
4e8c
4e46
4e01
4dbd
4d7c
4d3e
4d02
4cc7
4c8b
4c4e
4c0f
4bcc
4b88
4b42
4afd
4ab9
4a78
4a39
49fd
49c1
4986
4948
4909
48c6
4882
483c
47f7
47b3
4772
4733
46f6
46ba
467e
4641
4601
45bf
457b
4535
44f0
44ac
446a
442b
43ee
43b2
4376
4338
42f9
42b6
4272
422d
41e8
41a3
4161
4122
40e4
40a8
406c
402e
3fef
3fad
3f69
3f23
3ede
3e9a
3e58
3e18
3dda
3d9d
3d61
3d23
3ce4
3ca2
3c5e
3c19
3bd4
3b8f
3b4d
3b0d
3acf
3a92
3a55
3a18
39d8
3996
3953
390e
38c8
3884
3841
3801
37c2
3785
3749
370b
36cc
368a
3646
3601
35bc
3577
3535
34f4
34b5
3478
343b
33fe
33be
337d
3339
32f4
32af
326a
3228
31e7
31a8
316b
312e
30f0
30b1
306f
302c
2fe7
2fa2
2f5d
2f1a
2ed9
2e9a
2e5c
2e1f
2de1
2da2
2d61
2d1d
2cd9
2c93
2c4f
2c0b
2bca
2b8b
2b4d
2b10
2ad2
2a93
2a52
2a0f
29ca
2985
2940
28fd
28bb
287c
283e
2801
27c3
2784
2743
2700
26bb
2676
2631
25ed
25ac
256c
252e
24f1
24b3
2474
2433
23f0
23ac
2366
2321
22de
229c
225c
221e
21e0
21a3
2164
2123
20e0
209c
2056
2012
1fce
1f8c
1f4c
1f0e
1ed0
1e92
1e53
1e12
1dd0
1d8b
1d46
1d01
1cbe
1c7b
1c3b
1bfd
1bbf
1b81
1b42
1b02
1abf
1a7b
1a36
19f1
19ad
196b
192a
18ec
18ae
1870
1831
17f1
17ae
176a
1725
16e0
169c
165a
1619
15db
159d
155f
1520
14e0
149d
1459
1414
13cf
138b
1349
1308
12c9
128b
124d
120f
11ce
118c
1148
1103
10be
107a
1037
0ff7
0fb8
0f7a
0f3c
0efd
0ebd
0e7b
0e37
0df2
0dad
0d69
0d26
0ce5
0ca6
0c68
0c2a
0beb
0bab
0b69
0b26
0ae1
0a9c
0a57
0a14
09d3
0994
0956
0918
08da
089a
0858
0814
07cf
078a
0746
0703
06c2
0682
0644
0606
05c8
0588
0546
0503
04be
0479
0434
03f1
03b0
0370
0332
02f4
02b6
0276
0234
01f1
01ac
0167
0123
00df
009e
005e
0020
ffe3
ffa5
ff65
ff24
fee1
fe9c
fe57
fe12
fdcf
fd8d
fd4d
fd0f
fcd1
fc93
fc53
fc12
fbcf
fb8a
fb45
fb01
fabd
fa7b
fa3b
f9fd
f9bf
f981
f942
f900
f8bd
f879
f834
f7ef
f7ab
f76a
f72a
f6eb
f6ad
f66f
f630
f5ef
f5ac
f568
f522
f4de
f49a
f458
f418
f3d9
f39b
f35d
f31e
f2dd
f29a
f256
f211
f1cc
f188
f146
f106
f0c7
f089
f04b
f00c
efcc
ef89
ef45
ef00
eebb
ee77
ee35
edf4
edb6
ed78
ed3a
ecfb
ecba
ec78
ec34
ebef
ebaa
eb66
eb23
eae3
eaa4
ea66
ea28
e9ea
e9a9
e967
e923
e8de
e899
e855
e812
e7d2
e793
e755
e717
e6d9
e698
e656
e612
e5cd
e588
e544
e501
e4c1
e482
e444
e406
e3c8
e388
e346
e302
e2bd
e278
e234
e1f1
e1b0
e171
e133
e0f5
e0b7
e077
e035
dff2
dfad
df68
df23
dee0
de9f
de60
de22
dde5
dda7
dd67
dd25
dce2
dc9d
dc58
dc13
dbd0
db8f
db50
db12
dad5
da97
da57
da16
d9d2
d98e
d948
d904
d8c1
d87f
d840
d802
d7c5
d787
d748
d707
d6c3
d67f
d639
d5f5
d5b1
d570
d531
d4f3
d4b6
d478
d439
d3f8
d3b5
d370
d32b
d2e6
d2a2
d261
d222
d1e4
d1a7
d169
d12a
d0e9
d0a6
d062
d01d
cfd8
cf94
cf53
cf13
ced5
ce98
ce5b
ce1c
cddc
cd99
cd54
cd0f
ccca
cc86
cc45
cc05
cbc8
cb8b
cb4d
cb0f
cacf
ca8c
ca47
ca02
c9bd
c979
c937
c8f8
c8ba
c87e
c841
c802
c7c2
c780
c73b
c6f6
c6b1
c66d
c62b
c5eb
c5ae
c571
c534
c4f6
c4b6
c474
c430
c3ea
c3a5
c361
c31f
c2e0
c2a2
c265
c229
c1eb
c1ac
c169
c125
c0e0
c09b
c056
c014
bfd5
bf97
bf5b
bf1f
bee1
bea2
be60
be1c
bdd6
bd91
bd4d
bd0b
bccb
bc8d
bc51
bc15
bbd8
bb99
bb57
bb13
bace
ba89
ba44
ba02
b9c2
b985
b949
b90d
b8d0
b891
b850
b80c
b7c7
b781
b73d
b6fb
b6bb
b67d
b642
b606
b5ca
b58b
b54a
b507
b4c1
b47c
b437
b3f5
b3b5
b377
b33c
b301
b2c5
b287
b246
b203
b1bd
b178
b133
b0f0
b0b0
b073
b038
affd
afc2
af84
af43
af00
aebb
ae76
ae31
adee
adae
ad71
ad36
acfc
acc0
ac83
ac43
ac00
abbb
ab76
ab31
aaee
aaae
aa71
aa36
a9fc
a9c2
a985
a945
a903
a8be
a878
a833
a7f0
a7b0
a773
a739
a700
a6c6
a689
a64a
a608
a5c3
a57e
a538
a4f5
a4b6
a479
a43f
a406
a3cd
a391
a353
a311
a2cc
a286
a241
a1fe
a1be
a182
a148
a110
a0d7
a09d
a05f
a01d
9fd9
9f93
9f4e
9f0b
9ecb
9e8f
9e56
9e1f
9de7
9dad
9d70
9d2f
9ceb
9ca5
9c60
9c1d
9bdd
9ba1
9b69
9b32
9afb
9ac2
9a86
9a46
9a02
99bd
9977
9934
98f5
98b9
9882
984c
9816
97df
97a3
9764
9720
96db
9696
9653
9614
95d9
95a2
956e
9539
9503
94c9
948a
9447
9402
93bd
937a
933c
9302
92cc
9299
9266
9231
91f8
91bb
9179
9134
90f0
90ad
906f
9036
9001
8fd0
8f9f
8f6c
8f35
8ef9
8eb8
8e75
8e30
8dee
8db0
8d78
8d46
8d17
8ce9
8cb8
8c84
8c49
8c0a
8bc7
8b83
8b42
8b05
8acf
8a9f
8a72
8a47
8a1a
89e9
89b1
8973
8931
88ee
88ae
8873
883f
8812
87ea
87c3
879a
876d
8738
86fd
86bd
867c
863e
8605
85d5
85ac
8589
8568
8545
851d
84ed
84b6
8479
843b
8400
83cb
83a0
837e
8362
834a
8330
8310
82e7
82b6
827e
8245
820f
81e1
81be
81a5
8196
818b
817e
816b
814e
8127
80f9
80c8
809c
8079
8064
805e
8063
806e
8078
807b
8073
805f
8042
8024
800b
8001
8008
8024
8050
8085
80bc
80eb
810e
8124
8131
813d
8156
8184
81cf
823b
82c3
835f
8402
84a2
8537
85c3
864c
86e2
879a
8885
89b6
8b32
8cf9
8efe
9137
9396
961c
98d8
9bf0
9f9d
a42d
a9f0
b136
ba38
c512
d1b6
dfe6
ef3f
ff39
0000
10ed
2123
3007
3d21
4830
5135
5859
5de7
6244
65cf
68d8
6b96
6e25
708b
72bb
74a5
763d
7781
7877
7935
79d0
7a61
7af8
7b9a
7c46
7cf1
7d8c
7e0b
7e68
7ea1
7ebf
7ece
7edb
7ef1
7f16
7f49
7f84
7fbb
7fe6
7ffd
7ffd
7feb
7fcd
7fad
7f94
7f87
7f87
7f90
7f9c
7fa2
7f9c
7f86
7f60
7f30
7efd
7ecd
7ea7
7e8d
7e7c
7e70
7e62
7e4d
7e2b
7dfd
7dc6
7d89
7d4e
7d19
7cef
7ccd
7cb2
7c98
7c7a
7c52
7c20
7be5
7ba4
7b63
7b25
7af0
7ac4
7a9e
7a7b
7a56
7a2b
79f7
79bb
7978
7933
78f1
78b4
787f
7852
7828
77fe
77d1
779c
7760
771c
76d6
7690
764e
7614
75e0
75b0
7583
7553
751e
74e2
749f
7458
7410
73cb
738c
7353
731f
72ee
72bc
7286
724b
7209
71c2
7179
7132
70ef
70b2
707a
7045
7012
6fdc
6fa1
6f60
6f1a
6ed1
6e89
6e43
6e02
6dc6
6d8f
6d59
6d23
6ce8
6ca9
6c64
6c1b
6bd2
6b8a
6b47
6b08
6ace
6a96
6a5f
6a24
69e6
69a2
695b
6911
68c8
6882
6841
6804
67ca
6792
6758
671a
66d8
6691
6648
65fe
65b6
6573
6533
64f8
64be
6483
6446
6405
63c0
6377
632d
62e5
629f
625d
621f
61e4
61a9
616d
612d
60e9
60a1
6057
600e
5fc6
5f83
5f43
5f06
5ecb
5e8e
5e4f
5e0c
5dc5
5d7c
5d32
5cea
5ca4
5c63
5c24
5be8
5bab
5b6d
5b2b
5ae6
5a9d
5a53
5a0a
59c3
5980
5940
5902
58c5
5887
5846
5802
57ba
5771
5727
56df
569a
5658
561a
55dc
559e
555e
551b
54d5
548c
5442
53f9
53b2
536f
532f
52f1
52b3
5273
5231
51ec
51a4
515a
5110
50c9
5084
5042
5003
4fc5
4f86
4f45
4f00
4eb9
4e70
4e26
4dde
4d97
4d55
4d14
4cd5
4c97
4c56
4c13
4bcd
4b84
4b3a
4af1
4aaa
4a65
4a24
49e4
49a5
4965
4923
48de
4896
484d
4803
47bb
4775
4732
46f2
46b3
4673
4632
45ed
45a6
455e
4514
44cb
4484
4440
43ff
43bf
437f
433f
42fb
42b5
426d
4224
41da
4192
414d
410b
40ca
408b
404a
4008
3fc3
3f7b
3f32
3ee8
3ea0
3e5a
3e16
3dd5
3d95
3d54
3d13
3ccf
3c88
3c40
3bf6
3bad
3b66
3b21
3adf
3a9e
3a5e
3a1d
39da
3994
394c
3903
38b9
3871
382b
37e8
37a7
3766
3726
36e3
369e
3657
360e
35c5
357c
3535
34f1
34af
346e
342e
33ec
33a8
3362
3319
32d0
3287
323f
31fa
31b7
3175
3135
30f3
30b0
306b
3023
2fda
2f91
2f49
2f02
2ebe
2e7c
2e3b
2dfa
2db8
2d74
2d2d
2ce4
2c9b
2c52
2c0b
2bc6
2b83
2b42
2b01
2abf
2a7b
2a35
29ed
29a4
295b
2913
28cd
2889
2847
2806
27c5
2782
273d
26f6
26ad
2664
261b
25d4
2590
254d
250c
24cb
2488
2444
23fe
23b5
236c
2323
22db
2296
2253
2211
21d0
218e
214b
2105
20bd
2074
202b
1fe3
1f9c
1f58
1f16
1ed4
1e93
1e50
1e0c
1dc5
1d7c
1d33
1cea
1ca3
1c5e
1c1b
1bd9
1b98
1b55
1b12
1acb
1a83
1a3a
19f1
19a9
1963
191f
18dd
189c
185a
1817
17d2
178a
1742
16f8
16b0
1669
1624
15e1
15a0
155e
151c
14d7
1491
1449
13ff
13b6
136f
1329
12e6
12a4
1262
1220
11dd
1197
114f
1106
10bd
1075
102e
0fea
0fa8
0f66
0f24
0ee1
0e9c
0e55
0e0d
0dc4
0d7b
0d34
0cef
0cab
0c6a
0c28
0be6
0ba2
0b5b
0b13
0aca
0a81
0a39
09f3
09af
096d
092c
08ea
08a6
0861
081a
07d1
0788
073f
06f8
06b4
0671
062f
05ed
05ab
0566
051f
04d7
048e
0445
03fe
03b8
0374
0332
02f1
02af
026b
0225
01dd
0194
014b
0103
00bd
0078
0036
fff5
ffb3
ff70
ff2b
fee4
fe9c
fe52
fe0a
fdc3
fd7e
fd3a
fcf9
fcb7
fc75
fc30
fbea
fba2
fb59
fb10
fac8
fa82
fa3e
f9fc
f9ba
f978
f935
f8f0
f8a8
f85f
f816
f7ce
f787
f742
f700
f6be
f67c
f639
f5f5
f5ae
f566
f51d
f4d4
f48c
f447
f403
f3c1
f380
f33e
f2fa
f2b4
f26c
f223
f1da
f192
f14c
f107
f0c5
f083
f042
efff
efba
ef73
ef2a
eee1
ee98
ee51
ee0c
edc9
ed87
ed46
ed03
ecbf
ec79
ec31
ebe8
eb9e
eb57
eb11
eacd
ea8b
ea4a
ea08
e9c4
e97f
e937
e8ef
e8a5
e85d
e816
e7d2
e78f
e74e
e70c
e6ca
e685
e63e
e5f6
e5ad
e564
e51c
e4d7
e494
e452
e411
e3cf
e38b
e345
e2fd
e2b4
e26b
e223
e1dd
e199
e156
e115
e0d4
e091
e04c
e005
dfbc
df73
df2a
dee3
de9e
de5b
de1a
ddd9
dd96
dd52
dd0c
dcc4
dc7b
dc32
dbea
dba4
db61
db1f
dade
da9c
da59
da14
d9cc
d983
d93a
d8f1
d8ab
d867
d824
d7e3
d7a2
d760
d71b
d6d5
d68c
d643
d5fa
d5b2
d56d
d52a
d4e9
d4a8
d466
d423
d3dd
d395
d34c
d303
d2bb
d275
d231
d1ef
d1ae
d16d
d12b
d0e6
d09f
d056
d00c
cfc4
cf7d
cf38
cef6
ceb5
ce74
ce33
cdef
cda8
cd60
cd17
ccce
cc86
cc40
cbfd
cbbc
cb7c
cb3b
caf8
cab3
ca6b
ca22
c9d8
c990
c94a
c906
c8c4
c884
c843
c801
c7bd
c776
c72e
c6e4
c69b
c654
c60f
c5cd
c58c
c54c
c50b
c4c8
c482
c43a
c3f1
c3a7
c35f
c31a
c2d6
c295
c255
c215
c1d3
c18e
c147
c0fe
c0b5
c06c
c025
bfe1
bfa0
bf60
bf20
bedf
be9b
be55
be0d
bdc3
bd7a
bd32
bced
bcab
bc6b
bc2b
bbeb
bba9
bb64
bb1c
bad3
ba89
ba41
b9fb
b9b8
b977
b937
b8f8
b8b7
b873
b82d
b7e4
b79a
b751
b70a
b6c6
b684
b645
b606
b5c6
b583
b53e
b4f6
b4ad
b463
b41b
b3d6
b394
b354
b315
b2d6
b295
b251
b20a
b1c1
b177
b12e
b0e8
b0a5
b064
b026
afe7
afa7
af65
af1f
aed7
ae8d
ae43
adfc
adb8
ad77
ad38
acfa
acbb
ac7a
ac36
abee
aba5
ab5b
ab13
aacd
aa8b
aa4c
aa0f
a9d1
a991
a94f
a908
a8c0
a876
a82d
a7e6
a7a3
a763
a726
a6e9
a6ab
a66a
a625
a5dd
a593
a54a
a502
a4be
a47d
a440
a403
a3c6
a387
a344
a2fd
a2b4
a26a
a222
a1dc
a19b
a15d
a121
a0e5
a0a8
a066
a021
9fd9
9f8f
9f46
9eff
9ebd
9e7e
9e42
9e08
9dcc
9d8d
9d4a
9d03
9cb9
9c70
9c28
9be4
9ba4
9b68
9b2e
9af4
9ab7
9a76
9a31
99e9
999f
9956
9911
98d0
9894
985b
9822
97e8
97a9
9766
971f
96d6
968c
9646
9604
95c7
958e
9557
951f
94e3
94a3
945d
9415
93cb
9384
9341
9303
92ca
9294
925e
9226
91e8
91a6
915f
9116
90cd
9089
904a
9011
8fdc
8fa9
8f74
8f3a
8efa
8eb6
8e6e
8e25
8de0
8da0
8d67
8d33
8d02
8cd0
8c9b
8c5f
8c1e
8bd7
8b8f
8b4a
8b09
8acf
8a9c
8a6d
8a40
8a0f
89d9
899c
8958
8912
88cc
888b
8851
881f
87f3
87ca
879f
876f
8738
86f9
86b5
8671
862f
85f6
85c5
859d
8579
8556
852e
84fe
84c6
8487
8445
8406
83cd
839f
837b
835f
8345
8328
8304
82d6
829e
8262
8226
81f2
81c8
81ab
8199
818c
817f
816c
814d
8123
80f2
80be
8091
8071
8060
805f
8068
8074
807b
8076
8065
8048
8028
800d
8000
8009
8027
8057
8091
80c9
80f8
8118
812a
8136
8149
816f
81b4
821d
82a7
8349
83f5
849f
853d
85d1
8663
8707
87d6
88e5
8a45
8bfb
8dff
9043
92b7
9555
9829
9b56
9f1f
a3db
a9ea
b1a8
bb61
c729
d4e7
e44f
f4d9
0000
11ec
2300
3283
3ff4
4b17
53f6
5ad4
601b
643f
67a9
6aaa
6d6f
7005
7262
7475
762c
7784
7887
794b
79ed
7a86
7b29
7bda
7c91
7d40
7dd6
7e48
7e92
7eb9
7ecc
7ed9
7eef
7f15
7f4b
7f89
7fc3
7fed
7fff
7ffa
7fe1
7fbf
7f9f
7f8b
7f86
7f8d
7f9a
7fa2
7f9e
7f88
7f62
7f2f
7ef8
7ec7
7ea1
7e87
7e78
7e6b
7e5a
7e3d
7e13
7ddb
7d9c
7d5c
7d23
7cf4
7cd0
7cb3
7c97
7c76
7c4b
7c14
7bd3
7b8d
7b49
7b0c
7ad8
7aad
7a88
7a62
7a36
7a01
79c3
797c
7933
78ed
78ae
7877
7848
781c
77ef
77bc
7780
773c
76f3
76a8
7661
7620
75e8
75b5
7585
7553
751a
74d9
7492
7446
73fa
73b3
7373
7339
7304
72d0
7299
725c
7217
71cd
7180
7135
70ee
70ad
7072
703b
7004
6fc9
6f89
6f42
6ef6
6ea8
6e5d
6e16
6dd6
6d9a
6d61
6d27
6cea
6ca6
6c5d
6c10
6bc2
6b77
6b31
6af1
6ab4
6a7a
6a3e
69fd
69b8
696d
691f
68d1
6887
6841
6801
67c4
6788
674a
6707
66bf
6673
6625
65d8
658e
6549
6509
64cb
648e
644e
6409
63c0
6373
6324
62d8
628f
624a
620a
61cc
618d
614b
6105
60ba
606c
601e
5fd2
5f8a
5f46
5f05
5ec6
5e86
5e42
5dfb
5daf
5d61
5d13
5cc7
5c80
5c3c
5bfc
5bbc
5b7a
5b35
5aec
5a9f
5a51
5a04
59b9
5972
592f
58ee
58ae
586b
5824
57da
578d
573e
56f1
56a7
5661
561e
55dd
559c
5558
5510
54c5
5477
5429
53dc
5393
534d
530b
52c9
5287
5242
51f9
51ad
515f
5111
50c5
507c
5037
4ff5
4fb3
4f6f
4f29
4edf
4e92
4e44
4df7
4dac
4d64
4d1f
4cdc
4c9a
4c56
4c0e
4bc3
4b76
4b28
4adb
4a90
4a49
4a05
49c2
497f
493a
48f1
48a6
4858
480a
47be
4774
472d
46e9
46a6
4662
461c
45d3
4587
4539
44eb
449f
4456
4410
43cc
4389
4344
42fd
42b3
4266
4218
41cb
417f
4137
40f1
40ae
406a
4025
3fdd
3f92
3f45
3ef7
3eaa
3e5f
3e17
3dd2
3d8e
3d4a
3d04
3cbb
3c6f
3c22
3bd4
3b87
3b3d
3af6
3ab1
3a6d
3a29
39e2
3998
394c
38fe
38b1
3865
381b
37d4
3790
374b
3706
36bf
3674
3628
35da
358d
3541
34f8
34b2
346d
3429
33e3
339b
3350
3303
32b5
3268
321d
31d5
318f
314a
3105
30bf
3076
302a
2fdd
2f8f
2f43
2ef8
2eb1
2e6b
2e27
2de1
2d9a
2d50
2d04
2cb7
2c69
2c1d
2bd3
2b8c
2b47
2b02
2abc
2a75
2a2a
29de
2990
2943
28f7
28ae
2867
2822
27dd
2797
274f
2703
26b6
2669
261c
25d1
2588
2542
24fd
24b8
2471
2428
23dc
238f
2341
22f5
22aa
2262
221c
21d7
2192
214a
2101
20b4
2067
2019
1fcd
1f83
1f3c
1ef6
1eb1
1e6b
1e23
1dd9
1d8c
1d3f
1cf1
1ca6
1c5d
1c16
1bd0
1b8b
1b44
1afc
1ab1
1a64
1a16
19c9
197e
1935
18ef
18aa
1864
181d
17d4
1788
173b
16ed
16a1
1656
160e
15c8
1583
153d
14f5
14ac
1460
1412
13c5
1378
132f
12e7
12a1
125c
1216
11cd
1183
1136
10e9
109c
1050
1007
0fc0
0f7a
0f34
0eee
0ea5
0e5a
0e0d
0dc0
0d73
0d28
0cdf
0c98
0c53
0c0d
0bc6
0b7d
0b31
0ae4
0a96
0a4a
09ff
09b7
0971
092b
08e5
089e
0854
0808
07ba
076d
0721
06d7
068f
0649
0604
05bd
0575
052b
04de
0491
0444
03f8
03ae
0367
0321
02dc
0295
024d
0202
01b5
0167
011a
00cf
0086
003f
fffb
ffb5
ff6e
ff25
fed9
fe8c
fe3f
fdf2
fda7
fd5f
fd19
fcd3
fc8d
fc46
fbfc
fbb0
fb63
fb15
fac9
fa7f
fa37
f9f1
f9ac
f965
f91d
f8d3
f887
f839
f7ec
f7a0
f757
f70f
f6ca
f684
f63e
f5f5
f5aa
f55d
f510
f4c3
f477
f42e
f3e8
f3a2
f35d
f316
f2cc
f281
f234
f1e6
f19a
f14f
f107
f0c0
f07b
f035
efee
efa4
ef58
ef0a
eebd
ee71
ee27
eddf
ed99
ed54
ed0e
ecc6
ec7b
ec2f
ebe1
eb94
eb48
eaff
eab8
ea72
ea2d
e9e6
e99e
e953
e906
e8b8
e86b
e820
e7d7
e791
e74b
e706
e6bf
e676
e62a
e5dd
e590
e543
e4f8
e4b0
e46a
e425
e3df
e398
e34e
e302
e2b5
e267
e21b
e1d1
e189
e143
e0fe
e0b9
e071
e026
dfda
df8c
df3f
def3
deaa
de63
de1d
ddd8
dd92
dd4a
dcff
dcb2
dc65
dc17
dbcc
db83
db3d
daf8
dab3
da6c
da23
d9d8
d98b
d93d
d8f0
d8a6
d85d
d818
d7d3
d78d
d746
d6fd
d6b1
d663
d616
d5ca
d580
d538
d4f3
d4ae
d468
d421
d3d7
d38a
d33d
d2ef
d2a3
d25a
d213
d1ce
d18a
d144
d0fc
d0b1
d064
d016
cfc9
cf7e
cf35
ceef
ceab
ce66
ce20
cdd7
cd8c
cd3f
ccf1
cca4
cc59
cc11
cbcc
cb88
cb43
cafc
cab3
ca67
ca19
c9cc
c97f
c935
c8ee
c8a9
c865
c820
c7d9
c78f
c743
c6f5
c6a8
c65c
c613
c5cc
c588
c544
c4ff
c4b7
c46c
c41f
c3d1
c384
c339
c2f1
c2ab
c267
c223
c1de
c195
c14a
c0fd
c0af
c062
c017
bfd0
bf8b
bf47
bf03
bebd
be75
be29
bddb
bd8d
bd41
bcf7
bcb0
bc6c
bc29
bbe5
bb9e
bb55
bb08
baba
ba6d
ba21
b9d8
b992
b94f
b90c
b8c7
b880
b836
b7e9
b79b
b74e
b703
b6bb
b676
b633
b5f0
b5ab
b564
b519
b4cb
b47d
b430
b3e6
b39f
b35b
b319
b2d6
b291
b248
b1fd
b1af
b161
b115
b0cb
b086
b043
b001
afbe
af78
af2f
aee3
ae95
ae47
adfb
adb3
ad6e
ad2c
aceb
aca7
ac61
ac17
abcb
ab7c
ab2f
aae4
aa9d
aa5a
aa18
a9d7
a994
a94d
a902
a8b5
a867
a81a
a7d0
a78a
a748
a707
a6c6
a683
a63b
a5f0
a5a2
a554
a508
a4bf
a47b
a43a
a3fa
a3b9
a375
a32d
a2e1
a293
a245
a1fa
a1b2
a16f
a130
a0f0
a0b0
a06b
a022
9fd5
9f87
9f3a
9ef0
9eaa
9e69
9e2a
9dec
9dab
9d66
9d1c
9ccf
9c81
9c34
9beb
9ba8
9b68
9b2b
9aed
9aac
9a66
9a1c
99ce
9980
9935
98ee
98ac
986e
9832
97f5
97b4
976d
9722
96d4
9687
963d
95f8
95b8
957d
9542
9505
94c4
947d
9431
93e3
9397
934e
930c
92cf
9296
925d
9220
91df
9197
914b
90fe
90b2
906c
902d
8ff3
8fbc
8f85
8f49
8f07
8ebf
8e73
8e26
8ddd
8d9a
8d5e
8d28
8cf4
8cbe
8c83
8c42
8bf9
8bae
8b62
8b1c
8adc
8aa5
8a73
8a43
8a0f
89d6
8994
894c
8901
88b8
8875
883b
8809
87dd
87b1
8781
8749
8708
86c1
8678
8633
85f5
85c2
8598
8572
854c
8520
84eb
84ac
8467
8422
83e3
83ad
8384
8364
8349
832b
8305
82d4
829a
8259
821b
81e5
81bd
81a3
8193
8186
8175
815a
8132
80ff
80c9
8097
8073
8060
805e
8068
8075
807a
8073
805c
803b
801a
8004
8002
8019
8046
8081
80be
80f2
8115
8129
8136
814b
8177
81c7
8240
82db
838d
8444
84f2
8593
862c
86d2
879e
88ae
8a15
8bdc
8dfc
9063
9301
95cd
98db
9c5d
a0a7
a627
ad53
b68d
c212
cfe0
dfaf
f0f4
0000
12f7
24ee
3510
42cf
4df6
56a1
5d32
6230
6624
697c
6c7f
6f4c
71de
7421
7601
7775
7889
7957
7a00
7aa4
7b53
7c11
7cd3
7d83
7e12
7e75
7ead
7ec7
7ed5
7ee9
7f0e
7f45
7f86
7fc3
7fef
7fff
7ff5
7fd8
7fb4
7f96
7f87
7f88
7f94
7fa0
7fa1
7f90
7f6a
7f36
7efd
7ec8
7e9f
7e85
7e75
7e68
7e53
7e31
7dfe
7dbf
7d7b
7d3a
7d04
7cda
7cb9
7c9c
7c7b
7c4e
7c14
7bd0
7b86
7b3e
7aff
7acb
7aa0
7a78
7a4e
7a1c
79de
7996
7949
78fd
78b8
787d
784a
781c
77ec
77b5
7775
772b
76dc
768e
7645
7605
75cc
7599
7565
752b
74e9
749e
744e
73fe
73b2
736e
7332
72fa
72c2
7287
7243
71f8
71a8
7157
7109
70c2
7082
7047
700d
6fcf
6f8b
6f40
6ef0
6e9e
6e4e
6e05
6dc2
6d84
6d48
6d09
6cc5
6c7a
6c29
6bd7
6b86
6b3b
6af6
6ab6
6a78
6a38
69f3
69a8
6958
6905
68b4
6867
6820
67de
679f
675e
6719
66ce
667e
662b
65d9
658b
6543
64ff
64be
647c
6437
63ec
639d
634a
62f8
62a9
625f
6219
61d7
6195
614f
6105
60b6
6063
6011
5fc1
5f75
5f2f
5eeb
5ea8
5e63
5e19
5dca
5d78
5d25
5cd4
5c88
5c40
5bfb
5bb8
5b72
5b28
5ada
5a88
5a35
59e4
5996
594e
5908
58c4
587e
5834
57e6
5795
5742
56f0
56a2
5658
5612
55cd
5587
553d
54f0
549f
544c
53fa
53ab
5360
5319
52d3
528d
5244
51f7
51a6
5153
5101
50b2
5066
501e
4fd8
4f91
4f48
4efc
4eab
4e59
4e06
4db6
4d6a
4d21
4cda
4c93
4c4b
4bfe
4baf
4b5c
4b0a
4ab9
4a6c
4a22
49db
4994
494b
4900
48b0
485e
480b
47ba
476c
4722
46da
4693
464b
45ff
45b0
455e
450c
44ba
446c
4421
43d8
4391
4349
42fd
42af
425d
420b
41b9
416a
411e
40d5
408e
4045
3ffa
3fac
3f5b
3f09
3eb7
3e67
3e1b
3dd1
3d89
3d41
3cf6
3ca9
3c58
3c05
3bb3
3b63
3b16
3acc
3a84
3a3c
39f1
39a4
3954
3901
38af
385f
3811
37c7
377e
3736
36ec
369f
364f
35fd
35aa
3559
350b
34c0
3477
342f
33e5
3399
3349
32f7
32a5
3254
3205
31b9
3170
3128
30de
3092
3043
2ff1
2f9f
2f4d
2efe
2eb2
2e68
2e20
2dd6
2d8a
2d3c
2cea
2c98
2c46
2bf7
2baa
2b60
2b17
2ace
2a82
2a34
29e3
2991
293f
28ef
28a2
2857
280e
27c5
277a
272c
26db
2689
2637
25e7
2599
254e
2505
24bc
2471
2423
23d3
2381
232f
22de
2290
2245
21fb
21b2
2167
211a
20ca
2078
2026
1fd5
1f87
1f3b
1ef1
1ea8
1e5e
1e11
1dc1
1d70
1d1d
1ccc
1c7d
1c31
1be7
1b9e
1b54
1b07
1ab8
1a67
1a14
19c3
1974
1927
18dd
1893
1849
17fd
17ae
175d
170b
16b9
166a
161d
15d2
1589
153f
14f3
14a5
1454
1402
13b0
1360
1312
12c7
127e
1234
11e9
119b
114a
10f8
10a6
1056
1008
0fbc
0f73
0f29
0ede
0e90
0e40
0dee
0d9c
0d4b
0cfd
0cb1
0c68
0c1e
0bd3
0b86
0b36
0ae4
0a92
0a41
09f2
09a6
095c
0913
08c8
087b
082c
07da
0788
0737
06e8
069b
0651
0607
05bd
0570
0521
04d0
047e
042c
03dd
0390
0346
02fc
02b2
0266
0217
01c6
0174
0122
00d2
0085
003a
fff1
ffa8
ff5c
ff0d
febd
fe6b
fe19
fdc9
fd7b
fd30
fce6
fc9c
fc51
fc03
fbb2
fb61
fb0f
fabe
fa70
fa25
f9db
f991
f946
f8f8
f8a8
f856
f804
f7b4
f765
f719
f6cf
f686
f63b
f5ee
f59e
f54c
f4fa
f4a9
f45a
f40e
f3c4
f37a
f330
f2e3
f294
f242
f1f0
f19f
f150
f103
f0b9
f06f
f025
efd9
ef8a
ef39
eee6
ee95
ee45
edf8
edae
ed64
ed1a
ecce
ec80
ec2f
ebdd
eb8b
eb3b
eaee
eaa3
ea59
ea10
e9c4
e976
e925
e8d3
e881
e831
e7e3
e798
e74f
e705
e6ba
e66c
e61c
e5ca
e578
e527
e4d9
e48e
e444
e3fb
e3b0
e363
e313
e2c1
e26f
e21e
e1cf
e184
e13a
e0f1
e0a6
e059
e00a
dfb8
df66
df15
dec6
de7a
de30
dde7
dd9d
dd50
dd01
dcb0
dc5d
dc0c
dbbd
db70
db26
dadd
da93
da48
d9f9
d9a8
d955
d904
d8b4
d867
d81d
d7d4
d78b
d73f
d6f1
d6a0
d64e
d5fc
d5ac
d55f
d514
d4cb
d482
d437
d3e9
d399
d347
d2f4
d2a4
d256
d20c
d1c3
d17a
d12f
d0e2
d092
d040
cfee
cf9d
cf4f
cf04
cebb
ce72
ce28
cddb
cd8c
cd3a
cce7
cc96
cc48
cbfc
cbb3
cb6b
cb21
cad5
ca86
ca34
c9e2
c990
c941
c8f6
c8ad
c864
c81b
c7d0
c781
c72f
c6dd
c68b
c63c
c5f0
c5a7
c55e
c516
c4cb
c47c
c42b
c3d9
c387
c337
c2eb
c2a1
c259
c211
c1c7
c179
c128
c0d6
c084
c033
bfe7
bf9d
bf55
bf0d
bec3
be76
be26
bdd4
bd81
bd31
bce4
bc9a
bc52
bc0a
bbc1
bb75
bb25
bad3
ba80
ba2f
b9e2
b997
b950
b909
b8c0
b874
b825
b7d3
b780
b72f
b6e1
b697
b64f
b608
b5c0
b575
b527
b4d5
b482
b430
b3e2
b397
b350
b309
b2c2
b278
b22a
b1d8
b185
b134
b0e5
b099
b052
b00c
afc5
af7c
af2e
aede
ae8b
ae39
ade9
ad9e
ad56
ad10
acca
ac82
ac35
abe5
ab92
ab40
aaf0
aaa4
aa5c
aa17
a9d2
a98a
a93f
a8ef
a89c
a84a
a7f9
a7ad
a765
a720
a6dc
a695
a64a
a5fb
a5a9
a556
a506
a4b9
a471
a42c
a3e9
a3a3
a35a
a30b
a2b9
a267
a215
a1c8
a180
a13c
a0f9
a0b5
a06c
a01f
9fce
9f7b
9f29
9edc
9e94
9e50
9e0e
9dcb
9d84
9d38
9ce7
9c94
9c42
9bf4
9bac
9b69
9b28
9ae6
9aa0
9a56
9a06
99b3
9961
9913
98ca
9887
9847
9807
97c4
977a
972b
96d9
9687
9638
95f0
95ad
956f
9530
94ef
94a7
9459
9408
93b5
9367
931e
92dc
929f
9263
9223
91de
9192
9141
90ef
90a0
9058
9017
8fdb
8fa1
8f65
8f22
8ed8
8e88
8e37
8de8
8da0
8d60
8d27
8cf0
8cb6
8c77
8c30
8be1
8b91
8b43
8afb
8abd
8a86
8a52
8a1e
89e2
899e
8953
8903
88b6
8870
8833
8800
87d1
87a2
876c
872d
86e4
8697
864c
8608
85ce
85a0
8578
8550
8521
84e8
84a5
845c
8413
83d3
839e
8377
8358
833a
8317
82e8
82ac
8269
8226
81ec
81bf
81a3
8192
8185
8172
8152
8124
80ec
80b3
8084
8067
805e
8065
8072
807b
8075
805f
803e
801a
8003
8004
8020
8054
8095
80d3
8104
8121
8131
8142
8166
81ae
8223
82c2
837c
843d
84f6
85a0
8643
86f7
87de
8916
8ab5
8cc0
8f26
91d3
94b5
97d4
9b60
9fb2
a545
aca4
b648
c27a
d140
e239
f4b6
0000
1411
26f7
37b3
45b1
50c7
592d
5f70
642a
67fb
6b4d
6e59
7128
73a5
75b8
7751
787d
7958
7a0b
7ab9
7b76
7c41
7d0b
7dbc
7e42
7e95
7ebd
7ecf
7ee0
7f01
7f38
7f7c
7fbe
7fed
7fff
7ff4
7fd3
7fad
7f90
7f85
7f8b
7f99
7fa2
7f9a
7f7b
7f48
7f0c
7ed2
7ea5
7e87
7e76
7e67
7e51
7e2a
7df2
7dad
7d65
7d24
7cef
7cc8
7ca9
7c88
7c5e
7c24
7bde
7b90
7b44
7b00
7ac9
7a9c
7a72
7a44
7a0c
79c7
7978
7926
78d9
7895
785c
782a
77f8
77c0
777e
7730
76dd
768a
763e
75fb
75c0
758a
7551
7511
74c7
7475
741f
73cd
7382
733f
7304
72c9
728a
7243
71f4
719e
7149
70f7
70ae
706c
702f
6ff0
6fac
6f60
6f0c
6eb5
6e60
6e11
6dc9
6d87
6d48
6d05
6cbc
6c6b
6c15
6bbe
6b6a
6b1d
6ad7
6a94
6a52
6a0b
69be
696a
6913
68bc
686a
681f
67d9
6796
6751
6706
66b5
665f
6607
65b2
6562
6519
64d3
648e
6446
63f8
63a4
634d
62f6
62a2
6254
620c
61c6
617f
6133
60e2
608d
6035
5fdf
5f8d
5f41
5ef9
5eb2
5e69
5e1a
5dc7
5d70
5d18
5cc3
5c74
5c29
5be1
5b99
5b4d
5afc
5aa6
5a4f
59f8
59a5
5957
590d
58c5
587b
582c
57d9
5782
572a
56d5
5684
5637
55ee
55a4
5558
5508
54b3
545b
5404
53b0
5360
5315
52cb
5281
5232
51e0
5189
5131
50db
5089
503b
4ff0
4fa6
4f5a
4f09
4eb4
4e5d
4e06
4db1
4d60
4d14
4cc9
4c7e
4c30
4bdd
4b87
4b2f
4ad9
4a86
4a36
49ea
49a0
4953
4903
48af
4858
4800
47ab
4759
470b
46c0
4674
4626
45d4
457e
4527
44d0
447c
442c
43df
4393
4347
42f7
42a3
424c
41f5
419f
414c
40fe
40b1
4065
4017
3fc6
3f71
3f19
3ec2
3e6d
3e1c
3dcf
3d83
3d36
3ce6
3c93
3c3d
3be5
3b8f
3b3c
3aec
3a9f
3a52
3a05
39b3
395f
3908
38b0
385b
3809
37bb
376e
3721
36d2
367f
3629
35d2
357b
3527
34d7
3489
343c
33ee
339e
3349
32f3
329b
3246
31f3
31a4
3157
310a
30bb
3068
3013
2fbc
2f65
2f10
2ebf
2e71
2e24
2dd6
2d85
2d32
2cdb
2c84
2c2e
2bdb
2b8b
2b3d
2af0
2aa1
2a4f
29fa
29a3
294c
28f7
28a5
2856
2809
27bb
276b
2718
26c2
266a
2614
25c0
2570
2522
24d4
2486
2434
23e0
2389
2332
22dc
228a
223a
21ed
219f
214f
20fc
20a7
204f
1ff9
1fa5
1f53
1f05
1eb7
1e69
1e18
1dc3
1d6d
1d16
1cc0
1c6d
1c1d
1bcf
1b81
1b32
1adf
1a8a
1a33
19dc
1988
1936
18e7
1899
184b
17fa
17a6
1750
16f9
16a3
164f
15ff
15b0
1563
1513
14c1
146d
1416
13bf
136a
1317
12c8
127a
122c
11db
1188
1132
10db
1085
1031
0fe0
0f91
0f43
0ef4
0ea3
0e4e
0df8
0da1
0d4b
0cf8
0ca8
0c5a
0c0c
0bbc
0b69
0b14
0abd
0a66
0a12
09c0
0971
0923
08d5
0884
0830
07d9
0782
072c
06d9
0689
063a
05ec
059d
054a
04f5
049e
0448
03f3
03a1
0351
0303
02b5
0264
0210
01ba
0163
010d
00b9
0069
001a
ffcd
ff7e
ff2c
fed7
fe81
fe2a
fdd4
fd82
fd32
fce4
fc95
fc45
fbf2
fb9d
fb46
faef
fa9b
fa4a
f9fb
f9ad
f95e
f90c
f8b8
f862
f80b
f7b5
f762
f712
f6c4
f675
f626
f5d3
f57e
f527
f4d0
f47c
f42a
f3db
f38d
f33e
f2ed
f299
f243
f1ec
f196
f143
f0f2
f0a4
f056
f006
efb4
ef5f
ef09
eeb2
ee5d
ee0a
edbb
ed6d
ed1f
ecce
ec7b
ec25
ebce
eb78
eb24
ead3
ea84
ea36
e9e8
e996
e942
e8eb
e894
e83e
e7ec
e79c
e74e
e700
e6b0
e65d
e608
e5b1
e55a
e506
e4b4
e466
e418
e3c9
e378
e324
e2ce
e277
e221
e1ce
e17e
e130
e0e2
e093
e041
dfeb
df94
df3e
dee9
de97
de48
ddfa
ddac
dd5c
dd08
dcb2
dc5b
dc05
dbb1
db61
db13
dac5
da77
da25
d9d0
d979
d922
d8cd
d87b
d82c
d7de
d790
d741
d6ee
d698
d641
d5ea
d596
d545
d4f7
d4aa
d45c
d40b
d3b7
d360
d309
d2b3
d260
d211
d1c3
d176
d127
d0d5
d07f
d028
cfd1
cf7d
cf2c
cedd
ce90
ce43
cdf3
cd9f
cd48
ccf1
cc9b
cc48
cbf8
cbab
cb5e
cb10
cabe
ca69
ca12
c9bb
c966
c914
c8c6
c879
c82c
c7dd
c78a
c734
c6dc
c686
c632
c5e2
c595
c549
c4fb
c4aa
c456
c3ff
c3a7
c352
c300
c2b1
c265
c219
c1ca
c178
c122
c0ca
c074
c020
bfcf
bf82
bf36
bee9
be99
be46
bdef
bd97
bd41
bcef
bca0
bc54
bc09
bbbb
bb69
bb14
babd
ba66
ba11
b9c0
b973
b928
b8dc
b88d
b83a
b7e4
b78c
b736
b6e3
b694
b648
b5fd
b5b1
b560
b50c
b4b4
b45d
b408
b3b7
b36a
b31f
b2d4
b286
b234
b1de
b187
b130
b0dc
b08d
b042
aff8
afac
af5d
af09
aeb2
ae5b
ae05
adb4
ad67
ad1d
acd3
ac87
ac36
abe0
ab89
ab32
aade
aa8f
aa44
a9fb
a9b1
a963
a910
a8b9
a861
a80c
a7ba
a76d
a724
a6db
a690
a641
a5ec
a595
a53e
a4e9
a49a
a450
a408
a3bf
a373
a322
a2cc
a274
a21e
a1cc
a17f
a137
a0f0
a0a7
a059
a006
9faf
9f57
9f03
9eb4
9e6a
9e24
9ddd
9d93
9d44
9cef
9c97
9c40
9bee
9ba2
9b5b
9b17
9ad0
9a85
9a33
99dc
9985
9930
98e1
9899
9854
9811
97c9
977c
9728
96d1
967a
9628
95dd
9598
9556
9513
94cb
947b
9426
93cf
937a
932c
92e5
92a4
9264
9221
91d6
9185
912f
90d8
9087
903d
8ffb
8fbd
8f7f
8f3b
8eef
8e9c
8e46
8df2
8da5
8d61
8d24
8ce9
8cac
8c67
8c19
8bc5
8b70
8b20
8ad9
8a9c
8a64
8a2e
89f1
89ab
895c
8908
88b6
886c
882d
87f7
87c6
8793
8756
870f
86c0
866e
8622
85e1
85ac
8580
8556
8527
84eb
84a4
8457
840a
83c7
8393
836c
834d
832c
8301
82c8
8284
823c
81fa
81c8
81a7
8194
8185
8171
814f
811c
80e0
80a6
8079
8061
805f
806b
8078
8079
8068
8047
8021
8006
8003
801f
8056
809b
80dc
810c
8126
8135
814c
8181
81e4
8279
8334
8401
84c9
8580
862c
86e8
87d9
8925
8ae7
8d1d
8fb8
929c
95bc
992e
9d3b
a264
a944
b27e
be81
cd6b
def2
f254
0000
153d
2914
3a6c
4898
5388
5ba1
618e
6611
69cd
6d25
7038
72fa
754b
7716
7862
7950
7a0e
7ac6
7b90
7c69
7d3b
7deb
7e66
7eaa
7ec8
7ed8
7ef2
7f24
7f69
7fb1
7fe8
7fff
7ff5
7fd2
7faa
7f8e
7f86
7f8f
7f9e
7fa2
7f8f
7f64
7f27
7ee7
7eb2
7e8e
7e79
7e6a
7e53
7e2b
7df0
7da6
7d5b
7d18
7ce4
7cbe
7c9d
7c77
7c43
7bfe
7bad
7b5b
7b10
7ad3
7aa2
7a75
7a45
7a09
79bf
796a
7914
78c4
7881
7848
7814
77dc
779b
774d
76f6
769e
764b
7602
75c4
758a
754e
7509
74b9
7461
7406
73b1
7365
7323
72e5
72a5
725d
720c
71b2
7157
7100
70b2
706c
702b
6fe8
6f9e
6f4b
6ef1
6e95
6e3d
6ded
6da5
6d61
6d1c
6cd1
6c7d
6c23
6bc6
6b6d
6b1b
6ad1
6a8b
6a44
69f8
69a4
6949
68ec
6893
6840
67f4
67ac
6763
6716
66c1
6667
660a
65af
655b
650e
64c5
647b
642d
63d8
637d
6320
62c5
6270
6222
61d7
618d
613e
60e9
608e
6031
5fd6
5f80
5f30
5ee5
5e99
5e4a
5df4
5d9a
5d3d
5ce1
5c8b
5c3a
5bee
5ba2
5b52
5afc
5aa1
5a44
59e9
5992
5941
58f3
58a6
5856
5800
57a6
5749
56ed
5696
5644
55f6
55a8
5558
5502
54a7
544a
53ef
5397
5344
52f5
52a7
5256
5201
51a6
5149
50ed
5095
5042
4ff3
4fa4
4f53
4efd
4ea3
4e46
4dea
4d92
4d3e
4cee
4c9f
4c4e
4bf8
4b9e
4b41
4ae5
4a8c
4a38
49e8
4999
4947
48f1
4897
483b
47de
4785
4731
46e0
4690
463f
45e9
458f
4532
44d6
447d
4428
43d7
4387
4335
42df
4286
4229
41cd
4173
411e
40cd
407c
402a
3fd5
3f7b
3f1f
3ec2
3e69
3e13
3dc1
3d70
3d1e
3cc9
3c6f
3c13
3bb7
3b5d
3b07
3ab5
3a64
3a12
39bc
3963
3907
38aa
3850
37fa
37a8
3756
3704
36af
3655
35f9
359d
3543
34ed
349a
3448
33f6
33a1
3347
32eb
328f
3235
31de
318b
313a
30e7
3092
3039
2fdd
2f81
2f26
2ecf
2e7c
2e2a
2dd8
2d83
2d2a
2cce
2c71
2c17
2bc0
2b6c
2b1a
2ac8
2a73
2a1a
29be
2962
2907
28b0
285c
280a
27b7
2762
270a
26ae
2652
25f7
259f
254b
24f9
24a7
2452
23f9
239e
2341
22e6
228f
223a
21e8
2195
2141
20e8
208d
2030
1fd5
1f7e
1f29
1ed7
1e84
1e2f
1dd7
1d7c
1d1f
1cc4
1c6c
1c17
1bc5
1b72
1b1d
1ac5
1a6a
1a0e
19b3
195a
1906
18b3
1860
180b
17b3
1758
16fc
16a1
1648
15f3
15a1
154e
14f9
14a1
1446
13ea
138f
1336
12e1
128e
123c
11e7
118f
1134
10d8
107d
1024
0fcf
0f7c
0f29
0ed5
0e7d
0e22
0dc6
0d6a
0d12
0cbc
0c69
0c16
0bc2
0b6a
0b10
0ab4
0a58
09ff
09a9
0956
0904
08af
0858
07fd
07a1
0746
06ec
0697
0643
05f1
059c
0545
04eb
048f
0433
03da
0384
0330
02de
028a
0233
01d8
017c
0120
00c7
0071
001e
ffcc
ff78
ff21
fec7
fe6b
fe0f
fdb5
fd5f
fd0c
fcb9
fc65
fc0e
fbb4
fb58
fafc
faa3
fa4c
f9f9
f9a6
f952
f8fc
f8a2
f846
f7ea
f790
f739
f6e6
f693
f640
f5e9
f58f
f533
f4d7
f47d
f427
f3d3
f380
f32d
f2d6
f27d
f221
f1c5
f16b
f114
f0c0
f06e
f01a
efc4
ef6b
ef0f
eeb3
ee59
ee02
edae
ed5b
ed08
ecb2
ec58
ebfd
eba1
eb46
eaef
ea9b
ea49
e9f6
e9a0
e946
e8eb
e88f
e834
e7dd
e789
e737
e6e4
e68e
e635
e5d9
e57d
e522
e4cb
e477
e425
e3d2
e37c
e323
e2c8
e26b
e211
e1b9
e165
e113
e0c0
e06b
e012
dfb7
df5a
df00
dea8
de54
de02
ddaf
dd5a
dd01
dca6
dc49
dbef
db97
db43
daf0
da9e
da49
d9f1
d995
d939
d8de
d886
d832
d7e0
d78d
d739
d6e0
d685
d629
d5ce
d576
d521
d4cf
d47d
d429
d3d1
d375
d319
d2be
d266
d212
d1c0
d16e
d119
d0c2
d066
d00a
cfaf
cf56
cf02
ceb0
ce5f
ce0b
cdb3
cd58
ccfb
cca0
cc48
cbf3
cba1
cb50
cafc
caa5
ca4a
c9ed
c992
c939
c8e5
c893
c842
c7ef
c797
c73d
c6e0
c684
c62c
c5d8
c586
c535
c4e2
c48b
c430
c3d4
c378
c31f
c2cb
c279
c229
c1d6
c17f
c125
c0c8
c06c
c014
bfbf
bf6e
bf1d
becb
be75
be1a
bdbe
bd62
bd09
bcb4
bc63
bc13
bbc1
bb6b
bb11
bab4
ba58
b9ff
b9ab
b95a
b90a
b8b8
b863
b809
b7ac
b750
b6f7
b6a2
b652
b602
b5b1
b55c
b502
b4a5
b449
b3f0
b39c
b34b
b2fc
b2ab
b257
b1fd
b1a0
b144
b0eb
b096
b046
aff8
afa8
af53
aefa
ae9d
ae41
ade7
ad93
ad43
acf5
aca6
ac52
abf9
ab9c
ab40
aae6
aa92
aa43
a9f5
a9a6
a953
a8fa
a89e
a841
a7e8
a794
a744
a6f8
a6aa
a657
a5ff
a5a2
a545
a4ec
a498
a449
a3fd
a3b0
a35e
a306
a2aa
a24d
a1f4
a1a0
a152
a107
a0ba
a069
a012
9fb6
9f59
9f00
9eac
9e5f
9e15
9dc9
9d79
9d22
9cc7
9c6a
9c10
9bbd
9b71
9b27
9ade
9a8e
9a38
99dd
9980
9927
98d4
9888
9841
97f8
97ab
9755
96fa
969e
9645
95f3
95a8
9562
951b
94cf
947b
9421
93c4
936b
931a
92d1
928d
9248
91fe
91ab
9152
90f6
909d
904d
9005
8fc4
8f82
8f3a
8ee9
8e90
8e35
8ddd
8d8e
8d49
8d0a
8ccc
8c87
8c38
8be1
8b87
8b30
8ae3
8aa1
8a66
8a2c
89eb
899f
894a
88f1
889c
8852
8814
87de
87aa
876e
8727
86d5
867e
862c
85e5
85ad
857e
8552
851e
84dc
848f
843c
83ee
83ae
837e
835a
8339
8310
82d8
8291
8245
81fe
81c8
81a5
8192
8182
816a
8141
8108
80c7
808e
8069
805e
8066
8075
807a
806c
804b
8023
8005
8003
8024
8062
80ab
80ec
8117
812d
813e
8163
81b6
8240
82fc
83d3
84a9
856d
8624
86eb
87ee
895a
8b4a
8dbd
9098
93be
972a
9b10
9fe5
a654
af24
baf4
ca04
dc1e
f079
0000
167a
2b4d
3d32
4b7e
5639
5df5
6392
67eb
6ba2
6f03
7212
74b0
76bb
7834
793b
7a07
7aca
7ba1
7c87
7d62
7e11
7e83
7ebb
7ed1
7ee4
7f0c
7f4e
7f9c
7fde
7fff
7ffb
7fd8
7fae
7f8f
7f88
7f93
7fa2
7fa1
7f86
7f50
7f0d
7ecd
7e9d
7e82
7e71
7e5d
7e37
7dfc
7daf
7d5f
7d18
7ce2
7cbb
7c98
7c6c
7c30
7be1
7b8a
7b36
7aee
7ab5
7a85
7a54
7a18
79cc
7973
7917
78c3
787c
7841
780a
77cd
7784
772d
76cf
7674
7621
75dc
759e
755f
7518
74c5
7468
7409
73af
735f
731a
72d8
7293
7243
71e9
7189
712a
70d3
7086
703f
6ffa
6fad
6f57
6ef8
6e97
6e3a
6de6
6d9a
6d52
6d08
6cb5
6c59
6bf8
6b97
6b3d
6aec
6aa0
6a56
6a07
69ae
694f
68ed
688e
6837
67e7
679b
674e
66f9
669c
663b
65d9
657d
6529
64da
648d
643b
63e2
6382
631f
62bf
6266
6214
61c5
6175
611f
60c2
6061
5fff
5fa1
5f4b
5efa
5eaa
5e57
5dfd
5d9d
5d3b
5cda
5c80
5c2b
5bdb
5b89
5b32
5ad5
5a73
5a11
59b3
595b
5908
58b7
5862
5808
57a8
5746
56e5
5689
5633
55e1
558e
5537
54da
5478
5416
53b7
535e
5309
52b7
5262
5207
51a8
5145
50e4
5088
5030
4fdd
4f89
4f31
4ed4
4e73
4e11
4db1
4d57
4d02
4cae
4c58
4bfe
4b9e
4b3c
4adb
4a7d
4a25
49d1
497c
4924
48c7
4866
4804
47a4
4749
46f3
469e
4648
45ee
458e
452c
44cb
446d
4414
43bf
4369
4311
42b4
4253
41f1
4191
4135
40de
4089
4033
3fd8
3f79
3f17
3eb6
3e57
3dfe
3da8
3d52
3cfa
3c9d
3c3c
3bda
3b7a
3b1e
3ac6
3a70
3a19
39bf
3960
38fe
389c
383e
37e4
378d
3737
36de
3682
3621
35bf
355f
3502
34aa
3453
33fc
33a2
3343
32e2
3280
3221
31c7
316f
3119
30c0
3064
3004
2fa2
2f41
2ee4
2e8b
2e34
2ddd
2d83
2d25
2cc3
2c61
2c02
2ba7
2b4f
2af9
2aa0
2a44
29e4
2982
2921
28c4
286a
2813
27bc
2762
2703
26a2
2641
25e1
2585
252d
24d6
247e
2422
23c2
2360
22ff
22a2
2248
21f0
2199
213f
20e1
2080
201e
1fbe
1f62
1f0a
1eb3
1e5a
1dfe
1d9f
1d3d
1cdc
1c7e
1c24
1bcc
1b75
1b1b
1abd
1a5c
19fa
199b
193e
18e5
188e
1836
17da
177b
1719
16b8
1659
15ff
15a7
154f
14f6
1498
1438
13d6
1376
1319
12c0
1268
1210
11b5
1155
10f4
1093
1034
0fd9
0f81
0f29
0ed0
0e73
0e12
0db0
0d50
0cf3
0c9a
0c42
0bea
0b8f
0b30
0ace
0a6d
0a0e
09b3
095b
0903
08aa
084d
07ec
078b
072a
06cd
0673
061b
05c3
0568
050a
04a8
0447
03e8
038c
0334
02dc
0283
0226
01c6
0164
0104
00a6
004c
fff6
ff9e
ff43
fee4
fe83
fe22
fdc2
fd67
fd0e
fcb6
fc5d
fc01
fba1
fb3f
fadf
fa81
fa27
f9cf
f977
f91c
f8be
f85d
f7fc
f79c
f740
f6e7
f690
f637
f5db
f57b
f519
f4b8
f45a
f400
f3a8
f350
f2f6
f298
f237
f1d6
f176
f11a
f0c1
f069
f011
efb5
ef55
eef4
ee93
ee34
edda
ed82
ed2a
ecd0
ec73
ec12
ebb0
eb50
eaf4
ea9b
ea43
e9eb
e98f
e930
e8cf
e86d
e80f
e7b4
e75c
e705
e6ab
e64e
e5ed
e58c
e52b
e4cf
e475
e41e
e3c6
e36b
e30c
e2aa
e249
e1ea
e18f
e138
e0e0
e087
e02a
dfca
df68
df07
deaa
de51
ddfa
dda2
dd48
dce9
dc87
dc26
dbc7
db6c
db14
dabd
da64
da08
d9a7
d945
d8e5
d888
d82e
d7d7
d780
d726
d6c7
d666
d604
d5a5
d54a
d4f2
d49b
d443
d3e7
d386
d325
d2c4
d266
d20d
d1b6
d15f
d105
d0a7
d046
cfe4
cf85
cf29
ced2
ce7b
ce23
cdc7
cd68
cd06
cca5
cc47
cbee
cb97
cb41
cae7
ca89
ca28
c9c6
c967
c90b
c8b4
c85e
c806
c7ab
c74b
c6e9
c688
c62a
c5d1
c57b
c525
c4cc
c46f
c40e
c3ac
c34c
c2f0
c299
c243
c1ec
c192
c132
c0d0
c06f
c011
bfb8
bf62
bf0c
beb4
be57
bdf6
bd94
bd34
bcd8
bc81
bc2c
bbd6
bb7c
bb1d
babb
ba5a
b9fb
b9a2
b94d
b8f8
b8a1
b845
b7e4
b782
b721
b6c5
b66f
b61a
b5c5
b56c
b50d
b4ab
b44a
b3eb
b392
b33d
b2ea
b293
b238
b1d7
b175
b114
b0b8
b062
b00e
afba
af62
af04
aea2
ae40
ade2
ad89
ad35
ace2
ac8d
ac32
abd2
ab6f
ab0f
aab3
aa5d
aa0b
a9b8
a961
a903
a8a2
a83f
a7e1
a788
a735
a6e4
a690
a636
a5d7
a574
a513
a4b8
a463
a412
a3c0
a36b
a30e
a2ad
a24b
a1ec
a194
a142
a0f2
a0a0
a048
9fe9
9f87
9f26
9ecb
9e76
9e27
9dd8
9d84
9d29
9cc8
9c66
9c07
9bb0
9b60
9b13
9ac3
9a6d
9a0f
99ad
994c
98f1
989f
9852
9806
97b5
975b
96fb
9699
963b
95e5
9597
954d
9501
94ad
9451
93f0
938f
9335
92e5
929c
9254
9206
91b0
9151
90f0
9092
903f
8ff4
8faf
8f68
8f19
8ebf
8e5f
8dff
8da8
8d5b
8d17
8cd6
8c8e
8c3c
8be0
8b80
8b25
8ad5
8a91
8a53
8a14
89cb
8976
8919
88bc
8869
8823
87e8
87b1
8773
8729
86d2
8676
8620
85d8
859f
856f
853e
8502
84b6
8460
840a
83c0
8387
835f
833c
8312
82d8
828e
823d
81f4
81bd
819d
818b
8179
8159
8125
80e2
80a0
8071
805c
8061
8071
8078
806b
8048
801d
8001
8005
8030
8078
80c4
8100
8122
8133
814f
8193
8215
82d2
83b2
8496
8567
862a
86ff
881e
89b9
8bea
8ea7
91ce
9541
9916
9dae
a3bc
ac25
b7ba
c6f1
d9a6
ef05
0000
17c5
2d97
4003
4e5b
58ca
6027
657d
69bc
6d79
70df
73d7
7634
77e8
7913
79f0
7abf
7ba2
7c96
7d7a
7e2a
7e94
7ec2
7ed5
7ef0
7f28
7f77
7fc5
7ff7
7ffe
7fdf
7fb2
7f90
7f86
7f92
7fa1
7f9e
7f7b
7f3e
7ef5
7eb7
7e8d
7e77
7e65
7e46
7e0f
7dc2
7d6d
7d1f
7ce4
7cba
7c95
7c66
7c23
7bcd
7b70
7b1a
7ad4
7a9d
7a6b
7a32
79e8
798d
792c
78d1
7883
7843
7809
77c8
7779
771c
76b8
7659
7606
75c0
7580
753a
74e8
7489
7423
73c2
736b
7320
72db
7291
723d
71dc
7176
7112
70b9
706a
7021
6fd5
6f7f
6f1e
6eb7
6e52
6df6
6da5
6d58
6d0a
6cb2
6c51
6be9
6b84
6b26
6ad2
6a84
6a33
69db
6979
6911
68ab
684c
67f6
67a5
6754
66fa
6698
6631
65ca
656a
6512
64c0
646d
6413
63b1
6349
62e2
6280
6227
61d4
617f
6125
60c3
605b
5ff4
5f92
5f37
5ee2
5e8d
5e33
5dd1
5d69
5d01
5c9f
5c43
5bed
5b97
5b3c
5ada
5a73
5a0b
59a7
594b
58f4
589d
5842
57e0
5779
5711
56ad
5650
55f8
55a1
5545
54e4
547c
5414
53b0
5352
52f9
52a1
5246
51e4
517d
5115
50b0
5052
4ff8
4fa0
4f44
4ee3
4e7c
4e14
4daf
4d4f
4cf5
4c9c
4c41
4bdf
4b79
4b10
4aab
4a4b
49f0
4997
493b
48da
4874
480c
47a6
4746
46ea
4691
4635
45d4
456d
4505
449f
443e
43e3
4389
432d
42cc
4266
41fe
4198
4136
40da
4080
4024
3fc3
3f5d
3ef5
3e8f
3e2d
3dd0
3d75
3d19
3cb9
3c53
3beb
3b85
3b23
3ac5
3a6a
3a0e
39ae
3949
38e1
387a
3818
37ba
375f
3702
36a2
363d
35d5
356e
350c
34ae
3452
33f6
3396
3331
32c9
3262
31ff
31a1
3145
30e9
3089
3024
2fbc
2f55
2ef2
2e93
2e37
2ddb
2d7b
2d17
2caf
2c48
2be4
2b85
2b29
2acd
2a6d
2a09
29a1
293a
28d6
2877
281a
27be
275e
26fa
2693
262c
25c7
2568
250b
24af
244f
23eb
2384
231d
22b9
2258
21fc
219f
2140
20dc
2075
200e
1fa9
1f49
1eec
1e8f
1e30
1dcd
1d66
1cff
1c9a
1c39
1bdc
1b7f
1b20
1abd
1a56
19ef
198a
1929
18cb
186f
1810
17ad
1746
16df
167a
1618
15bb
155e
14ff
149d
1436
13cf
1369
1308
12aa
124d
11ef
118c
1126
10bf
1059
0ff7
0f99
0f3c
0ede
0e7c
0e16
0dae
0d48
0ce6
0c88
0c2b
0bcd
0b6b
0b05
0a9e
0a38
09d5
0977
091a
08bc
085a
07f4
078d
0727
06c4
0666
0609
05ab
0549
04e4
047c
0416
03b3
0354
02f8
029a
0238
01d3
016c
0105
00a2
0043
ffe7
ff89
ff28
fec3
fe5c
fdf5
fd92
fd33
fcd6
fc78
fc17
fbb2
fb4b
fae4
fa81
fa22
f9c5
f967
f906
f8a2
f83a
f7d4
f770
f710
f6b3
f656
f5f6
f591
f52a
f4c3
f45f
f3ff
f3a2
f345
f2e5
f280
f219
f1b2
f14e
f0ee
f091
f034
efd4
ef70
ef09
eea2
ee3d
eddd
ed80
ed23
ecc3
ec60
ebf9
eb91
eb2d
eacc
ea6f
ea13
e9b3
e94f
e8e9
e881
e81c
e7bc
e75f
e702
e6a3
e63f
e5d9
e571
e50c
e4ac
e44e
e3f2
e393
e330
e2c9
e262
e1fc
e19b
e13e
e0e2
e083
e020
dfba
df52
deed
de8c
de2e
ddd2
dd74
dd11
dcab
dc43
dbde
db7c
db1f
dac3
da65
da02
d99c
d934
d8cf
d86d
d810
d7b4
d756
d6f4
d68e
d626
d5c0
d55e
d501
d4a5
d447
d3e6
d380
d318
d2b2
d250
d1f2
d197
d13a
d0d8
d073
d00b
cfa5
cf42
cee5
ce89
ce2c
cdcb
cd66
ccfe
cc98
cc35
cbd7
cb7c
cb20
cabf
ca5a
c9f2
c98b
c929
c8cb
c870
c814
c7b3
c74e
c6e6
c680
c61d
c5bf
c564
c508
c4a8
c444
c3dc
c375
c312
c2b4
c259
c1fe
c19e
c13a
c0d2
c06b
c008
bfaa
bf4f
bef4
be95
be31
bdc9
bd62
bcff
bca1
bc46
bbec
bb8d
bb29
bac2
ba5a
b9f7
b999
b93e
b8e4
b887
b823
b7bc
b754
b6f0
b692
b638
b5df
b581
b51e
b4b7
b44f
b3eb
b38d
b333
b2da
b27d
b21b
b1b4
b14c
b0e7
b089
b030
afd7
af7b
af19
aeb2
ae4a
ade6
ad87
ad2f
acd7
ac7c
ac1a
abb3
ab4b
aae6
aa88
aa2f
a9d8
a97e
a91d
a8b6
a84e
a7e9
a78b
a733
a6dd
a683
a623
a5bd
a554
a4ef
a491
a43a
a3e4
a38c
a32c
a2c6
a25e
a1f9
a19b
a144
a0ef
a098
a03a
9fd4
9f6c
9f06
9ea8
9e52
9dff
9da9
9d4b
9ce6
9c7e
9c19
9bbb
9b66
9b14
9abf
9a63
99ff
9996
9931
98d4
987f
982f
97dc
9781
971e
96b6
9650
95f4
95a0
9552
9501
94a8
9445
93de
9379
931c
92ca
927e
9230
91d9
9178
9111
90ac
9051
9001
8fb7
8f6c
8f18
8eb8
8e52
8dee
8d94
8d46
8d00
8cb8
8c67
8c0a
8ba5
8b42
8aea
8a9f
8a5d
8a1b
89ce
8974
8911
88af
885a
8813
87d7
879b
8755
86ff
869f
8640
85ee
85ad
8579
8546
8508
84b8
845d
8402
83b6
837f
8357
8331
82fe
82b8
8265
8212
81cf
81a6
8190
817e
815f
8129
80e3
809e
806e
805d
8066
8076
8078
8060
8035
800c
8000
8020
8064
80b6
80fa
8121
8134
8151
819d
822e
82fe
83f0
84dd
85b3
8683
8782
88f2
8b02
8db7
90f1
9486
987f
9d3c
a38c
ac79
b8f8
c98e
ddfb
f517
0000
1923
2ffc
42de
5128
5b42
623b
6758
6b8e
6f55
72b3
7575
777b
78d8
79cd
7aa7
7b96
7c98
7d88
7e3b
7ea0
7ec7
7eda
7f01
7f47
7f9e
7fe4
7fff
7fec
7fbe
7f95
7f85
7f90
7fa0
7f9c
7f76
7f33
7ee7
7ea9
7e84
7e70
7e5a
7e2e
7de6
7d8d
7d36
7cf1
7cc1
7c9a
7c6a
7c24
7bca
7b67
7b0e
7ac7
7a8f
7a59
7a17
79c0
795c
78f6
789e
7856
7817
77d5
7784
7723
76b9
7655
75fe
75b5
7570
7524
74c8
7460
73f5
7392
733e
72f3
72a8
7252
71ee
7182
7118
70b9
7066
7018
6fc6
6f69
6eff
6e92
6e2a
6dce
6d7c
6d2a
6cd2
6c6e
6c01
6b94
6b30
6ad6
6a83
6a2d
69cf
6966
68f8
688d
682b
67d3
677e
6724
66c0
6654
65e6
657e
651f
64c8
6470
6411
63a9
633a
62ce
6269
620c
61b4
6159
60f6
608a
601b
5fb1
5f4f
5ef4
5e9a
5e3b
5dd4
5d66
5cf8
5c91
5c31
5bd6
5b7a
5b17
5aad
5a3e
59d2
596d
590f
58b4
5855
57ee
5781
5713
56a9
5647
55ea
558d
552b
54c1
5453
53e6
537f
531e
52c2
5262
51fd
5191
5122
50b7
5052
4ff4
4f96
4f34
4ecc
4e5e
4df0
4d87
4d25
4cc7
4c67
4c03
4b97
4b29
4abd
4a56
49f6
4997
4936
48ce
4861
47f3
4789
4724
46c5
4665
4601
4597
4529
44bc
4454
43f2
4392
4331
42cb
425e
41f0
4185
411f
40be
405e
3ffb
3f92
3f24
3eb7
3e4d
3de9
3d89
3d28
3cc2
3c57
3be9
3b7d
3b15
3ab3
3a53
39f0
3988
391b
38ad
3843
37dd
377c
371b
36b6
364c
35de
3571
3509
34a5
3444
33e2
337b
330f
32a1
3235
31cf
316d
310b
30a7
303e
2fd1
2f63
2ef9
2e95
2e33
2dd1
2d6b
2d00
2c92
2c26
2bbe
2b5b
2af9
2a96
2a2e
29c1
2953
28e8
2882
2820
27be
2759
26ef
2681
2614
25ab
2547
24e5
2483
241b
23af
2341
22d6
226f
220c
21aa
2145
20dc
206f
2002
1f97
1f32
1ed0
1e6e
1e07
1d9c
1d2e
1cc2
1c5a
1bf6
1b94
1b30
1ac8
1a5b
19ee
1983
191c
18ba
1857
17f2
1787
171a
16ad
1644
15df
157d
151a
14b2
1446
13d9
136d
1306
12a2
1240
11db
1172
1105
1098
102d
0fc8
0f65
0f02
0e9c
0e31
0dc3
0d57
0cee
0c8a
0c28
0bc4
0b5c
0aef
0a82
0a17
09b0
094d
08eb
0885
081b
07ad
0740
06d7
0672
0610
05ac
0545
04d9
046c
0400
0398
0335
02d2
026e
0204
0197
012a
00c0
005a
fff8
ff95
ff2f
fec4
fe56
fdea
fd81
fd1d
fcbb
fc57
fbee
fb82
fb15
faa9
fa43
f9e0
f97d
f918
f8ad
f840
f7d3
f76a
f705
f6a2
f63f
f5d8
f56c
f4fe
f492
f42b
f3c7
f365
f300
f297
f22a
f1bd
f153
f0ed
f08a
f027
efc1
ef56
eee9
ee7c
ee14
edaf
ed4d
ece9
ec81
ec15
eba7
eb3c
ead5
ea73
ea10
e9ab
e941
e8d4
e866
e7fd
e798
e736
e6d3
e66c
e600
e592
e526
e4bf
e45c
e3fa
e395
e32c
e2bf
e252
e1e7
e182
e120
e0bd
e057
dfec
df7f
df12
dea9
de46
dde4
dd81
dd19
dcac
dc3e
dbd3
db6d
db0a
daa8
da43
d9da
d96c
d8ff
d896
d831
d7cf
d76d
d706
d69b
d62d
d5c1
d559
d4f6
d495
d431
d3c8
d35b
d2ee
d283
d21e
d1bc
d15b
d0f5
d08b
d01d
cfb0
cf48
cee4
ce83
ce21
cdb9
cd4d
ccdf
cc73
cc0d
cbab
cb4b
cae6
ca7d
ca0f
c9a2
c938
c8d4
c874
c812
c7ac
c740
c6d2
c666
c5ff
c59d
c53d
c4da
c472
c404
c397
c32c
c2c7
c267
c206
c1a2
c137
c0c9
c05c
bff4
bf92
bf32
bed1
be6a
bdfd
bd8f
bd24
bcbe
bc5e
bbfe
bb9b
bb32
bac4
ba57
b9ed
b98b
b92b
b8cb
b866
b7fb
b78c
b720
b6ba
b659
b5fb
b599
b532
b4c4
b456
b3ec
b389
b32a
b2cb
b268
b1fe
b190
b123
b0bb
b05a
affd
af9d
af37
aecb
ae5d
adf2
ad8d
ad2f
acd2
ac71
ac08
ab9b
ab2d
aac4
aa63
aa07
a9a9
a946
a8db
a86c
a800
a79b
a73d
a6e1
a683
a61c
a5b0
a541
a4d8
a476
a41b
a3c0
a35f
a2f6
a287
a21a
a1b4
a157
a0fd
a0a1
a03e
9fd2
9f64
9ef9
9e97
9e3d
9de5
9d87
9d20
9cb3
9c45
9bdf
9b81
9b2a
9ad2
9a71
9a08
999a
992e
98cc
9873
981e
97c5
9762
96f6
9688
9621
95c4
956f
951c
94c0
945a
93ec
9381
931e
92c8
9277
9223
91c5
915c
90ee
9087
902b
8fdb
8f8d
8f38
8ed7
8e6c
8e00
8d9f
8d4b
8d01
8cb5
8c5e
8bfa
8b8e
8b28
8ace
8a84
8a3f
89f5
899b
8935
88cc
886d
881f
87de
879f
8755
86f9
8693
8630
85dd
859d
8568
852f
84e4
8488
8426
83cf
838d
835f
8338
8305
82bd
8264
820c
81c9
81a1
818d
8177
814e
810d
80c1
8081
8061
8062
8073
807a
8066
803a
800e
8002
8025
8070
80c7
8108
8129
813d
816c
81dd
829d
8393
8494
857e
8658
8759
88ce
8af5
8dd4
9146
951d
996e
9ec7
a62d
b0eb
bff9
d398
eaf7
0000
1a96
3277
45c2
53e8
5d98
6435
692b
6d66
7133
746d
76de
7883
799b
7a83
7b7b
7c8c
7d8b
7e45
7ea8
7ecb
7ee1
7f13
7f67
7fc0
7ff8
7ffa
7fd2
7fa1
7f87
7f8c
7f9e
7f9f
7f79
7f32
7ee1
7ea2
7e7f
7e6c
7e4f
7e16
7dc0
7d60
7d0d
7cd2
7ca7
7c79
7c35
7bd8
7b70
7b10
7ac5
7a8b
7a51
7a06
79a6
793a
78d2
787c
7836
77f3
77a5
7743
76d5
7668
7609
75bb
7572
7520
74be
744e
73de
7379
7324
72d6
7282
7220
71b0
713e
70d5
7079
7027
6fd1
6f6f
6f00
6e8c
6e20
6dc0
6d69
6d12
6cb0
6c42
6bce
6b5e
6afa
6aa0
6a47
69e6
6979
6904
6893
682b
67ce
6774
6713
66a7
6632
65bf
6555
64f5
6499
6438
63cd
635a
62e5
6279
6216
61b8
6158
60ee
607b
6006
5f97
5f32
5ed3
5e72
5e09
5d98
5d23
5cb2
5c4a
5be9
5b89
5b21
5ab0
5a3b
59c9
595f
58fd
589b
5835
57c5
5750
56dd
5671
560d
55ab
5545
54d7
5463
53ef
5381
531b
52b9
5253
51e6
5172
50fe
508f
5027
4fc4
4f5f
4ef3
4e80
4e0b
4d9a
4d31
4ccd
4c68
4bfd
4b8c
4b17
4aa5
4a3a
49d5
4970
4906
4895
4821
47ae
4741
46db
4677
460e
459e
4529
44b6
4448
43e1
437c
4313
42a4
4231
41bc
414d
40e5
407f
4018
3faa
3f37
3ec2
3e52
3de8
3d82
3d1b
3cae
3c3c
3bc7
3b56
3aeb
3a84
3a1d
39b2
3940
38cb
3859
37ed
3785
371f
36b4
3643
35cf
355c
34ee
3486
341f
33b5
3346
32d2
325e
31ef
3186
311f
30b6
3047
2fd4
2f60
2ef0
2e86
2e1f
2db6
2d48
2cd5
2c61
2bf0
2b85
2b1e
2ab5
2a48
29d6
2962
28f0
2884
281c
27b4
2748
26d7
2662
25f0
2583
251a
24b2
2447
23d6
2362
22ef
2281
2218
21b0
2146
20d6
2062
1fef
1f7f
1f15
1ead
1e44
1dd5
1d62
1cee
1c7d
1c12
1bab
1b41
1ad4
1a61
19ed
197c
1910
18a7
183f
17d2
1760
16ec
167a
160d
15a4
153c
14d0
145e
13ea
1378
130a
12a0
1238
11cd
115d
10e9
1076
1007
0f9d
0f35
0eca
0e5b
0de7
0d74
0d04
0c99
0c31
0bc7
0b58
0ae5
0a72
0a01
0995
092d
08c4
0856
07e4
0770
06fe
0692
0629
05c0
0553
04e2
046e
03fb
038e
0325
02bc
0251
01e0
016c
00f9
008a
0021
ffba
ff4f
fede
fe6b
fdf7
fd88
fd1e
fcb6
fc4b
fbdc
fb69
faf5
fa85
fa1a
f9b2
f948
f8da
f867
f7f3
f782
f716
f6ae
f645
f5d7
f565
f4f1
f47f
f412
f3aa
f341
f2d5
f263
f1ef
f17d
f10f
f0a6
f03e
efd2
ef61
eeed
ee7a
ee0c
eda2
ed3a
eccf
ec60
ebec
eb78
eb09
ea9f
ea37
e9cd
e95e
e8eb
e877
e807
e79b
e733
e6ca
e65c
e5ea
e576
e504
e498
e430
e3c8
e35b
e2e9
e275
e203
e196
e12d
e0c5
e059
dfe8
df74
df01
de94
de2b
ddc3
dd58
dce8
dc74
dc00
db92
db28
dac1
da57
d9e8
d974
d900
d890
d826
d7bf
d756
d6e8
d675
d600
d590
d525
d4bd
d455
d3e8
d376
d301
d290
d224
d1bc
d155
d0e9
d077
d003
cf90
cf23
cebc
ce55
cdea
cd79
cd05
cc92
cc24
cbbc
cb55
caeb
ca7b
ca07
c994
c925
c8bc
c856
c7ed
c77e
c70b
c697
c627
c5bd
c557
c4ef
c482
c40f
c39b
c32a
c2bf
c259
c1f3
c186
c114
c09f
c02e
bfc2
bf5c
bef6
be8c
be1a
bda5
bd33
bcc7
bc60
bbfb
bb91
bb21
baad
ba39
b9cc
b965
b900
b898
b82a
b7b5
b741
b6d3
b66b
b607
b5a0
b533
b4bf
b44b
b3db
b373
b30f
b2aa
b23e
b1cb
b156
b0e6
b07c
b019
afb5
af4a
aed9
ae64
adf2
ad88
ad24
acc1
ac59
abe8
ab73
ab01
aa95
aa32
a9d0
a969
a8fa
a886
a812
a7a6
a741
a6e1
a67c
a60f
a59b
a527
a4b9
a454
a3f4
a392
a327
a2b3
a23f
a1d0
a16a
a10b
a0ab
a042
9fd0
9f5b
9eeb
9e85
9e26
9dc8
9d61
9cf1
9c7c
9c0b
9ba4
9b46
9aea
9a86
9a18
99a3
9931
98c9
986c
9811
97b1
9745
96d2
965f
95f6
9598
9540
94e4
947b
9409
9395
932b
92ce
9278
921f
91bb
914a
90d7
906c
900f
8fbc
8f67
8f07
8e9a
8e27
8dbb
8d5e
8d0e
8cbf
8c64
8bfa
8b89
8b1d
8ac1
8a74
8a2b
89d7
8972
8903
8898
883d
87f4
87b2
8768
870a
869f
8635
85dc
8599
8562
8522
84cf
846b
8404
83b0
8375
834a
831c
82d8
827e
821f
81d2
81a4
818d
8177
814a
8103
80b2
8075
805e
8068
8079
8074
804f
801d
8000
8016
805e
80ba
8103
8128
813d
8172
81f4
82cb
83d7
84e2
85d0
86c0
8800
89ea
8ca7
901d
9412
987f
9de9
a574
b09c
c097
d5aa
eeca
0000
1c1a
3503
48a7
5695
5fd0
661b
6afc
6f43
7303
75fa
7805
7953
7a4e
7b4f
7c6e
7d7f
7e46
7eac
7ece
7ee8
7f26
7f84
7fda
7fff
7fea
7fb5
7f8d
7f87
7f9a
7fa1
7f81
7f39
7ee4
7ea1
7e7e
7e69
7e46
7e02
7da2
7d3e
7cf0
7cbb
7c8f
7c52
7bf8
7b8c
7b22
7acf
7a8f
7a52
7a03
799c
7929
78be
7867
7820
77d7
777b
770c
7695
762a
75d2
7584
7531
74cc
7457
73e0
7375
731c
72c9
726e
7202
7189
7112
70a9
704e
6ff6
6f94
6f23
6ea8
6e33
6dcb
6d6f
6d12
6cab
6c35
6bba
6b46
6adf
6a81
6a21
69b4
693b
68c0
684e
67e8
6789
6724
66b3
6639
65bf
654e
64e9
6488
641f
63ab
632f
62b6
6248
61e3
617f
6113
609c
6020
5fa9
5f3c
5ed7
5e71
5e01
5d88
5d0c
5c97
5c2b
5bc6
5b5d
5aea
5a70
59f5
5981
5917
58b0
5845
57d0
5754
56da
5668
55ff
5597
5529
54b2
5436
53bd
534d
52e4
527a
520a
5191
5115
509e
502f
4fc6
4f5b
4ee8
4e6e
4df2
4d7d
4d0f
4ca6
4c39
4bc4
4b49
4ace
4a5a
49ee
4984
4915
489e
4822
47a8
4736
46cb
465f
45ee
4576
44fa
4482
4411
43a6
4339
42c6
424c
41d1
415a
40eb
407f
4012
3f9d
3f22
3ea7
3e32
3dc4
3d58
3ce8
3c72
3bf6
3b7d
3b09
3a9b
3a2f
39be
3946
38ca
3851
37df
3772
3705
3692
3619
359d
3526
34b5
3448
33da
3365
32eb
3270
31fa
318a
311d
30ae
3037
2fbc
2f42
2ece
2e5f
2df2
2d80
2d09
2c8e
2c14
2ba1
2b33
2ac5
2a52
29d9
295e
28e6
2874
2806
2798
2723
26aa
262f
25b8
2547
24d9
2469
23f4
2379
22ff
2289
221a
21ac
213b
20c4
2049
1fcf
1f5b
1eec
1e7e
1e0b
1d93
1d18
1c9f
1c2c
1bbe
1b4f
1adb
1a62
19e7
196f
18fe
188f
1820
17aa
1730
16b6
163f
15cf
1561
14f0
1479
13ff
1385
1310
12a0
1232
11c0
1148
10cd
1054
0fe0
0f71
0f02
0e8f
0e16
0d9b
0d23
0cb1
0c42
0bd2
0b5e
0ae4
0a69
09f2
0981
0913
08a2
082c
07b2
0737
06c2
0652
05e3
0572
04fa
047f
0406
0392
0322
02b4
0241
01c8
014d
00d5
0062
fff4
ff85
ff10
fe97
fe1c
fda5
fd33
fcc5
fc54
fbdf
fb65
faea
fa74
fa04
f995
f924
f8ad
f832
f7b9
f744
f6d4
f666
f5f3
f57b
f500
f487
f414
f3a5
f336
f2c2
f249
f1ce
f156
f0e4
f076
f006
ef91
ef17
ee9d
ee26
edb5
ed47
ecd6
ec60
ebe5
eb6b
eaf6
ea86
ea18
e9a6
e92f
e8b4
e83a
e7c7
e758
e6e9
e676
e5fe
e582
e50a
e498
e429
e3ba
e346
e2cc
e251
e1da
e169
e0fb
e08b
e016
df9b
df21
deab
de3b
ddcd
dd5d
dce6
dc6b
dbf1
db7d
db0e
daa0
da2e
d9b6
d93a
d8c2
d84f
d7e1
d773
d6ff
d686
d60b
d593
d522
d4b4
d445
d3d1
d356
d2dc
d265
d1f5
d188
d119
d0a2
d027
cfad
cf39
ceca
ce5d
cdec
cd74
ccf9
cc80
cc0d
cb9f
cb32
cac0
ca47
c9cb
c953
c8e2
c875
c807
c794
c71a
c69e
c628
c5b8
c54c
c4dd
c468
c3ed
c373
c2fe
c290
c224
c1b4
c13d
c0c2
c048
bfd5
bf68
befc
be8b
be13
bd98
bd1f
bcae
bc42
bbd6
bb63
baea
ba6e
b9f7
b988
b91d
b8b0
b83c
b7c2
b747
b6d2
b664
b5fa
b58c
b517
b49b
b421
b3ae
b342
b2d8
b269
b1f2
b176
b0fd
b08c
b022
afb8
af48
aecf
ae53
addc
ad6d
ad05
ac9a
ac28
abae
ab33
aabd
aa51
a9ea
a97f
a90b
a890
a815
a7a2
a738
a6d2
a666
a5f0
a574
a4fb
a48b
a423
a3bd
a350
a2d8
a25c
a1e5
a178
a112
a0ac
a03d
9fc4
9f48
9ed3
9e6a
9e07
9da0
9d2f
9cb5
9c3a
9bc8
9b62
9b00
9a99
9a26
99ab
9932
98c4
9861
9801
9799
9724
96a9
9632
95c9
956a
950b
94a1
942b
93b0
933c
92d8
927d
921f
91b4
913c
90c2
9054
8ff5
8f9e
8f41
8ed4
8e5b
8de4
8d7c
8d24
8cd1
8c74
8c06
8b8e
8b1b
8aba
8a6a
8a1c
89bf
8950
88da
886e
8817
87d0
8787
872b
86bd
864a
85e8
859f
8563
8521
84c7
845b
83f1
839e
8366
833a
8301
82ac
8247
81ec
81b0
8192
817d
8152
8109
80b4
8073
805e
806b
807a
806d
803e
800d
8003
8036
8093
80ec
8120
8137
8164
81de
82ba
83d4
84ee
85e9
86ed
885e
8a9e
8dc8
91ac
960e
9b27
a1f5
ac21
bb4c
d039
ea1b
0000
1db3
37a7
4b8c
5922
61eb
67f4
6cd3
7121
74b7
774e
78f1
7a0a
7b13
7c3f
7d66
7e41
7eae
7ed1
7eef
7f38
7f9e
7fee
7fff
7fd7
7fa0
7f87
7f94
7fa4
7f91
7f4d
7ef3
7ea9
7e80
7e6a
7e44
7df8
7d8f
7d2a
7cdf
7cad
7c79
7c2b
7bbf
7b4b
7ae9
7aa1
7a62
7a13
79a8
792f
78bd
7863
7818
77c8
7761
76e7
766c
7602
75ac
7559
74f7
747f
7400
738b
7329
72d2
7272
71ff
717f
7102
7096
7038
6fd9
6f6b
6eed
6e6c
6df7
6d91
6d31
6cc8
6c4e
6bcb
6b4f
6ae2
6a7e
6a17
69a2
6921
68a0
682b
67c3
675d
66ec
666e
65eb
6570
6502
649b
642e
63b4
6331
62b1
623d
61d3
6168
60f2
6072
5fef
5f75
5f07
5e9d
5e2b
5dad
5d2a
5cab
5c38
5bcc
5b5d
5ae4
5a61
59e0
5968
58f9
588b
5816
5796
5713
5696
5623
55b6
5543
54c7
5444
53c3
534c
52dd
526d
51f4
5172
50f0
5075
5003
4f93
4f1e
4e9f
4e1c
4d9d
4d27
4cb7
4c44
4bc9
4b46
4ac5
4a4b
49d9
4968
48f0
4870
47ed
476f
46fa
468a
4614
4597
4514
4494
441b
43a9
4336
42bc
423a
41b8
413c
40c8
4056
3fdf
3f5f
3edc
3e5d
3de6
3d74
3cff
3c83
3c00
3b7f
3b05
3a91
3a1e
39a4
3924
38a1
3824
37ad
373b
36c4
3646
35c3
3543
34ca
3456
33e2
3366
32e5
3263
31e7
3171
30fe
3085
3006
2f83
2f04
2e8c
2e19
2da3
2d26
2ca4
2c22
2ba8
2b33
2abe
2a44
29c3
2941
28c4
284d
27d9
2761
26e3
2660
25e0
2567
24f2
247d
2401
237f
22fe
2281
220b
2197
211e
209e
201b
1f9d
1f24
1eb0
1e39
1dbc
1d3a
1cb9
1c3e
1bc9
1b53
1ad9
1a58
19d6
1958
18e1
186c
17f4
1775
16f3
1673
15fa
1585
150e
1492
1411
138f
1313
129d
1228
11ae
112e
10ac
102d
0fb5
0f40
0ec8
0e4b
0dc9
0d48
0ccd
0c58
0be2
0b67
0ae6
0a64
09e7
096f
08fa
0882
0803
0781
0701
0687
0612
059c
051f
049d
041c
03a0
032a
02b4
023a
01ba
0138
00ba
0041
ffcd
ff56
fed8
fe56
fdd5
fd5b
fce5
fc6f
fbf4
fb73
faf1
fa74
f9fd
f987
f90f
f890
f80d
f78e
f714
f69f
f629
f5ac
f52a
f4a9
f42d
f3b7
f342
f2c8
f248
f1c5
f147
f0cf
f05a
efe2
ef64
eee2
ee62
ede7
ed72
ecfc
ec81
ec00
eb7e
eb01
ea8a
ea15
e99c
e91d
e89b
e81b
e7a2
e72e
e6b7
e63a
e5b9
e537
e4bc
e446
e3d1
e357
e2d7
e254
e1d6
e15f
e0ea
e073
dff5
df72
def2
de78
de03
dd8e
dd12
dc91
dc0f
db92
db1c
daa8
da2f
d9b0
d92e
d8ae
d836
d7c2
d74c
d6cf
d64d
d5cc
d550
d4dc
d467
d3ed
d36d
d2ea
d26d
d1f6
d182
d10b
d08d
d00a
cf8a
cf11
ce9d
ce28
cdad
cd2c
cca9
cc2d
cbb8
cb45
cacd
ca4d
c9ca
c94b
c8d4
c861
c7ec
c76f
c6ed
c66b
c5f1
c57d
c50a
c491
c410
c38d
c310
c29a
c228
c1b2
c134
c0b1
c031
bfb9
bf46
bed3
be58
bdd6
bd54
bcd9
bc65
bbf3
bb7c
bafc
ba79
b9fb
b985
b914
b8a0
b823
b7a1
b720
b6a6
b635
b5c3
b54b
b4ca
b447
b3cb
b357
b2e7
b272
b1f5
b171
b0f2
b07b
b00b
af9a
af20
ae9e
ae1c
ada2
ad31
acc2
ac4c
abcd
ab4a
aacc
aa58
a9eb
a979
a8fe
a87b
a7fa
a783
a715
a6a7
a630
a5af
a52c
a4b1
a441
a3d5
a364
a2e7
a263
a1e4
a171
a106
a099
a021
9f9f
9f1d
9ea6
9e3a
9dd0
9d5e
9cdf
9c5c
9be1
9b72
9b0b
9a9e
9a25
99a2
9923
98b0
9849
97e2
976f
96f0
966e
95f6
958e
952b
94bf
9445
93c3
9347
92db
927b
9217
91a3
9123
90a4
9034
8fd4
8f76
8f0c
8e91
8e11
8d9c
8d3a
8ce2
8c82
8c10
8b91
8b17
8ab2
8a5e
8a09
89a2
8929
88ad
8844
87f1
87a7
8750
86e1
8666
85f9
85a7
8567
8521
84c3
8450
83e1
838f
8359
8328
82e2
827e
8214
81c3
8199
8183
815e
8118
80be
8075
805c
806a
8079
8065
8031
8003
800c
8056
80bc
810a
812d
814b
81ab
8279
839a
84c9
85d6
86e8
8872
8ae7
8e60
929c
9765
9d37
a58b
b26e
c57e
dec8
fc33
0000
1f63
3a5e
4e68
5b96
63e8
69c4
6ead
72f1
763a
785d
79ae
7ac2
7bf7
7d36
7e2c
7ea9
7ecf
7ef1
7f42
7fae
7ff7
7ff5
7fbf
7f8e
7f88
7f9d
7f9c
7f66
7f09
7eb3
7e82
7e6a
7e44
7df3
7d84
7d1b
7cd1
7c9f
7c62
7c02
7b89
7b15
7abc
7a78
7a2d
79c4
7945
78ca
7867
7817
77c2
7754
76d1
7651
75e7
758f
7533
74c1
743c
73b9
7349
72eb
7289
7214
718e
7109
7095
7032
6fcc
6f55
6ece
6e47
6dd0
6d69
6d00
6c88
6c00
6b78
6aff
6a94
6a29
69af
6927
689e
6823
67b5
6748
66ce
6645
65bc
653f
64cf
6460
63e5
635d
62d3
6255
61e3
6172
60f7
606e
5fe4
5f65
5ef1
5e7f
5e03
5d7b
5cf1
5c70
5bfb
5b88
5b0c
5a84
59f9
5978
5902
588e
5811
5789
56ff
567c
5605
5590
5513
548c
5401
537e
5305
5290
5213
518c
5101
507d
5004
4f8e
4f11
4e89
4dfe
4d7a
4d00
4c89
4c0c
4b85
4afa
4a76
49fb
4983
4906
487f
47f5
476f
46f4
467c
45ff
4578
44ed
4468
43eb
4373
42f6
4270
41e5
415f
40e2
4069
3fec
3f66
3edb
3e55
3dd7
3d5e
3ce1
3c5b
3bd1
3b4a
3acc
3a53
39d5
3950
38c5
383e
37c0
3746
36c9
3643
35b9
3532
34b3
3439
33bb
3336
32ac
3224
31a5
312b
30ad
3028
2f9e
2f17
2e97
2e1c
2d9f
2d1a
2c90
2c08
2b88
2b0d
2a90
2a0b
2981
28f9
2879
27fd
2780
26fc
2672
25ea
2569
24ed
2470
23ec
2363
22da
2259
21dd
2160
20dc
2053
1fca
1f48
1ecc
1e50
1dcc
1d42
1cba
1c38
1bbc
1b3f
1abb
1a32
19a9
1927
18aa
182e
17aa
1721
1698
1616
1599
151c
1499
1410
1387
1304
1287
120b
1188
10ff
1076
0ff3
0f76
0ef9
0e77
0dee
0d64
0ce1
0c64
0be7
0b65
0adc
0a53
09cf
0952
08d5
0853
07cb
0741
06bd
0640
05c3
0542
04b9
0430
03ab
032e
02b1
0230
01a8
011e
0099
001c
ffa0
ff1f
fe97
fe0d
fd88
fd0a
fc8e
fc0d
fb85
fafc
fa77
f9f8
f97c
f8fb
f874
f7ea
f765
f6e6
f66a
f5ea
f562
f4d8
f453
f3d4
f358
f2d8
f251
f1c7
f141
f0c2
f047
efc7
ef40
eeb6
ee30
edb1
ed35
ecb5
ec2e
eba4
eb1e
ea9f
ea23
e9a4
e91d
e893
e80d
e78e
e712
e693
e60d
e583
e4fc
e47d
e401
e382
e2fc
e272
e1eb
e16c
e0f0
e072
dfec
df62
dedb
de5b
dde0
dd61
dcdc
dc52
dbca
db4b
dacf
da52
d9cc
d942
d8bb
d83b
d7c0
d742
d6bd
d633
d5ab
d52b
d4b0
d433
d3ae
d324
d29c
d21c
d1a1
d124
d0a0
d016
cf8e
cf0d
ce93
ce16
cd92
cd08
cc80
cbff
cb85
cb09
ca85
c9fb
c973
c8f2
c878
c7fc
c779
c6ef
c666
c5e5
c56b
c4f0
c46d
c3e4
c35b
c2d9
c25f
c1e5
c163
c0d9
c050
bfce
bf55
bedb
be59
bdcf
bd46
bcc4
bc4b
bbd2
bb50
bac7
ba3d
b9bc
b942
b8ca
b849
b7c0
b736
b6b4
b63b
b5c3
b543
b4ba
b430
b3ae
b336
b2be
b23f
b1b6
b12c
b0aa
b032
afbb
af3c
aeb4
ae29
ada7
ad2f
acba
ac3c
abb4
ab29
aaa7
aa30
a9bb
a93e
a8b6
a82b
a7a9
a733
a6bf
a643
a5bb
a531
a4ae
a438
a3c6
a34b
a2c4
a239
a1b7
a142
a0d1
a057
9fd1
9f46
9ec4
9e50
9de0
9d68
9ce3
9c58
9bd6
9b62
9af5
9a7f
99fa
996f
98ed
987b
9810
979c
9718
968e
960c
959c
9533
94c1
943f
93b5
9334
92c5
9260
91f1
9171
90e7
9067
8ffb
8f99
8f2e
8eb0
8e28
8da9
8d40
8ce3
8c7d
8c01
8b7a
8afe
8a99
8a42
89e2
896b
88e6
886c
880d
87be
8766
86f5
8674
85ff
85a7
8564
8517
84ae
8433
83c5
837a
8347
830b
82af
823e
81dc
81a3
8189
8168
8121
80c2
8076
805e
806f
807a
805b
8020
8000
8029
808d
80f1
8126
8140
818c
824c
8375
84b7
85d5
86f9
88ac
8b6e
8f4b
93ee
9941
a032
aadd
bba3
d3a0
f17a
0000
2125
3d24
5138
5dea
65d2
6b99
708e
74a8
7784
7937
7a64
7b9d
7cf4
7e0e
7ea4
7ed1
7ef4
7f4c
7fbe
7fff
7fed
7fb0
7f89
7f93
7fa5
7f88
7f33
7ed0
7e8f
7e72
7e4f
7e00
7d8b
7d1c
7cd0
7c9a
7c54
7be7
7b65
7af2
7aa0
7a58
79f9
797a
78f2
7881
782a
77d3
7761
76d7
7650
75e1
7585
7520
74a0
7412
738d
7320
72bd
724c
71c3
7133
70b3
7047
6fdd
6f61
6ed2
6e44
6dc8
6d5b
6cea
6c65
6bd3
6b48
6acf
6a60
69e7
695b
68c9
6842
67cb
6759
66d8
6648
65b7
6534
64bf
6447
63c0
632e
629f
6220
61aa
612d
60a1
600e
5f83
5f07
5e8f
5e0d
5d7c
5cea
5c63
5be8
5b6d
5ae6
5a53
59c3
5940
58c5
5846
57ba
5727
569a
561a
559e
551b
548b
53f9
536f
52f1
5273
51eb
5159
50c8
5042
4fc5
4f44
4eb9
4e26
4d97
4d14
4c96
4c12
4b83
4af0
4a65
49e4
4965
48dd
484c
47ba
4732
46b2
4631
45a6
4513
4483
43fe
437f
42fa
426c
41d9
414c
40c9
4049
3fc2
3f31
3e9f
3e15
3d94
3d12
3c87
3bf4
3b64
3add
3a5c
39d8
394a
38b8
382a
37a5
3724
369d
360d
357a
34ef
346d
33ea
3360
32ce
323d
31b5
3133
30af
3021
2f8f
2f00
2e7a
2df9
2d72
2ce2
2c50
2bc4
2b40
2abd
2a33
29a2
2911
2887
2804
2780
26f3
2661
25d2
254b
24c8
2442
23b3
2320
2293
220e
218b
2102
2071
1fe0
1f55
1ed2
1e4e
1dc2
1d30
1ca0
1c18
1b95
1b0f
1a80
19ee
1960
18da
1857
17ce
173e
16ac
1621
159d
1519
148d
13fc
136b
12e2
125f
11d9
114b
10b9
102b
0fa4
0f21
0e99
0e09
0d77
0ceb
0c66
0be2
0b57
0ac6
0a35
09ac
0928
08a2
0815
0783
06f4
066d
05ea
0562
04d3
0441
03b4
032e
02ab
0221
0190
00ff
0074
fff1
ff6c
fee0
fe4e
fdbe
fd36
fcb3
fc2c
fb9d
fb0b
fa7d
f9f8
f974
f8eb
f85a
f7c9
f73e
f6b9
f635
f5a9
f517
f487
f3ff
f37b
f2f5
f267
f1d5
f147
f0c0
f03d
efb4
ef24
ee93
ee07
ed82
ecfe
ec73
ebe2
eb51
eac8
ea44
e9bf
e932
e8a0
e811
e78a
e707
e67f
e5f0
e55e
e4d1
e44c
e3c9
e33f
e2ae
e21d
e193
e110
e08b
dffe
df6c
dedd
de55
ddd3
dd4c
dcbd
dc2b
db9e
db19
da96
da0d
d97d
d8eb
d860
d7dd
d759
d6ce
d63c
d5ac
d524
d4a2
d41c
d38e
d2fc
d26e
d1e9
d167
d0df
d04f
cfbd
cf32
ceaf
ce2c
cda1
cd10
cc7f
cbf7
cb75
caf1
ca64
c9d1
c943
c8bd
c83c
c7b6
c726
c694
c608
c585
c504
c47b
c3e9
c358
c2cf
c24e
c1cc
c140
c0ad
c01e
bf98
bf19
be94
be05
bd72
bce6
bc63
bbe4
bb5c
bacb
ba39
b9b0
b930
b8af
b824
b792
b702
b67d
b5fe
b57c
b4ee
b45a
b3ce
b34c
b2ce
b248
b1b8
b126
b09d
b01e
af9f
af16
ae84
adf4
ad6f
acf2
ac72
abe5
ab52
aac5
aa44
a9c9
a946
a8b6
a824
a79b
a71e
a6a2
a61c
a58a
a4f9
a475
a3fb
a37e
a2f4
a261
a1d4
a155
a0dd
a05e
9fd0
9f3d
9eb4
9e3a
9dc3
9d40
9caf
9c1e
9b9c
9b26
9aaf
9a28
9995
9908
988c
981a
97a0
9715
9682
95fb
9586
9516
9499
940b
937a
92fa
928c
921d
919c
910b
9080
9009
8fa1
8f31
8eab
8e1b
8d97
8d2b
8cc8
8c56
8bcd
8b3f
8ac7
8a66
8a07
8992
8907
8881
8817
87c3
8767
86ef
8666
85ed
8596
854f
84f6
847d
83fc
8398
8359
8322
82cd
8258
81e9
81a6
8188
8166
811b
80b6
806b
805d
8072
8072
8042
8008
8009
805b
80cd
8118
8135
8173
822a
835b
84b1
85e0
871c
890a
8c34
908c
95a9
9bc4
a484
b2c5
c8c5
e657
0000
2300
3ff4
53f6
601b
67a9
6d6f
7262
762c
7887
79ed
7b29
7c91
7dd6
7e92
7ecc
7eef
7f4b
7fc3
7fff
7fe1
7f9f
7f86
7f9a
7f9e
7f62
7ef8
7ea1
7e78
7e5a
7e13
7d9c
7d23
7cd0
7c97
7c4b
7bd3
7b49
7ad8
7a88
7a36
79c3
7933
78ae
7848
77ef
7780
76f3
7661
75e8
7585
751a
7492
73fa
7373
7304
7299
7217
7180
70ee
7072
7004
6f89
6ef6
6e5d
6dd6
6d61
6cea
6c5d
6bc2
6b31
6ab4
6a3e
69b8
691f
6887
6801
6788
6707
6673
65d8
6549
64cb
644e
63c0
6324
628f
620a
618d
6105
606c
5fd2
5f46
5ec6
5e42
5daf
5d13
5c80
5bfc
5b7a
5aec
5a51
59b9
592f
58ae
5824
578d
56f1
5661
55dd
5558
54c5
5429
5393
530b
5287
51f9
515f
50c5
5037
4fb3
4f29
4e92
4df7
4d64
4cdc
4c56
4bc3
4b28
4a90
4a05
497f
48f1
4858
47be
472d
46a6
461c
4587
44eb
4456
43cc
4344
42b3
4218
417f
40f1
406a
3fdd
3f45
3eaa
3e17
3d8e
3d04
3c6f
3bd4
3b3d
3ab1
3a29
3998
38fe
3865
37d4
374b
36bf
3628
358d
34f8
346d
33e3
3350
32b5
321d
318f
3105
3076
2fdd
2f43
2eb1
2e27
2d9a
2d04
2c69
2bd3
2b47
2abc
2a2a
2990
28f7
2867
27dd
274f
26b6
261c
2588
24fd
2471
23dc
2341
22aa
221c
2192
2101
2067
1fcd
1f3c
1eb1
1e23
1d8c
1cf1
1c5d
1bd0
1b44
1ab1
1a16
197e
18ef
1864
17d4
173b
16a1
160e
1583
14f5
1460
13c5
132f
12a1
1216
1183
10e9
1050
0fc0
0f34
0ea5
0e0d
0d73
0cdf
0c53
0bc6
0b31
0a96
09ff
0971
08e5
0854
07ba
0721
068f
0604
0575
04de
0444
03ae
0321
0295
0202
0167
00cf
003f
ffb5
ff25
fe8c
fdf2
fd5f
fcd3
fc46
fbb0
fb15
fa7f
f9f1
f965
f8d3
f839
f7a0
f70f
f684
f5f5
f55d
f4c3
f42e
f3a2
f316
f281
f1e6
f14f
f0c0
f035
efa4
ef0a
ee71
eddf
ed54
ecc6
ec2f
eb94
eaff
ea72
e9e6
e953
e8b8
e820
e791
e706
e676
e5dd
e543
e4b0
e425
e398
e302
e267
e1d1
e143
e0b9
e026
df8c
def3
de63
ddd8
dd4a
dcb2
dc17
db83
daf8
da6c
d9d8
d93d
d8a6
d818
d78d
d6fd
d663
d5ca
d538
d4ae
d421
d38a
d2ef
d25a
d1ce
d144
d0b1
d016
cf7e
ceef
ce66
cdd7
cd3f
cca4
cc11
cb88
cafc
ca67
c9cc
c935
c8a9
c820
c78f
c6f5
c65c
c5cc
c544
c4b7
c41f
c384
c2f1
c267
c1de
c14a
c0af
c017
bf8b
bf03
be75
bddb
bd41
bcb0
bc29
bb9e
bb08
ba6d
b9d8
b94f
b8c7
b836
b79b
b703
b676
b5f0
b564
b4cb
b430
b39f
b319
b291
b1fd
b161
b0cb
b043
afbe
af2f
ae95
adfb
ad6e
aceb
ac61
abcb
ab2f
aa9d
aa18
a994
a902
a867
a7d0
a748
a6c6
a63b
a5a2
a508
a47b
a3fa
a375
a2e1
a245
a1b2
a130
a0b0
a022
9f87
9ef0
9e69
9dec
9d66
9ccf
9c34
9ba8
9b2b
9aac
9a1c
9980
98ee
986e
97f5
976d
96d4
963d
95b8
9542
94c4
9431
9397
930c
9296
9220
9197
90fe
906c
8ff3
8f85
8f07
8e73
8ddd
8d5e
8cf4
8c83
8bf9
8b62
8adc
8a73
8a0f
8994
8901
8875
8809
87b1
8749
86c1
8633
85c2
8572
8520
84ac
8422
83ad
8364
832b
82d4
8259
81e5
81a3
8186
815a
80ff
8097
8060
8068
807a
805c
801a
8002
8046
80be
8115
8136
8177
8240
838d
84f2
862c
879e
8a15
8dfc
9301
98db
a0a7
ad53
c212
dfaf
0000
24ee
42cf
56a1
6230
697c
6f4c
7421
7775
7957
7aa4
7c11
7d83
7e75
7ec7
7ee9
7f45
7fc3
7fff
7fd8
7f96
7f88
7fa0
7f90
7f36
7ec8
7e85
7e68
7e31
7dbf
7d3a
7cda
7c9c
7c4e
7bd0
7b3e
7acb
7a78
7a1c
7996
78fd
787d
781c
77b5
772b
768e
7605
7599
752b
749e
73fe
736e
72fa
7287
71f8
7157
70c2
7047
6fcf
6f40
6e9e
6e05
6d84
6d09
6c7a
6bd7
6b3b
6ab6
6a38
69a8
6905
6867
67de
675e
66ce
662b
658b
64ff
647c
63ec
634a
62a9
6219
6195
6105
6063
5fc1
5f2f
5ea8
5e19
5d78
5cd4
5c40
5bb8
5b28
5a88
59e4
594e
58c4
5834
5795
56f0
5658
55cd
553d
549f
53fa
5360
52d3
5244
51a6
5101
5066
4fd8
4f48
4eab
4e06
4d6a
4cda
4c4b
4baf
4b0a
4a6c
49db
494b
48b0
480b
476c
46da
464b
45b0
450c
446c
43d8
4349
42af
420b
416a
40d5
4045
3fac
3f09
3e67
3dd1
3d41
3ca9
3c05
3b63
3acc
3a3c
39a4
3901
385f
37c7
3736
369f
35fd
3559
34c0
342f
3399
32f7
3254
31b9
3128
3092
2ff1
2f4d
2eb2
2e20
2d8a
2cea
2c46
2baa
2b17
2a82
29e3
293f
28a2
280e
277a
26db
2637
2599
2505
2471
23d3
232f
2290
21fb
2167
20ca
2026
1f87
1ef1
1e5e
1dc1
1d1d
1c7d
1be7
1b54
1ab8
1a14
1974
18dd
1849
17ae
170b
166a
15d2
153f
14a5
1402
1360
12c7
1234
119b
10f8
1056
0fbc
0f29
0e90
0dee
0d4b
0cb1
0c1e
0b86
0ae4
0a41
09a6
0913
087b
07da
0737
069b
0607
0570
04d0
042c
0390
02fc
0266
01c6
0122
0085
fff1
ff5c
febd
fe19
fd7b
fce6
fc51
fbb2
fb0f
fa70
f9db
f946
f8a8
f804
f765
f6cf
f63b
f59e
f4fa
f45a
f3c4
f330
f294
f1f0
f150
f0b9
f025
ef8a
eee6
ee45
edae
ed1a
ec80
ebdd
eb3b
eaa3
ea10
e976
e8d3
e831
e798
e705
e66c
e5ca
e527
e48e
e3fb
e363
e2c1
e21e
e184
e0f1
e059
dfb8
df15
de7a
dde7
dd50
dcb0
dc0c
db70
dadd
da48
d9a8
d904
d867
d7d4
d73f
d6a0
d5fc
d55f
d4cb
d437
d399
d2f4
d256
d1c3
d12f
d092
cfee
cf4f
cebb
ce28
cd8c
cce7
cc48
cbb3
cb21
ca86
c9e2
c941
c8ad
c81b
c781
c6dd
c63c
c5a7
c516
c47c
c3d9
c337
c2a1
c211
c179
c0d6
c033
bf9d
bf0d
be76
bdd4
bd31
bc9a
bc0a
bb75
bad3
ba2f
b997
b909
b874
b7d3
b72f
b697
b608
b575
b4d5
b430
b397
b309
b278
b1d8
b134
b099
b00c
af7c
aede
ae39
ad9e
ad10
ac82
abe5
ab40
aaa4
aa17
a98a
a8ef
a84a
a7ad
a720
a695
a5fb
a556
a4b9
a42c
a3a3
a30b
a267
a1c8
a13c
a0b5
a01f
9f7b
9edc
9e50
9dcb
9d38
9c94
9bf4
9b69
9ae6
9a56
99b3
9913
9887
9807
977a
96d9
9638
95ad
9530
94a7
9408
9367
92dc
9263
91de
9141
90a0
9017
8fa1
8f22
8e88
8de8
8d60
8cf0
8c77
8be1
8b43
8abd
8a52
89e2
8953
88b6
8833
87d1
876c
86e4
864c
85ce
8578
8521
84a5
8413
839e
8358
8317
82ac
8226
81bf
8192
8172
8124
80b3
8067
8065
807b
805f
801a
8004
8054
80d3
8121
8142
81ae
82c2
843d
85a0
86f7
8916
8cc0
91d3
97d4
9fb2
aca4
c27a
e239
0000
26f7
45b2
592e
642b
6b4e
7129
75b9
787e
7a0c
7b76
7d0c
7e42
7ebd
7ee0
7f38
7fbe
7fff
7fd3
7f90
7f8b
7fa2
7f7b
7f0c
7ea4
7e76
7e50
7df1
7d65
7cef
7ca9
7c5d
7bdd
7b43
7ac9
7a72
7a0b
7977
78d8
785c
77f8
777d
76dc
763d
75c0
7551
74c6
741e
7381
7303
728a
71f3
7148
70ad
702e
6fab
6f0b
6e5f
6dc8
6d47
6cbb
6c14
6b69
6ad6
6a51
69bd
6911
6869
67d8
6750
66b4
6606
6561
64d2
6445
63a3
62f4
6253
61c5
6132
608b
5fdd
5f40
5eb1
5e19
5d6e
5cc2
5c28
5b97
5afb
5a4d
59a3
590c
5879
57d8
5729
5682
55ec
5557
54b1
5402
535f
52ca
5231
5187
50d9
5039
4fa4
4f07
4e5b
4daf
4d12
4c7c
4bdb
4b2d
4a84
49e9
4951
48ad
47fe
4757
46be
4624
457c
44ce
442a
4392
42f5
424a
419d
40fc
4063
3fc4
3f17
3e6b
3dcd
3d34
3c91
3be3
3b39
3a9d
3a02
395c
38ae
3807
376c
36d0
3627
3579
34d4
343a
339b
32f0
3243
31a2
3107
3066
2fb9
2f0e
2e6e
2dd3
2d2f
2c81
2bd8
2b3b
2a9e
29f7
2949
28a3
2806
2768
26bf
2611
256d
24d2
2431
2386
22d9
2238
219c
20f9
204c
1fa2
1f02
1e66
1dc0
1d13
1c6a
1bcc
1b2f
1a87
19d9
1933
1896
17f7
174d
16a0
15fc
1560
14be
1412
1366
12c5
1229
1185
10d8
102e
0f8e
0ef1
0e4b
0d9d
0cf5
0c57
0bb9
0b10
0a63
09bd
0920
0880
07d6
0729
0685
05e9
0547
049b
03ef
034e
02b1
020d
0160
00b6
0016
ff7a
fed3
fe26
fd7e
fce0
fc42
fb99
faeb
fa46
f9a9
f909
f85e
f7b1
f70e
f672
f5cf
f523
f478
f3d7
f33a
f295
f1e8
f13f
f0a0
f002
ef5b
eead
ee06
ed69
ecca
ec21
eb73
eacf
ea32
e992
e8e6
e83a
e798
e6fc
e659
e5ac
e501
e461
e3c5
e320
e272
e1ca
e12c
e08e
dfe7
df39
de93
ddf6
dd57
dcae
dc00
db5c
dac1
da20
d974
d8c8
d827
d78c
d6e9
d63c
d591
d4f3
d457
d3b2
d304
d25c
d1bf
d122
d07a
cfcc
cf27
ce8c
cdee
cd43
cc96
cbf3
cb59
cab9
ca0d
c961
c8c1
c827
c784
c6d7
c62d
c590
c4f6
c450
c3a2
c2fb
c260
c1c5
c11c
c06e
bfca
bf31
be94
bde9
bd3c
bc9b
bc04
bb64
bab7
ba0c
b96e
b8d7
b834
b786
b6dd
b643
b5ab
b506
b457
b3b1
b31a
b281
b1d8
b12a
b088
aff3
af58
aeac
ae00
ad62
acce
ac30
ab83
aad8
aa3f
a9ab
a90a
a85b
a7b4
a71f
a68b
a5e6
a537
a495
a403
a36e
a2c6
a218
a17a
a0eb
a053
9fa9
9efd
9e65
9dd8
9d3d
9c90
9be8
9b56
9acb
9a2c
997e
98db
984f
97c4
9722
9674
95d8
9551
94c5
941f
9374
92e0
925f
91d0
9128
9081
8ff6
8f7a
8ee9
8e3f
8d9f
8d1f
8ca7
8c13
8b6a
8ad4
8a60
89ec
8955
88af
8828
87c2
8751
86b9
861c
85a8
8553
84e6
8450
83c3
836a
8329
82c3
8236
81c4
8192
816f
8117
80a1
8060
806c
8079
8044
8004
8023
80a1
810f
8137
8187
8288
8413
858f
86fb
8948
8d54
92e0
9981
a2eb
b371
cee2
f41e
0000
2914
4898
5ba1
6611
6d25
72fa
7716
7950
7ac6
7c69
7deb
7eaa
7ed8
7f24
7fb1
7fff
7fd2
7f8e
7f8f
7fa2
7f64
7ee7
7e8e
7e6a
7e2b
7da6
7d18
7cbe
7c77
7bfe
7b5b
7ad3
7a75
7a09
796a
78c4
7848
77dc
774d
769e
7602
758a
7509
7461
73b1
7323
72a5
720c
7157
70b2
702b
6f9e
6ef1
6e3d
6da5
6d1c
6c7d
6bc6
6b1b
6a8b
69f8
6949
6893
67f4
6763
66c1
660a
655b
64c5
642d
637d
62c5
6222
618d
60e9
6031
5f80
5ee5
5e4a
5d9a
5ce1
5c3a
5ba2
5afc
5a44
5992
58f3
5856
57a6
56ed
5644
55a8
5502
544a
5397
52f5
5256
51a6
50ed
5042
4fa4
4efd
4e46
4d92
4cee
4c4e
4b9e
4ae5
4a38
4999
48f1
483b
4785
46e0
463f
458f
44d6
4428
4387
42df
4229
4173
40cd
402a
3f7b
3ec2
3e13
3d70
3cc9
3c13
3b5d
3ab5
3a12
3963
38aa
37fa
3756
36af
35f9
3543
349a
33f6
3347
328f
31de
313a
3092
2fdd
2f26
2e7c
2dd8
2d2a
2c71
2bc0
2b1a
2a73
29be
2907
285c
27b7
270a
2652
259f
24f9
2452
239e
22e6
223a
2195
20e8
2030
1f7e
1ed7
1e2f
1d7c
1cc4
1c17
1b72
1ac5
1a0e
195a
18b3
180b
1758
16a1
15f3
154e
14a1
13ea
1336
128e
11e7
1134
107d
0fcf
0f29
0e7d
0dc6
0d12
0c69
0bc2
0b10
0a58
09a9
0904
0858
07a1
06ec
0643
059c
04eb
0433
0384
02de
0233
017c
00c7
001e
ff78
fec7
fe0f
fd5f
fcb9
fc0e
fb58
faa3
f9f9
f952
f8a2
f7ea
f739
f693
f5e9
f533
f47d
f3d3
f32d
f27d
f1c5
f114
f06e
efc4
ef0f
ee59
edae
ed08
ec58
eba1
eaef
ea49
e9a0
e8eb
e834
e789
e6e4
e635
e57d
e4cb
e425
e37c
e2c8
e211
e165
e0c0
e012
df5a
dea8
de02
dd5a
dca6
dbef
db43
da9e
d9f1
d939
d886
d7e0
d739
d685
d5ce
d521
d47d
d3d1
d319
d266
d1c0
d119
d066
cfaf
cf02
ce5f
cdb3
ccfb
cc48
cba1
cafc
ca4a
c992
c8e5
c842
c797
c6e0
c62c
c586
c4e2
c430
c378
c2cb
c229
c17f
c0c8
c014
bf6e
becb
be1a
bd62
bcb4
bc13
bb6b
bab4
b9ff
b95a
b8b8
b809
b750
b6a2
b602
b55c
b4a5
b3f0
b34b
b2ab
b1fd
b144
b096
aff8
af53
ae9d
ade7
ad43
aca6
abf9
ab40
aa92
a9f5
a953
a89e
a7e8
a744
a6aa
a5ff
a545
a498
a3fd
a35e
a2aa
a1f4
a152
a0ba
a012
9f59
9eac
9e15
9d79
9cc7
9c10
9b71
9ade
9a38
9980
98d4
9841
97ab
96fa
9645
95a8
951b
947b
93c4
931a
928d
91fe
9152
909d
9005
8f82
8ee9
8e35
8d8e
8d0a
8c87
8be1
8b30
8aa1
8a2c
899f
88f1
8852
87de
876e
86d5
862c
85ad
8552
84dc
843c
83ae
835a
8310
8291
81fe
81a5
8182
8141
80c7
8069
8066
807a
804b
8005
8024
80ab
8117
813e
81b6
82fc
84a9
8624
87ee
8b4a
9098
972a
9fe5
af24
ca04
f079
0000
2b4d
4b7e
5df5
67eb
6f03
74b0
7834
7a07
7ba1
7d62
7e83
7ed1
7f0c
7f9c
7fff
7fd8
7f8f
7f93
7fa1
7f50
7ecd
7e82
7e5d
7dfc
7d5f
7ce2
7c98
7c30
7b8a
7aee
7a85
7a18
7973
78c3
7841
77cd
772d
7674
75dc
755f
74c5
7409
735f
72d8
7243
7189
70d3
703f
6fad
6ef8
6e3a
6d9a
6d08
6c59
6b97
6aec
6a56
69ae
68ed
6837
679b
66f9
663b
657d
64da
643b
6382
62bf
6214
6175
60c2
5fff
5f4b
5eaa
5dfd
5d3b
5c80
5bdb
5b32
5a73
59b3
5908
5862
57a8
56e5
5633
558e
54da
5416
535e
52b7
5207
5145
5088
4fdd
4f31
4e73
4db1
4d02
4c58
4b9e
4adb
4a25
497c
48c7
4804
4749
469e
45ee
452c
446d
43bf
4311
4253
4191
40de
4033
3f79
3eb6
3dfe
3d52
3c9d
3bda
3b1e
3a70
39bf
38fe
383e
378d
36de
3621
355f
34aa
33fc
3343
3280
31c7
3119
3064
2fa2
2ee4
2e34
2d83
2cc3
2c02
2b4f
2aa0
29e4
2921
286a
27bc
2703
2641
2585
24d6
2422
2360
22a2
21f0
213f
2080
1fbe
1f0a
1e5a
1d9f
1cdc
1c24
1b75
1abd
19fa
193e
188e
17da
1719
1659
15a7
14f6
1438
1376
12c0
1210
1155
1093
0fd9
0f29
0e73
0db0
0cf3
0c42
0b8f
0ace
0a0e
095b
08aa
07ec
072a
0673
05c3
050a
0447
038c
02dc
0226
0164
00a6
fff6
ff43
fe83
fdc2
fd0e
fc5d
fba1
fadf
fa27
f977
f8be
f7fc
f740
f690
f5db
f519
f45a
f3a8
f2f6
f237
f176
f0c1
f011
ef55
ee93
edda
ed2a
ec73
ebb0
eaf4
ea43
e98f
e8cf
e80f
e75c
e6ab
e5ed
e52b
e475
e3c6
e30c
e249
e18f
e0e0
e02a
df68
deaa
ddfa
dd48
dc87
dbc7
db14
da64
d9a7
d8e5
d82e
d780
d6c7
d604
d54a
d49b
d3e7
d325
d266
d1b6
d105
d046
cf85
ced2
ce23
cd68
cca5
cbee
cb41
ca89
c9c6
c90b
c85e
c7ab
c6e9
c62a
c57b
c4cc
c40e
c34c
c299
c1ec
c132
c06f
bfb8
bf0c
be57
bd94
bcd8
bc2c
bb7c
babb
b9fb
b94d
b8a1
b7e4
b721
b66f
b5c5
b50d
b44a
b392
b2ea
b238
b175
b0b8
b00e
af62
aea2
ade2
ad35
ac8d
abd2
ab0f
aa5d
a9b8
a903
a83f
a788
a6e4
a636
a574
a4b8
a412
a36b
a2ad
a1ec
a142
a0a0
9fe9
9f26
9e76
9dd8
9d29
9c66
9bb0
9b13
9a6d
99ad
98f1
9852
97b5
96fb
963b
9597
9501
9451
938f
92e5
9254
91b0
90f0
903f
8faf
8f19
8e5f
8da8
8d17
8c8e
8be0
8b25
8a91
8a14
8976
88bc
8823
87b1
8729
8676
85d8
856f
8502
8460
83c0
835f
8312
828e
81f4
819d
8179
8125
80a0
805c
8071
806b
801d
8005
8078
8100
8133
8193
82d2
8496
862a
881e
8bea
91ce
9916
a3bc
b7ba
d9a6
0000
2d9a
4e60
602c
69c3
70e7
763b
791b
7ac7
7c9e
7e33
7ecb
7ef9
7f7f
7fff
7fe8
7f98
7f9b
7fa6
7f46
7ebf
7e80
7e4f
7dcb
7d28
7cc3
7c6e
7bd6
7b23
7aa6
7a3b
7996
78d9
784c
77d1
7725
7662
75c9
7542
7491
73ca
7328
729a
71e5
711b
7073
6fdd
6f26
6e5a
6dad
6d12
6c59
6b8c
6ada
6a3b
6981
68b3
67fe
675c
66a0
65d2
651a
6474
63b9
62e9
622f
6187
60cb
5ffc
5f3f
5e95
5dd8
5d09
5c4b
5b9e
5ae2
5a12
5952
58a5
57e8
5718
5657
55a8
54eb
541b
5359
52a8
51eb
511c
5058
4fa7
4eea
4e1b
4d56
4ca3
4be6
4b17
4a52
499e
48e1
4812
474c
4697
45da
450c
4445
438f
42d2
4204
413c
4086
3fc9
3efb
3e33
3d7b
3cbf
3bf1
3b29
3a70
39b4
38e7
381d
3764
36a8
35db
3511
3458
339b
32cf
3205
314a
308e
2fc2
2ef7
2e3c
2d80
2cb4
2be9
2b2e
2a72
29a7
28db
281f
2763
2698
25cc
2510
2454
2389
22bd
2200
2145
207a
1fae
1ef0
1e35
1d6b
1c9e
1be0
1b24
1a5b
198e
18cf
1814
174b
167e
15bf
1503
143b
136d
12ae
11f3
112a
105d
0f9d
0ee2
0e1a
0d4c
0c8b
0bd1
0b09
0a3b
097a
08bf
07f8
072a
0669
05ae
04e7
0419
0357
029d
01d6
0108
0046
ff8c
fec6
fdf8
fd36
fc7b
fbb5
fae7
fa24
f96a
f8a5
f7d6
f713
f658
f594
f4c6
f402
f347
f283
f1b5
f0f0
f036
ef72
eea4
eddf
ed25
ec62
eb94
eace
ea14
e952
e883
e7be
e704
e641
e573
e4ad
e3f3
e332
e263
e19d
e0e3
e022
df54
de8d
ddd3
dd13
dc45
db7d
dac4
da04
d936
d86e
d7b5
d6f5
d627
d55f
d4a6
d3e7
d319
d251
d197
d0d9
d00c
cf43
ce8a
cdcc
ccff
cc36
cb7c
cac0
c9f3
c929
c870
c7b4
c6e7
c61d
c564
c4a9
c3dc
c312
c259
c19e
c0d2
c008
bf4f
be95
bdca
bcfe
bc46
bb8d
bac2
b9f6
b93e
b886
b7bb
b6f0
b637
b581
b4b6
b3ea
b332
b27d
b1b3
b0e7
b02f
af7b
aeb2
ade5
ad2d
ac7a
abb2
aae5
aa2e
a97d
a8b6
a7e8
a731
a682
a5bc
a4ee
a438
a38a
a2c5
a1f7
a142
a096
9fd3
9f05
9e50
9da7
9ce5
9c17
9b63
9abd
99fd
992f
987c
97da
971c
964e
959d
94fe
9444
9377
92c7
922d
9176
90aa
8ffd
8f69
8eb6
8deb
8d42
8cb5
8c08
8b3f
8a9b
8a17
8971
88ad
880e
8797
86fc
863d
85a8
8541
84b5
83ff
8379
832b
82b4
820d
819f
8177
8124
8099
8055
806d
8059
8006
8014
80a8
8117
8146
821a
83d8
859e
8767
8ad4
90b3
9834
a30e
b80e
dc95
0000
3002
5131
6246
6b9a
72c0
778a
79dc
7ba5
7d97
7eaf
7eea
7f56
7ff4
7ffc
7fa4
7f9f
7fac
7f43
7eb8
7e80
7e3d
7d9c
7d00
7ca9
7c34
7b77
7ad6
7a68
79cf
7905
7864
77e4
7732
7664
75c4
7532
746e
73a1
7302
7260
7191
70c7
7026
6f77
6ea0
6ddc
6d38
6c7c
6ba2
6ae4
6a3b
6973
689a
67e1
6732
6661
658b
64d5
641e
6348
6276
61c1
6102
6028
5f5b
5ea7
5de0
5d05
5c3d
5b86
5ab9
59de
591b
5861
578d
56b5
55f6
5536
545f
538a
52cd
5208
512e
505d
4fa1
4ed7
4dfb
4d2f
4c72
4ba2
4ac7
4a00
4940
486c
4793
46cf
460b
4533
445e
439c
42d4
41fa
4128
4067
3f9b
3ec0
3df2
3d31
3c60
3b86
3abc
39f9
3924
384b
3785
36bf
35e7
3511
344c
3383
32a9
31d7
3113
3046
2f6b
2e9c
2dd9
2d08
2c2d
2b62
2a9d
29c8
28ef
2827
2760
2688
25b2
24ec
2422
2348
2275
21b0
20e2
2008
1f38
1e73
1da2
1cc8
1bfc
1b36
1a61
1988
18bf
17f7
171f
1649
1582
14b7
13de
130a
1245
1177
109c
0fcc
0f07
0e35
0d5b
0c8e
0bc8
0af3
0a1b
0951
0889
07b1
06db
0613
0548
046f
039b
02d5
0207
012d
005d
ff98
fec7
fded
fd20
fc59
fb85
faac
f9e2
f91a
f842
f76c
f6a4
f5da
f500
f42d
f367
f299
f1bf
f0ee
f029
ef58
ee7d
edb0
ecea
ec16
eb3d
ea73
e9ac
e8d4
e7fd
e736
e66c
e593
e4bf
e3fa
e32c
e252
e181
e0bd
dfec
df12
de45
dd80
dcac
dbd2
db09
da43
d96b
d894
d7ce
d705
d62c
d558
d493
d3c7
d2ec
d21c
d159
d089
cfae
cee2
ce1e
cd4b
cc71
cba9
cae4
ca0d
c936
c871
c7a9
c6d0
c5fc
c539
c46e
c394
c2c4
c203
c134
c059
bf8e
becd
bdfa
bd20
bc59
bb97
bac0
b9e9
b927
b862
b788
b6b5
b5f6
b52d
b452
b383
b2c6
b1f9
b11e
b055
af98
aec6
adec
ad29
ac6b
ab95
aabe
aa00
a940
a866
a794
a6db
a616
a53b
a46f
a3b9
a2ef
a214
a14f
a09a
9fcc
9ef2
9e35
9d80
9cac
9bd7
9b22
9a6a
9992
98c4
9816
975a
9680
95bb
9513
9452
9379
92be
921a
9154
907e
8fd1
8f2f
8e63
8d95
8cf6
8c55
8b86
8ac4
8a35
8992
88c3
8814
8794
86f0
8626
8591
8523
847e
83c4
8352
82f9
8259
81bd
817e
8142
80b5
8052
8063
8058
8000
8012
80b3
8119
8159
8281
8477
863d
88a7
8d99
94d7
9e63
b02c
d25e
0000
3278
53eb
6439
6d6a
7471
7887
7a87
7c91
7e4a
7ed0
7f19
7fc6
7fff
7fa6
7f92
7fa4
7f37
7ea8
7e71
7e1b
7d66
7cd7
7c7e
7bde
7b16
7a90
7a0c
793f
7881
77f9
7749
766d
75c0
7526
7454
737f
72db
7225
7143
707f
6fd7
6f05
6e25
6d6e
6cb6
6bd3
6aff
6a4c
697e
6898
67d3
6718
6638
655a
649e
63d2
62eb
621b
615d
6080
5f9c
5ed8
5e0e
5d28
5c4f
5b8d
5ab5
59ce
5901
5839
5755
5676
55b0
54dc
53f3
5320
5258
5177
5093
4fc8
4ef7
4e10
4d36
4c6d
4b90
4aa9
49d9
490b
4825
4746
467b
45a2
44ba
43e5
4318
4235
4152
4084
3fae
3ec7
3dec
3d1f
3c40
3b5a
3a88
39b6
38d0
37f1
3723
3647
3560
348a
33b9
32d6
31f3
3123
304b
2f64
2e89
2dba
2cd9
2bf4
2b21
2a4c
2966
2887
27b8
26da
25f3
251d
244b
2366
2284
21b4
20da
1ff2
1f18
1e47
1d65
1c81
1bae
1ad7
19f0
1913
1842
1763
167d
15a7
14d3
13ee
130d
123b
1160
1079
0fa0
0ecd
0dea
0d07
0c34
0b5c
0a75
0998
08c7
07e7
0701
062c
0556
0471
0391
02bf
01e2
00fc
0023
ff51
fe6e
fd8b
fcb8
fbdf
faf8
fa1c
f94b
f86a
f784
f6b0
f5da
f4f4
f415
f343
f266
f17f
f0a8
efd4
eef0
ee0e
ed3c
ec62
eb7b
eaa1
e9cf
e8ed
e809
e735
e65f
e578
e49a
e3ca
e2eb
e205
e12f
e05b
df76
de95
ddc5
dcea
dc02
db2a
da59
d976
d892
d7c1
d6ea
d602
d526
d457
d377
d291
d1be
d0ea
d004
cf25
ce56
cd7b
cc93
cbbd
caed
ca09
c926
c857
c780
c698
c5be
c4f1
c411
c32b
c25a
c188
c0a1
bfc3
bef7
be1c
bd34
bc61
bb93
baae
b9cd
b901
b82b
b743
b66c
b5a1
b4c1
b3dc
b310
b23f
b157
b07d
afb5
aeda
adf3
ad24
ac59
ab74
aa96
a9d0
a8fb
a813
a742
a67c
a59c
a4b9
a3f4
a327
a23f
a16a
a0ab
9fd1
9eeb
9e26
9d62
9c7d
9ba4
9ae9
9a19
9932
986b
97b1
96d2
95f5
9540
947b
9396
92cd
921f
914b
906b
8fbb
8f07
8e27
8d5d
8cbe
8bfa
8b1c
8a72
89d6
8903
883b
87b0
870a
8635
8597
8521
846a
83ae
8347
82d6
821e
81a0
8173
8101
8072
8061
806f
801a
800e
80b0
8122
8169
82ba
84d0
86ae
89c8
8fea
983f
a4fd
bfa6
ed77
0000
3503
5694
661a
6f42
75fa
7953
7b4f
7d7f
7eac
7ee8
7f84
7fff
7fb5
7f87
7fa1
7f39
7ea1
7e69
7e02
7d3f
7cbc
7c52
7b8c
7acf
7a52
799d
78be
7821
777c
7696
75d2
7532
7458
7376
72c9
7202
7113
704f
6f95
6ea9
6dcb
6d13
6c36
6b46
6a82
69b5
68c1
67e9
6725
663a
654f
6488
63ac
62b7
61e4
6114
6021
5f3d
5e71
5d89
5c98
5bc7
5aeb
59f6
5918
5846
5755
5669
5598
54b3
53be
52e5
520b
5116
5030
4f5c
4e6f
4d7e
4ca7
4bc5
4acf
49ef
4916
4823
4738
4661
4577
4483
43a7
42c8
41d3
40ec
4013
3f24
3e33
3d59
3c73
3b7e
3a9d
39bf
38cc
37e1
3707
361a
3528
344a
3367
3272
318c
30af
2fbe
2ecf
2df3
2d0b
2c16
2b35
2a54
2960
2876
2799
26ac
25ba
24db
23f6
2301
221b
213d
204b
1f5d
1e80
1d95
1ca1
1bc0
1add
19e9
1900
1822
1733
1642
1563
147c
1387
12a2
11c2
10cf
0fe2
0f04
0e18
0d25
0c44
0b60
0a6c
0983
08a5
07b4
06c4
05e6
04fd
0409
0325
0243
0150
0064
ff87
fe9a
fda7
fcc7
fbe2
faed
fa06
f927
f835
f747
f668
f57e
f48a
f3a8
f2c5
f1d1
f0e7
f009
ef1a
ee29
ed4a
ec63
eb6e
ea89
e9a9
e8b7
e7c9
e6ec
e601
e50d
e42c
e349
e255
e16c
e08e
df9f
deae
ddd0
dce9
dbf4
db11
da31
d93e
d852
d776
d689
d596
d4b8
d3d4
d2df
d1f9
d11c
d02b
cf3c
ce60
cd78
cc83
cba2
cac3
c9cf
c8e5
c80b
c71e
c62b
c54f
c46c
c376
c293
c1b8
c0c6
bfd8
bf00
be17
bd23
bc45
bb67
ba72
b98c
b8b4
b7c6
b6d5
b5fe
b51b
b425
b346
b26d
b17a
b090
afbc
aed3
ade0
ad08
ac2c
ab37
aa55
a983
a894
a7a6
a6d5
a5f4
a4ff
a427
a354
a260
a17b
a0b0
9fc8
9ed7
9e0a
9d33
9c3e
9b66
9a9d
99b0
98c8
9805
9729
9636
956d
94a5
93b4
92dc
9223
9141
9058
8fa2
8ed8
8de9
8d27
8c78
8b92
8abe
8a1f
8955
8872
87d3
872f
864f
85a2
8524
8460
83a1
833c
82b0
81ef
8193
8155
80b7
805e
807a
8041
8003
808e
811f
8160
82af
84e3
86e0
8a80
917d
9ae8
ab92
cf30
0000
37a8
5924
67f6
7123
7750
7a0c
7c41
7e43
7ed3
7f3a
7ff1
7fd9
7f8a
7fa7
7f50
7eab
7e6d
7dfa
7d2c
7cb0
7c2d
7b4e
7aa3
7a15
7931
7865
77ca
76e9
7605
755c
7482
738d
72d4
7201
7105
703a
6f6d
6e6e
6d94
6cca
6bcd
6ae4
6a19
6923
682e
675f
6670
6572
649d
63b6
62b3
61d5
60f4
5ff1
5f09
5e2d
5d2c
5c3a
5b5f
5a63
5969
588d
5798
5698
55b7
54c8
53c5
52df
51f6
50f2
5004
4f1f
4e1d
4d29
4c46
4b48
4a4d
496a
4871
4771
468b
4598
4495
43ab
42bd
41b9
40c9
3fe0
3ede
3de8
3d00
3c02
3b06
3a1f
3925
3825
373c
3647
3544
3457
3368
3264
3172
3086
2f84
2e8d
2da4
2ca4
2ba9
2abf
29c4
28c4
27da
26e3
25e1
24f3
2402
22fe
220c
211e
201c
1f25
1e3a
1d3a
1c3f
1b54
1a58
1959
186d
1776
1674
1585
1493
138f
129d
11ae
10ac
0fb5
0ec9
0dc9
0ccd
0be2
0ae6
09e7
08fb
0803
0701
0612
051f
041c
032a
023a
0138
0041
ff56
fe56
fd5b
fc6f
fb73
fa74
f987
f890
f78e
f69f
f5ac
f4a9
f3b7
f2c7
f1c5
f0cf
efe2
eee2
ede7
ecfc
ebff
eb00
ea15
e91d
e81b
e72d
e63a
e537
e445
e356
e254
e15e
e072
df72
de77
dd8d
dc90
db92
daa7
d9af
d8ad
d7c1
d6ce
d5cb
d4db
d3ec
d2e9
d1f5
d10a
d009
cf10
ce27
cd2a
cc2c
cb44
ca4c
c94a
c860
c76e
c66a
c57c
c48f
c38c
c299
c1b1
c0b0
bfb7
bed1
bdd5
bcd7
bbf2
bafb
b9f9
b912
b822
b71e
b633
b549
b446
b355
b271
b170
b079
af98
ae9c
ada0
acc0
abcb
aaca
a9e9
a8fc
a7f8
a713
a62e
a52a
a43f
a362
a261
a16f
a097
9f9d
9ea4
9dce
9cdd
9bdf
9b09
9a23
9921
9847
976d
966b
958c
94bd
93c0
92d9
9214
9121
9032
8f74
8e8f
8d99
8ce0
8c0d
8b15
8a5c
89a0
88ab
87ef
874d
8664
85a4
851f
844d
838c
8326
827c
81c1
8180
8115
8073
8067
8063
8000
8053
8108
8148
8277
84c7
86e5
8ae5
9299
9d35
b26c
dec7
0000
3a62
5b9c
69cc
72f9
7866
7acc
7d40
7eb3
7efb
7fb8
7fff
7f98
7fa7
7f70
7ebe
7e75
7dfd
7d25
7ca9
7c0c
7b1f
7a82
79ce
78d4
7821
775e
765b
7599
74ca
73c2
72f4
721e
7112
703b
6f5e
6e50
6d72
6c91
6b81
6a9d
69b8
68a7
67be
66d7
65c5
64d8
63ee
62dc
61eb
60ff
5fed
5ef9
5e0c
5cf9
5c03
5b14
5a01
590a
5819
5707
560d
551b
5409
530d
521b
5108
500b
4f18
4e06
4d07
4c13
4b02
4a02
490d
47fc
46fb
4606
44f4
43f2
42fd
41eb
40e8
3ff3
3ee2
3dde
3ce7
3bd7
3ad2
39db
38cb
37c6
36cf
35bf
34b8
33c1
32b1
31aa
30b3
2fa4
2e9c
2da4
2c95
2b8d
2a95
2986
287d
2785
2677
256e
2475
2367
225d
2165
2057
1f4d
1e54
1d47
1c3c
1b43
1a36
192b
1831
1725
1619
1520
1414
1308
120e
1103
0ff6
0efc
0df1
0ce4
0bea
0adf
09d2
08d8
07ce
06c0
05c6
04bc
03ae
02b4
01aa
009c
ffa3
fe99
fd8b
fc90
fb88
fa79
f97e
f876
f766
f66c
f564
f454
f35a
f252
f143
f048
ef41
ee31
ed36
ec30
eb1f
ea24
e91e
e80e
e713
e60d
e4fc
e401
e2fd
e1ec
e0f0
dfec
dedb
dde0
dcdc
dbca
dacf
d9cc
d8ba
d7bf
d6bd
d5ab
d4af
d3ae
d29c
d1a0
d09f
cf8d
ce92
cd92
cc7f
cb84
ca84
c972
c876
c778
c665
c569
c46c
c359
c25e
c161
c04e
bf53
be57
bd44
bc49
bb4e
ba3b
b940
b847
b734
b639
b541
b42d
b333
b23c
b129
b02e
af39
ae26
ad2c
ac39
ab26
aa2c
a93b
a828
a72f
a63f
a52d
a434
a348
a236
a13e
a053
9f42
9e4b
9d64
9c54
9b5d
9a7a
996b
9876
9797
9689
9596
94bc
93b0
92c0
91ec
90e3
8ff5
8f29
8e23
8d3a
8c77
8b75
8a92
89dc
88e1
8806
8760
866e
85a0
8510
842d
8372
8303
8237
819a
815f
80bb
8054
8070
8018
801c
80e4
8134
823a
84a3
86e4
8b46
93ba
9fe0
bae8
f05c
0000
3d23
5dea
6b99
74a8
7937
7b9d
7e0e
7ed1
7f4c
7fff
7fb0
7f93
7f88
7ed0
7e72
7e00
7d1c
7c9b
7be7
7af2
7a59
797a
7882
77d3
76d8
75e2
7520
7412
7321
724d
7134
7047
6f62
6e45
6d5b
6c65
6b48
6a60
695c
6842
6759
6649
6535
6448
632f
6221
612e
600f
5f07
5e0d
5ceb
5be9
5ae7
59c4
58c6
57bb
569b
559f
548c
5370
5274
515a
5043
4f45
4e27
4d15
4c13
4af1
49e5
48de
47bb
46b3
45a7
4484
4380
426d
414d
404a
3f32
3e16
3d13
3bf6
3adf
39d9
38b9
37a6
369e
357c
346e
3361
323f
3134
3023
2f02
2dfa
2ce4
2bc5
2abe
29a3
2889
2781
2663
254c
2443
2322
2210
2104
1fe2
1ed3
1dc3
1ca2
1b97
1a82
1962
1859
1740
1623
151a
13fe
12e4
11db
10bb
0fa6
0e9b
0d79
0c68
0b5a
0a37
092a
0818
06f6
05ec
04d5
03b6
02ad
0192
0076
ff6e
fe50
fd38
fc2e
fb0d
f9fa
f8ed
f7cb
f6bb
f5ac
f48a
f37d
f269
f149
f03f
ef27
ee09
ed01
ebe4
eaca
e9c1
e8a2
e78c
e682
e560
e44f
e342
e21f
e112
e001
dedf
ddd5
dcc0
dba1
da99
d97f
d863
d75c
d63f
d527
d41f
d2ff
d1ec
d0e2
cfc0
ceb1
cda4
cc82
cb78
ca67
c946
c83f
c729
c60b
c507
c3ec
c2d2
c1cf
c0b0
bf9b
be97
bd75
bc66
bb5f
ba3c
b933
b828
b705
b601
b4f1
b3d1
b2d1
b1bb
b0a0
afa3
ae87
ad72
ac75
ab56
aa47
a949
a827
a721
a61f
a4fd
a3fe
a2f8
a1d7
a0e0
9fd3
9eb7
9dc6
9cb3
9b9f
9ab2
9999
988f
97a4
9686
9589
949d
937e
928f
91a0
9083
8fa4
8eaf
8d9a
8ccb
8bd1
8aca
8a0a
890b
881a
876a
866a
8598
84f9
8400
835b
82d0
81ec
8189
811e
806d
8072
8044
8007
80ca
8135
8222
84a7
8710
8c16
957e
a42f
c7f6
0000
3ff4
601c
6d70
762e
79ee
7c92
7e93
7ef1
7fc4
7fe2
7f87
7fa0
7efa
7e79
7e14
7d24
7c98
7bd4
7ad9
7a38
7935
7849
7782
7662
7587
7493
7374
729a
7182
7074
6f8a
6e5e
6d62
6c5e
6b32
6a3f
6920
6802
6708
65d9
64cd
63c1
6290
618e
606d
5f47
5e44
5d14
5bfd
5aed
59ba
58af
578e
5662
5559
542a
530c
51fa
50c6
4fb4
4e93
4d65
4c56
4b29
4a06
48f2
47bf
46a7
4588
4457
4345
4219
40f2
3fdd
3eaa
3d8f
3c70
3b3e
3a29
38ff
37d5
36bf
358d
346e
3350
321d
3106
2fde
2eb1
2d9b
2c6a
2b47
2a2b
28f8
27de
26b7
2589
2471
2342
221d
2101
1fce
1eb2
1d8d
1c5d
1b45
1a16
18ef
17d4
16a1
1583
1460
132f
1216
10e9
0fc0
0ea5
0d73
0c53
0b31
09ff
08e5
07ba
068f
0575
0444
0321
0202
00cf
ffb5
fe8c
fd5f
fc46
fb15
f9f1
f8d3
f7a0
f684
f55d
f42e
f315
f1e6
f0c0
efa4
ee71
ed53
ec2f
eaff
e9e6
e8b8
e790
e676
e543
e424
e302
e1d1
e0b8
df8c
de62
dd49
dc17
daf7
d9d7
d8a5
d78d
d663
d538
d420
d2ef
d1ce
d0b1
cf7d
ce65
cd3e
cc11
cafc
c9cb
c8a9
c78f
c65b
c543
c41f
c2f0
c1dd
c0ae
bf8a
be74
bd40
bc28
bb08
b9d7
b8c7
b79a
b675
b563
b42f
b318
b1fc
b0ca
afbd
ae94
ad6d
ac60
ab2e
aa17
a901
a7cf
a6c5
a5a1
a47a
a374
a244
a12e
a021
9eef
9deb
9cce
9ba6
9aab
997f
986d
976c
963b
9541
9430
930b
921f
90fc
8ff2
8f06
8ddc
8cf2
8bf8
8adb
8a0e
8900
8808
8747
8631
8571
84ab
83ac
832a
8258
81a1
8158
8096
8067
805b
8000
80bd
8135
823e
84f1
879d
8dfa
98da
ad52
dfaf
0000
42cf
6230
6f4c
7775
7aa4
7d83
7ec7
7f45
7fff
7f96
7fa0
7f36
7e85
7e31
7d3a
7c9c
7bd0
7acb
7a1c
78fd
781c
772b
7605
752b
73fe
72fa
71f8
70c2
6fcf
6e9e
6d84
6c7a
6b3b
6a38
6905
67de
66ce
658b
647c
634a
6219
6105
5fc1
5ea8
5d78
5c40
5b28
59e4
58c4
5795
5658
553d
53fa
52d3
51a6
5066
4f48
4e06
4cda
4baf
4a6c
494b
480b
46da
45b0
446c
4349
420b
40d5
3fac
3e67
3d41
3c05
3acc
39a4
385f
3736
35fd
34c0
3399
3254
3128
2ff1
2eb2
2d8a
2c46
2b17
29e3
28a2
277a
2637
2505
23d3
2290
2167
2026
1ef1
1dc1
1c7d
1b54
1a14
18dd
17ae
166a
153f
1402
12c7
119b
1056
0f29
0dee
0cb1
0b86
0a41
0913
07da
069b
0570
042c
02fc
01c6
0085
ff5c
fe19
fce6
fbb2
fa70
f946
f804
f6cf
f59e
f45a
f330
f1f0
f0b9
ef8a
ee45
ed1a
ebdd
eaa3
e976
e831
e705
e5ca
e48e
e363
e21e
e0f1
dfb8
de7a
dd50
dc0c
dadd
d9a8
d867
d73f
d5fc
d4cb
d399
d256
d12f
cfee
cebb
cd8c
cc48
cb21
c9e2
c8ad
c781
c63c
c516
c3d9
c2a1
c179
c033
bf0d
bdd4
bc9a
bb75
ba2f
b909
b7d3
b697
b575
b430
b309
b1d8
b099
af7c
ae39
ad10
abe5
aaa4
a98a
a84a
a720
a5fb
a4b9
a3a3
a267
a13c
a01f
9edc
9dcb
9c94
9b69
9a56
9913
9807
96d9
95ad
94a7
9367
9263
9141
9017
8f22
8de8
8cf0
8be1
8abd
89e2
88b6
87d1
86e4
85ce
8521
8413
8358
82ac
81bf
8172
80b3
8065
805f
8004
80d3
8142
82c2
85a0
8916
91d3
9fb2
c27a
0000
45c4
6444
7145
789c
7b96
7e62
7f01
7fde
7ff4
7fac
7f9b
7ec5
7e71
7d85
7cc9
7bfd
7ae8
7a2b
78f7
7817
76fb
75de
74e4
739f
72a7
7165
704b
6f28
6de5
6cd7
6b85
6a6d
692d
67f3
66cf
657c
645f
630e
61de
60a4
5f58
5e32
5cda
5baf
5a65
5923
57ef
5699
556d
5418
52e0
519d
504e
4f1c
4dc4
4c90
4b42
49fc
48c0
476a
4637
44e1
43a4
425c
410d
3fd5
3e7c
3d44
3bf3
3aad
396c
3816
36df
3588
3449
32fe
31af
3073
2f1b
2de0
2c8e
2b47
2a03
28ae
2774
261c
24dc
2390
2242
2103
1fab
1e6f
1d1c
1bd5
1a8f
193b
17ff
16a7
1567
1419
12cb
118b
1033
0ef6
0da2
0c5c
0b15
09c1
0884
072c
05ec
049e
0350
020f
00b8
ff7c
fe27
fce1
fb99
fa46
f909
f7b1
f671
f522
f3d6
f294
f13d
f000
eeab
ed66
ec1e
eacb
e98e
e836
e6f8
e5a8
e45c
e31b
e1c4
e089
df33
ddf0
dca7
db55
da19
d8c1
d784
d634
d4ea
d3a9
d252
d119
cfc3
ce82
cd39
cbe9
caae
c955
c81c
c6cb
c584
c444
c2ee
c1b7
c061
bf23
bddb
bc8d
bb55
b9fd
b8c7
b777
b633
b4f6
b3a1
b270
b119
afe1
ae9b
ad4f
ac1d
aac5
a998
a848
a70b
a5d2
a480
a359
a203
a0d5
9f93
9e4f
9d27
9bd2
9ab4
9967
9837
970a
95bf
94ad
935b
9245
910f
8fdc
8ecf
8d85
8c8c
8b4f
8a44
893a
880c
8735
8600
8535
8434
834b
82a6
81a6
8150
8083
804b
8025
8000
80ed
8164
83ea
86d2
8d1b
993e
b2e4
f336
0000
4898
6611
72fa
7950
7c69
7eaa
7f24
7fff
7f8e
7fa2
7ee7
7e6a
7da6
7cbe
7bfe
7ad3
7a09
78c4
77dc
769e
758a
7461
7323
720c
70b2
6f9e
6e3d
6d1c
6bc6
6a8b
6949
67f4
66c1
655b
642d
62c5
618d
6031
5ee5
5d9a
5c3a
5afc
5992
5856
56ed
55a8
544a
52f5
51a6
5042
4efd
4d92
4c4e
4ae5
4999
483b
46e0
458f
4428
42df
4173
402a
3ec2
3d70
3c13
3ab5
3963
37fa
36af
3543
33f6
328f
313a
2fdd
2e7c
2d2a
2bc0
2a73
2907
27b7
2652
24f9
239e
223a
20e8
1f7e
1e2f
1cc4
1b72
1a0e
18b3
1758
15f3
14a1
1336
11e7
107d
0f29
0dc6
0c69
0b10
09a9
0858
06ec
059c
0433
02de
017c
001e
fec7
fd5f
fc0e
faa3
f952
f7ea
f693
f533
f3d3
f27d
f114
efc4
ee59
ed08
eba1
ea49
e8eb
e789
e635
e4cb
e37c
e211
e0c0
df5a
de02
dca6
db43
d9f1
d886
d739
d5ce
d47d
d319
d1c0
d066
cf02
cdb3
cc48
cafc
c992
c842
c6e0
c586
c430
c2cb
c17f
c014
becb
bd62
bc13
bab4
b95a
b809
b6a2
b55c
b3f0
b2ab
b144
aff8
ae9d
ad43
abf9
aa92
a953
a7e8
a6aa
a545
a3fd
a2aa
a152
a012
9eac
9d79
9c10
9ade
9980
9841
96fa
95a8
947b
931a
91fe
909d
8f82
8e35
8d0a
8be1
8aa1
899f
8852
876e
862c
8552
843c
835a
8291
81a5
8141
8069
807a
8005
80ab
813e
82fc
8624
8b4a
972a
af24
f079
0000
4b8f
6803
74ca
7a22
7d7e
7eed
7fb9
7ff5
7fb0
7f6d
7e9e
7e18
7cfe
7c4c
7b0a
7a33
78df
77e8
768e
757a
7423
72f2
71a3
7059
6f11
6db3
6c72
6b04
69c6
684e
6710
6594
6451
62d6
618b
6014
5ec0
5d50
5bef
5a88
591c
57bc
5647
54ed
5371
521a
509a
4f43
4dc3
4c69
4aec
498d
4814
46ae
453c
43ce
4262
40ed
3f87
3e0c
3cab
3b2b
39cc
384b
36eb
356b
3408
328c
3124
2fad
2e3f
2ccd
2b59
29ed
2873
270c
258e
242a
22a9
2146
1fc6
1e61
1ce3
1b7b
1a00
1894
171e
15ac
143c
12c4
1159
0fdd
0e76
0cf6
0b91
0a10
08ab
072c
05c5
0448
02dd
0165
fff6
fe83
fd0d
fba0
fa25
f8bd
f73e
f5d8
f458
f2f3
f173
f00d
ee8f
ed26
ebac
ea3e
e8c9
e757
e5e7
e46f
e305
e189
e023
dea3
dd40
dbbf
da5c
d8dc
d777
d5fb
d491
d31a
d1ac
d03b
cec6
cd5c
cbe2
ca7d
c8ff
c79e
c61d
c4bf
c33e
c1de
c061
befe
bd85
bc1d
baac
b93d
b7d4
b65e
b4fc
b381
b226
b0a6
af50
adcf
ac7a
aafb
a9a4
a82c
a6d0
a560
a3fd
a298
a12d
9fd4
9e60
9d13
9b9a
9a56
98da
979d
9623
94e9
9377
923b
90d7
8f96
8e45
8cfd
8bc5
8a76
895b
8808
870e
85bc
84e6
83a3
82f6
81d7
815c
8084
8054
8000
805b
8117
82b5
860e
8bd0
98ff
b7a9
0000
4e60
69c3
763b
7ac7
7e33
7ef9
7fff
7f98
7fa6
7ebf
7e4f
7d28
7c6e
7b23
7a3b
78d9
77d1
7662
7542
73ca
729a
711b
6fdd
6e5a
6d12
6b8c
6a3b
68b3
675c
65d2
6474
62e9
6187
5ffc
5e95
5d09
5b9e
5a12
58a5
5718
55a8
541b
52a8
511c
4fa7
4e1b
4ca3
4b17
499e
4812
4697
450c
438f
4204
4086
3efb
3d7b
3bf1
3a70
38e7
3764
35db
3458
32cf
314a
2fc2
2e3c
2cb4
2b2e
29a7
281f
2698
2510
2389
2200
207a
1ef0
1d6b
1be0
1a5b
18cf
174b
15bf
143b
12ae
112a
0f9d
0e1a
0c8b
0b09
097a
07f8
0669
04e7
0357
01d6
0046
fec6
fd36
fbb5
fa24
f8a5
f713
f594
f402
f283
f0f0
ef72
eddf
ec62
eace
e952
e7be
e641
e4ad
e332
e19d
e022
de8d
dd13
db7d
da04
d86e
d6f5
d55f
d3e7
d251
d0d9
cf43
cdcc
cc36
cac0
c929
c7b4
c61d
c4a9
c312
c19e
c008
be95
bcfe
bb8d
b9f6
b886
b6f0
b581
b3ea
b27d
b0e7
af7b
ade5
ac7a
aae5
a97d
a7e8
a682
a4ee
a38a
a1f7
a096
9f05
9da7
9c17
9abd
992f
97da
964e
94fe
9377
922d
90aa
8f69
8deb
8cb5
8b3f
8a17
88ad
8797
863d
8541
83ff
832b
820d
8177
8099
806d
8006
80a8
8146
83d8
8767
90b3
a30e
dc95
0000
49bc
6fd6
7636
775e
7d4b
7fff
7d80
7cb7
7e89
7de7
7b28
7a72
7ae3
7935
76bf
7625
75cc
73ae
7192
70fd
7015
6dce
6c06
6b61
6a0d
67c3
6642
657e
63d8
61a5
605b
5f69
5d89
5b7d
5a57
5931
572d
5550
543d
52df
50cc
4f1f
4e0d
4c7c
4a6b
48ea
47cb
460e
440e
42b1
4178
3f99
3db4
3c72
3b16
3922
3760
362a
34a9
32ac
310e
2fd9
2e33
2c3b
2abf
297e
27b7
25cf
2470
2319
2139
1f69
1e1e
1cab
1abc
190a
17c8
1634
1441
12af
116b
0fb8
0dcc
0c58
0b07
0939
075d
0602
049c
02b8
00f6
ffac
fe2a
fc3b
fa96
f952
f7b1
f5c0
f43b
f2f2
f133
ef4d
ede4
ec8d
eab4
e8e0
e790
e621
e434
e27d
e13b
dfaf
ddb9
dc22
dae5
d937
d743
d5ce
d48a
d2bc
d0d6
cf81
ce2a
cc40
ca73
c938
c7c5
c5c7
c41c
c2f1
c15a
bf54
bdd2
bcaa
baeb
b8ec
b795
b662
b47b
b291
b164
b018
ae0f
ac4a
ab3f
a9cc
a7ab
a619
a525
a380
a158
a005
9f18
9d39
9b1f
9a15
991b
96ff
950f
9453
9335
90e3
8f3f
8ed5
8d7a
8b00
89da
89c4
8812
8596
853d
8589
8367
8147
8272
8364
80e8
8096
861e
89dc
8add
9f53
dadd
0000
4d80
7240
76a6
7909
7f57
7fec
7d31
7e1b
7f37
7cbe
7ae5
7b69
7a4d
7790
76a3
765a
7424
71f7
716c
7033
6db2
6c3a
6b83
698a
674d
664b
6511
62bf
6104
6014
5e48
5c0a
5ac2
5989
575e
557c
5463
52b9
5082
4f08
4dce
4bc5
49cb
4890
4700
44d5
4335
41f6
400c
3e03
3caa
3b2e
3912
3753
360d
343f
322d
30b9
2f4c
2d41
2b6a
2a1a
2864
264f
24c1
235f
2166
1f7b
1e1f
1c80
1a6c
18c6
176a
1586
138b
121f
1094
0e87
0cc9
0b6f
09a1
079b
061d
04a4
02a1
00cd
ff73
fdba
fbad
fa1c
f8b2
f6bc
f4d4
f374
f1d2
efc1
ee1b
ecbd
ead8
e8de
e774
e5e9
e3d9
e21e
e0c8
def7
dcee
db77
da02
d7f8
d625
d4d5
d31c
d105
cf7e
ce20
cc20
ca34
c8e7
c749
c528
c38c
c245
c055
be4f
bd00
bb83
b95c
b7a6
b676
b49e
b27d
b127
afd1
ada9
abd4
aabc
a906
a6c9
a568
a442
a221
a025
9f28
9da4
9b49
99d7
98f5
96e6
94b8
93e2
92af
9033
8eaa
8e37
8c56
89e4
895a
88c6
8629
8492
851a
83c7
8100
8183
82f4
8096
8000
85e2
8964
8b97
a8cb
f10e
0000
50c1
737a
763d
7a2c
7fec
7e6b
7cb5
7ea5
7dc8
7ae0
7ad0
7a8b
77bc
7646
7618
73ea
7199
710a
6f8e
6cf1
6bbc
6abb
684a
666d
6589
638a
613c
601d
5e99
5c2d
5a9f
596b
572f
5530
5406
5227
4fe2
4e82
4cff
4ab4
48f9
47ac
4594
4384
4233
406b
3e2e
3ca6
3b27
38f3
371c
35c0
33c2
31a8
303c
2e87
2c51
2aac
2932
2711
2525
23be
21d6
1fb5
1e33
1c8e
1a60
18a3
172d
151d
1320
11b0
0fdc
0db5
0c22
0a8c
0864
0694
0521
0322
0116
ff9f
fdde
fbb3
fa0f
f886
f667
f484
f315
f126
ef0d
ed8d
ebdf
e9b1
e7fc
e682
e46c
e276
e10b
df2f
dd07
db7f
d9e7
d7b7
d5f0
d487
d27c
d070
cf0b
cd45
cb0f
c97d
c7ff
c5cd
c3f2
c29d
c0a1
be7d
bd1f
bb76
b92e
b792
b637
b404
b20f
b0d7
aef1
acae
ab5b
a9dd
a77f
a5d7
a4b0
a280
a068
9f60
9da0
9b30
99f6
98c3
9645
948f
93d1
91ad
8f5f
8ec4
8d5c
8aa1
89b6
8947
869b
84f4
8580
83b3
8127
8284
82ef
8000
8292
88f6
89c7
993d
d76e
0000
5427
7489
7633
7bc1
7fff
7d21
7d3b
7eaa
7be0
7a5e
7ad2
786e
7635
7610
7413
7182
70e1
6f3a
6c89
6b7b
6a14
6767
65f8
64bb
622a
6066
5f3c
5cd8
5acf
59a2
5773
5537
53f6
51fe
4fa1
4e3d
4c77
4a0d
487e
46e1
447b
42bc
413d
3eea
3cfc
3b8b
3956
373f
35cf
33bf
3188
300b
2e23
2bd7
2a41
287e
262c
2475
22d1
2086
1eaa
1d1c
1ae2
18e2
175e
1540
131f
1199
0f9c
0d63
0bcf
09f4
07ad
0601
0448
01fe
0033
fe96
fc55
fa68
f8db
f6af
f4a0
f31a
f10b
eede
ed54
eb66
e924
e789
e5bf
e372
e1bc
e014
ddc7
dbf0
da62
d824
d627
d4ab
d286
d064
ceed
ccec
caab
c92b
c753
c4fb
c365
c1b9
bf58
bda0
bc1c
b9c1
b7dd
b67b
b436
b223
b0d6
aeb7
ac74
ab2e
a944
a6d7
a584
a3db
a150
9fde
9e7d
9be7
9a42
992b
96a3
94ba
93ec
9192
8f57
8ecc
8cc8
8a35
89e4
8871
8587
8571
84f1
81c8
8216
836b
8075
8241
890e
8a04
9d56
e57a
0000
57ad
7563
7698
7d7e
7f7d
7c82
7e3b
7dad
7a8f
7ad0
798b
768a
7622
7492
71ae
70e8
6f32
6c67
6b65
6999
66e2
65b7
63de
6136
5fed
5e0b
5b70
5a11
5829
5598
5429
523b
4fb3
4e36
4c46
49c5
483d
464a
43cf
423e
4049
3dd3
3c3a
3a44
37d2
3634
343d
31ce
302b
2e33
2bc7
2a20
2827
25be
2413
2219
1fb2
1e04
1c0b
19a5
17f5
15fc
1397
11e5
0fec
0d88
0bd5
09db
0778
05c4
03cb
0168
ffb4
fdbb
fb58
f9a4
f7ab
f548
f393
f19b
ef37
ed83
eb8c
e927
e774
e57e
e317
e166
df71
dd08
db59
d965
d6fa
d54e
d35c
d0ed
cf45
cd54
cae2
c93e
c74f
c4da
c33b
c14e
bed4
bd3b
bb52
b8d1
b740
b55b
b2d4
b14c
af6b
acdc
ab60
a985
a6ec
a580
a3ac
a108
9faf
9de4
9b32
99f4
9836
9573
9459
92af
8fd7
8ef2
8d65
8a74
89e4
8889
857b
8584
848a
8169
82be
82bc
8000
858c
89ea
8f85
c44d
0000
5b28
75e7
775a
7ef0
7e6f
7cb1
7eb9
7bf0
7a6b
7a8f
775a
761d
7533
7208
70f3
6f55
6c61
6b55
6938
668c
656e
62fb
609b
5f55
5cae
5a95
5919
565c
547e
52c4
5009
4e56
4c5e
49b9
481f
45ec
436c
41d7
3f75
3d22
3b81
38fd
36d9
351e
3288
308e
2eaf
2c17
2a41
2837
25ac
23ed
21b9
1f48
1d93
1b38
18ea
1730
14b8
1291
10c4
0e3b
0c3a
0a50
07c2
05e2
03d5
0151
ff8a
fd56
fae9
f92d
f6d4
f486
f2c9
f052
ee2b
ec5e
e9d4
e7d4
e5ec
e35c
e180
df75
dcec
db2c
d8f8
d685
d4d7
d27a
d029
ce7d
cbfc
c9d7
c81e
c584
c38f
c1b9
bf13
bd4f
bb4f
b8b0
b715
b4e1
b25c
b0df
ae74
ac1d
aaab
a80d
a5f5
a47b
a1b1
9fe9
9e4f
9b6d
99fe
982c
954e
943f
921c
8f6a
8ebf
8c37
89ed
89a7
86ad
8530
855d
81fd
8231
8326
8000
8549
89ea
9191
d13b
0000
5eb6
764d
78ae
7fff
7d73
7dbb
7e44
7ac0
7b06
78f2
7651
75f5
72d5
712a
6fcc
6ca0
6b77
6924
667e
6542
625d
605e
5ea4
5baf
5a1c
57c7
5529
539f
50dc
4ebc
4ce0
4a09
4846
45f5
435d
41ac
3eff
3ccd
3ae2
381d
363e
33f2
315d
2f97
2cf8
2abb
28c8
260e
241f
21d8
1f43
1d71
1adb
1896
16a1
13ed
11f4
0fb2
0d1c
0b43
08b5
0669
0475
01c3
ffc5
fd88
faf0
f916
f68c
f43a
f24a
ef98
ed96
eb60
e8c2
e6eb
e464
e20d
e025
dd6f
db6d
d93f
d699
d4cb
d245
cfe8
ce0f
cb51
c952
c730
c47d
c2bf
c03a
bdd5
bc13
b948
b752
b542
b27b
b0db
ae55
abe7
aa4f
a76d
a58b
a39b
a0b4
9f4d
9cc8
9a50
9909
9600
9451
92a8
8f89
8eb0
8c37
89c3
8962
8611
8530
8492
812d
8300
8175
8123
8901
8ad3
b407
0000
61f3
7635
7a12
7fff
7c95
7e84
7c87
7a6f
7a61
76c6
7625
73bb
7128
701f
6cc5
6b65
68fc
6649
64df
61b5
5ffa
5d9d
5adb
5940
5637
5447
51f6
4f2d
4d74
4a84
486f
462a
435c
418d
3eb2
3c83
3a47
3777
3598
32ce
3089
2e56
2b84
2999
26de
2487
225d
1f89
1d94
1ae6
1880
165e
1389
118b
0eea
0c76
0a5c
0786
0581
02ec
006b
fe5a
fb83
f976
f6ee
f460
f257
ef80
ed6c
eaf1
e855
e656
e37e
e164
def6
dc4e
da5a
d781
d560
d302
d04b
ce64
cb8a
c963
c717
c450
c278
bf9f
bd70
bb3b
b860
b69d
b3c4
b18e
af77
ac84
aade
a806
a5c8
a3db
a0ca
9f4e
9c7a
9a35
988a
9550
941e
9156
8f11
8de0
8a6c
89d9
873b
8522
8529
8176
830b
8183
81cd
89a0
8d87
cb94
0000
653c
763e
7be9
7f7f
7cbd
7ec8
7b06
7afa
7882
763a
7519
7199
70af
6d5f
6b94
693e
665a
64c6
616f
5fc9
5cdb
5a7b
584f
553f
5377
5051
4e44
4b9e
48ef
46db
43c3
41d0
3edc
3c86
3a15
3738
352c
321f
3001
2d3e
2aae
2865
256f
235e
2068
1e1e
1b8a
18cc
169f
139f
117f
0ea9
0c32
09c9
06e9
04ca
01d0
ff96
fce7
fa44
f801
f50a
f2ef
f007
eda9
eb27
e85a
e636
e334
e10f
de47
dbbf
d96c
d67a
d46e
d16f
cf34
cc97
c9df
c7bf
c4af
c2b0
bfc5
bd65
bb05
b817
b62c
b309
b10b
ae4b
abb7
a9a9
a680
a4d1
a1ab
9fa3
9d35
9a57
98c8
955d
9407
9104
8eea
8d32
89e9
8974
85c7
8572
833e
8195
8305
8000
8820
8a8e
bb1c
0000
698b
77a5
7f2f
7ff2
7f11
7f4f
7bf6
7c06
7816
7784
73ef
7264
6f92
6d08
6aef
67ad
65fa
6271
60b6
5d59
5b39
5850
55a4
533a
5018
4e00
4aaa
489a
455c
430d
4024
3d70
3aea
37d9
3599
325b
3027
2cfa
2a97
27ae
24f8
2265
1f5d
1d0b
19d9
1795
1470
1204
0f1c
0c65
09cd
06c9
0470
0142
fefb
fbd7
f96b
f681
f3cc
f132
ee2f
ebd8
e8a7
e664
e33c
e0d6
dde9
db38
d8a1
d59b
d34e
d015
cde2
caaf
c859
c567
c2bc
c02e
bd22
baed
b7a1
b592
b248
b016
ad1a
aa81
a806
a4f0
a2f4
9f81
9dc8
9a51
9877
956d
930d
90cf
8db0
8c63
88a3
8818
8443
8400
811e
809c
8086
8000
8849
923e
f363
0000
6bdb
7728
7fff
7e2a
7f67
7cea
7bbc
7975
7714
7512
7200
7030
6cb9
6b00
6759
659a
61eb
6010
5c76
5a6a
56fb
54b1
517a
4eed
4bf2
4923
4661
4357
40c7
3d8e
3b22
37c9
3570
320b
2fb4
2c53
29ee
26a0
241f
20f2
1e4a
1b46
1873
159a
129b
0fec
0cc5
0a38
06f5
047f
012a
febf
fb69
f8f7
f5ad
f328
eff9
ed54
ea49
e77c
e49d
e1a4
def2
dbcf
d945
d5ff
d394
d036
cddf
ca77
c822
c4c4
c260
bf1d
bc98
b981
b6ce
b3f0
b104
ae68
ab3f
a8e9
a585
a370
9fdd
9dff
9a4e
9896
94e5
933b
8fb0
8dfa
8aca
88ee
8664
844e
82ed
80b0
81b3
803a
88e6
95ac
0000
6d97
76a1
7fe4
7c90
7ec1
7a9f
7ac4
769c
75d4
71c2
7075
6c7c
6adc
66f8
651f
614e
5f4c
5b89
5969
55b3
537a
4fcf
4d84
49e2
4788
43ed
4187
3df3
3b82
37f3
357a
31f1
2f71
2beb
2965
25e3
2358
1fd9
1d4a
19cd
173c
13c0
112c
0db2
0b1d
07a4
050d
0195
fefe
fb87
f8ef
f577
f2e0
ef68
ecd2
e959
e6c4
e34b
e0b8
dd3d
daad
d730
d4a5
d125
ce9e
cb1c
c89a
c514
c29a
bf10
bc9e
b90f
b6a8
b313
b0b9
ad1d
aad4
a72f
a4fb
a14c
9f33
9b79
9984
95bb
93f9
9020
8ea9
8abe
89bf
85c3
859c
81a6
835e
8000
8802
8ca0
e329
0000
5c0c
7fff
782b
7256
7902
7952
7147
6e97
70a5
6d45
66ef
657b
656b
60cf
5bd7
5add
5958
5455
507c
4f8a
4ce9
47ef
44fd
43c9
404f
3baa
3963
37b7
33a8
2f85
2dac
2b6a
2708
237d
21d3
1ef1
1a7d
178d
15d4
125b
0e0f
0baa
09ad
05b7
01c6
ffcb
fd5f
f916
f5a3
f3e2
f0ec
ec83
e9a3
e7e7
e45c
e00c
ddc2
dbd1
d7ba
d3bf
d1f8
cf9a
cb14
c7a7
c63e
c340
be7c
bbcd
ba8d
b6c6
b20a
b041
aede
aa34
a5de
a51d
a337
9d9b
9a36
9a9f
97ad
9129
8fad
9190
8c9e
8580
88ea
8dcf
8450
8384
b83f
0000
5fab
7fff
7595
72ff
7a04
7645
6ea8
6f53
6f5a
68d4
650b
6574
61d4
5c13
5a8e
5934
53fb
5014
4f1e
4bc3
46a4
4467
42a3
3dfb
3a06
387d
3551
307e
2de3
2bf5
279f
2399
21c5
1ebe
1a11
173a
1540
111e
0d03
0b05
0822
0385
0081
fe8e
fa91
f65b
f447
f18c
ecee
e9c3
e7e8
e409
dfa9
dd91
db0a
d659
d305
d15d
cd99
c8fa
c6f0
c4b7
bfdb
bc52
bb0c
b767
b25c
b081
aed2
a99a
a5c3
a54b
a1da
9bf7
9aa6
9a3a
9425
8fbe
91bc
8ef2
86a5
8863
8e48
84cb
852b
c270
0000
63b6
7fff
73d9
74e2
7a78
731e
6e31
7061
6c58
65de
6587
638f
5d38
5aaf
59aa
545c
5028
4f1b
4b2b
4609
443b
4188
3c41
3955
376a
32a8
2ea5
2ce0
2909
2449
2213
1f32
1a42
1738
1507
1075
0c81
0a84
06b7
0213
ffc2
fcd8
f7fa
f4e9
f2b3
ee24
ea2c
e839
e46b
dfb6
dd7a
daa0
d59e
d29a
d096
cbde
c7d1
c633
c257
bd58
bb79
b8d8
b35a
b08c
af2b
a9f0
a5ae
a524
a11f
9b3c
9ab8
98e9
91bc
9010
9194
8a31
85d1
8d2e
88dd
80ca
b1db
0000
6831
7fff
7329
77af
7a0e
70c8
6fb3
7037
68e2
65c6
6595
5f83
5b56
5aa4
5586
50b8
4f8c
4b33
4607
4460
40aa
3b4f
392a
35fa
3096
2df1
2b2b
25de
22ba
2044
1b28
1789
1547
1072
0c62
0a38
05bc
0146
ff1a
fb05
f63a
f3f0
f04b
eb3d
e8bd
e58c
e053
dd84
dac8
d57f
d249
cffe
cac3
c712
c52e
c025
bbe2
ba5c
b5ab
b0c3
af8a
ab64
a5c1
a4c3
a16f
9aef
9a1e
9810
907e
8fdb
901b
86fb
8714
8d67
818e
8f6c
ee9d
0000
6b7d
7e1c
71fe
791c
7704
6e85
7056
6c9d
65ad
65b9
618c
5b6d
5a98
5639
509a
4f42
4ac7
457e
43d1
3f42
3a38
3850
33b3
2ed8
2cc8
281d
2368
213a
1c82
17ed
15aa
10e4
0c6a
0a1a
0544
00e3
fe8d
f9a4
f55b
f301
ee03
e9d1
e77b
e263
de48
dbfc
d6c4
d2c4
d088
cb28
c747
c525
bf91
bbd6
b9db
b402
b07b
aeba
a880
a545
a3e1
9d16
9a5b
9999
91dd
9028
90b6
8731
888e
8d3c
8000
a2c4
0000
6f38
7c77
724e
7a82
73da
6e90
7047
689e
6573
6447
5cf8
5ad3
57cb
513e
4f7c
4b27
4584
43b4
3e7f
39cb
379a
31e7
2e0f
2b44
256d
2246
1ec2
1916
1666
1225
0ce4
0a67
057c
00d5
fe45
f8d9
f4e3
f1fb
ec48
e904
e58c
dfd8
dd2c
d8fd
d395
d151
cc59
c789
c569
bfae
bbbc
b969
b311
b03d
ad4f
a6a2
a521
a11d
9a94
9aa4
94e4
8f6a
9187
88ed
873d
8d94
8000
a672
0000
7590
7d7a
7649
7db8
7396
7281
70a1
6862
6851
6252
5d34
5baa
5477
51ae
4dcb
476c
4561
3f98
3afc
382a
31bc
2ea4
2a43
2483
21e7
1c2a
17d0
1485
0e5d
0b40
0699
0124
fe5f
f88a
f46e
f0e9
eacb
e7db
e2f3
dda9
daf8
d4df
d117
cd7b
c730
c4b8
bf70
ba47
b808
b14b
ae33
aa9f
a3c0
a2a2
9c7e
97a2
9708
8e49
8e04
8b00
822f
8aa8
8000
93a1
0000
7788
79d9
76c9
7b03
7052
722d
6b59
66db
6512
5d25
5bd3
5597
50ff
4e10
4712
44c2
3ed4
3a35
36d4
3045
2d84
27bd
231e
1f88
192d
163a
1083
0be6
0839
01f3
fef2
f93c
f4a4
f0f4
eaa9
e7b7
e1f2
dd63
d9c3
d358
d09b
cab2
c634
c2c0
bc0c
b9c3
b391
af39
ac25
a4db
a397
9cc9
98df
96c9
8e1c
9010
877b
8686
8a03
8000
dca7
0000
7e73
7b8a
7cdf
7c48
73aa
74ff
6b42
6a90
6384
5f1d
5b5a
5425
51f1
4a4c
4746
4140
3c15
3826
3148
2e47
2756
238a
1e02
1878
149b
0dce
0a87
03ea
ffb9
fa8d
f4b3
f10c
ea25
e6d8
e065
dbef
d726
d0e4
cdaf
c677
c367
bd03
b853
b429
ad30
ab05
a2ff
a0cc
9a5d
957b
9311
8a2a
8c45
811d
85e2
8000
8fc7
0000
7de7
7692
7bd3
75db
71dd
6ef1
6780
65f2
5d69
5bcd
53a8
50fb
4a1a
45d8
4084
3ab5
36b1
2fce
2c7c
2541
21de
1b0b
16ed
110e
0bd6
0718
00cd
fcfa
f603
f28f
eb90
e7cc
e172
dcc5
d78b
d1a7
cdab
c6ac
c39b
bc0c
b931
b1f1
ae60
a869
a33e
9f6e
980e
96f3
8d49
8f2d
83ed
89ec
8000
a803
0000
7fff
7528
7d1f
72c4
72eb
6ac2
67f1
613f
5cbf
571b
517c
4c9e
4637
41e9
3af8
370b
2fc2
2c0c
2498
20f4
197b
15c4
0e6b
0a83
0369
ff32
f875
f3d5
ed8c
e86f
e2ae
dd05
d7da
d19a
cd0f
c635
c250
badc
b79f
af97
ad03
a474
a28f
998a
986e
8f0f
8f21
859f
88ea
8093
ac41
0000
7fff
730e
7ba9
6f90
70fa
66a7
65a4
5c51
5a1b
5167
4e7c
4633
42d1
3ad4
3721
2f5c
2b6e
23d3
1fb8
183f
1403
0ca3
084e
0102
fc9d
f55f
f0ed
e9bb
e541
de17
d99b
d277
cdff
c6dd
c26f
bb4d
b6f2
afd1
ab96
a475
a070
995c
95bb
8ee5
8c1e
86b5
86fc
9b49
0000
62d0
7fa9
6b9b
61aa
6821
63a7
562c
525f
52cd
4a51
4088
3e86
3b89
31ed
2aed
2934
23a2
1a2c
1564
1304
0b77
0302
ffe3
fc28
f344
ec73
ea50
e4b4
db3c
d68b
d494
ccb3
c39d
c174
be9c
b423
acd9
adc2
a859
9aca
9890
9e7f
9158
8000
a702
0000
67eb
7fff
6927
63e3
69dd
5fc5
53fd
5423
5040
4471
3f56
3ddd
34e3
2c11
29e2
2477
1a61
1580
1297
09bc
01c9
ff3f
f932
ef6c
eb05
e7d1
de76
d6e7
d500
ce5a
c3f6
c0c3
be23
b307
abc9
acd1
a4c0
9751
99c2
9b69
8581
880f
dc63
0000
6b8e
7dd5
65cf
6584
6863
5a1a
52f5
5398
49c0
4009
3ecc
37f3
2d47
2a0a
2556
1abd
156d
121f
0861
010f
fe68
f622
ed0d
ea44
e3e7
d981
d5c7
d1a2
c68d
c105
bf4a
b46b
ac0c
ad01
a3c3
96c9
9baf
97c0
8000
9e8a
0000
6e5c
7a35
62bc
66b5
6450
54e5
52f4
4f8d
42b0
3e8b
3af1
2f58
29fa
2665
1b8e
1557
11e4
0792
00a8
fd74
f384
ebf0
e919
df79
d727
d4e5
cb8c
c246
c0fb
b7f0
ad34
adc6
a52a
979c
9d30
9597
8000
b74f
0000
724c
7779
61f4
68a4
5fdb
52d0
5383
49a0
3f55
3dd5
3390
2ab9
2810
1d86
15af
1249
077b
0079
fc8c
f169
eb3b
e6e0
db4a
d615
d155
c513
c13d
bc0b
aeac
ad3f
a759
97c8
9c8d
94ae
8000
c75e
0000
755a
7398
61c9
68bf
5a3c
527a
510a
42fa
3e97
38b5
2c62
2935
204c
163e
12ef
0807
0071
fbf8
f016
eae4
e464
d8a7
d57c
cc42
c1fe
c034
b396
acb0
ab31
9a33
9b47
976b
8000
ca4b
0000
78b6
700a
6334
6795
55d1
538d
4bcd
3f72
3d5b
30b9
2a08
240a
17a6
13dd
096e
0096
fbdb
ef54
ea84
e1e8
d716
d3df
c70c
c135
bb39
ad40
ad5e
9fa2
9838
9b99
8000
bd28
0000
7fff
7035
68e7
67ed
5639
5651
47a1
4127
39a2
2cc9
2911
1b72
1571
0c2f
0104
fc2f
ee95
e97a
dede
d4dc
cfd1
c14f
be65
b16f
a968
a533
9327
9a63
817e
9f31
0000
7fff
6a8a
6937
6114
5445
515c
417b
3eb5
3056
2a71
1fed
15cf
0f2d
01eb
fd3e
ef6f
e9d3
de5d
d550
ce15
c0ad
bd92
ad35
abcc
9c72
9817
91f9
84b2
0000
7fff
6612
6970
5a63
5400
4a09
3f3f
3837
2b00
2590
1739
124b
03e9
fe82
f10e
ea4a
dea0
d5bb
cca0
c0ed
bb25
abf3
aa9b
96c5
9d67
8055
cc49
0000
7fff
6309
68e7
5531
5349
42f9
3e2b
2f9e
293b
1bd0
1461
07d1
ff94
f3c0
eace
dfb5
d60d
cbcb
c150
b837
ac9d
a588
982c
964d
8aff
0000
7fff
619f
671a
528c
5032
3f25
39da
2a9e
23b8
15a9
0dae
0087
f7b1
eb5b
e1b7
d645
cbbc
c177
b5b1
ad76
9f64
9c90
8753
c26a
0000
7fa9
61aa
63a7
525f
4a51
3e86
31ed
2934
1a2c
1304
0302
fc28
ec73
e4b4
d68b
ccb3
c174
b423
adc2
9aca
9e7f
8000
0000
7fff
63e3
5fc5
5423
4471
3ddd
2c11
2477
1580
09bc
ff3f
ef6c
e7d1
d6e7
ce5a
c0c3
b307
acd1
9751
9b69
880f
0000
7fff
6743
5ba7
5509
4123
38e9
2ac4
1b33
126f
0114
f5f6
e9e4
d8d8
d0d5
bfef
b31e
ab93
94f9
95f5
9cdd
0000
7fff
6b93
58ea
5352
4181
3196
2836
165a
07ee
fd55
eafc
ddee
d2da
bf5a
b486
a9e1
92aa
908d
b3dd
0000
7fff
701b
58b9
4ee1
423f
2dc6
1fa1
1397
0082
f05e
e515
d317
c0df
b731
a757
9058
8d06
c353
0000
7fff
73fd
5b53
4a2a
3ecb
2da1
18a1
08e4
fb89
e8a0
d46e
c6b4
b95b
a3bf
8f45
8c31
c48d
0000
7fff
7656
5f73
487c
37a9
292c
16b2
00ab
ecf4
dd9e
cd96
b844
a176
91e7
8d4c
b3a2
0000
7fff
768e
6277
4a53
3317
1f4f
0de6
fba5
e64e
ceca
b87c
a660
986c
8c15
9190
0000
6e99
64c7
5475
4118
2c0f
16a4
01fe
eece
dd15
cc2f
bb0b
a897
9422
8000
0000
6655
5a9f
4a3a
385c
25a9
1257
fe81
ea3c
d59f
c0c3
abbb
967f
8000
0000
77ed
672a
511b
39a9
21ae
0977
f12b
d8e4
c0c7
a912
9273
8000
0000
7daa
6a43
5149
36dc
1be2
00ad
e56d
ca48
af80
95c0
8000
b0bd
0000
61aa
525f
3e86
2934
1304
fc28
e4b3
ccb2
b422
9aca
8000
