timestamp_ms,frequency_hz
0.000,0.0000
10.667,0.0000
21.333,0.0000
32.000,267.5370
42.667,269.0869
53.333,276.9717
64.000,276.9717
74.667,276.9717
85.333,276.9717
96.000,275.3765
106.667,269.0869
117.333,267.5370
128.000,262.9409
138.667,252.5213
149.333,243.9195
160.000,245.3325
170.667,249.6209
181.333,262.9409
192.000,264.4641
202.667,258.4237
213.333,251.0669
224.000,251.0669
234.667,259.9208
245.333,264.4641
256.000,269.0869
266.667,269.0869
277.333,270.6457
288.000,269.0869
298.667,269.0869
309.333,278.5762
320.000,264.4641
330.667,264.4641
341.333,258.4237
352.000,258.4237
362.667,0.0000
373.333,0.0000
384.000,0.0000
394.667,0.0000
405.333,0.0000
416.000,0.0000
426.667,0.0000
437.333,0.0000
448.000,0.0000
458.667,0.0000
469.333,0.0000
480.000,0.0000
490.667,0.0000
501.333,0.0000
512.000,0.0000
522.667,0.0000
533.333,0.0000
544.000,0.0000
554.667,0.0000
565.333,0.0000
576.000,0.0000
586.667,0.0000
597.333,0.0000
608.000,0.0000
618.667,0.0000
629.333,0.0000
640.000,0.0000
650.667,0.0000
661.333,0.0000
672.000,0.0000
682.667,0.0000
693.333,0.0000
704.000,0.0000
714.667,0.0000
725.333,0.0000
736.000,0.0000
746.667,0.0000
757.333,0.0000
768.000,0.0000
778.667,0.0000
789.333,0.0000
800.000,0.0000
810.667,0.0000
821.333,0.0000
832.000,0.0000
842.667,0.0000
853.333,0.0000
864.000,0.0000
874.667,0.0000
885.333,214.8116
896.000,218.5664
906.667,218.5664
917.333,217.3076
928.000,216.0560
938.667,223.6752
949.333,226.2742
960.000,231.5631
970.667,245.3325
981.333,252.5213
992.000,253.9842
1002.667,255.4555
1013.333,238.3484
1024.000,234.2537
1034.667,231.5631
1045.333,230.2294
1056.000,228.9033
1066.667,228.9033
1077.333,230.2294
1088.000,230.2294
1098.667,234.2537
1109.333,248.1832
1120.000,252.5213
1130.667,253.9842
1141.333,253.9842
1152.000,255.4555
1162.667,253.9842
1173.333,251.0669
1184.000,239.7291
1194.667,223.6752
1205.333,219.8326
1216.000,219.8326
1226.667,224.9709
1237.333,232.9045
1248.000,236.9756
1258.667,241.1179
1269.333,246.7537
1280.000,248.1832
1290.667,248.1832
1301.333,246.7537
1312.000,241.1179
1322.667,232.9045
1333.333,232.9045
1344.000,248.1832
1354.667,245.3325
1365.333,243.9195
1376.000,243.9195
1386.667,251.0669
1397.333,251.0669
1408.000,258.4237
1418.667,253.9842
1429.333,255.4555
1440.000,252.5213
1450.667,249.6209
1461.333,248.1832
1472.000,246.7537
1482.667,241.1179
1493.333,241.1179
1504.000,241.1179
1514.667,239.7291
1525.333,238.3484
1536.000,238.3484
1546.667,234.2537
1557.333,232.9045
1568.000,238.3484
1578.667,239.7291
1589.333,242.5147
1600.000,243.9195
1610.667,249.6209
1621.333,252.5213
1632.000,253.9842
1642.667,255.4555
1653.333,248.1832
1664.000,248.1832
1674.667,242.5147
1685.333,230.2294
1696.000,223.6752
1706.667,223.6752
1717.333,217.3076
1728.000,0.0000
1738.667,0.0000
1749.333,0.0000
1760.000,0.0000
1770.667,0.0000
1781.333,0.0000
1792.000,0.0000
1802.667,0.0000
1813.333,0.0000
1824.000,230.2294
1834.667,230.2294
1845.333,230.2294
1856.000,231.5631
1866.667,236.9756
1877.333,238.3484
1888.000,239.7291
1898.667,242.5147
1909.333,243.9195
1920.000,245.3325
1930.667,246.7537
1941.333,248.1832
1952.000,246.7537
1962.667,248.1832
1973.333,248.1832
1984.000,248.1832
1994.667,248.1832
2005.333,248.1832
2016.000,249.6209
2026.667,251.0669
2037.333,252.5213
2048.000,253.9842
2058.667,255.4555
2069.333,256.9353
2080.000,258.4237
2090.667,258.4237
2101.333,259.9208
2112.000,262.9409
2122.667,265.9961
2133.333,267.5370
2144.000,270.6457
2154.667,272.2135
2165.333,273.7904
2176.000,275.3765
2186.667,276.9717
2197.333,276.9717
2208.000,275.3765
2218.667,275.3765
2229.333,273.7904
2240.000,270.6457
2250.667,267.5370
2261.333,262.9409
2272.000,261.4265
2282.667,259.9208
2293.333,256.9353
2304.000,253.9842
2314.667,249.6209
2325.333,242.5147
2336.000,238.3484
2346.667,235.6107
2357.333,226.2742
2368.000,0.0000
2378.667,0.0000
2389.333,0.0000
2400.000,0.0000
2410.667,0.0000
2421.333,0.0000
2432.000,0.0000
2442.667,0.0000
2453.333,0.0000
2464.000,0.0000
2474.667,0.0000
2485.333,261.4265
2496.000,262.9409
2506.667,264.4641
2517.333,264.4641
2528.000,264.4641
2538.667,262.9409
2549.333,261.4265
2560.000,261.4265
2570.667,276.9717
2581.333,0.0000
2592.000,0.0000
2602.667,0.0000
2613.333,0.0000
2624.000,0.0000
2634.667,0.0000
2645.333,0.0000
2656.000,0.0000
2666.667,0.0000
2677.333,0.0000
2688.000,0.0000
2698.667,0.0000
2709.333,0.0000
2720.000,230.2294
2730.667,235.6107
2741.333,238.3484
2752.000,241.1179
2762.667,241.1179
2773.333,242.5147
2784.000,241.1179
2794.667,242.5147
2805.333,243.9195
2816.000,243.9195
2826.667,242.5147
2837.333,241.1179
2848.000,241.1179
2858.667,242.5147
2869.333,243.9195
2880.000,243.9195
2890.667,245.3325
2901.333,245.3325
2912.000,243.9195
2922.667,242.5147
2933.333,239.7291
2944.000,232.9045
2954.667,227.5850
2965.333,216.0560
2976.000,216.0560
2986.667,214.8116
2997.333,216.0560
3008.000,216.0560
3018.667,217.3076
3029.333,217.3076
3040.000,217.3076
3050.667,217.3076
3061.333,216.0560
3072.000,217.3076
3082.667,217.3076
3093.333,217.3076
3104.000,217.3076
3114.667,214.8116
3125.333,214.8116
3136.000,213.5744
3146.667,211.1213
3157.333,211.1213
3168.000,211.1213
3178.667,206.2992
3189.333,205.1111
3200.000,203.9297
3210.667,203.9297
3221.333,205.1111
3232.000,205.1111
3242.667,203.9297
3253.333,202.7552
3264.000,200.4263
3274.667,199.2719
3285.333,199.2719
3296.000,200.4263
3306.667,200.4263
3317.333,199.2719
3328.000,198.1242
3338.667,195.8486
3349.333,190.2731
3360.000,180.6343
3370.667,172.4771
3381.333,166.6019
3392.000,166.6019
3402.667,167.5671
3413.333,170.4961
3424.000,171.4838
3434.667,172.4771
3445.333,171.4838
3456.000,165.6424
3466.667,162.7968
3477.333,161.8591
3488.000,161.8591
3498.667,161.8591
3509.333,160.9269
3520.000,160.0000
3530.667,160.0000
3541.333,160.9269
3552.000,161.8591
3562.667,161.8591
3573.333,160.9269
3584.000,159.0785
3594.667,160.0000
3605.333,160.0000
3616.000,159.0785
3626.667,159.0785
3637.333,159.0785
3648.000,160.0000
3658.667,160.9269
3669.333,160.0000
3680.000,159.0785
3690.667,159.0785
3701.333,160.9269
3712.000,159.0785
3722.667,161.8591
3733.333,162.7968
3744.000,162.7968
3754.667,162.7968
3765.333,165.6424
3776.000,190.2731
3786.667,188.0877
3797.333,189.1772
3808.000,188.0877
3818.667,187.0044
3829.333,184.8564
3840.000,181.6807
3850.667,180.6343
3861.333,179.5939
3872.000,179.5939
3882.667,180.6343
3893.333,180.6343
3904.000,182.7332
3914.667,182.7332
3925.333,183.7917
3936.000,184.8564
3946.667,183.7917
3957.333,182.7332
3968.000,182.7332
3978.667,182.7332
3989.333,182.7332
4000.000,181.6807
4010.667,181.6807
4021.333,181.6807
4032.000,181.6807
4042.667,181.6807
4053.333,181.6807
4064.000,181.6807
4074.667,181.6807
4085.333,181.6807
4096.000,180.6343
4106.667,180.6343
4117.333,178.5595
4128.000,179.5939
4138.667,180.6343
4149.333,180.6343
4160.000,181.6807
4170.667,181.6807
4181.333,181.6807
4192.000,181.6807
4202.667,184.8564
4213.333,185.9273
4224.000,185.9273
4234.667,185.9273
4245.333,187.0044
4256.000,188.0877
4266.667,187.0044
4277.333,187.0044
4288.000,183.7917
4298.667,179.5939
4309.333,177.5311
4320.000,176.5086
4330.667,175.4920
4341.333,174.4812
4352.000,173.4763
4362.667,173.4763
4373.333,173.4763
4384.000,175.4920
4394.667,176.5086
4405.333,179.5939
4416.000,182.7332
4426.667,184.8564
4437.333,184.8564
4448.000,185.9273
4458.667,184.8564
4469.333,183.7917
4480.000,179.5939
4490.667,176.5086
4501.333,175.4920
4512.000,174.4812
4522.667,173.4763
4533.333,171.4838
4544.000,172.4771
4554.667,173.4763
4565.333,173.4763
4576.000,175.4920
4586.667,178.5595
4597.333,180.6343
4608.000,181.6807
4618.667,184.8564
4629.333,184.8564
4640.000,184.8564
4650.667,181.6807
4661.333,179.5939
4672.000,178.5595
4682.667,176.5086
4693.333,175.4920
4704.000,173.4763
4714.667,177.5311
4725.333,172.4771
4736.000,174.4812
4746.667,174.4812
4757.333,175.4920
4768.000,177.5311
4778.667,180.6343
4789.333,184.8564
4800.000,185.9273
4810.667,187.0044
4821.333,187.0044
4832.000,187.0044
4842.667,184.8564
4853.333,176.5086
4864.000,174.4812
4874.667,172.4771
4885.333,170.4961
4896.000,169.5141
4906.667,168.5378
4917.333,169.5141
4928.000,171.4838
4938.667,173.4763
4949.333,177.5311
4960.000,179.5939
4970.667,181.6807
4981.333,185.9273
4992.000,190.2731
5002.667,193.5991
5013.333,194.7206
5024.000,192.4840
5034.667,190.2731
5045.333,187.0044
5056.000,173.4763
5066.667,171.4838
5077.333,169.5141
5088.000,168.5378
5098.667,168.5378
5109.333,168.5378
5120.000,171.4838
5130.667,175.4920
5141.333,179.5939
5152.000,181.6807
5162.667,185.9273
5173.333,189.1772
5184.000,192.4840
5194.667,193.5991
5205.333,191.3754
5216.000,190.2731
5226.667,187.0044
5237.333,180.6343
5248.000,174.4812
5258.667,171.4838
5269.333,170.4961
5280.000,169.5141
5290.667,167.5671
5301.333,169.5141
5312.000,171.4838
5322.667,175.4920
5333.333,180.6343
5344.000,187.0044
5354.667,191.3754
5365.333,195.8486
5376.000,196.9831
5386.667,196.9831
5397.333,194.7206
5408.000,191.3754
5418.667,183.7917
5429.333,175.4920
5440.000,173.4763
5450.667,172.4771
5461.333,170.4961
5472.000,170.4961
5482.667,170.4961
5493.333,173.4763
5504.000,174.4812
5514.667,175.4920
5525.333,181.6807
5536.000,191.3754
5546.667,194.7206
5557.333,192.4840
5568.000,191.3754
5578.667,187.0044
5589.333,172.4771
5600.000,169.5141
5610.667,167.5671
5621.333,164.6884
5632.000,162.7968
5642.667,159.0785
5653.333,155.4451
5664.000,153.6597
5674.667,152.7747
5685.333,153.6597
5696.000,0.0000
5706.667,0.0000
5717.333,0.0000
5728.000,0.0000
5738.667,0.0000
5749.333,0.0000
5760.000,0.0000
5770.667,0.0000
5781.333,0.0000
5792.000,0.0000
5802.667,0.0000
5813.333,0.0000
5824.000,0.0000
5834.667,0.0000
5845.333,0.0000
5856.000,0.0000
5866.667,0.0000
5877.333,0.0000
5888.000,0.0000
5898.667,0.0000
5909.333,0.0000
5920.000,0.0000
5930.667,0.0000
5941.333,0.0000
5952.000,0.0000
5962.667,0.0000
5973.333,0.0000
5984.000,0.0000
5994.667,0.0000
6005.333,0.0000
6016.000,0.0000
6026.667,0.0000
6037.333,0.0000
6048.000,0.0000
6058.667,0.0000
6069.333,0.0000
6080.000,0.0000
6090.667,0.0000
6101.333,0.0000
6112.000,0.0000
6122.667,0.0000
6133.333,0.0000
6144.000,0.0000
6154.667,0.0000
6165.333,0.0000
6176.000,0.0000
6186.667,0.0000
6197.333,0.0000
6208.000,0.0000
6218.667,0.0000
6229.333,0.0000
6240.000,0.0000
6250.667,0.0000
6261.333,0.0000
6272.000,0.0000
6282.667,0.0000
6293.333,0.0000
6304.000,0.0000
6314.667,0.0000
6325.333,0.0000
6336.000,0.0000
6346.667,0.0000
6357.333,0.0000
6368.000,0.0000
6378.667,0.0000
6389.333,0.0000
6400.000,0.0000
6410.667,0.0000
6421.333,0.0000
6432.000,0.0000
6442.667,0.0000
6453.333,0.0000
6464.000,0.0000
6474.667,0.0000
6485.333,0.0000
6496.000,0.0000
6506.667,0.0000
6517.333,0.0000
6528.000,0.0000
6538.667,0.0000
6549.333,0.0000
6560.000,0.0000
6570.667,0.0000
6581.333,0.0000
6592.000,0.0000
6602.667,0.0000
6613.333,0.0000
6624.000,0.0000
6634.667,0.0000
6645.333,0.0000
6656.000,0.0000
6666.667,0.0000
6677.333,0.0000
6688.000,0.0000
6698.667,0.0000
6709.333,0.0000
6720.000,0.0000
6730.667,0.0000
6741.333,0.0000
6752.000,0.0000
6762.667,0.0000
6773.333,0.0000
6784.000,0.0000
6794.667,0.0000
6805.333,0.0000
6816.000,0.0000
6826.667,0.0000
6837.333,0.0000
6848.000,0.0000
6858.667,0.0000
6869.333,0.0000
6880.000,0.0000
6890.667,0.0000
6901.333,0.0000
6912.000,0.0000
6922.667,201.5874
6933.333,201.5874
6944.000,198.1242
6954.667,199.2719
6965.333,199.2719
6976.000,201.5874
6986.667,202.7552
6997.333,206.2992
7008.000,209.9053
7018.667,211.1213
7029.333,212.3443
7040.000,212.3443
7050.667,213.5744
7061.333,214.8116
7072.000,214.8116
7082.667,216.0560
7093.333,216.0560
7104.000,216.0560
7114.667,216.0560
7125.333,216.0560
7136.000,216.0560
7146.667,216.0560
7157.333,214.8116
7168.000,214.8116
7178.667,214.8116
7189.333,214.8116
7200.000,214.8116
7210.667,214.8116
7221.333,214.8116
7232.000,213.5744
7242.667,214.8116
7253.333,214.8116
7264.000,214.8116
7274.667,216.0560
7285.333,214.8116
7296.000,214.8116
7306.667,212.3443
7317.333,209.9053
7328.000,206.2992
7338.667,205.1111
7349.333,202.7552
7360.000,205.1111
7370.667,209.9053
7381.333,216.0560
7392.000,221.1061
7402.667,226.2742
7413.333,235.6107
7424.000,241.1179
7434.667,242.5147
7445.333,243.9195
7456.000,243.9195
7466.667,245.3325
7477.333,243.9195
7488.000,243.9195
7498.667,243.9195
7509.333,242.5147
7520.000,242.5147
7530.667,242.5147
7541.333,242.5147
7552.000,241.1179
7562.667,241.1179
7573.333,241.1179
7584.000,241.1179
7594.667,242.5147
7605.333,241.1179
7616.000,242.5147
7626.667,242.5147
7637.333,242.5147
7648.000,243.9195
7658.667,243.9195
7669.333,248.1832
7680.000,245.3325
7690.667,243.9195
7701.333,242.5147
7712.000,239.7291
7722.667,238.3484
7733.333,234.2537
7744.000,231.5631
7754.667,231.5631
7765.333,249.6209
7776.000,256.9353
7786.667,256.9353
7797.333,258.4237
7808.000,264.4641
7818.667,270.6457
7829.333,272.2135
7840.000,273.7904
7850.667,276.9717
7861.333,275.3765
7872.000,276.9717
7882.667,276.9717
7893.333,275.3765
7904.000,275.3765
7914.667,273.7904
7925.333,275.3765
7936.000,273.7904
7946.667,275.3765
7957.333,273.7904
7968.000,272.2135
7978.667,272.2135
7989.333,272.2135
8000.000,273.7904
8010.667,256.9353
8021.333,238.3484
8032.000,213.5744
8042.667,203.9297
8053.333,207.4943
8064.000,0.0000
8074.667,261.4265
8085.333,264.4641
8096.000,270.6457
8106.667,272.2135
8117.333,270.6457
8128.000,270.6457
8138.667,269.0869
8149.333,267.5370
8160.000,269.0869
8170.667,262.9409
8181.333,259.9208
8192.000,249.6209
8202.667,246.7537
8213.333,251.0669
8224.000,252.5213
8234.667,255.4555
8245.333,259.9208
8256.000,261.4265
8266.667,259.9208
8277.333,259.9208
8288.000,259.9208
8298.667,264.4641
8309.333,264.4641
8320.000,265.9961
8330.667,269.0869
8341.333,270.6457
8352.000,270.6457
8362.667,272.2135
8373.333,270.6457
8384.000,270.6457
8394.667,270.6457
8405.333,269.0869
8416.000,267.5370
8426.667,267.5370
8437.333,267.5370
8448.000,269.0869
8458.667,272.2135
8469.333,272.2135
8480.000,270.6457
8490.667,270.6457
8501.333,270.6457
8512.000,269.0869
8522.667,270.6457
8533.333,270.6457
8544.000,269.0869
8554.667,269.0869
8565.333,267.5370
8576.000,269.0869
8586.667,269.0869
8597.333,278.5762
8608.000,290.0708
8618.667,290.0708
8629.333,291.7512
8640.000,293.4413
8650.667,293.4413
8661.333,293.4413
8672.000,290.0708
8682.667,288.4001
8693.333,286.7391
8704.000,288.4001
8714.667,288.4001
8725.333,288.4001
8736.000,288.4001
8746.667,288.4001
8757.333,288.4001
8768.000,288.4001
8778.667,288.4001
8789.333,286.7391
8800.000,285.0876
8810.667,281.8131
8821.333,272.2135
8832.000,278.5762
8842.667,286.7391
8853.333,286.7391
8864.000,286.7391
8874.667,288.4001
8885.333,286.7391
8896.000,283.4456
8906.667,283.4456
8917.333,283.4456
8928.000,0.0000
8938.667,0.0000
8949.333,0.0000
8960.000,0.0000
8970.667,0.0000
8981.333,0.0000
8992.000,0.0000
9002.667,272.2135
9013.333,256.9353
9024.000,261.4265
9034.667,272.2135
9045.333,270.6457
9056.000,269.0869
9066.667,269.0869
9077.333,269.0869
9088.000,270.6457
9098.667,270.6457
9109.333,269.0869
9120.000,267.5370
9130.667,269.0869
9141.333,270.6457
9152.000,272.2135
9162.667,276.9717
9173.333,269.0869
9184.000,270.6457
9194.667,270.6457
9205.333,278.5762
9216.000,280.1900
9226.667,280.1900
9237.333,281.8131
9248.000,285.0876
9258.667,288.4001
9269.333,290.0708
9280.000,290.0708
9290.667,290.0708
9301.333,288.4001
9312.000,286.7391
9322.667,283.4456
9333.333,280.1900
9344.000,275.3765
9354.667,272.2135
9365.333,269.0869
9376.000,269.0869
9386.667,269.0869
9397.333,272.2135
9408.000,276.9717
9418.667,283.4456
9429.333,290.0708
9440.000,293.4413
9450.667,296.8509
9461.333,296.8509
9472.000,296.8509
9482.667,295.1412
9493.333,291.7512
9504.000,285.0876
9514.667,278.5762
9525.333,276.9717
9536.000,275.3765
9546.667,275.3765
9557.333,272.2135
9568.000,267.5370
9578.667,267.5370
9589.333,272.2135
9600.000,290.0708
9610.667,290.0708
9621.333,290.0708
9632.000,293.4413
9642.667,293.4413
9653.333,293.4413
9664.000,295.1412
9674.667,293.4413
9685.333,291.7512
9696.000,288.4001
9706.667,281.8131
9717.333,275.3765
9728.000,269.0869
9738.667,264.4641
9749.333,261.4265
9760.000,262.9409
9770.667,265.9961
9781.333,275.3765
9792.000,285.0876
9802.667,288.4001
9813.333,290.0708
9824.000,291.7512
9834.667,295.1412
9845.333,296.8509
9856.000,296.8509
9866.667,295.1412
9877.333,293.4413
9888.000,293.4413
9898.667,291.7512
9909.333,291.7512
9920.000,296.8509
9930.667,291.7512
9941.333,291.7512
9952.000,290.0708
9962.667,286.7391
9973.333,283.4456
9984.000,280.1900
9994.667,281.8131
10005.333,281.8131
10016.000,283.4456
10026.667,283.4456
10037.333,285.0876
10048.000,288.4001
10058.667,291.7512
10069.333,290.0708
10080.000,291.7512
10090.667,291.7512
10101.333,288.4001
10112.000,286.7391
10122.667,285.0876
10133.333,281.8131
10144.000,280.1900
10154.667,281.8131
10165.333,283.4456
10176.000,288.4001
10186.667,288.4001
10197.333,285.0876
10208.000,278.5762
10218.667,275.3765
10229.333,273.7904
10240.000,272.2135
10250.667,275.3765
10261.333,275.3765
10272.000,276.9717
10282.667,281.8131
10293.333,285.0876
10304.000,285.0876
10314.667,281.8131
10325.333,265.9961
10336.000,267.5370
10346.667,269.0869
10357.333,269.0869
10368.000,269.0869
10378.667,269.0869
10389.333,270.6457
10400.000,270.6457
10410.667,270.6457
10421.333,265.9961
10432.000,261.4265
10442.667,258.4237
10453.333,255.4555
10464.000,253.9842
10474.667,248.1832
10485.333,243.9195
10496.000,242.5147
10506.667,242.5147
10517.333,242.5147
10528.000,252.5213
10538.667,231.5631
10549.333,234.2537
10560.000,235.6107
10570.667,238.3484
10581.333,239.7291
10592.000,239.7291
10602.667,236.9756
10613.333,232.9045
10624.000,230.2294
10634.667,226.2742
10645.333,224.9709
10656.000,219.8326
10666.667,223.6752
10677.333,227.5850
10688.000,231.5631
10698.667,231.5631
10709.333,230.2294
10720.000,235.6107
10730.667,239.7291
10741.333,242.5147
10752.000,245.3325
10762.667,245.3325
10773.333,243.9195
10784.000,241.1179
10794.667,238.3484
10805.333,236.9756
10816.000,239.7291
10826.667,243.9195
10837.333,242.5147
10848.000,241.1179
10858.667,241.1179
10869.333,238.3484
10880.000,239.7291
10890.667,245.3325
10901.333,245.3325
10912.000,245.3325
10922.667,243.9195
10933.333,249.6209
10944.000,251.0669
10954.667,0.0000
10965.333,0.0000
10976.000,0.0000
10986.667,0.0000
10997.333,0.0000
11008.000,0.0000
11018.667,0.0000
11029.333,0.0000
11040.000,0.0000
11050.667,0.0000
11061.333,0.0000
11072.000,0.0000
11082.667,0.0000
11093.333,0.0000
11104.000,0.0000
11114.667,0.0000
11125.333,0.0000
11136.000,0.0000
11146.667,0.0000
11157.333,0.0000
11168.000,0.0000
11178.667,0.0000
11189.333,0.0000
11200.000,0.0000
11210.667,0.0000
11221.333,0.0000
11232.000,0.0000
11242.667,0.0000
11253.333,0.0000
11264.000,0.0000
11274.667,0.0000
11285.333,0.0000
11296.000,0.0000
11306.667,0.0000
11317.333,0.0000
11328.000,0.0000
11338.667,0.0000
11349.333,0.0000
11360.000,0.0000
11370.667,0.0000
11381.333,0.0000
11392.000,0.0000
11402.667,0.0000
11413.333,0.0000
11424.000,0.0000
11434.667,0.0000
11445.333,0.0000
11456.000,0.0000
11466.667,0.0000
11477.333,0.0000
11488.000,0.0000
11498.667,0.0000
11509.333,0.0000
11520.000,0.0000
11530.667,0.0000
11541.333,0.0000
11552.000,0.0000
11562.667,0.0000
11573.333,0.0000
11584.000,0.0000
11594.667,0.0000
11605.333,0.0000
11616.000,0.0000
11626.667,0.0000
11637.333,0.0000
11648.000,0.0000
11658.667,0.0000
11669.333,0.0000
11680.000,0.0000
11690.667,321.8537
11701.333,323.7182
11712.000,321.8537
11722.667,323.7182
11733.333,327.4796
11744.000,327.4796
11754.667,327.4796
11765.333,327.4796
11776.000,325.5935
11786.667,323.7182
11797.333,320.0000
11808.000,318.1569
11818.667,318.1569
11829.333,318.1569
11840.000,320.0000
11850.667,318.1569
11861.333,320.0000
11872.000,327.4796
11882.667,327.4796
11893.333,331.2848
11904.000,333.2039
11914.667,342.9675
11925.333,344.9543
11936.000,344.9543
11946.667,331.2848
11957.333,329.3767
11968.000,321.8537
11978.667,320.0000
11989.333,320.0000
12000.000,0.0000
12010.667,0.0000
12021.333,0.0000
12032.000,0.0000
12042.667,0.0000
12053.333,0.0000
12064.000,0.0000
12074.667,0.0000
12085.333,0.0000
12096.000,0.0000
12106.667,0.0000
12117.333,0.0000
12128.000,0.0000
12138.667,0.0000
12149.333,0.0000
12160.000,0.0000
12170.667,0.0000
12181.333,0.0000
12192.000,0.0000
12202.667,0.0000
12213.333,0.0000
12224.000,0.0000
12234.667,0.0000
12245.333,0.0000
12256.000,0.0000
12266.667,0.0000
12277.333,0.0000
12288.000,0.0000
12298.667,0.0000
12309.333,0.0000
12320.000,0.0000
12330.667,0.0000
12341.333,0.0000
12352.000,0.0000
12362.667,0.0000
12373.333,0.0000
12384.000,0.0000
12394.667,0.0000
12405.333,0.0000
12416.000,0.0000
12426.667,0.0000
12437.333,0.0000
12448.000,0.0000
12458.667,0.0000
12469.333,0.0000
12480.000,0.0000
12490.667,0.0000
12501.333,0.0000
12512.000,0.0000
12522.667,0.0000
12533.333,0.0000
12544.000,0.0000
12554.667,0.0000
12565.333,0.0000
12576.000,0.0000
12586.667,0.0000
12597.333,0.0000
12608.000,0.0000
12618.667,0.0000
12629.333,0.0000
12640.000,0.0000
12650.667,0.0000
12661.333,0.0000
12672.000,0.0000
12682.667,0.0000
12693.333,0.0000
12704.000,0.0000
12714.667,0.0000
12725.333,0.0000
12736.000,0.0000
12746.667,0.0000
12757.333,0.0000
12768.000,0.0000
12778.667,0.0000
12789.333,0.0000
12800.000,0.0000
12810.667,0.0000
12821.333,0.0000
12832.000,0.0000
12842.667,0.0000
12853.333,0.0000
12864.000,0.0000
12874.667,0.0000
12885.333,0.0000
12896.000,0.0000
12906.667,0.0000
12917.333,0.0000
12928.000,0.0000
12938.667,0.0000
12949.333,410.2221
12960.000,410.2221
12970.667,407.8594
12981.333,405.5103
12992.000,405.5103
13002.667,400.8526
13013.333,398.5439
13024.000,398.5439
13034.667,400.8526
13045.333,403.1747
13056.000,403.1747
13066.667,405.5103
13077.333,410.2221
13088.000,410.2221
13098.667,410.2221
13109.333,410.2221
13120.000,410.2221
13130.667,410.2221
13141.333,407.8594
13152.000,405.5103
13162.667,403.1747
13173.333,403.1747
13184.000,400.8526
13194.667,403.1747
13205.333,410.2221
13216.000,410.2221
13226.667,412.5985
13237.333,412.5985
13248.000,414.9887
13258.667,412.5985
13269.333,410.2221
13280.000,407.8594
13290.667,0.0000
13301.333,0.0000
13312.000,0.0000
13322.667,0.0000
13333.333,0.0000
13344.000,0.0000
13354.667,0.0000
13365.333,0.0000
13376.000,0.0000
13386.667,0.0000
13397.333,0.0000
13408.000,417.3927
13418.667,419.8106
13429.333,432.1120
13440.000,434.6152
13450.667,437.1329
13461.333,437.1329
13472.000,434.6152
13482.667,434.6152
13493.333,432.1120
13504.000,429.6232
13514.667,0.0000
13525.333,0.0000
13536.000,0.0000
13546.667,0.0000
13557.333,0.0000
13568.000,0.0000
13578.667,0.0000
13589.333,0.0000
13600.000,0.0000
13610.667,0.0000
13621.333,0.0000
13632.000,0.0000
13642.667,0.0000
13653.333,0.0000
13664.000,0.0000
13674.667,0.0000
13685.333,0.0000
13696.000,0.0000
13706.667,0.0000
13717.333,0.0000
13728.000,0.0000
13738.667,393.9662
13749.333,405.5103
13760.000,407.8594
13770.667,419.8106
13781.333,422.2425
13792.000,429.6232
13802.667,439.6652
13813.333,447.3504
13824.000,452.5483
13834.667,452.5483
13845.333,452.5483
13856.000,449.9419
13866.667,447.3504
13877.333,0.0000
13888.000,0.0000
13898.667,0.0000
13909.333,0.0000
13920.000,0.0000
13930.667,0.0000
13941.333,0.0000
13952.000,0.0000
13962.667,0.0000
13973.333,0.0000
13984.000,444.7738
13994.667,447.3504
14005.333,449.9419
14016.000,449.9419
14026.667,447.3504
14037.333,444.7738
14048.000,437.1329
14058.667,427.1488
14069.333,422.2425
14080.000,419.8106
14090.667,419.8106
14101.333,419.8106
14112.000,422.2425
14122.667,424.6886
14133.333,432.1120
14144.000,437.1329
14154.667,442.2121
14165.333,444.7738
14176.000,449.9419
14186.667,449.9419
14197.333,449.9419
14208.000,447.3504
14218.667,442.2121
14229.333,437.1329
14240.000,434.6152
14250.667,429.6232
14261.333,424.6886
14272.000,422.2425
14282.667,424.6886
14293.333,427.1488
14304.000,429.6232
14314.667,432.1120
14325.333,437.1329
14336.000,444.7738
14346.667,449.9419
14357.333,449.9419
14368.000,449.9419
14378.667,449.9419
14389.333,444.7738
14400.000,442.2121
14410.667,432.1120
14421.333,427.1488
14432.000,422.2425
14442.667,419.8106
14453.333,419.8106
14464.000,422.2425
14474.667,427.1488
14485.333,432.1120
14496.000,439.6652
14506.667,442.2121
14517.333,442.2121
14528.000,444.7738
14538.667,444.7738
14549.333,447.3504
14560.000,447.3504
14570.667,444.7738
14581.333,442.2121
14592.000,439.6652
14602.667,434.6152
14613.333,429.6232
14624.000,427.1488
14634.667,427.1488
14645.333,429.6232
14656.000,432.1120
14666.667,437.1329
14677.333,437.1329
14688.000,439.6652
14698.667,439.6652
14709.333,442.2121
14720.000,439.6652
14730.667,439.6652
14741.333,439.6652
14752.000,437.1329
14762.667,437.1329
14773.333,437.1329
14784.000,434.6152
14794.667,432.1120
14805.333,429.6232
14816.000,427.1488
14826.667,429.6232
14837.333,434.6152
14848.000,434.6152
14858.667,439.6652
14869.333,442.2121
14880.000,444.7738
14890.667,444.7738
14901.333,444.7738
14912.000,439.6652
14922.667,437.1329
14933.333,434.6152
14944.000,437.1329
14954.667,434.6152
14965.333,432.1120
14976.000,432.1120
14986.667,429.6232
14997.333,432.1120
15008.000,432.1120
15018.667,432.1120
15029.333,434.6152
15040.000,434.6152
15050.667,437.1329
15061.333,439.6652
15072.000,442.2121
15082.667,442.2121
15093.333,439.6652
15104.000,437.1329
15114.667,434.6152
15125.333,434.6152
15136.000,432.1120
15146.667,432.1120
15157.333,429.6232
15168.000,429.6232
15178.667,429.6232
15189.333,432.1120
15200.000,432.1120
15210.667,434.6152
15221.333,437.1329
15232.000,0.0000
15242.667,0.0000
15253.333,0.0000
15264.000,0.0000
15274.667,0.0000
15285.333,0.0000
15296.000,0.0000
15306.667,400.8526
15317.333,398.5439
15328.000,393.9662
15338.667,405.5103
15349.333,407.8594
15360.000,412.5985
15370.667,410.2221
15381.333,410.2221
15392.000,407.8594
15402.667,405.5103
15413.333,403.1747
15424.000,403.1747
15434.667,403.1747
15445.333,403.1747
15456.000,405.5103
15466.667,410.2221
15477.333,414.9887
15488.000,417.3927
15498.667,419.8106
15509.333,414.9887
15520.000,412.5985
15530.667,410.2221
15541.333,407.8594
15552.000,407.8594
15562.667,410.2221
15573.333,410.2221
15584.000,410.2221
15594.667,410.2221
15605.333,410.2221
15616.000,412.5985
15626.667,412.5985
15637.333,414.9887
15648.000,414.9887
15658.667,414.9887
15669.333,414.9887
15680.000,412.5985
15690.667,412.5985
15701.333,410.2221
15712.000,412.5985
15722.667,412.5985
15733.333,412.5985
15744.000,417.3927
15754.667,0.0000
15765.333,0.0000
15776.000,0.0000
15786.667,0.0000
15797.333,0.0000
15808.000,0.0000
15818.667,0.0000
15829.333,0.0000
15840.000,0.0000
15850.667,0.0000
15861.333,0.0000
15872.000,0.0000
15882.667,0.0000
15893.333,0.0000
15904.000,0.0000
15914.667,0.0000
15925.333,0.0000
15936.000,0.0000
15946.667,429.6232
15957.333,422.2425
15968.000,422.2425
15978.667,424.6886
15989.333,422.2425
16000.000,422.2425
16010.667,419.8106
16021.333,414.9887
16032.000,414.9887
16042.667,429.6232
16053.333,429.6232
16064.000,429.6232
16074.667,410.2221
16085.333,0.0000
16096.000,0.0000
16106.667,0.0000
16117.333,0.0000
16128.000,0.0000
16138.667,0.0000
16149.333,0.0000
16160.000,0.0000
16170.667,0.0000
16181.333,0.0000
16192.000,0.0000
16202.667,0.0000
16213.333,0.0000
16224.000,0.0000
16234.667,0.0000
16245.333,0.0000
16256.000,0.0000
16266.667,0.0000
16277.333,0.0000
16288.000,0.0000
16298.667,0.0000
16309.333,0.0000
16320.000,0.0000
16330.667,0.0000
16341.333,0.0000
16352.000,0.0000
16362.667,0.0000
16373.333,424.6886
16384.000,429.6232
16394.667,434.6152
16405.333,439.6652
16416.000,442.2121
16426.667,444.7738
16437.333,444.7738
16448.000,447.3504
16458.667,444.7738
16469.333,437.1329
16480.000,434.6152
16490.667,432.1120
16501.333,429.6232
16512.000,429.6232
16522.667,427.1488
16533.333,424.6886
16544.000,429.6232
16554.667,429.6232
16565.333,434.6152
16576.000,437.1329
16586.667,437.1329
16597.333,439.6652
16608.000,439.6652
16618.667,437.1329
16629.333,437.1329
16640.000,434.6152
16650.667,434.6152
16661.333,434.6152
16672.000,434.6152
16682.667,432.1120
16693.333,434.6152
16704.000,434.6152
16714.667,437.1329
16725.333,439.6652
16736.000,439.6652
16746.667,439.6652
16757.333,0.0000
16768.000,0.0000
16778.667,0.0000
16789.333,0.0000
16800.000,0.0000
16810.667,0.0000
16821.333,0.0000
16832.000,0.0000
16842.667,439.6652
16853.333,442.2121
16864.000,447.3504
16874.667,444.7738
16885.333,444.7738
16896.000,439.6652
16906.667,439.6652
16917.333,437.1329
16928.000,434.6152
16938.667,439.6652
16949.333,0.0000
16960.000,0.0000
16970.667,0.0000
16981.333,0.0000
16992.000,0.0000
17002.667,0.0000
17013.333,0.0000
17024.000,0.0000
17034.667,321.8537
17045.333,323.7182
17056.000,323.7182
17066.667,323.7182
17077.333,321.8537
17088.000,321.8537
17098.667,320.0000
17109.333,316.3245
17120.000,314.5026
17130.667,316.3245
17141.333,316.3245
17152.000,318.1569
17162.667,318.1569
17173.333,316.3245
17184.000,0.0000
17194.667,0.0000
17205.333,0.0000
17216.000,0.0000
17226.667,447.3504
17237.333,444.7738
17248.000,442.2121
17258.667,442.2121
17269.333,442.2121
17280.000,442.2121
17290.667,442.2121
17301.333,439.6652
17312.000,437.1329
17322.667,437.1329
17333.333,439.6652
17344.000,439.6652
17354.667,439.6652
17365.333,437.1329
17376.000,437.1329
17386.667,434.6152
17397.333,437.1329
17408.000,437.1329
17418.667,437.1329
17429.333,437.1329
17440.000,437.1329
17450.667,437.1329
17461.333,437.1329
17472.000,437.1329
17482.667,437.1329
17493.333,437.1329
17504.000,434.6152
17514.667,432.1120
17525.333,432.1120
17536.000,447.3504
17546.667,447.3504
17557.333,0.0000
17568.000,0.0000
17578.667,0.0000
17589.333,0.0000
17600.000,0.0000
17610.667,0.0000
17621.333,0.0000
17632.000,0.0000
17642.667,0.0000
17653.333,0.0000
17664.000,0.0000
17674.667,0.0000
17685.333,0.0000
17696.000,0.0000
17706.667,0.0000
17717.333,414.9887
17728.000,412.5985
17738.667,414.9887
17749.333,414.9887
17760.000,414.9887
17770.667,0.0000
17781.333,0.0000
17792.000,0.0000
17802.667,414.9887
17813.333,414.9887
17824.000,414.9887
17834.667,414.9887
17845.333,412.5985
17856.000,412.5985
17866.667,412.5985
17877.333,414.9887
17888.000,414.9887
17898.667,414.9887
17909.333,412.5985
17920.000,412.5985
17930.667,412.5985
17941.333,412.5985
17952.000,412.5985
17962.667,412.5985
17973.333,412.5985
17984.000,412.5985
17994.667,412.5985
18005.333,412.5985
18016.000,412.5985
18026.667,412.5985
18037.333,412.5985
18048.000,412.5985
18058.667,412.5985
18069.333,412.5985
18080.000,412.5985
18090.667,412.5985
18101.333,412.5985
18112.000,412.5985
18122.667,414.9887
18133.333,422.2425
18144.000,429.6232
18154.667,432.1120
18165.333,432.1120
18176.000,432.1120
18186.667,432.1120
18197.333,432.1120
18208.000,434.6152
18218.667,434.6152
18229.333,437.1329
18240.000,437.1329
18250.667,437.1329
18261.333,437.1329
18272.000,437.1329
18282.667,437.1329
18293.333,437.1329
18304.000,434.6152
18314.667,432.1120
18325.333,429.6232
18336.000,424.6886
18346.667,422.2425
18357.333,422.2425
18368.000,422.2425
18378.667,424.6886
18389.333,0.0000
18400.000,0.0000
18410.667,0.0000
18421.333,0.0000
18432.000,0.0000
18442.667,0.0000
18453.333,0.0000
18464.000,0.0000
18474.667,0.0000
18485.333,0.0000
18496.000,0.0000
18506.667,0.0000
18517.333,0.0000
18528.000,0.0000
18538.667,0.0000
18549.333,374.0087
18560.000,387.1981
18570.667,403.1747
18581.333,405.5103
18592.000,407.8594
18602.667,410.2221
18613.333,412.5985
18624.000,412.5985
18634.667,412.5985
18645.333,412.5985
18656.000,410.2221
18666.667,410.2221
18677.333,410.2221
18688.000,410.2221
18698.667,410.2221
18709.333,412.5985
18720.000,414.9887
18730.667,417.3927
18741.333,424.6886
18752.000,427.1488
18762.667,427.1488
18773.333,427.1488
18784.000,429.6232
18794.667,432.1120
18805.333,437.1329
18816.000,437.1329
18826.667,437.1329
18837.333,437.1329
18848.000,437.1329
18858.667,437.1329
18869.333,434.6152
18880.000,432.1120
18890.667,424.6886
18901.333,424.6886
18912.000,422.2425
18922.667,424.6886
18933.333,427.1488
18944.000,429.6232
18954.667,434.6152
18965.333,437.1329
18976.000,439.6652
18986.667,442.2121
18997.333,442.2121
19008.000,444.7738
19018.667,444.7738
19029.333,444.7738
19040.000,439.6652
19050.667,432.1120
19061.333,429.6232
19072.000,427.1488
19082.667,427.1488
19093.333,427.1488
19104.000,432.1120
19114.667,434.6152
19125.333,0.0000
19136.000,0.0000
19146.667,0.0000
19157.333,439.6652
19168.000,439.6652
19178.667,439.6652
19189.333,442.2121
19200.000,442.2121
19210.667,442.2121
19221.333,439.6652
19232.000,437.1329
19242.667,432.1120
19253.333,429.6232
19264.000,422.2425
19274.667,422.2425
19285.333,424.6886
19296.000,424.6886
19306.667,429.6232
19317.333,434.6152
19328.000,434.6152
19338.667,439.6652
19349.333,444.7738
19360.000,447.3504
19370.667,447.3504
19381.333,447.3504
19392.000,444.7738
19402.667,442.2121
19413.333,434.6152
19424.000,427.1488
19434.667,424.6886
19445.333,424.6886
19456.000,424.6886
19466.667,422.2425
19477.333,424.6886
19488.000,0.0000
19498.667,0.0000
19509.333,0.0000
19520.000,439.6652
19530.667,439.6652
19541.333,442.2121
19552.000,442.2121
19562.667,444.7738
19573.333,444.7738
19584.000,442.2121
19594.667,442.2121
19605.333,439.6652
19616.000,439.6652
19626.667,437.1329
19637.333,432.1120
19648.000,434.6152
19658.667,432.1120
19669.333,427.1488
19680.000,424.6886
19690.667,427.1488
19701.333,432.1120
19712.000,437.1329
19722.667,439.6652
19733.333,442.2121
19744.000,444.7738
19754.667,444.7738
19765.333,442.2121
19776.000,439.6652
19786.667,434.6152
19797.333,432.1120
19808.000,432.1120
19818.667,429.6232
19829.333,429.6232
19840.000,427.1488
19850.667,427.1488
19861.333,429.6232
19872.000,434.6152
19882.667,437.1329
19893.333,439.6652
19904.000,442.2121
19914.667,442.2121
19925.333,442.2121
19936.000,442.2121
19946.667,442.2121
19957.333,439.6652
19968.000,439.6652
19978.667,437.1329
19989.333,434.6152
20000.000,427.1488
20010.667,424.6886
20021.333,427.1488
20032.000,427.1488
20042.667,432.1120
20053.333,434.6152
20064.000,439.6652
20074.667,439.6652
20085.333,442.2121
20096.000,442.2121
20106.667,442.2121
20117.333,442.2121
20128.000,439.6652
20138.667,437.1329
20149.333,432.1120
20160.000,429.6232
20170.667,429.6232
20181.333,429.6232
20192.000,429.6232
20202.667,429.6232
20213.333,429.6232
20224.000,429.6232
20234.667,434.6152
20245.333,439.6652
20256.000,442.2121
20266.667,447.3504
20277.333,444.7738
20288.000,442.2121
20298.667,442.2121
20309.333,439.6652
20320.000,439.6652
20330.667,434.6152
20341.333,427.1488
20352.000,424.6886
20362.667,424.6886
20373.333,424.6886
20384.000,429.6232
20394.667,432.1120
20405.333,434.6152
20416.000,442.2121
20426.667,447.3504
20437.333,447.3504
20448.000,444.7738
20458.667,444.7738
20469.333,442.2121
20480.000,442.2121
20490.667,442.2121
20501.333,439.6652
20512.000,437.1329
20522.667,424.6886
20533.333,422.2425
20544.000,424.6886
20554.667,422.2425
20565.333,419.8106
20576.000,419.8106
20586.667,422.2425
20597.333,0.0000
20608.000,0.0000
20618.667,0.0000
20629.333,0.0000
20640.000,0.0000
20650.667,0.0000
20661.333,0.0000
20672.000,0.0000
20682.667,0.0000
20693.333,0.0000
20704.000,0.0000
20714.667,0.0000
20725.333,0.0000
20736.000,0.0000
20746.667,0.0000
20757.333,0.0000
20768.000,0.0000
20778.667,0.0000
20789.333,0.0000
20800.000,0.0000
20810.667,0.0000
20821.333,0.0000
20832.000,0.0000
20842.667,0.0000
20853.333,0.0000
20864.000,0.0000
20874.667,0.0000
20885.333,0.0000
20896.000,0.0000
20906.667,0.0000
20917.333,0.0000
20928.000,0.0000
20938.667,0.0000
20949.333,0.0000
20960.000,0.0000
20970.667,0.0000
20981.333,0.0000
20992.000,0.0000
21002.667,0.0000
21013.333,0.0000
21024.000,0.0000
21034.667,0.0000
21045.333,0.0000
21056.000,0.0000
21066.667,0.0000
21077.333,0.0000
21088.000,0.0000
21098.667,0.0000
21109.333,0.0000
21120.000,0.0000
21130.667,0.0000
21141.333,0.0000
21152.000,0.0000
21162.667,0.0000
21173.333,0.0000
21184.000,0.0000
21194.667,0.0000
21205.333,0.0000
21216.000,0.0000
21226.667,0.0000
21237.333,0.0000
21248.000,0.0000
21258.667,0.0000
21269.333,0.0000
21280.000,0.0000
21290.667,0.0000
21301.333,0.0000
21312.000,0.0000
21322.667,0.0000
21333.333,0.0000
21344.000,0.0000
21354.667,0.0000
21365.333,0.0000
21376.000,0.0000
21386.667,0.0000
21397.333,0.0000
21408.000,0.0000
21418.667,0.0000
21429.333,0.0000
21440.000,0.0000
21450.667,0.0000
21461.333,0.0000
21472.000,0.0000
21482.667,0.0000
21493.333,0.0000
21504.000,0.0000
21514.667,0.0000
21525.333,0.0000
21536.000,0.0000
21546.667,0.0000
21557.333,0.0000
21568.000,0.0000
21578.667,0.0000
21589.333,0.0000
21600.000,0.0000
21610.667,0.0000
21621.333,0.0000
21632.000,0.0000
21642.667,0.0000
21653.333,0.0000
21664.000,0.0000
21674.667,0.0000
21685.333,0.0000
21696.000,0.0000
21706.667,0.0000
21717.333,0.0000
21728.000,0.0000
21738.667,0.0000
21749.333,0.0000
21760.000,0.0000
21770.667,0.0000
21781.333,0.0000
21792.000,291.7512
21802.667,291.7512
21813.333,293.4413
21824.000,296.8509
21834.667,298.5706
21845.333,298.5706
21856.000,298.5706
21866.667,296.8509
21877.333,293.4413
21888.000,290.0708
21898.667,291.7512
21909.333,295.1412
21920.000,288.4001
21930.667,283.4456
21941.333,286.7391
21952.000,285.0876
21962.667,285.0876
21973.333,285.0876
21984.000,285.0876
21994.667,283.4456
22005.333,261.4265
22016.000,0.0000
22026.667,0.0000
22037.333,0.0000
22048.000,0.0000
22058.667,0.0000
22069.333,0.0000
22080.000,0.0000
22090.667,0.0000
22101.333,0.0000
22112.000,0.0000
22122.667,316.3245
22133.333,314.5026
22144.000,312.6912
22154.667,314.5026
22165.333,314.5026
22176.000,316.3245
22186.667,314.5026
22197.333,281.8131
22208.000,281.8131
22218.667,0.0000
22229.333,0.0000
22240.000,0.0000
22250.667,0.0000
22261.333,0.0000
22272.000,0.0000
22282.667,0.0000
22293.333,0.0000
22304.000,0.0000
22314.667,0.0000
22325.333,0.0000
22336.000,0.0000
22346.667,0.0000
22357.333,0.0000
22368.000,0.0000
22378.667,0.0000
22389.333,0.0000
22400.000,0.0000
22410.667,0.0000
22421.333,0.0000
22432.000,0.0000
22442.667,407.8594
22453.333,405.5103
22464.000,405.5103
22474.667,405.5103
22485.333,403.1747
22496.000,400.8526
22506.667,396.2484
22517.333,398.5439
22528.000,398.5439
22538.667,400.8526
22549.333,403.1747
22560.000,403.1747
22570.667,405.5103
22581.333,403.1747
22592.000,405.5103
22602.667,405.5103
22613.333,407.8594
22624.000,410.2221
22634.667,412.5985
22645.333,414.9887
22656.000,414.9887
22666.667,414.9887
22677.333,414.9887
22688.000,412.5985
22698.667,410.2221
22709.333,407.8594
22720.000,407.8594
22730.667,407.8594
22741.333,407.8594
22752.000,407.8594
22762.667,407.8594
22773.333,407.8594
22784.000,407.8594
22794.667,407.8594
22805.333,410.2221
22816.000,410.2221
22826.667,410.2221
22837.333,405.5103
22848.000,403.1747
22858.667,403.1747
22869.333,391.6971
22880.000,359.1879
22890.667,357.1191
22901.333,0.0000
22912.000,0.0000
22922.667,0.0000
22933.333,0.0000
22944.000,0.0000
22954.667,0.0000
22965.333,0.0000
22976.000,414.9887
22986.667,449.9419
22997.333,447.3504
23008.000,447.3504
23018.667,444.7738
23029.333,444.7738
23040.000,444.7738
23050.667,444.7738
23061.333,442.2121
23072.000,434.6152
23082.667,432.1120
23093.333,429.6232
23104.000,427.1488
23114.667,427.1488
23125.333,427.1488
23136.000,427.1488
23146.667,427.1488
23157.333,432.1120
23168.000,437.1329
23178.667,437.1329
23189.333,398.5439
23200.000,396.2484
23210.667,432.1120
23221.333,427.1488
23232.000,422.2425
23242.667,419.8106
23253.333,405.5103
23264.000,0.0000
23274.667,0.0000
23285.333,0.0000
23296.000,382.7508
23306.667,376.1753
23317.333,391.6971
23328.000,398.5439
23338.667,414.9887
23349.333,424.6886
23360.000,432.1120
23370.667,434.6152
23381.333,444.7738
23392.000,449.9419
23402.667,452.5483
23413.333,455.1699
23424.000,452.5483
23434.667,449.9419
23445.333,439.6652
23456.000,429.6232
23466.667,424.6886
23477.333,422.2425
23488.000,419.8106
23498.667,419.8106
23509.333,0.0000
23520.000,0.0000
23530.667,0.0000
23541.333,437.1329
23552.000,439.6652
23562.667,444.7738
23573.333,449.9419
23584.000,449.9419
23594.667,449.9419
23605.333,444.7738
23616.000,442.2121
23626.667,439.6652
23637.333,434.6152
23648.000,429.6232
23658.667,424.6886
23669.333,424.6886
23680.000,424.6886
23690.667,0.0000
23701.333,0.0000
23712.000,0.0000
23722.667,0.0000
23733.333,429.6232
23744.000,432.1120
23754.667,437.1329
23765.333,439.6652
23776.000,439.6652
23786.667,439.6652
23797.333,434.6152
23808.000,429.6232
23818.667,427.1488
23829.333,422.2425
23840.000,422.2425
23850.667,419.8106
23861.333,422.2425
23872.000,427.1488
23882.667,434.6152
23893.333,0.0000
23904.000,442.2121
23914.667,442.2121
23925.333,442.2121
23936.000,439.6652
23946.667,439.6652
23957.333,437.1329
23968.000,437.1329
23978.667,432.1120
23989.333,432.1120
24000.000,434.6152
24010.667,437.1329
24021.333,434.6152
24032.000,0.0000
24042.667,0.0000
24053.333,0.0000
24064.000,0.0000
24074.667,0.0000
24085.333,0.0000
24096.000,442.2121
24106.667,442.2121
24117.333,439.6652
24128.000,439.6652
24138.667,434.6152
24149.333,434.6152
24160.000,434.6152
24170.667,434.6152
24181.333,432.1120
24192.000,429.6232
24202.667,429.6232
24213.333,429.6232
24224.000,432.1120
24234.667,437.1329
24245.333,437.1329
24256.000,0.0000
24266.667,0.0000
24277.333,0.0000
24288.000,0.0000
24298.667,0.0000
24309.333,0.0000
24320.000,0.0000
24330.667,0.0000
24341.333,0.0000
24352.000,0.0000
24362.667,0.0000
24373.333,0.0000
24384.000,0.0000
24394.667,0.0000
24405.333,0.0000
24416.000,0.0000
24426.667,0.0000
24437.333,0.0000
24448.000,0.0000
24458.667,0.0000
24469.333,0.0000
24480.000,0.0000
24490.667,0.0000
24501.333,0.0000
24512.000,0.0000
24522.667,0.0000
24533.333,0.0000
24544.000,0.0000
24554.667,0.0000
24565.333,0.0000
24576.000,0.0000
24586.667,0.0000
24597.333,0.0000
24608.000,0.0000
24618.667,0.0000
24629.333,0.0000
24640.000,0.0000
24650.667,0.0000
24661.333,0.0000
24672.000,0.0000
24682.667,0.0000
24693.333,0.0000
24704.000,0.0000
24714.667,0.0000
24725.333,0.0000
24736.000,0.0000
24746.667,0.0000
24757.333,0.0000
24768.000,0.0000
24778.667,0.0000
24789.333,0.0000
24800.000,0.0000
24810.667,0.0000
24821.333,0.0000
24832.000,0.0000
24842.667,0.0000
24853.333,0.0000
24864.000,0.0000
24874.667,0.0000
24885.333,0.0000
24896.000,0.0000
24906.667,407.8594
24917.333,407.8594
24928.000,407.8594
24938.667,407.8594
24949.333,410.2221
24960.000,412.5985
24970.667,414.9887
24981.333,417.3927
24992.000,414.9887
25002.667,414.9887
25013.333,412.5985
25024.000,410.2221
25034.667,410.2221
25045.333,410.2221
25056.000,410.2221
25066.667,410.2221
25077.333,410.2221
25088.000,410.2221
25098.667,412.5985
25109.333,414.9887
25120.000,414.9887
25130.667,414.9887
25141.333,417.3927
25152.000,417.3927
25162.667,417.3927
25173.333,414.9887
25184.000,410.2221
25194.667,410.2221
25205.333,410.2221
25216.000,410.2221
25226.667,412.5985
25237.333,412.5985
25248.000,417.3927
25258.667,417.3927
25269.333,419.8106
25280.000,417.3927
25290.667,417.3927
25301.333,417.3927
25312.000,414.9887
25322.667,414.9887
25333.333,414.9887
25344.000,412.5985
25354.667,407.8594
25365.333,0.0000
25376.000,0.0000
25386.667,0.0000
25397.333,0.0000
25408.000,0.0000
25418.667,0.0000
25429.333,0.0000
25440.000,0.0000
25450.667,0.0000
25461.333,290.0708
25472.000,290.0708
25482.667,288.4001
25493.333,288.4001
25504.000,288.4001
25514.667,288.4001
25525.333,288.4001
25536.000,288.4001
25546.667,288.4001
25557.333,285.0876
25568.000,285.0876
25578.667,283.4456
25589.333,281.8131
25600.000,281.8131
25610.667,276.9717
25621.333,0.0000
25632.000,0.0000
25642.667,0.0000
25653.333,0.0000
25664.000,0.0000
25674.667,0.0000
25685.333,0.0000
25696.000,0.0000
25706.667,437.1329
25717.333,444.7738
25728.000,447.3504
25738.667,447.3504
25749.333,447.3504
25760.000,449.9419
25770.667,449.9419
25781.333,0.0000
25792.000,0.0000
25802.667,0.0000
25813.333,0.0000
25824.000,0.0000
25834.667,0.0000
25845.333,0.0000
25856.000,0.0000
25866.667,0.0000
25877.333,0.0000
25888.000,0.0000
25898.667,0.0000
25909.333,0.0000
25920.000,447.3504
25930.667,444.7738
25941.333,444.7738
25952.000,444.7738
25962.667,442.2121
25973.333,439.6652
25984.000,427.1488
25994.667,424.6886
26005.333,422.2425
26016.000,422.2425
26026.667,422.2425
26037.333,432.1120
26048.000,437.1329
26058.667,439.6652
26069.333,439.6652
26080.000,439.6652
26090.667,442.2121
26101.333,442.2121
26112.000,439.6652
26122.667,439.6652
26133.333,437.1329
26144.000,434.6152
26154.667,432.1120
26165.333,437.1329
26176.000,437.1329
26186.667,444.7738
26197.333,427.1488
26208.000,444.7738
26218.667,0.0000
26229.333,0.0000
26240.000,0.0000
26250.667,0.0000
26261.333,0.0000
26272.000,0.0000
26282.667,0.0000
26293.333,0.0000
26304.000,0.0000
26314.667,0.0000
26325.333,0.0000
26336.000,0.0000
26346.667,0.0000
26357.333,0.0000
26368.000,0.0000
26378.667,0.0000
26389.333,455.1699
26400.000,460.4587
26410.667,463.1262
26421.333,460.4587
26432.000,465.8090
26442.667,463.1262
26453.333,465.8090
26464.000,463.1262
26474.667,463.1262
26485.333,463.1262
26496.000,463.1262
26506.667,465.8090
26517.333,473.9512
26528.000,482.2357
26538.667,485.0293
26549.333,487.8390
26560.000,490.6651
26570.667,490.6651
26581.333,490.6651
26592.000,490.6651
26602.667,493.5075
26613.333,487.8390
26624.000,482.2357
26634.667,473.9512
26645.333,473.9512
26656.000,473.9512
26666.667,471.2215
26677.333,460.4587
26688.000,452.5483
26698.667,447.3504
26709.333,447.3504
26720.000,444.7738
26730.667,447.3504
26741.333,444.7738
26752.000,447.3504
26762.667,455.1699
26773.333,0.0000
26784.000,0.0000
26794.667,0.0000
26805.333,0.0000
26816.000,0.0000
26826.667,0.0000
26837.333,0.0000
26848.000,0.0000
26858.667,0.0000
26869.333,0.0000
26880.000,0.0000
26890.667,0.0000
26901.333,0.0000
26912.000,0.0000
26922.667,0.0000
26933.333,0.0000
26944.000,0.0000
26954.667,0.0000
26965.333,0.0000
26976.000,0.0000
26986.667,0.0000
26997.333,0.0000
27008.000,0.0000
27018.667,0.0000
27029.333,0.0000
27040.000,0.0000
27050.667,0.0000
27061.333,0.0000
27072.000,0.0000
27082.667,0.0000
27093.333,0.0000
27104.000,0.0000
27114.667,0.0000
27125.333,0.0000
27136.000,0.0000
27146.667,0.0000
27157.333,0.0000
27168.000,0.0000
27178.667,0.0000
27189.333,0.0000
27200.000,0.0000
27210.667,0.0000
27221.333,0.0000
27232.000,0.0000
27242.667,0.0000
27253.333,0.0000
27264.000,0.0000
27274.667,0.0000
27285.333,0.0000
27296.000,0.0000
27306.667,0.0000
27317.333,0.0000
27328.000,0.0000
27338.667,0.0000
27349.333,0.0000
27360.000,0.0000
27370.667,0.0000
27381.333,0.0000
27392.000,0.0000
27402.667,0.0000
27413.333,0.0000
27424.000,0.0000
27434.667,0.0000
27445.333,0.0000
27456.000,0.0000
27466.667,0.0000
27477.333,318.1569
27488.000,320.0000
27498.667,321.8537
27509.333,321.8537
27520.000,321.8537
27530.667,321.8537
27541.333,323.7182
27552.000,323.7182
27562.667,321.8537
27573.333,321.8537
27584.000,323.7182
27594.667,325.5935
27605.333,325.5935
27616.000,325.5935
27626.667,327.4796
27637.333,327.4796
27648.000,327.4796
27658.667,327.4796
27669.333,327.4796
27680.000,327.4796
27690.667,327.4796
27701.333,327.4796
27712.000,0.0000
27722.667,0.0000
27733.333,0.0000
27744.000,0.0000
27754.667,0.0000
27765.333,0.0000
27776.000,0.0000
27786.667,329.3767
27797.333,329.3767
27808.000,329.3767
27818.667,320.0000
27829.333,320.0000
27840.000,323.7182
27850.667,325.5935
27861.333,325.5935
27872.000,325.5935
27882.667,325.5935
27893.333,0.0000
27904.000,0.0000
27914.667,0.0000
27925.333,0.0000
27936.000,0.0000
27946.667,0.0000
27957.333,0.0000
27968.000,0.0000
27978.667,0.0000
27989.333,553.9434
28000.000,550.7529
28010.667,550.7529
28021.333,550.7529
28032.000,547.5808
28042.667,550.7529
28053.333,547.5808
28064.000,544.4270
28074.667,544.4270
28085.333,538.1737
28096.000,535.0741
28106.667,528.9282
28117.333,516.8475
28128.000,485.0293
28138.667,482.2357
28149.333,482.2357
28160.000,482.2357
28170.667,479.4583
28181.333,485.0293
28192.000,482.2357
28202.667,0.0000
28213.333,0.0000
28224.000,0.0000
28234.667,0.0000
28245.333,0.0000
28256.000,0.0000
28266.667,0.0000
28277.333,0.0000
28288.000,0.0000
28298.667,0.0000
28309.333,0.0000
28320.000,0.0000
28330.667,0.0000
28341.333,0.0000
28352.000,0.0000
28362.667,0.0000
28373.333,0.0000
28384.000,0.0000
28394.667,0.0000
28405.333,0.0000
28416.000,0.0000
28426.667,0.0000
28437.333,0.0000
28448.000,0.0000
28458.667,0.0000
28469.333,0.0000
28480.000,0.0000
28490.667,0.0000
28501.333,0.0000
28512.000,0.0000
28522.667,0.0000
28533.333,0.0000
28544.000,0.0000
28554.667,0.0000
28565.333,0.0000
28576.000,0.0000
28586.667,0.0000
28597.333,0.0000
28608.000,0.0000
28618.667,0.0000
28629.333,0.0000
28640.000,0.0000
28650.667,0.0000
28661.333,0.0000
28672.000,0.0000
28682.667,0.0000
28693.333,0.0000
28704.000,0.0000
28714.667,0.0000
28725.333,0.0000
28736.000,0.0000
28746.667,0.0000
28757.333,0.0000
28768.000,0.0000
28778.667,0.0000
28789.333,0.0000
28800.000,0.0000
28810.667,0.0000
28821.333,0.0000
28832.000,0.0000
28842.667,0.0000
28853.333,0.0000
28864.000,0.0000
28874.667,0.0000
28885.333,0.0000
28896.000,0.0000
28906.667,0.0000
28917.333,0.0000
28928.000,0.0000
28938.667,0.0000
28949.333,0.0000
28960.000,0.0000
28970.667,0.0000
28981.333,0.0000
28992.000,0.0000
29002.667,0.0000
29013.333,0.0000
29024.000,0.0000
29034.667,0.0000
29045.333,0.0000
29056.000,0.0000
29066.667,0.0000
29077.333,0.0000
29088.000,0.0000
29098.667,1063.9845
29109.333,1051.7636
29120.000,1039.6831
29130.667,1033.6949
29141.333,1010.0853
29152.000,1010.0853
29162.667,992.7326
29173.333,981.3301
29184.000,987.0149
29194.667,981.3301
29205.333,987.0149
29216.000,987.0149
29226.667,0.0000
29237.333,0.0000
29248.000,0.0000
29258.667,0.0000
29269.333,0.0000
29280.000,0.0000
29290.667,0.0000
29301.333,0.0000
29312.000,0.0000
29322.667,0.0000
29333.333,0.0000
29344.000,0.0000
29354.667,0.0000
29365.333,0.0000
29376.000,0.0000
29386.667,0.0000
29397.333,0.0000
29408.000,0.0000
29418.667,0.0000
29429.333,0.0000
29440.000,0.0000
29450.667,0.0000
29461.333,0.0000
29472.000,0.0000
29482.667,0.0000
29493.333,0.0000
29504.000,0.0000
29514.667,0.0000
29525.333,0.0000
29536.000,0.0000
29546.667,493.5075
29557.333,496.3663
29568.000,496.3663
29578.667,493.5075
29589.333,493.5075
29600.000,493.5075
29610.667,496.3663
29621.333,496.3663
29632.000,496.3663
29642.667,496.3663
29653.333,493.5075
29664.000,493.5075
29674.667,493.5075
29685.333,493.5075
29696.000,490.6651
29706.667,0.0000
29717.333,0.0000
29728.000,327.4796
29738.667,331.2848
29749.333,331.2848
29760.000,333.2039
29770.667,335.1341
29781.333,337.0755
29792.000,0.0000
29802.667,0.0000
29813.333,0.0000
29824.000,0.0000
29834.667,0.0000
29845.333,0.0000
29856.000,0.0000
29866.667,0.0000
29877.333,0.0000
29888.000,0.0000
29898.667,333.2039
29909.333,329.3767
29920.000,327.4796
29930.667,323.7182
29941.333,321.8537
29952.000,321.8537
29962.667,321.8537
29973.333,320.0000
29984.000,320.0000
29994.667,318.1569
30005.333,316.3245
30016.000,314.5026
30026.667,0.0000
30037.333,0.0000
30048.000,216.0560
30058.667,214.8116
30069.333,213.5744
30080.000,213.5744
30090.667,213.5744
30101.333,214.8116
30112.000,216.0560
30122.667,216.0560
30133.333,217.3076
30144.000,217.3076
30154.667,218.5664
30165.333,217.3076
30176.000,216.0560
30186.667,214.8116
30197.333,214.8116
30208.000,214.8116
30218.667,214.8116
30229.333,214.8116
30240.000,214.8116
30250.667,214.8116
30261.333,214.8116
30272.000,214.8116
30282.667,217.3076
30293.333,218.5664
30304.000,219.8326
30314.667,221.1061
30325.333,219.8326
30336.000,219.8326
30346.667,221.1061
30357.333,217.3076
30368.000,217.3076
30378.667,216.0560
30389.333,213.5744
30400.000,212.3443
30410.667,211.1213
30421.333,209.9053
30432.000,209.9053
30442.667,211.1213
30453.333,212.3443
30464.000,213.5744
30474.667,216.0560
30485.333,217.3076
30496.000,219.8326
30506.667,222.3869
30517.333,223.6752
30528.000,221.1061
30538.667,217.3076
30549.333,216.0560
30560.000,216.0560
30570.667,213.5744
30581.333,212.3443
30592.000,212.3443
30602.667,212.3443
30613.333,213.5744
30624.000,214.8116
30634.667,216.0560
30645.333,217.3076
30656.000,217.3076
30666.667,221.1061
30677.333,222.3869
30688.000,223.6752
30698.667,223.6752
30709.333,219.8326
30720.000,217.3076
30730.667,214.8116
30741.333,213.5744
30752.000,213.5744
30762.667,211.1213
30773.333,209.9053
30784.000,207.4943
30794.667,208.6963
30805.333,211.1213
30816.000,213.5744
30826.667,216.0560
30837.333,218.5664
30848.000,0.0000
30858.667,0.0000
30869.333,0.0000
30880.000,0.0000
30890.667,0.0000
30901.333,0.0000
30912.000,0.0000
30922.667,0.0000
30933.333,0.0000
30944.000,422.2425
30954.667,424.6886
30965.333,427.1488
30976.000,429.6232
30986.667,429.6232
30997.333,432.1120
31008.000,437.1329
31018.667,437.1329
31029.333,437.1329
31040.000,437.1329
31050.667,437.1329
31061.333,434.6152
31072.000,432.1120
31082.667,432.1120
31093.333,432.1120
31104.000,434.6152
31114.667,434.6152
31125.333,434.6152
31136.000,432.1120
31146.667,432.1120
31157.333,434.6152
31168.000,434.6152
31178.667,434.6152
31189.333,437.1329
31200.000,437.1329
31210.667,437.1329
31221.333,437.1329
31232.000,434.6152
31242.667,432.1120
31253.333,429.6232
31264.000,432.1120
31274.667,432.1120
31285.333,434.6152
31296.000,434.6152
31306.667,434.6152
31317.333,432.1120
31328.000,432.1120
31338.667,432.1120
31349.333,434.6152
31360.000,437.1329
31370.667,442.2121
31381.333,442.2121
31392.000,439.6652
31402.667,434.6152
31413.333,427.1488
31424.000,422.2425
31434.667,412.5985
31445.333,405.5103
31456.000,0.0000
31466.667,0.0000
31477.333,0.0000
31488.000,0.0000
31498.667,0.0000
31509.333,0.0000
31520.000,0.0000
31530.667,0.0000
31541.333,0.0000
31552.000,0.0000
31562.667,0.0000
31573.333,0.0000
31584.000,439.6652
31594.667,439.6652
31605.333,439.6652
31616.000,439.6652
31626.667,437.1329
31637.333,432.1120
31648.000,429.6232
31658.667,424.6886
31669.333,0.0000
31680.000,0.0000
31690.667,0.0000
31701.333,0.0000
31712.000,340.9922
31722.667,344.9543
31733.333,346.9526
31744.000,346.9526
31754.667,348.9625
31765.333,348.9625
31776.000,346.9526
31786.667,329.3767
31797.333,329.3767
31808.000,329.3767
31818.667,329.3767
31829.333,331.2848
31840.000,331.2848
31850.667,331.2848
31861.333,0.0000
31872.000,0.0000
31882.667,0.0000
31893.333,0.0000
31904.000,321.8537
31914.667,325.5935
31925.333,331.2848
31936.000,335.1341
31946.667,339.0282
31957.333,344.9543
31968.000,350.9840
31978.667,357.1191
31989.333,363.3614
32000.000,365.4663
32010.667,0.0000
32021.333,391.6971
32032.000,393.9662
32042.667,396.2484
32053.333,396.2484
32064.000,400.8526
32074.667,463.1262
32085.333,465.8090
32096.000,468.5074
32106.667,476.6968
32117.333,479.4583
32128.000,482.2357
32138.667,485.0293
32149.333,490.6651
32160.000,487.8390
32170.667,0.0000
32181.333,0.0000
32192.000,0.0000
32202.667,0.0000
32213.333,0.0000
32224.000,0.0000
32234.667,0.0000
32245.333,0.0000
32256.000,0.0000
32266.667,0.0000
32277.333,0.0000
32288.000,0.0000
32298.667,0.0000
32309.333,0.0000
32320.000,0.0000
32330.667,0.0000
32341.333,0.0000
32352.000,0.0000
32362.667,0.0000
32373.333,0.0000
32384.000,502.1338
32394.667,499.2417
32405.333,496.3663
32416.000,496.3663
32426.667,493.5075
32437.333,493.5075
32448.000,487.8390
32458.667,479.4583
32469.333,473.9512
32480.000,471.2215
32490.667,473.9512
32501.333,487.8390
32512.000,493.5075
32522.667,496.3663
32533.333,499.2417
32544.000,502.1338
32554.667,502.1338
32565.333,502.1338
32576.000,510.9110
32586.667,0.0000
32597.333,0.0000
32608.000,0.0000
32618.667,414.9887
32629.333,417.3927
32640.000,439.6652
32650.667,460.4587
32661.333,460.4587
32672.000,468.5074
32682.667,479.4583
32693.333,490.6651
32704.000,493.5075
32714.667,493.5075
32725.333,496.3663
32736.000,0.0000
32746.667,0.0000
32757.333,0.0000
32768.000,0.0000
32778.667,0.0000
32789.333,0.0000
32800.000,0.0000
32810.667,0.0000
32821.333,419.8106
32832.000,414.9887
32842.667,412.5985
32853.333,412.5985
32864.000,410.2221
32874.667,407.8594
32885.333,407.8594
32896.000,405.5103
32906.667,407.8594
32917.333,410.2221
32928.000,414.9887
32938.667,417.3927
32949.333,414.9887
32960.000,422.2425
32970.667,422.2425
32981.333,424.6886
32992.000,0.0000
33002.667,0.0000
33013.333,0.0000
33024.000,0.0000
33034.667,0.0000
33045.333,0.0000
33056.000,0.0000
33066.667,0.0000
33077.333,0.0000
33088.000,0.0000
33098.667,0.0000
33109.333,0.0000
33120.000,0.0000
33130.667,0.0000
33141.333,0.0000
33152.000,0.0000
33162.667,0.0000
33173.333,0.0000
33184.000,0.0000
33194.667,0.0000
33205.333,0.0000
33216.000,0.0000
33226.667,0.0000
33237.333,0.0000
33248.000,0.0000
33258.667,0.0000
33269.333,0.0000
33280.000,0.0000
33290.667,0.0000
33301.333,0.0000
33312.000,0.0000
33322.667,0.0000
33333.333,0.0000
33344.000,0.0000
33354.667,0.0000
33365.333,0.0000
33376.000,0.0000
33386.667,0.0000
33397.333,0.0000
33408.000,0.0000
33418.667,0.0000
33429.333,0.0000
33440.000,0.0000
33450.667,0.0000
33461.333,0.0000
33472.000,0.0000
33482.667,0.0000
33493.333,0.0000
33504.000,0.0000
33514.667,0.0000
33525.333,0.0000
33536.000,0.0000
33546.667,0.0000
33557.333,0.0000
33568.000,0.0000
33578.667,0.0000
33589.333,0.0000
33600.000,0.0000
33610.667,0.0000
33621.333,0.0000
33632.000,0.0000
33642.667,0.0000
33653.333,0.0000
33664.000,0.0000
33674.667,0.0000
33685.333,0.0000
33696.000,0.0000
33706.667,1051.7636
33717.333,1010.0853
33728.000,998.4835
33738.667,987.0149
33749.333,981.3301
33760.000,975.6781
33770.667,0.0000
33781.333,0.0000
33792.000,0.0000
33802.667,0.0000
33813.333,0.0000
33824.000,0.0000
33834.667,0.0000
33845.333,0.0000
33856.000,0.0000
33866.667,0.0000
33877.333,0.0000
33888.000,0.0000
33898.667,0.0000
33909.333,0.0000
33920.000,0.0000
33930.667,0.0000
33941.333,0.0000
33952.000,0.0000
33962.667,0.0000
33973.333,0.0000
33984.000,0.0000
33994.667,0.0000
34005.333,0.0000
34016.000,0.0000
34026.667,0.0000
34037.333,0.0000
34048.000,0.0000
34058.667,0.0000
34069.333,0.0000
34080.000,0.0000
34090.667,0.0000
34101.333,0.0000
34112.000,0.0000
34122.667,0.0000
34133.333,0.0000
34144.000,0.0000
34154.667,0.0000
34165.333,0.0000
34176.000,0.0000
34186.667,0.0000
34197.333,0.0000
34208.000,432.1120
34218.667,432.1120
34229.333,432.1120
34240.000,434.6152
34250.667,434.6152
34261.333,437.1329
34272.000,439.6652
34282.667,439.6652
34293.333,439.6652
34304.000,439.6652
34314.667,439.6652
34325.333,439.6652
34336.000,437.1329
34346.667,437.1329
34357.333,434.6152
34368.000,429.6232
34378.667,410.2221
34389.333,417.3927
34400.000,417.3927
34410.667,419.8106
34421.333,419.8106
34432.000,463.1262
34442.667,496.3663
34453.333,493.5075
34464.000,487.8390
34474.667,490.6651
34485.333,490.6651
34496.000,490.6651
34506.667,493.5075
34517.333,496.3663
34528.000,499.2417
34538.667,499.2417
34549.333,499.2417
34560.000,499.2417
34570.667,0.0000
34581.333,0.0000
34592.000,0.0000
34602.667,0.0000
34613.333,0.0000
34624.000,0.0000
34634.667,0.0000
34645.333,0.0000
34656.000,0.0000
34666.667,0.0000
34677.333,0.0000
34688.000,0.0000
34698.667,0.0000
34709.333,0.0000
34720.000,0.0000
34730.667,0.0000
34741.333,0.0000
34752.000,0.0000
34762.667,0.0000
34773.333,0.0000
34784.000,0.0000
34794.667,0.0000
34805.333,544.4270
34816.000,538.1737
34826.667,531.9923
34837.333,516.8475
34848.000,507.9683
34858.667,499.2417
34869.333,496.3663
34880.000,493.5075
34890.667,493.5075
34901.333,493.5075
34912.000,496.3663
34922.667,499.2417
34933.333,499.2417
34944.000,499.2417
34954.667,499.2417
34965.333,496.3663
34976.000,0.0000
34986.667,0.0000
34997.333,0.0000
35008.000,0.0000
35018.667,0.0000
35029.333,0.0000
35040.000,0.0000
35050.667,0.0000
35061.333,0.0000
35072.000,0.0000
35082.667,0.0000
35093.333,0.0000
35104.000,0.0000
35114.667,0.0000
35125.333,0.0000
35136.000,0.0000
35146.667,0.0000
35157.333,0.0000
35168.000,0.0000
35178.667,0.0000
35189.333,0.0000
35200.000,0.0000
35210.667,0.0000
35221.333,0.0000
35232.000,0.0000
35242.667,0.0000
35253.333,0.0000
35264.000,0.0000
35274.667,0.0000
35285.333,0.0000
35296.000,0.0000
35306.667,0.0000
35317.333,0.0000
35328.000,0.0000
35338.667,0.0000
35349.333,0.0000
35360.000,0.0000
35370.667,0.0000
35381.333,0.0000
35392.000,0.0000
35402.667,0.0000
35413.333,0.0000
35424.000,0.0000
35434.667,0.0000
35445.333,0.0000
35456.000,0.0000
35466.667,0.0000
35477.333,0.0000
35488.000,0.0000
35498.667,0.0000
35509.333,0.0000
35520.000,0.0000
35530.667,407.8594
35541.333,407.8594
35552.000,407.8594
35562.667,407.8594
35573.333,405.5103
35584.000,405.5103
35594.667,405.5103
35605.333,405.5103
35616.000,405.5103
35626.667,405.5103
35637.333,405.5103
35648.000,405.5103
35658.667,405.5103
35669.333,405.5103
35680.000,405.5103
35690.667,405.5103
35701.333,405.5103
35712.000,405.5103
35722.667,407.8594
35733.333,405.5103
35744.000,407.8594
35754.667,405.5103
35765.333,405.5103
35776.000,405.5103
35786.667,405.5103
35797.333,403.1747
35808.000,403.1747
35818.667,403.1747
35829.333,400.8526
35840.000,400.8526
35850.667,396.2484
35861.333,387.1981
35872.000,384.9680
35882.667,382.7508
35893.333,384.9680
35904.000,387.1981
35914.667,391.6971
35925.333,0.0000
35936.000,0.0000
35946.667,0.0000
35957.333,0.0000
35968.000,0.0000
35978.667,0.0000
35989.333,0.0000
36000.000,0.0000
36010.667,0.0000
36021.333,0.0000
36032.000,0.0000
36042.667,0.0000
36053.333,0.0000
36064.000,0.0000
36074.667,0.0000
36085.333,0.0000
36096.000,0.0000
36106.667,0.0000
36117.333,0.0000
36128.000,0.0000
36138.667,0.0000
36149.333,0.0000
36160.000,0.0000
36170.667,0.0000
36181.333,0.0000
36192.000,0.0000
36202.667,0.0000
36213.333,0.0000
36224.000,0.0000
36234.667,0.0000
36245.333,0.0000
36256.000,0.0000
36266.667,0.0000
36277.333,0.0000
36288.000,0.0000
36298.667,0.0000
36309.333,0.0000
36320.000,0.0000
36330.667,0.0000
36341.333,0.0000
36352.000,0.0000
36362.667,0.0000
36373.333,0.0000
36384.000,0.0000
36394.667,0.0000
36405.333,0.0000
36416.000,1088.8540
36426.667,1095.1616
36437.333,1082.5826
36448.000,1076.3474
36458.667,0.0000
36469.333,0.0000
36480.000,0.0000
36490.667,0.0000
36501.333,0.0000
36512.000,0.0000
36522.667,0.0000
36533.333,0.0000
36544.000,0.0000
36554.667,0.0000
36565.333,363.3614
36576.000,363.3614
36586.667,365.4663
36597.333,365.4663
36608.000,363.3614
36618.667,363.3614
36629.333,361.2686
36640.000,359.1879
36650.667,357.1191
36661.333,355.0622
36672.000,353.0172
36682.667,359.1879
36693.333,361.2686
36704.000,367.5835
36714.667,365.4663
36725.333,359.1879
36736.000,0.0000
36746.667,0.0000
36757.333,0.0000
36768.000,0.0000
36778.667,0.0000
36789.333,0.0000
36800.000,0.0000
36810.667,0.0000
36821.333,0.0000
36832.000,429.6232
36842.667,429.6232
36853.333,427.1488
36864.000,424.6886
36874.667,424.6886
36885.333,424.6886
36896.000,424.6886
36906.667,427.1488
36917.333,427.1488
36928.000,427.1488
36938.667,427.1488
36949.333,427.1488
36960.000,429.6232
36970.667,429.6232
36981.333,429.6232
36992.000,432.1120
37002.667,434.6152
37013.333,437.1329
37024.000,437.1329
37034.667,437.1329
37045.333,437.1329
37056.000,434.6152
37066.667,434.6152
37077.333,437.1329
37088.000,437.1329
37098.667,437.1329
37109.333,437.1329
37120.000,437.1329
37130.667,437.1329
37141.333,437.1329
37152.000,434.6152
37162.667,434.6152
37173.333,434.6152
37184.000,434.6152
37194.667,434.6152
37205.333,434.6152
37216.000,437.1329
37226.667,439.6652
37237.333,468.5074
37248.000,473.9512
37258.667,476.6968
37269.333,479.4583
37280.000,479.4583
37290.667,479.4583
37301.333,476.6968
37312.000,471.2215
37322.667,471.2215
37333.333,476.6968
37344.000,479.4583
37354.667,479.4583
37365.333,476.6968
37376.000,476.6968
37386.667,476.6968
37397.333,476.6968
37408.000,473.9512
37418.667,473.9512
37429.333,473.9512
37440.000,476.6968
37450.667,479.4583
37461.333,485.0293
37472.000,487.8390
37482.667,493.5075
37493.333,493.5075
37504.000,493.5075
37514.667,490.6651
37525.333,482.2357
37536.000,479.4583
37546.667,479.4583
37557.333,482.2357
37568.000,482.2357
37578.667,479.4583
37589.333,473.9512
37600.000,468.5074
37610.667,471.2215
37621.333,476.6968
37632.000,482.2357
37642.667,0.0000
37653.333,0.0000
37664.000,424.6886
37674.667,424.6886
37685.333,424.6886
37696.000,422.2425
37706.667,419.8106
37717.333,417.3927
37728.000,417.3927
37738.667,414.9887
37749.333,414.9887
37760.000,410.2221
37770.667,410.2221
37781.333,410.2221
37792.000,410.2221
37802.667,410.2221
37813.333,410.2221
37824.000,410.2221
37834.667,410.2221
37845.333,410.2221
37856.000,410.2221
37866.667,410.2221
37877.333,407.8594
37888.000,407.8594
37898.667,407.8594
37909.333,410.2221
37920.000,410.2221
37930.667,414.9887
37941.333,414.9887
37952.000,414.9887
37962.667,410.2221
37973.333,414.9887
37984.000,417.3927
37994.667,417.3927
38005.333,471.2215
38016.000,471.2215
38026.667,463.1262
38037.333,449.9419
38048.000,432.1120
38058.667,432.1120
38069.333,429.6232
38080.000,427.1488
38090.667,424.6886
38101.333,424.6886
38112.000,427.1488
38122.667,427.1488
38133.333,427.1488
38144.000,429.6232
38154.667,429.6232
38165.333,432.1120
38176.000,432.1120
38186.667,432.1120
38197.333,434.6152
38208.000,434.6152
38218.667,434.6152
38229.333,434.6152
38240.000,437.1329
38250.667,437.1329
38261.333,439.6652
38272.000,439.6652
38282.667,439.6652
38293.333,442.2121
38304.000,439.6652
38314.667,439.6652
38325.333,437.1329
38336.000,437.1329
38346.667,437.1329
38357.333,434.6152
38368.000,432.1120
38378.667,432.1120
38389.333,432.1120
38400.000,434.6152
38410.667,434.6152
38421.333,437.1329
38432.000,442.2121
38442.667,455.1699
38453.333,457.8067
38464.000,452.5483
38474.667,449.9419
38485.333,447.3504
38496.000,444.7738
38506.667,444.7738
38517.333,444.7738
38528.000,444.7738
38538.667,442.2121
38549.333,442.2121
38560.000,442.2121
38570.667,442.2121
38581.333,444.7738
38592.000,449.9419
38602.667,449.9419
38613.333,460.4587
38624.000,471.2215
38634.667,473.9512
38645.333,476.6968
38656.000,479.4583
38666.667,479.4583
38677.333,479.4583
38688.000,479.4583
38698.667,479.4583
38709.333,479.4583
38720.000,479.4583
38730.667,476.6968
38741.333,471.2215
38752.000,471.2215
38762.667,471.2215
38773.333,468.5074
38784.000,468.5074
38794.667,473.9512
38805.333,476.6968
38816.000,476.6968
38826.667,476.6968
38837.333,473.9512
38848.000,476.6968
38858.667,417.3927
38869.333,417.3927
38880.000,414.9887
38890.667,412.5985
38901.333,412.5985
38912.000,412.5985
38922.667,412.5985
38933.333,412.5985
38944.000,412.5985
38954.667,412.5985
38965.333,412.5985
38976.000,412.5985
38986.667,412.5985
38997.333,412.5985
39008.000,412.5985
39018.667,412.5985
39029.333,414.9887
39040.000,414.9887
39050.667,414.9887
39061.333,412.5985
39072.000,412.5985
39082.667,412.5985
39093.333,412.5985
39104.000,412.5985
39114.667,412.5985
39125.333,412.5985
39136.000,412.5985
39146.667,412.5985
39157.333,414.9887
39168.000,414.9887
39178.667,417.3927
39189.333,417.3927
39200.000,417.3927
39210.667,414.9887
39221.333,414.9887
39232.000,414.9887
39242.667,417.3927
39253.333,422.2425
39264.000,422.2425
39274.667,424.6886
39285.333,424.6886
39296.000,427.1488
39306.667,432.1120
39317.333,434.6152
39328.000,437.1329
39338.667,439.6652
39349.333,437.1329
39360.000,437.1329
39370.667,429.6232
39381.333,427.1488
39392.000,424.6886
39402.667,422.2425
39413.333,422.2425
39424.000,422.2425
39434.667,422.2425
39445.333,422.2425
39456.000,422.2425
39466.667,419.8106
39477.333,419.8106
39488.000,414.9887
39498.667,410.2221
39509.333,405.5103
39520.000,400.8526
39530.667,393.9662
39541.333,382.7508
39552.000,367.5835
39562.667,359.1879
39573.333,359.1879
39584.000,361.2686
39594.667,365.4663
39605.333,371.8546
39616.000,376.1753
39626.667,376.1753
39637.333,376.1753
39648.000,376.1753
39658.667,374.0087
39669.333,374.0087
39680.000,367.5835
39690.667,353.0172
39701.333,346.9526
39712.000,346.9526
39722.667,348.9625
39733.333,353.0172
39744.000,355.0622
39754.667,357.1191
39765.333,361.2686
39776.000,365.4663
39786.667,371.8546
39797.333,374.0087
39808.000,374.0087
39818.667,374.0087
39829.333,369.7129
39840.000,365.4663
39850.667,363.3614
39861.333,359.1879
39872.000,355.0622
39882.667,353.0172
39893.333,350.9840
39904.000,350.9840
39914.667,353.0172
39925.333,355.0622
39936.000,359.1879
39946.667,365.4663
39957.333,371.8546
39968.000,376.1753
39978.667,376.1753
39989.333,376.1753
40000.000,374.0087
40010.667,369.7129
40021.333,365.4663
40032.000,359.1879
40042.667,353.0172
40053.333,350.9840
40064.000,350.9840
40074.667,353.0172
40085.333,353.0172
40096.000,353.0172
40106.667,355.0622
40117.333,357.1191
40128.000,363.3614
40138.667,363.3614
40149.333,361.2686
40160.000,359.1879
40170.667,359.1879
40181.333,0.0000
40192.000,0.0000
40202.667,0.0000
40213.333,0.0000
40224.000,0.0000
40234.667,0.0000
40245.333,0.0000
40256.000,0.0000
40266.667,0.0000
40277.333,0.0000
40288.000,0.0000
40298.667,0.0000
40309.333,531.9923
40320.000,531.9923
40330.667,538.1737
40341.333,538.1737
40352.000,535.0741
40362.667,535.0741
40373.333,525.8818
40384.000,525.8818
40394.667,516.8475
40405.333,507.9683
40416.000,493.5075
40426.667,496.3663
40437.333,502.1338
40448.000,502.1338
40458.667,499.2417
40469.333,499.2417
40480.000,496.3663
40490.667,499.2417
40501.333,499.2417
40512.000,499.2417
40522.667,496.3663
40533.333,496.3663
40544.000,499.2417
40554.667,502.1338
40565.333,510.9110
40576.000,516.8475
40586.667,522.8529
40597.333,522.8529
40608.000,519.8415
40618.667,513.8706
40629.333,519.8415
40640.000,538.1737
40650.667,541.2913
40661.333,541.2913
40672.000,541.2913
40682.667,541.2913
40693.333,538.1737
40704.000,541.2913
40714.667,544.4270
40725.333,547.5808
40736.000,547.5808
40746.667,550.7529
40757.333,550.7529
40768.000,550.7529
40778.667,621.7804
40789.333,618.1993
40800.000,611.0986
40810.667,544.4270
40821.333,538.1737
40832.000,531.9923
40842.667,528.9282
40853.333,522.8529
40864.000,516.8475
40874.667,505.0427
40885.333,505.0427
40896.000,516.8475
40906.667,528.9282
40917.333,544.4270
40928.000,553.9434
40938.667,563.6262
40949.333,566.8912
40960.000,570.1752
40970.667,570.1752
40981.333,570.1752
40992.000,566.8912
41002.667,563.6262
41013.333,553.9434
41024.000,538.1737
41034.667,525.8818
41045.333,519.8415
41056.000,525.8818
41066.667,525.8818
41077.333,516.8475
41088.000,510.9110
41098.667,505.0427
41109.333,502.1338
41120.000,502.1338
41130.667,499.2417
41141.333,499.2417
41152.000,502.1338
41162.667,499.2417
41173.333,499.2417
41184.000,487.8390
41194.667,479.4583
41205.333,468.5074
41216.000,463.1262
41226.667,455.1699
41237.333,449.9419
41248.000,439.6652
41258.667,437.1329
41269.333,437.1329
41280.000,437.1329
41290.667,439.6652
41301.333,439.6652
41312.000,439.6652
41322.667,442.2121
41333.333,439.6652
41344.000,439.6652
41354.667,439.6652
41365.333,439.6652
41376.000,439.6652
41386.667,439.6652
41397.333,439.6652
41408.000,439.6652
41418.667,437.1329
41429.333,437.1329
41440.000,439.6652
41450.667,439.6652
41461.333,442.2121
41472.000,442.2121
41482.667,417.3927
41493.333,400.8526
41504.000,400.8526
41514.667,0.0000
41525.333,0.0000
41536.000,0.0000
41546.667,0.0000
41557.333,0.0000
41568.000,0.0000
41578.667,0.0000
41589.333,0.0000
41600.000,0.0000
41610.667,0.0000
41621.333,0.0000
41632.000,0.0000
41642.667,0.0000
41653.333,0.0000
41664.000,0.0000
41674.667,0.0000
41685.333,0.0000
41696.000,414.9887
41706.667,414.9887
41717.333,414.9887
41728.000,414.9887
41738.667,414.9887
41749.333,414.9887
41760.000,414.9887
41770.667,414.9887
41781.333,414.9887
41792.000,414.9887
41802.667,414.9887
41813.333,412.5985
41824.000,412.5985
41834.667,412.5985
41845.333,412.5985
41856.000,414.9887
41866.667,412.5985
41877.333,412.5985
41888.000,412.5985
41898.667,412.5985
41909.333,412.5985
41920.000,357.1191
41930.667,355.0622
41941.333,353.0172
41952.000,353.0172
41962.667,353.0172
41973.333,355.0622
41984.000,325.5935
41994.667,323.7182
42005.333,323.7182
42016.000,323.7182
42026.667,325.5935
42037.333,325.5935
42048.000,0.0000
42058.667,0.0000
42069.333,0.0000
42080.000,0.0000
42090.667,0.0000
42101.333,0.0000
42112.000,0.0000
42122.667,0.0000
42133.333,323.7182
42144.000,325.5935
42154.667,323.7182
42165.333,321.8537
42176.000,0.0000
42186.667,0.0000
42197.333,0.0000
42208.000,0.0000
42218.667,0.0000
42229.333,0.0000
42240.000,0.0000
42250.667,0.0000
42261.333,0.0000
42272.000,0.0000
42282.667,323.7182
42293.333,325.5935
42304.000,325.5935
42314.667,325.5935
42325.333,325.5935
42336.000,323.7182
42346.667,321.8537
42357.333,320.0000
42368.000,318.1569
42378.667,318.1569
42389.333,321.8537
42400.000,323.7182
42410.667,325.5935
42421.333,325.5935
42432.000,0.0000
42442.667,0.0000
42453.333,0.0000
42464.000,0.0000
42474.667,223.6752
42485.333,223.6752
42496.000,223.6752
42506.667,219.8326
42517.333,216.0560
42528.000,0.0000
42538.667,0.0000
42549.333,0.0000
42560.000,0.0000
42570.667,213.5744
42581.333,213.5744
42592.000,213.5744
42602.667,213.5744
42613.333,213.5744
42624.000,214.8116
42634.667,217.3076
42645.333,219.8326
42656.000,219.8326
42666.667,219.8326
42677.333,219.8326
42688.000,217.3076
42698.667,0.0000
42709.333,0.0000
42720.000,0.0000
42730.667,211.1213
42741.333,212.3443
42752.000,211.1213
42762.667,212.3443
42773.333,212.3443
42784.000,213.5744
42794.667,214.8116
42805.333,216.0560
42816.000,216.0560
42826.667,218.5664
42837.333,221.1061
42848.000,221.1061
42858.667,221.1061
42869.333,0.0000
42880.000,0.0000
42890.667,0.0000
42901.333,213.5744
42912.000,212.3443
42922.667,211.1213
42933.333,211.1213
42944.000,212.3443
42954.667,212.3443
42965.333,213.5744
42976.000,213.5744
42986.667,213.5744
42997.333,214.8116
43008.000,216.0560
43018.667,218.5664
43029.333,221.1061
43040.000,223.6752
43050.667,223.6752
43061.333,221.1061
43072.000,221.1061
43082.667,219.8326
43093.333,0.0000
43104.000,0.0000
43114.667,0.0000
43125.333,212.3443
43136.000,211.1213
43146.667,211.1213
43157.333,211.1213
43168.000,212.3443
43178.667,213.5744
43189.333,213.5744
43200.000,217.3076
43210.667,0.0000
43221.333,0.0000
43232.000,0.0000
43242.667,0.0000
43253.333,0.0000
43264.000,0.0000
43274.667,0.0000
43285.333,422.2425
43296.000,419.8106
43306.667,414.9887
43317.333,414.9887
43328.000,417.3927
43338.667,419.8106
43349.333,422.2425
43360.000,427.1488
43370.667,432.1120
43381.333,437.1329
43392.000,442.2121
43402.667,444.7738
43413.333,447.3504
43424.000,447.3504
43434.667,442.2121
43445.333,437.1329
43456.000,434.6152
43466.667,429.6232
43477.333,429.6232
43488.000,424.6886
43498.667,422.2425
43509.333,419.8106
43520.000,417.3927
43530.667,417.3927
43541.333,437.1329
43552.000,437.1329
43562.667,434.6152
43573.333,424.6886
43584.000,419.8106
43594.667,424.6886
43605.333,427.1488
43616.000,437.1329
43626.667,437.1329
43637.333,439.6652
43648.000,434.6152
43658.667,432.1120
43669.333,429.6232
43680.000,427.1488
43690.667,424.6886
43701.333,424.6886
43712.000,0.0000
43722.667,0.0000
43733.333,0.0000
43744.000,0.0000
43754.667,0.0000
43765.333,0.0000
43776.000,0.0000
43786.667,0.0000
43797.333,0.0000
43808.000,0.0000
43818.667,0.0000
43829.333,0.0000
43840.000,0.0000
43850.667,0.0000
43861.333,0.0000
43872.000,0.0000
43882.667,0.0000
43893.333,0.0000
43904.000,0.0000
43914.667,0.0000
43925.333,0.0000
43936.000,0.0000
43946.667,0.0000
43957.333,0.0000
43968.000,0.0000
43978.667,0.0000
43989.333,0.0000
44000.000,0.0000
44010.667,0.0000
44021.333,0.0000
44032.000,0.0000
44042.667,0.0000
44053.333,0.0000
44064.000,0.0000
44074.667,0.0000
44085.333,0.0000
44096.000,0.0000
44106.667,0.0000
44117.333,0.0000
44128.000,0.0000
44138.667,0.0000
44149.333,0.0000
44160.000,0.0000
44170.667,0.0000
44181.333,0.0000
44192.000,0.0000
44202.667,0.0000
44213.333,0.0000
44224.000,0.0000
44234.667,0.0000
44245.333,0.0000
44256.000,0.0000
44266.667,0.0000
44277.333,0.0000
44288.000,0.0000
44298.667,0.0000
44309.333,0.0000
44320.000,0.0000
44330.667,0.0000
44341.333,0.0000
44352.000,0.0000
44362.667,0.0000
44373.333,0.0000
44384.000,0.0000
44394.667,0.0000
44405.333,0.0000
44416.000,0.0000
44426.667,0.0000
44437.333,0.0000
44448.000,0.0000
44458.667,0.0000
44469.333,0.0000
44480.000,0.0000
44490.667,0.0000
44501.333,0.0000
44512.000,0.0000
44522.667,0.0000
44533.333,0.0000
44544.000,0.0000
44554.667,0.0000
44565.333,0.0000
44576.000,0.0000
44586.667,0.0000
44597.333,0.0000
44608.000,0.0000
44618.667,0.0000
44629.333,0.0000
44640.000,0.0000
44650.667,0.0000
44661.333,0.0000
44672.000,0.0000
44682.667,0.0000
44693.333,0.0000
44704.000,0.0000
44714.667,0.0000
44725.333,0.0000
44736.000,0.0000
44746.667,0.0000
44757.333,0.0000
44768.000,0.0000
44778.667,0.0000
44789.333,0.0000
44800.000,0.0000
44810.667,0.0000
44821.333,0.0000
44832.000,0.0000
44842.667,0.0000
44853.333,0.0000
44864.000,0.0000
44874.667,0.0000
44885.333,0.0000
44896.000,0.0000
44906.667,0.0000
44917.333,0.0000
44928.000,0.0000
44938.667,0.0000
44949.333,0.0000
44960.000,0.0000
44970.667,0.0000
44981.333,0.0000
44992.000,0.0000
45002.667,0.0000
45013.333,0.0000
45024.000,0.0000
45034.667,0.0000
45045.333,0.0000
45056.000,0.0000
45066.667,0.0000
45077.333,0.0000
45088.000,0.0000
45098.667,0.0000
45109.333,0.0000
45120.000,0.0000
45130.667,0.0000
45141.333,0.0000
45152.000,0.0000
45162.667,0.0000
45173.333,0.0000
45184.000,0.0000
45194.667,0.0000
45205.333,0.0000
45216.000,0.0000
45226.667,0.0000
45237.333,0.0000
45248.000,0.0000
45258.667,0.0000
45269.333,0.0000
45280.000,0.0000
45290.667,0.0000
45301.333,0.0000
45312.000,0.0000
45322.667,0.0000
45333.333,0.0000
45344.000,432.1120
45354.667,429.6232
45365.333,427.1488
45376.000,427.1488
45386.667,424.6886
45397.333,419.8106
45408.000,412.5985
45418.667,410.2221
45429.333,410.2221
45440.000,427.1488
45450.667,432.1120
45461.333,427.1488
45472.000,424.6886
45482.667,422.2425
45493.333,387.1981
45504.000,384.9680
45514.667,380.5463
45525.333,0.0000
45536.000,424.6886
45546.667,427.1488
45557.333,429.6232
45568.000,429.6232
45578.667,432.1120
45589.333,429.6232
45600.000,424.6886
45610.667,414.9887
45621.333,393.9662
45632.000,391.6971
45642.667,389.4411
45653.333,405.5103
45664.000,414.9887
45674.667,410.2221
45685.333,432.1120
45696.000,0.0000
45706.667,0.0000
45717.333,0.0000
45728.000,0.0000
45738.667,0.0000
45749.333,0.0000
45760.000,0.0000
45770.667,476.6968
45781.333,482.2357
45792.000,485.0293
45802.667,487.8390
45813.333,490.6651
45824.000,490.6651
45834.667,490.6651
45845.333,490.6651
45856.000,490.6651
45866.667,490.6651
45877.333,490.6651
45888.000,493.5075
45898.667,487.8390
45909.333,0.0000
45920.000,0.0000
45930.667,0.0000
45941.333,0.0000
45952.000,0.0000
45962.667,0.0000
45973.333,0.0000
45984.000,0.0000
45994.667,0.0000
46005.333,0.0000
46016.000,145.8756
46026.667,145.8756
46037.333,145.8756
46048.000,145.8756
46058.667,146.7206
46069.333,146.7206
46080.000,146.7206
46090.667,147.5706
46101.333,146.7206
46112.000,145.8756
46122.667,145.0354
46133.333,144.2001
46144.000,144.2001
46154.667,143.3695
46165.333,145.0354
46176.000,145.8756
46186.667,151.8947
46197.333,0.0000
46208.000,0.0000
46218.667,0.0000
46229.333,0.0000
46240.000,0.0000
46250.667,0.0000
46261.333,0.0000
46272.000,0.0000
46282.667,0.0000
46293.333,0.0000
46304.000,0.0000
46314.667,0.0000
46325.333,0.0000
46336.000,0.0000
46346.667,0.0000
46357.333,0.0000
46368.000,0.0000
46378.667,0.0000
46389.333,0.0000
46400.000,206.2992
46410.667,206.2992
46421.333,206.2992
46432.000,206.2992
46442.667,206.2992
46453.333,206.2992
46464.000,205.1111
46474.667,202.7552
46485.333,202.7552
46496.000,202.7552
46506.667,201.5874
46517.333,202.7552
46528.000,202.7552
46538.667,202.7552
46549.333,202.7552
46560.000,202.7552
46570.667,202.7552
46581.333,205.1111
46592.000,205.1111
46602.667,205.1111
46613.333,203.9297
46624.000,203.9297
46634.667,203.9297
46645.333,203.9297
46656.000,203.9297
46666.667,203.9297
46677.333,202.7552
46688.000,0.0000
46698.667,0.0000
46709.333,0.0000
46720.000,0.0000
46730.667,0.0000
46741.333,0.0000
46752.000,0.0000
46762.667,0.0000
46773.333,0.0000
46784.000,0.0000
46794.667,0.0000
46805.333,444.7738
46816.000,442.2121
46826.667,429.6232
46837.333,429.6232
46848.000,429.6232
46858.667,432.1120
46869.333,434.6152
46880.000,437.1329
46890.667,437.1329
46901.333,434.6152
46912.000,432.1120
46922.667,429.6232
46933.333,429.6232
46944.000,429.6232
46954.667,429.6232
46965.333,429.6232
46976.000,427.1488
46986.667,422.2425
46997.333,419.8106
47008.000,424.6886
47018.667,434.6152
47029.333,434.6152
47040.000,427.1488
47050.667,424.6886
47061.333,424.6886
47072.000,424.6886
47082.667,424.6886
47093.333,0.0000
47104.000,0.0000
47114.667,0.0000
47125.333,0.0000
47136.000,0.0000
47146.667,0.0000
47157.333,0.0000
47168.000,0.0000
47178.667,0.0000
47189.333,359.1879
47200.000,353.0172
47210.667,371.8546
47221.333,371.8546
47232.000,380.5463
47242.667,382.7508
47253.333,384.9680
47264.000,393.9662
47274.667,407.8594
47285.333,419.8106
47296.000,422.2425
47306.667,419.8106
47317.333,419.8106
47328.000,419.8106
47338.667,419.8106
47349.333,424.6886
47360.000,422.2425
47370.667,419.8106
47381.333,419.8106
47392.000,419.8106
47402.667,424.6886
47413.333,429.6232
47424.000,434.6152
47434.667,437.1329
47445.333,437.1329
47456.000,439.6652
47466.667,439.6652
47477.333,439.6652
47488.000,439.6652
47498.667,442.2121
47509.333,439.6652
47520.000,439.6652
47530.667,437.1329
47541.333,0.0000
47552.000,0.0000
47562.667,0.0000
47573.333,0.0000
47584.000,0.0000
47594.667,427.1488
47605.333,432.1120
47616.000,432.1120
47626.667,437.1329
47637.333,439.6652
47648.000,444.7738
47658.667,447.3504
47669.333,449.9419
47680.000,452.5483
47690.667,449.9419
47701.333,444.7738
47712.000,442.2121
47722.667,437.1329
47733.333,429.6232
47744.000,424.6886
47754.667,422.2425
47765.333,424.6886
47776.000,427.1488
47786.667,429.6232
47797.333,432.1120
47808.000,432.1120
47818.667,437.1329
47829.333,439.6652
47840.000,444.7738
47850.667,444.7738
47861.333,444.7738
47872.000,442.2121
47882.667,439.6652
47893.333,434.6152
47904.000,432.1120
47914.667,429.6232
47925.333,424.6886
47936.000,419.8106
47946.667,419.8106
47957.333,419.8106
47968.000,422.2425
47978.667,427.1488
47989.333,0.0000
48000.000,0.0000
48010.667,0.0000
48021.333,442.2121
48032.000,444.7738
48042.667,444.7738
48053.333,444.7738
48064.000,444.7738
48074.667,439.6652
48085.333,437.1329
48096.000,432.1120
48106.667,427.1488
48117.333,424.6886
48128.000,422.2425
48138.667,422.2425
48149.333,422.2425
48160.000,424.6886
48170.667,0.0000
48181.333,0.0000
48192.000,0.0000
48202.667,0.0000
48213.333,0.0000
48224.000,0.0000
48234.667,0.0000
48245.333,0.0000
48256.000,0.0000
48266.667,0.0000
48277.333,0.0000
48288.000,0.0000
48298.667,0.0000
48309.333,0.0000
48320.000,0.0000
48330.667,0.0000
48341.333,0.0000
48352.000,0.0000
48362.667,0.0000
48373.333,0.0000
48384.000,0.0000
48394.667,0.0000
48405.333,0.0000
48416.000,0.0000
48426.667,0.0000
48437.333,0.0000
48448.000,0.0000
48458.667,0.0000
48469.333,0.0000
48480.000,0.0000
48490.667,0.0000
48501.333,0.0000
48512.000,0.0000
48522.667,0.0000
48533.333,0.0000
48544.000,0.0000
48554.667,0.0000
48565.333,0.0000
48576.000,0.0000
48586.667,0.0000
48597.333,0.0000
48608.000,0.0000
48618.667,0.0000
48629.333,0.0000
48640.000,0.0000
48650.667,0.0000
48661.333,0.0000
48672.000,0.0000
48682.667,0.0000
48693.333,0.0000
48704.000,0.0000
48714.667,0.0000
48725.333,0.0000
48736.000,0.0000
48746.667,0.0000
48757.333,0.0000
48768.000,0.0000
48778.667,0.0000
48789.333,0.0000
48800.000,0.0000
48810.667,0.0000
48821.333,0.0000
48832.000,0.0000
48842.667,0.0000
48853.333,0.0000
48864.000,0.0000
48874.667,0.0000
48885.333,0.0000
48896.000,0.0000
48906.667,0.0000
48917.333,0.0000
48928.000,0.0000
48938.667,0.0000
48949.333,0.0000
48960.000,0.0000
48970.667,0.0000
48981.333,0.0000
48992.000,0.0000
49002.667,0.0000
49013.333,0.0000
49024.000,0.0000
49034.667,0.0000
49045.333,0.0000
49056.000,0.0000
49066.667,0.0000
49077.333,0.0000
49088.000,0.0000
49098.667,0.0000
49109.333,0.0000
49120.000,0.0000
49130.667,0.0000
49141.333,0.0000
49152.000,0.0000
49162.667,0.0000
49173.333,0.0000
49184.000,0.0000
49194.667,0.0000
49205.333,0.0000
49216.000,0.0000
49226.667,0.0000
49237.333,0.0000
49248.000,0.0000
49258.667,0.0000
49269.333,0.0000
49280.000,0.0000
49290.667,0.0000
49301.333,0.0000
49312.000,0.0000
49322.667,0.0000
49333.333,0.0000
49344.000,0.0000
49354.667,0.0000
49365.333,0.0000
49376.000,0.0000
49386.667,0.0000
49397.333,0.0000
49408.000,0.0000
49418.667,0.0000
49429.333,0.0000
49440.000,0.0000
49450.667,0.0000
49461.333,0.0000
49472.000,0.0000
49482.667,0.0000
49493.333,0.0000
49504.000,0.0000
49514.667,0.0000
49525.333,0.0000
49536.000,0.0000
49546.667,0.0000
49557.333,0.0000
49568.000,0.0000
49578.667,0.0000
49589.333,0.0000
49600.000,0.0000
49610.667,0.0000
49621.333,0.0000
49632.000,0.0000
49642.667,0.0000
49653.333,0.0000
49664.000,0.0000
49674.667,0.0000
49685.333,0.0000
49696.000,0.0000
49706.667,0.0000
49717.333,0.0000
49728.000,0.0000
49738.667,0.0000
49749.333,0.0000
49760.000,0.0000
49770.667,0.0000
49781.333,0.0000
49792.000,0.0000
49802.667,0.0000
49813.333,0.0000
49824.000,0.0000
49834.667,0.0000
49845.333,0.0000
49856.000,0.0000
49866.667,0.0000
49877.333,0.0000
49888.000,0.0000
49898.667,0.0000
49909.333,0.0000
49920.000,0.0000
49930.667,0.0000
49941.333,0.0000
49952.000,0.0000
49962.667,0.0000
49973.333,0.0000
49984.000,0.0000
49994.667,0.0000
50005.333,0.0000
50016.000,0.0000
50026.667,0.0000
50037.333,0.0000
50048.000,0.0000
50058.667,0.0000
50069.333,0.0000
50080.000,0.0000
50090.667,0.0000
50101.333,0.0000
50112.000,0.0000
50122.667,0.0000
50133.333,0.0000
50144.000,0.0000
50154.667,0.0000
50165.333,0.0000
50176.000,0.0000
50186.667,0.0000
50197.333,0.0000
50208.000,0.0000
50218.667,0.0000
50229.333,0.0000
50240.000,0.0000
50250.667,0.0000
50261.333,0.0000
50272.000,0.0000
50282.667,0.0000
50293.333,0.0000
50304.000,0.0000
50314.667,0.0000
50325.333,0.0000
50336.000,0.0000
50346.667,0.0000
50357.333,0.0000
50368.000,0.0000
50378.667,0.0000
50389.333,0.0000
50400.000,0.0000
50410.667,0.0000
50421.333,0.0000
50432.000,0.0000
50442.667,0.0000
50453.333,0.0000
50464.000,0.0000
50474.667,0.0000
50485.333,0.0000
50496.000,0.0000
50506.667,0.0000
50517.333,0.0000
50528.000,0.0000
50538.667,0.0000
50549.333,0.0000
50560.000,0.0000
50570.667,0.0000
50581.333,0.0000
50592.000,0.0000
50602.667,0.0000
50613.333,0.0000
50624.000,0.0000
50634.667,0.0000
50645.333,0.0000
50656.000,0.0000
50666.667,0.0000
50677.333,0.0000
50688.000,0.0000
50698.667,0.0000
50709.333,0.0000
50720.000,0.0000
50730.667,0.0000
50741.333,0.0000
50752.000,427.1488
50762.667,427.1488
50773.333,424.6886
50784.000,424.6886
50794.667,427.1488
50805.333,427.1488
50816.000,429.6232
50826.667,434.6152
50837.333,437.1329
50848.000,439.6652
50858.667,439.6652
50869.333,439.6652
50880.000,439.6652
50890.667,439.6652
50901.333,439.6652
50912.000,439.6652
50922.667,434.6152
50933.333,432.1120
50944.000,429.6232
50954.667,427.1488
50965.333,429.6232
50976.000,429.6232
50986.667,432.1120
50997.333,437.1329
51008.000,439.6652
51018.667,442.2121
51029.333,444.7738
51040.000,444.7738
51050.667,447.3504
51061.333,447.3504
51072.000,444.7738
51082.667,442.2121
51093.333,442.2121
51104.000,434.6152
51114.667,427.1488
51125.333,424.6886
51136.000,424.6886
51146.667,424.6886
51157.333,427.1488
51168.000,427.1488
51178.667,429.6232
51189.333,432.1120
51200.000,0.0000
51210.667,0.0000
51221.333,0.0000
51232.000,0.0000
51242.667,0.0000
51253.333,0.0000
51264.000,0.0000
51274.667,0.0000
51285.333,0.0000
51296.000,0.0000
51306.667,0.0000
51317.333,0.0000
51328.000,0.0000
51338.667,0.0000
51349.333,0.0000
51360.000,0.0000
51370.667,0.0000
51381.333,0.0000
51392.000,0.0000
51402.667,0.0000
51413.333,0.0000
51424.000,0.0000
51434.667,0.0000
51445.333,0.0000
51456.000,0.0000
51466.667,0.0000
51477.333,0.0000
51488.000,0.0000
51498.667,0.0000
51509.333,0.0000
51520.000,0.0000
51530.667,0.0000
51541.333,0.0000
51552.000,0.0000
51562.667,0.0000
51573.333,0.0000
51584.000,0.0000
51594.667,0.0000
51605.333,0.0000
51616.000,0.0000
51626.667,0.0000
51637.333,0.0000
51648.000,0.0000
51658.667,0.0000
51669.333,0.0000
51680.000,0.0000
51690.667,0.0000
51701.333,0.0000
51712.000,0.0000
51722.667,0.0000
51733.333,0.0000
51744.000,0.0000
51754.667,0.0000
51765.333,0.0000
51776.000,0.0000
51786.667,0.0000
51797.333,0.0000
51808.000,0.0000
51818.667,0.0000
51829.333,0.0000
51840.000,0.0000
51850.667,0.0000
51861.333,0.0000
51872.000,0.0000
51882.667,0.0000
51893.333,0.0000
51904.000,0.0000
51914.667,0.0000
51925.333,0.0000
51936.000,0.0000
51946.667,0.0000
51957.333,0.0000
51968.000,0.0000
51978.667,0.0000
51989.333,0.0000
52000.000,0.0000
52010.667,0.0000
52021.333,0.0000
52032.000,0.0000
52042.667,0.0000
52053.333,0.0000
52064.000,0.0000
52074.667,0.0000
52085.333,0.0000
52096.000,0.0000
52106.667,0.0000
52117.333,0.0000
52128.000,0.0000
52138.667,0.0000
52149.333,0.0000
52160.000,0.0000
52170.667,0.0000
52181.333,0.0000
52192.000,0.0000
52202.667,0.0000
52213.333,0.0000
52224.000,0.0000
52234.667,0.0000
52245.333,0.0000
52256.000,0.0000
52266.667,0.0000
52277.333,0.0000
52288.000,0.0000
52298.667,0.0000
52309.333,0.0000
52320.000,0.0000
52330.667,0.0000
52341.333,0.0000
52352.000,0.0000
52362.667,0.0000
52373.333,0.0000
52384.000,0.0000
52394.667,0.0000
52405.333,0.0000
52416.000,0.0000
52426.667,0.0000
52437.333,0.0000
52448.000,0.0000
52458.667,0.0000
52469.333,0.0000
52480.000,0.0000
52490.667,0.0000
52501.333,0.0000
52512.000,0.0000
52522.667,0.0000
52533.333,0.0000
52544.000,0.0000
52554.667,0.0000
52565.333,0.0000
52576.000,0.0000
52586.667,0.0000
52597.333,0.0000
52608.000,0.0000
52618.667,0.0000
52629.333,0.0000
52640.000,0.0000
52650.667,0.0000
52661.333,0.0000
52672.000,0.0000
52682.667,0.0000
52693.333,0.0000
52704.000,0.0000
52714.667,0.0000
52725.333,0.0000
52736.000,0.0000
52746.667,0.0000
52757.333,0.0000
52768.000,0.0000
52778.667,0.0000
52789.333,0.0000
52800.000,0.0000
52810.667,0.0000
52821.333,0.0000
52832.000,0.0000
52842.667,0.0000
52853.333,0.0000
52864.000,0.0000
52874.667,0.0000
52885.333,0.0000
52896.000,0.0000
52906.667,0.0000
52917.333,0.0000
52928.000,0.0000
52938.667,0.0000
52949.333,0.0000
52960.000,0.0000
52970.667,0.0000
52981.333,0.0000
52992.000,0.0000
53002.667,0.0000
53013.333,0.0000
53024.000,0.0000
53034.667,0.0000
53045.333,0.0000
53056.000,0.0000
53066.667,0.0000
53077.333,0.0000
53088.000,0.0000
53098.667,0.0000
53109.333,0.0000
53120.000,0.0000
53130.667,0.0000
53141.333,0.0000
53152.000,0.0000
53162.667,0.0000
53173.333,0.0000
53184.000,0.0000
53194.667,0.0000
53205.333,0.0000
53216.000,0.0000
53226.667,0.0000
53237.333,0.0000
53248.000,0.0000
53258.667,0.0000
53269.333,0.0000
53280.000,0.0000
53290.667,0.0000
53301.333,0.0000
53312.000,0.0000
53322.667,0.0000
53333.333,0.0000
53344.000,0.0000
53354.667,0.0000
53365.333,0.0000
53376.000,0.0000
53386.667,0.0000
53397.333,0.0000
53408.000,0.0000
53418.667,0.0000
53429.333,0.0000
53440.000,0.0000
53450.667,0.0000
53461.333,0.0000
53472.000,0.0000
53482.667,0.0000
53493.333,0.0000
53504.000,0.0000
53514.667,0.0000
53525.333,0.0000
53536.000,0.0000
53546.667,0.0000
53557.333,0.0000
53568.000,0.0000
53578.667,0.0000
53589.333,0.0000
53600.000,0.0000
53610.667,0.0000
53621.333,0.0000
53632.000,0.0000
53642.667,0.0000
53653.333,0.0000
53664.000,0.0000
53674.667,0.0000
53685.333,0.0000
53696.000,0.0000
53706.667,0.0000
53717.333,0.0000
53728.000,0.0000
53738.667,0.0000
53749.333,0.0000
53760.000,0.0000
53770.667,0.0000
53781.333,0.0000
53792.000,0.0000
53802.667,0.0000
53813.333,0.0000
53824.000,0.0000
53834.667,0.0000
53845.333,0.0000
53856.000,0.0000
53866.667,0.0000
53877.333,0.0000
53888.000,0.0000
53898.667,0.0000
53909.333,0.0000
53920.000,0.0000
53930.667,0.0000
53941.333,0.0000
53952.000,0.0000
53962.667,0.0000
53973.333,0.0000
53984.000,0.0000
53994.667,0.0000
54005.333,0.0000
54016.000,0.0000
54026.667,0.0000
54037.333,0.0000
54048.000,1063.9845
54058.667,1063.9845
54069.333,1076.3474
54080.000,1070.1481
54090.667,1063.9845
54101.333,1057.8564
54112.000,0.0000
54122.667,0.0000
54133.333,0.0000
54144.000,0.0000
54154.667,0.0000
54165.333,0.0000
54176.000,0.0000
54186.667,0.0000
54197.333,0.0000
54208.000,0.0000
54218.667,0.0000
54229.333,0.0000
54240.000,0.0000
54250.667,0.0000
54261.333,0.0000
54272.000,0.0000
54282.667,0.0000
54293.333,0.0000
54304.000,0.0000
54314.667,0.0000
54325.333,0.0000
54336.000,0.0000
54346.667,0.0000
54357.333,0.0000
54368.000,0.0000
54378.667,0.0000
54389.333,0.0000
54400.000,0.0000
54410.667,0.0000
54421.333,0.0000
54432.000,0.0000
54442.667,0.0000
54453.333,0.0000
54464.000,0.0000
54474.667,0.0000
54485.333,0.0000
54496.000,0.0000
54506.667,0.0000
54517.333,0.0000
54528.000,0.0000
54538.667,0.0000
54549.333,0.0000
54560.000,0.0000
54570.667,0.0000
54581.333,0.0000
54592.000,0.0000
54602.667,0.0000
54613.333,0.0000
54624.000,0.0000
54634.667,0.0000
54645.333,0.0000
54656.000,0.0000
54666.667,0.0000
54677.333,0.0000
54688.000,0.0000
54698.667,0.0000
54709.333,0.0000
54720.000,0.0000
54730.667,0.0000
54741.333,0.0000
54752.000,0.0000
54762.667,0.0000
54773.333,0.0000
54784.000,0.0000
54794.667,0.0000
54805.333,0.0000
54816.000,0.0000
54826.667,0.0000
54837.333,0.0000
54848.000,0.0000
54858.667,0.0000
54869.333,0.0000
54880.000,0.0000
54890.667,0.0000
54901.333,0.0000
54912.000,0.0000
54922.667,0.0000
54933.333,0.0000
54944.000,0.0000
54954.667,0.0000
54965.333,0.0000
54976.000,0.0000
54986.667,0.0000
54997.333,0.0000
55008.000,0.0000
55018.667,0.0000
55029.333,0.0000
55040.000,0.0000
55050.667,0.0000
55061.333,0.0000
55072.000,0.0000
55082.667,0.0000
55093.333,0.0000
55104.000,0.0000
55114.667,0.0000
55125.333,0.0000
55136.000,0.0000
55146.667,0.0000
55157.333,0.0000
55168.000,0.0000
55178.667,0.0000
55189.333,0.0000
55200.000,0.0000
55210.667,0.0000
55221.333,0.0000
55232.000,0.0000
55242.667,0.0000
55253.333,0.0000
55264.000,0.0000
55274.667,0.0000
55285.333,0.0000
55296.000,0.0000
55306.667,0.0000
55317.333,0.0000
55328.000,0.0000
55338.667,0.0000
55349.333,0.0000
55360.000,0.0000
55370.667,0.0000
55381.333,0.0000
55392.000,0.0000
55402.667,0.0000
55413.333,0.0000
55424.000,0.0000
55434.667,0.0000
55445.333,0.0000
55456.000,0.0000
55466.667,0.0000
55477.333,0.0000
55488.000,0.0000
55498.667,0.0000
55509.333,0.0000
55520.000,0.0000
55530.667,0.0000
55541.333,0.0000
55552.000,0.0000
55562.667,0.0000
55573.333,0.0000
55584.000,0.0000
55594.667,0.0000
55605.333,0.0000
55616.000,0.0000
55626.667,0.0000
55637.333,0.0000
55648.000,0.0000
55658.667,0.0000
55669.333,0.0000
55680.000,0.0000
55690.667,0.0000
55701.333,0.0000
55712.000,0.0000
55722.667,0.0000
55733.333,0.0000
55744.000,0.0000
55754.667,0.0000
55765.333,0.0000
55776.000,0.0000
55786.667,0.0000
55797.333,0.0000
55808.000,0.0000
55818.667,0.0000
55829.333,0.0000
55840.000,0.0000
55850.667,0.0000
55861.333,0.0000
55872.000,0.0000
55882.667,0.0000
55893.333,0.0000
55904.000,0.0000
55914.667,0.0000
55925.333,0.0000
55936.000,0.0000
55946.667,0.0000
55957.333,0.0000
55968.000,0.0000
55978.667,0.0000
55989.333,0.0000
56000.000,0.0000
56010.667,0.0000
56021.333,0.0000
56032.000,0.0000
56042.667,0.0000
56053.333,0.0000
56064.000,0.0000
56074.667,0.0000
56085.333,0.0000
56096.000,0.0000
56106.667,0.0000
56117.333,0.0000
56128.000,0.0000
56138.667,0.0000
56149.333,0.0000
56160.000,0.0000
56170.667,0.0000
56181.333,0.0000
56192.000,0.0000
56202.667,0.0000
56213.333,0.0000
56224.000,0.0000
56234.667,0.0000
56245.333,0.0000
56256.000,0.0000
56266.667,0.0000
56277.333,0.0000
56288.000,0.0000
56298.667,0.0000
56309.333,0.0000
56320.000,0.0000
56330.667,0.0000
56341.333,0.0000
56352.000,0.0000
56362.667,0.0000
56373.333,0.0000
56384.000,0.0000
56394.667,0.0000
56405.333,0.0000
56416.000,0.0000
56426.667,0.0000
56437.333,0.0000
56448.000,0.0000
56458.667,0.0000
56469.333,0.0000
56480.000,0.0000
56490.667,0.0000
56501.333,0.0000
56512.000,0.0000
56522.667,0.0000
56533.333,0.0000
56544.000,0.0000
56554.667,0.0000
56565.333,0.0000
56576.000,0.0000
56586.667,0.0000
56597.333,0.0000
56608.000,0.0000
56618.667,0.0000
56629.333,0.0000
56640.000,0.0000
56650.667,0.0000
56661.333,0.0000
56672.000,0.0000
56682.667,0.0000
56693.333,0.0000
56704.000,0.0000
56714.667,0.0000
56725.333,0.0000
56736.000,0.0000
56746.667,0.0000
56757.333,0.0000
56768.000,0.0000
56778.667,0.0000
56789.333,0.0000
56800.000,0.0000
56810.667,0.0000
56821.333,0.0000
56832.000,0.0000
56842.667,0.0000
56853.333,0.0000
56864.000,0.0000
56874.667,0.0000
56885.333,0.0000
56896.000,0.0000
56906.667,0.0000
56917.333,0.0000
56928.000,0.0000
56938.667,0.0000
56949.333,0.0000
56960.000,0.0000
56970.667,0.0000
56981.333,0.0000
56992.000,0.0000
57002.667,0.0000
57013.333,0.0000
57024.000,0.0000
57034.667,0.0000
57045.333,0.0000
57056.000,0.0000
57066.667,0.0000
57077.333,0.0000
57088.000,0.0000
57098.667,0.0000
57109.333,0.0000
57120.000,0.0000
57130.667,0.0000
57141.333,0.0000
57152.000,0.0000
57162.667,0.0000
57173.333,0.0000
57184.000,0.0000
57194.667,0.0000
57205.333,0.0000
57216.000,0.0000
57226.667,0.0000
57237.333,0.0000
57248.000,0.0000
57258.667,0.0000
57269.333,0.0000
57280.000,0.0000
57290.667,0.0000
57301.333,0.0000
57312.000,0.0000
57322.667,0.0000
57333.333,0.0000
57344.000,0.0000
57354.667,0.0000
57365.333,0.0000
57376.000,0.0000
57386.667,0.0000
57397.333,0.0000
57408.000,0.0000
57418.667,0.0000
57429.333,0.0000
57440.000,0.0000
57450.667,0.0000
57461.333,0.0000
57472.000,0.0000
57482.667,0.0000
57493.333,0.0000
57504.000,0.0000
57514.667,0.0000
57525.333,0.0000
57536.000,0.0000
57546.667,0.0000
57557.333,0.0000
57568.000,0.0000
57578.667,0.0000
57589.333,0.0000
57600.000,0.0000
57610.667,0.0000
57621.333,0.0000
57632.000,0.0000
57642.667,0.0000
57653.333,0.0000
57664.000,0.0000
57674.667,0.0000
57685.333,0.0000
57696.000,0.0000
57706.667,0.0000
57717.333,0.0000
57728.000,0.0000
57738.667,0.0000
57749.333,0.0000
57760.000,0.0000
57770.667,0.0000
57781.333,0.0000
57792.000,0.0000
57802.667,0.0000
57813.333,0.0000
57824.000,0.0000
57834.667,0.0000
57845.333,0.0000
57856.000,0.0000
57866.667,0.0000
57877.333,0.0000
57888.000,0.0000
57898.667,0.0000
57909.333,0.0000
57920.000,0.0000
57930.667,0.0000
57941.333,0.0000
57952.000,0.0000
57962.667,0.0000
57973.333,0.0000
57984.000,0.0000
57994.667,0.0000
58005.333,0.0000
58016.000,0.0000
58026.667,0.0000
58037.333,0.0000
58048.000,0.0000
58058.667,0.0000
58069.333,0.0000
58080.000,0.0000
58090.667,0.0000
58101.333,0.0000
58112.000,0.0000
58122.667,0.0000
58133.333,0.0000
58144.000,0.0000
58154.667,0.0000
58165.333,0.0000
58176.000,0.0000
58186.667,0.0000
58197.333,0.0000
58208.000,0.0000
58218.667,0.0000
58229.333,0.0000
58240.000,0.0000
58250.667,0.0000
58261.333,0.0000
58272.000,0.0000
58282.667,0.0000
58293.333,0.0000
58304.000,0.0000
58314.667,0.0000
58325.333,0.0000
58336.000,0.0000
58346.667,0.0000
58357.333,0.0000
58368.000,0.0000
58378.667,0.0000
58389.333,0.0000
58400.000,0.0000
58410.667,0.0000
58421.333,0.0000
58432.000,0.0000
58442.667,0.0000
58453.333,0.0000
58464.000,0.0000
58474.667,0.0000
58485.333,0.0000
58496.000,0.0000
58506.667,0.0000
58517.333,0.0000
58528.000,0.0000
58538.667,0.0000
58549.333,0.0000
58560.000,0.0000
58570.667,0.0000
58581.333,0.0000
58592.000,0.0000
58602.667,0.0000
58613.333,0.0000
58624.000,0.0000
58634.667,0.0000
58645.333,0.0000
58656.000,0.0000
58666.667,0.0000
58677.333,0.0000
58688.000,0.0000
58698.667,0.0000
58709.333,0.0000
58720.000,0.0000
58730.667,0.0000
58741.333,0.0000
58752.000,0.0000
58762.667,0.0000
58773.333,0.0000
58784.000,0.0000
58794.667,0.0000
58805.333,0.0000
58816.000,0.0000
58826.667,0.0000
58837.333,0.0000
58848.000,0.0000
58858.667,0.0000
58869.333,0.0000
58880.000,0.0000
58890.667,0.0000
58901.333,0.0000
58912.000,0.0000
58922.667,0.0000
58933.333,0.0000
58944.000,0.0000
58954.667,0.0000
58965.333,0.0000
58976.000,0.0000
58986.667,0.0000
58997.333,0.0000
59008.000,0.0000
59018.667,0.0000
59029.333,0.0000
59040.000,0.0000
59050.667,0.0000
59061.333,0.0000
59072.000,0.0000
59082.667,0.0000
59093.333,0.0000
59104.000,0.0000
59114.667,0.0000
59125.333,0.0000
59136.000,0.0000
59146.667,0.0000
59157.333,0.0000
59168.000,0.0000
59178.667,0.0000
59189.333,0.0000
59200.000,0.0000
59210.667,0.0000
59221.333,0.0000
59232.000,0.0000
59242.667,0.0000
59253.333,0.0000
59264.000,0.0000
59274.667,0.0000
59285.333,0.0000
59296.000,0.0000
59306.667,0.0000
59317.333,0.0000
59328.000,0.0000
59338.667,0.0000
59349.333,0.0000
59360.000,0.0000
59370.667,0.0000
59381.333,0.0000
59392.000,0.0000
59402.667,0.0000
59413.333,0.0000
59424.000,0.0000
59434.667,0.0000
59445.333,0.0000
59456.000,0.0000
59466.667,0.0000
59477.333,0.0000
59488.000,0.0000
59498.667,0.0000
59509.333,0.0000
59520.000,0.0000
59530.667,0.0000
59541.333,0.0000
59552.000,0.0000
59562.667,0.0000
59573.333,0.0000
59584.000,0.0000
59594.667,0.0000
59605.333,0.0000
59616.000,0.0000
59626.667,0.0000
59637.333,0.0000
59648.000,0.0000
59658.667,0.0000
59669.333,0.0000
59680.000,0.0000
59690.667,0.0000
59701.333,0.0000
59712.000,0.0000
59722.667,0.0000
59733.333,0.0000
59744.000,0.0000
59754.667,0.0000
59765.333,0.0000
59776.000,0.0000
59786.667,0.0000
59797.333,0.0000
59808.000,0.0000
59818.667,0.0000
59829.333,0.0000
59840.000,0.0000
59850.667,0.0000
59861.333,1088.8540
59872.000,1033.6949
59882.667,1070.1481
59893.333,1088.8540
59904.000,1082.5826
59914.667,1095.1616
59925.333,1095.1616
59936.000,1015.9367
59946.667,1021.8219
59957.333,0.0000
59968.000,0.0000
59978.667,0.0000
59989.333,0.0000
60000.000,0.0000
60010.667,0.0000
60021.333,0.0000
60032.000,0.0000
60042.667,0.0000
60053.333,0.0000
60064.000,0.0000
60074.667,0.0000
60085.333,0.0000
60096.000,0.0000
60106.667,0.0000
60117.333,0.0000
60128.000,0.0000
60138.667,0.0000
60149.333,0.0000
60160.000,0.0000
60170.667,0.0000
60181.333,0.0000
60192.000,0.0000
60202.667,0.0000
60213.333,0.0000
60224.000,0.0000
60234.667,0.0000
60245.333,0.0000
60256.000,0.0000
60266.667,0.0000
60277.333,0.0000
60288.000,0.0000
60298.667,0.0000
60309.333,0.0000
60320.000,0.0000
60330.667,0.0000
60341.333,0.0000
60352.000,0.0000
60362.667,0.0000
60373.333,0.0000
60384.000,0.0000
60394.667,0.0000
60405.333,0.0000
60416.000,0.0000
60426.667,0.0000
60437.333,0.0000
60448.000,0.0000
60458.667,0.0000
60469.333,0.0000
60480.000,0.0000
60490.667,0.0000
60501.333,0.0000
60512.000,0.0000
60522.667,0.0000
60533.333,219.8326
60544.000,208.6963
60554.667,189.1772
60565.333,185.9273
60576.000,203.9297
60586.667,227.5850
60597.333,227.5850
60608.000,235.6107
60618.667,234.2537
60629.333,235.6107
60640.000,238.3484
60650.667,245.3325
60661.333,249.6209
60672.000,255.4555
60682.667,258.4237
60693.333,259.9208
60704.000,262.9409
60714.667,264.4641
60725.333,267.5370
60736.000,270.6457
60746.667,270.6457
60757.333,270.6457
60768.000,270.6457
60778.667,272.2135
60789.333,273.7904
60800.000,273.7904
60810.667,275.3765
60821.333,276.9717
60832.000,276.9717
60842.667,278.5762
60853.333,278.5762
60864.000,280.1900
60874.667,283.4456
60885.333,286.7391
60896.000,291.7512
60906.667,300.3002
60917.333,316.3245
60928.000,337.0755
60938.667,339.0282
60949.333,340.9922
60960.000,337.0755
60970.667,333.2039
60981.333,327.4796
60992.000,329.3767
