timestamp_ms,frequency_hz
0.000,312.6912
10.667,310.8902
21.333,309.0996
32.000,305.5493
42.667,303.7895
53.333,302.0398
64.000,300.3002
74.667,298.5706
85.333,300.3002
96.000,305.5493
106.667,312.6912
117.333,316.3245
128.000,316.3245
138.667,316.3245
149.333,316.3245
160.000,314.5026
170.667,296.8509
181.333,298.5706
192.000,298.5706
202.667,305.5493
213.333,310.8902
224.000,309.0996
234.667,307.3193
245.333,303.7895
256.000,302.0398
266.667,307.3193
277.333,310.8902
288.000,309.0996
298.667,307.3193
309.333,303.7895
320.000,298.5706
330.667,298.5706
341.333,296.8509
352.000,0.0000
362.667,0.0000
373.333,0.0000
384.000,0.0000
394.667,0.0000
405.333,0.0000
416.000,0.0000
426.667,241.1179
437.333,231.5631
448.000,232.9045
458.667,231.5631
469.333,230.2294
480.000,219.8326
490.667,218.5664
501.333,227.5850
512.000,231.5631
522.667,234.2537
533.333,241.1179
544.000,230.2294
554.667,228.9033
565.333,228.9033
576.000,228.9033
586.667,227.5850
597.333,209.9053
608.000,219.8326
618.667,238.3484
629.333,241.1179
640.000,253.9842
650.667,252.5213
661.333,249.6209
672.000,246.7537
682.667,241.1179
693.333,230.2294
704.000,227.5850
714.667,228.9033
725.333,234.2537
736.000,234.2537
746.667,234.2537
757.333,232.9045
768.000,234.2537
778.667,235.6107
789.333,236.9756
800.000,238.3484
810.667,0.0000
821.333,0.0000
832.000,0.0000
842.667,0.0000
853.333,0.0000
864.000,0.0000
874.667,0.0000
885.333,0.0000
896.000,0.0000
906.667,0.0000
917.333,0.0000
928.000,0.0000
938.667,0.0000
949.333,0.0000
960.000,0.0000
970.667,0.0000
981.333,0.0000
992.000,0.0000
1002.667,0.0000
1013.333,0.0000
1024.000,0.0000
1034.667,0.0000
1045.333,0.0000
1056.000,0.0000
1066.667,0.0000
1077.333,0.0000
1088.000,0.0000
1098.667,0.0000
1109.333,316.3245
1120.000,316.3245
1130.667,320.0000
1141.333,320.0000
1152.000,320.0000
1162.667,318.1569
1173.333,314.5026
1184.000,305.5493
1194.667,300.3002
1205.333,298.5706
1216.000,300.3002
1226.667,303.7895
1237.333,309.0996
1248.000,312.6912
1258.667,314.5026
1269.333,316.3245
1280.000,309.0996
1290.667,267.5370
1301.333,243.9195
1312.000,248.1832
1322.667,256.9353
1333.333,259.9208
1344.000,261.4265
1354.667,261.4265
1365.333,261.4265
1376.000,258.4237
1386.667,245.3325
1397.333,239.7291
1408.000,242.5147
1418.667,213.5744
1429.333,202.7552
1440.000,200.4263
1450.667,223.6752
1461.333,223.6752
1472.000,0.0000
1482.667,0.0000
1493.333,0.0000
1504.000,0.0000
1514.667,0.0000
1525.333,310.8902
1536.000,305.5493
1546.667,310.8902
1557.333,314.5026
1568.000,314.5026
1578.667,314.5026
1589.333,312.6912
1600.000,309.0996
1610.667,309.0996
1621.333,309.0996
1632.000,309.0996
1642.667,309.0996
1653.333,310.8902
1664.000,310.8902
1674.667,314.5026
1685.333,316.3245
1696.000,318.1569
1706.667,318.1569
1717.333,316.3245
1728.000,314.5026
1738.667,312.6912
1749.333,310.8902
1760.000,309.0996
1770.667,307.3193
1781.333,305.5493
1792.000,305.5493
1802.667,305.5493
1813.333,307.3193
1824.000,310.8902
1834.667,314.5026
1845.333,316.3245
1856.000,316.3245
1866.667,316.3245
1877.333,309.0996
1888.000,303.7895
1898.667,303.7895
1909.333,307.3193
1920.000,312.6912
1930.667,298.5706
1941.333,329.3767
1952.000,329.3767
1962.667,0.0000
1973.333,0.0000
1984.000,0.0000
1994.667,0.0000
2005.333,0.0000
2016.000,0.0000
2026.667,0.0000
2037.333,0.0000
2048.000,0.0000
2058.667,0.0000
2069.333,0.0000
2080.000,0.0000
2090.667,0.0000
2101.333,0.0000
2112.000,0.0000
2122.667,0.0000
2133.333,0.0000
2144.000,0.0000
2154.667,0.0000
2165.333,0.0000
2176.000,0.0000
2186.667,0.0000
2197.333,0.0000
2208.000,0.0000
2218.667,0.0000
2229.333,0.0000
2240.000,0.0000
2250.667,0.0000
2261.333,0.0000
2272.000,0.0000
2282.667,0.0000
2293.333,0.0000
2304.000,0.0000
2314.667,0.0000
2325.333,0.0000
2336.000,0.0000
2346.667,0.0000
2357.333,0.0000
2368.000,303.7895
2378.667,303.7895
2389.333,309.0996
2400.000,309.0996
2410.667,310.8902
2421.333,310.8902
2432.000,309.0996
2442.667,0.0000
2453.333,0.0000
2464.000,0.0000
2474.667,0.0000
2485.333,0.0000
2496.000,320.0000
2506.667,318.1569
2517.333,316.3245
2528.000,316.3245
2538.667,314.5026
2549.333,312.6912
2560.000,303.7895
2570.667,293.4413
2581.333,291.7512
2592.000,290.0708
2602.667,291.7512
2613.333,300.3002
2624.000,300.3002
2634.667,300.3002
2645.333,300.3002
2656.000,302.0398
2666.667,303.7895
2677.333,305.5493
2688.000,307.3193
2698.667,309.0996
2709.333,309.0996
2720.000,310.8902
2730.667,310.8902
2741.333,310.8902
2752.000,310.8902
2762.667,310.8902
2773.333,310.8902
2784.000,310.8902
2794.667,310.8902
2805.333,310.8902
2816.000,310.8902
2826.667,309.0996
2837.333,309.0996
2848.000,310.8902
2858.667,310.8902
2869.333,310.8902
2880.000,310.8902
2890.667,309.0996
2901.333,309.0996
2912.000,0.0000
2922.667,0.0000
2933.333,0.0000
2944.000,0.0000
2954.667,0.0000
2965.333,0.0000
2976.000,0.0000
2986.667,0.0000
2997.333,0.0000
3008.000,0.0000
3018.667,0.0000
3029.333,321.8537
3040.000,321.8537
3050.667,321.8537
3061.333,320.0000
3072.000,320.0000
3082.667,314.5026
3093.333,309.0996
3104.000,305.5493
3114.667,307.3193
3125.333,312.6912
3136.000,318.1569
3146.667,323.7182
3157.333,333.2039
3168.000,339.0282
3178.667,340.9922
3189.333,342.9675
3200.000,344.9543
3210.667,348.9625
3221.333,350.9840
3232.000,353.0172
3242.667,353.0172
3253.333,350.9840
3264.000,0.0000
3274.667,0.0000
3285.333,0.0000
3296.000,0.0000
3306.667,272.2135
3317.333,262.9409
3328.000,261.4265
3338.667,261.4265
3349.333,261.4265
3360.000,259.9208
3370.667,259.9208
3381.333,259.9208
3392.000,259.9208
3402.667,261.4265
3413.333,261.4265
3424.000,261.4265
3434.667,261.4265
3445.333,261.4265
3456.000,262.9409
3466.667,262.9409
3477.333,262.9409
3488.000,0.0000
3498.667,0.0000
3509.333,0.0000
3520.000,0.0000
3530.667,0.0000
3541.333,0.0000
3552.000,0.0000
3562.667,0.0000
3573.333,0.0000
3584.000,0.0000
3594.667,0.0000
3605.333,0.0000
3616.000,0.0000
3626.667,0.0000
3637.333,0.0000
3648.000,0.0000
3658.667,1051.7636
3669.333,1057.8564
3680.000,1057.8564
3690.667,1051.7636
3701.333,1045.7059
3712.000,1027.7413
3722.667,1045.7059
3733.333,1057.8564
3744.000,1057.8564
3754.667,1076.3474
3765.333,1070.1481
3776.000,1057.8564
3786.667,0.0000
3797.333,0.0000
3808.000,0.0000
3818.667,0.0000
3829.333,0.0000
3840.000,0.0000
3850.667,0.0000
3861.333,0.0000
3872.000,0.0000
3882.667,0.0000
3893.333,0.0000
3904.000,0.0000
3914.667,0.0000
3925.333,0.0000
3936.000,0.0000
3946.667,0.0000
3957.333,0.0000
3968.000,0.0000
3978.667,0.0000
3989.333,0.0000
4000.000,0.0000
4010.667,0.0000
4021.333,0.0000
4032.000,0.0000
4042.667,0.0000
4053.333,0.0000
4064.000,0.0000
4074.667,0.0000
4085.333,0.0000
4096.000,0.0000
4106.667,0.0000
4117.333,0.0000
4128.000,0.0000
4138.667,0.0000
4149.333,0.0000
4160.000,0.0000
4170.667,0.0000
4181.333,0.0000
4192.000,0.0000
4202.667,0.0000
4213.333,0.0000
4224.000,0.0000
4234.667,0.0000
4245.333,0.0000
4256.000,0.0000
4266.667,0.0000
4277.333,0.0000
4288.000,0.0000
4298.667,0.0000
4309.333,0.0000
4320.000,0.0000
4330.667,0.0000
4341.333,0.0000
4352.000,0.0000
4362.667,0.0000
4373.333,199.2719
4384.000,198.1242
4394.667,196.9831
4405.333,196.9831
4416.000,195.8486
4426.667,194.7206
4437.333,195.8486
4448.000,195.8486
4458.667,195.8486
4469.333,196.9831
4480.000,196.9831
4490.667,198.1242
4501.333,198.1242
4512.000,196.9831
4522.667,196.9831
4533.333,198.1242
4544.000,202.7552
4554.667,201.5874
4565.333,201.5874
4576.000,200.4263
4586.667,199.2719
4597.333,199.2719
4608.000,198.1242
4618.667,196.9831
4629.333,195.8486
4640.000,193.5991
4650.667,192.4840
4661.333,198.1242
4672.000,199.2719
4682.667,200.4263
4693.333,200.4263
4704.000,199.2719
4714.667,198.1242
4725.333,195.8486
4736.000,195.8486
4746.667,0.0000
4757.333,0.0000
4768.000,0.0000
4778.667,0.0000
4789.333,0.0000
4800.000,176.5086
4810.667,175.4920
4821.333,173.4763
4832.000,167.5671
4842.667,160.9269
4853.333,156.3456
4864.000,151.8947
4874.667,153.6597
4885.333,154.5498
4896.000,154.5498
4906.667,154.5498
4917.333,153.6597
4928.000,0.0000
4938.667,0.0000
4949.333,0.0000
4960.000,0.0000
4970.667,0.0000
4981.333,0.0000
4992.000,0.0000
5002.667,0.0000
5013.333,0.0000
5024.000,0.0000
5034.667,0.0000
5045.333,175.4920
5056.000,176.5086
5066.667,176.5086
5077.333,177.5311
5088.000,177.5311
5098.667,177.5311
5109.333,177.5311
5120.000,179.5939
5130.667,180.6343
5141.333,180.6343
5152.000,183.7917
5162.667,192.4840
5173.333,202.7552
5184.000,205.1111
5194.667,203.9297
5205.333,202.7552
5216.000,201.5874
5226.667,200.4263
5237.333,193.5991
5248.000,191.3754
5258.667,185.9273
5269.333,196.9831
5280.000,208.6963
5290.667,0.0000
5301.333,0.0000
5312.000,163.7398
5322.667,165.6424
5333.333,160.9269
5344.000,157.2513
5354.667,155.4451
5365.333,155.4451
5376.000,154.5498
5386.667,153.6597
5397.333,152.7747
5408.000,151.8947
5418.667,151.8947
5429.333,151.8947
5440.000,151.8947
5450.667,152.7747
5461.333,154.5498
5472.000,156.3456
5482.667,160.0000
5493.333,160.9269
5504.000,161.8591
5514.667,162.7968
5525.333,161.8591
5536.000,161.8591
5546.667,159.0785
5557.333,157.2513
5568.000,152.7747
5578.667,151.8947
5589.333,151.8947
5600.000,154.5498
5610.667,148.4255
5621.333,150.1501
5632.000,157.2513
5642.667,159.0785
5653.333,161.8591
5664.000,162.7968
5674.667,162.7968
5685.333,162.7968
5696.000,161.8591
5706.667,161.8591
5717.333,160.9269
5728.000,160.0000
5738.667,154.5498
5749.333,154.5498
5760.000,153.6597
5770.667,151.8947
5781.333,149.2853
5792.000,152.7747
5802.667,152.7747
5813.333,155.4451
5824.000,161.8591
5834.667,166.6019
5845.333,163.7398
5856.000,163.7398
5866.667,0.0000
5877.333,0.0000
5888.000,0.0000
5898.667,0.0000
5909.333,0.0000
5920.000,0.0000
5930.667,0.0000
5941.333,0.0000
5952.000,0.0000
5962.667,0.0000
5973.333,0.0000
5984.000,0.0000
5994.667,0.0000
6005.333,0.0000
6016.000,0.0000
6026.667,0.0000
6037.333,0.0000
6048.000,0.0000
6058.667,0.0000
6069.333,0.0000
6080.000,0.0000
6090.667,316.3245
6101.333,327.4796
6112.000,329.3767
6122.667,329.3767
6133.333,327.4796
6144.000,321.8537
6154.667,314.5026
6165.333,312.6912
6176.000,310.8902
6186.667,309.0996
6197.333,309.0996
6208.000,309.0996
6218.667,309.0996
6229.333,307.3193
6240.000,303.7895
6250.667,300.3002
6261.333,300.3002
6272.000,303.7895
6282.667,305.5493
6293.333,321.8537
6304.000,320.0000
6314.667,320.0000
6325.333,318.1569
6336.000,314.5026
6346.667,312.6912
6357.333,310.8902
6368.000,310.8902
6378.667,309.0996
6389.333,309.0996
6400.000,310.8902
6410.667,310.8902
6421.333,312.6912
6432.000,314.5026
6442.667,316.3245
6453.333,312.6912
6464.000,309.0996
6474.667,307.3193
6485.333,305.5493
6496.000,307.3193
6506.667,309.0996
6517.333,310.8902
6528.000,310.8902
6538.667,309.0996
6549.333,309.0996
6560.000,309.0996
6570.667,0.0000
6581.333,0.0000
6592.000,0.0000
6602.667,0.0000
6613.333,0.0000
6624.000,323.7182
6634.667,323.7182
6645.333,325.5935
6656.000,323.7182
6666.667,321.8537
6677.333,316.3245
6688.000,310.8902
6698.667,307.3193
6709.333,303.7895
6720.000,310.8902
6730.667,325.5935
6741.333,339.0282
6752.000,353.0172
6762.667,359.1879
6773.333,361.2686
6784.000,361.2686
6794.667,359.1879
6805.333,355.0622
6816.000,344.9543
6826.667,342.9675
6837.333,344.9543
6848.000,346.9526
6858.667,353.0172
6869.333,357.1191
6880.000,359.1879
6890.667,355.0622
6901.333,329.3767
6912.000,307.3193
6922.667,307.3193
6933.333,305.5493
6944.000,307.3193
6954.667,307.3193
6965.333,307.3193
6976.000,290.0708
6986.667,275.3765
6997.333,276.9717
7008.000,305.5493
7018.667,0.0000
7029.333,0.0000
7040.000,0.0000
7050.667,0.0000
7061.333,0.0000
7072.000,0.0000
7082.667,316.3245
7093.333,296.8509
7104.000,302.0398
7114.667,303.7895
7125.333,309.0996
7136.000,310.8902
7146.667,312.6912
7157.333,312.6912
7168.000,310.8902
7178.667,307.3193
7189.333,305.5493
7200.000,305.5493
7210.667,307.3193
7221.333,309.0996
7232.000,312.6912
7242.667,318.1569
7253.333,321.8537
7264.000,325.5935
7274.667,329.3767
7285.333,333.2039
7296.000,333.2039
7306.667,331.2848
7317.333,327.4796
7328.000,323.7182
7338.667,316.3245
7349.333,310.8902
7360.000,307.3193
7370.667,303.7895
7381.333,302.0398
7392.000,300.3002
7402.667,300.3002
7413.333,303.7895
7424.000,309.0996
7434.667,312.6912
7445.333,318.1569
7456.000,320.0000
7466.667,320.0000
7477.333,318.1569
7488.000,316.3245
7498.667,314.5026
7509.333,314.5026
7520.000,307.3193
7530.667,305.5493
7541.333,0.0000
7552.000,0.0000
7562.667,0.0000
7573.333,0.0000
7584.000,0.0000
7594.667,0.0000
7605.333,0.0000
7616.000,167.5671
7626.667,166.6019
7637.333,166.6019
7648.000,165.6424
7658.667,164.6884
7669.333,164.6884
7680.000,163.7398
7690.667,166.6019
7701.333,0.0000
7712.000,0.0000
7722.667,0.0000
7733.333,0.0000
7744.000,0.0000
7754.667,0.0000
7765.333,0.0000
7776.000,185.9273
7786.667,193.5991
7797.333,196.9831
7808.000,198.1242
7818.667,198.1242
7829.333,198.1242
7840.000,198.1242
7850.667,0.0000
7861.333,0.0000
7872.000,0.0000
7882.667,0.0000
7893.333,0.0000
7904.000,0.0000
7914.667,199.2719
7925.333,199.2719
7936.000,198.1242
7946.667,198.1242
7957.333,199.2719
7968.000,199.2719
7978.667,201.5874
7989.333,203.9297
8000.000,228.9033
8010.667,230.2294
8021.333,234.2537
8032.000,235.6107
8042.667,236.9756
8053.333,238.3484
8064.000,238.3484
8074.667,235.6107
8085.333,221.1061
8096.000,221.1061
8106.667,219.8326
8117.333,221.1061
8128.000,208.6963
8138.667,216.0560
8149.333,211.1213
8160.000,205.1111
8170.667,202.7552
8181.333,200.4263
8192.000,198.1242
8202.667,194.7206
8213.333,192.4840
8224.000,190.2731
8234.667,187.0044
8245.333,185.9273
8256.000,183.7917
8266.667,182.7332
8277.333,181.6807
8288.000,171.4838
8298.667,169.5141
8309.333,171.4838
8320.000,168.5378
8330.667,165.6424
8341.333,164.6884
8352.000,162.7968
8362.667,161.8591
8373.333,152.7747
8384.000,152.7747
8394.667,157.2513
8405.333,157.2513
8416.000,159.0785
8426.667,170.4961
8437.333,170.4961
8448.000,168.5378
8458.667,166.6019
8469.333,168.5378
8480.000,170.4961
8490.667,172.4771
8501.333,175.4920
8512.000,177.5311
8522.667,177.5311
8533.333,176.5086
8544.000,176.5086
8554.667,175.4920
8565.333,175.4920
8576.000,174.4812
8586.667,174.4812
8597.333,175.4920
8608.000,174.4812
8618.667,0.0000
8629.333,0.0000
8640.000,236.9756
8650.667,231.5631
8661.333,226.2742
8672.000,208.6963
8682.667,206.2992
8693.333,203.9297
8704.000,203.9297
8714.667,194.7206
8725.333,185.9273
8736.000,0.0000
8746.667,0.0000
8757.333,0.0000
8768.000,0.0000
8778.667,0.0000
8789.333,0.0000
8800.000,0.0000
8810.667,0.0000
8821.333,0.0000
8832.000,0.0000
8842.667,0.0000
8853.333,0.0000
8864.000,157.2513
8874.667,157.2513
8885.333,157.2513
8896.000,158.1622
8906.667,160.9269
8917.333,162.7968
8928.000,163.7398
8938.667,164.6884
8949.333,148.4255
8960.000,149.2853
8970.667,151.0199
8981.333,0.0000
8992.000,0.0000
9002.667,0.0000
9013.333,0.0000
9024.000,0.0000
9034.667,0.0000
9045.333,0.0000
9056.000,0.0000
9066.667,0.0000
9077.333,0.0000
9088.000,0.0000
9098.667,0.0000
9109.333,146.7206
9120.000,150.1501
9130.667,150.1501
9141.333,150.1501
9152.000,151.8947
9162.667,168.5378
9173.333,168.5378
9184.000,169.5141
9194.667,156.3456
9205.333,170.4961
9216.000,169.5141
9226.667,169.5141
9237.333,168.5378
9248.000,174.4812
9258.667,174.4812
9269.333,160.0000
9280.000,159.0785
9290.667,149.2853
9301.333,149.2853
9312.000,149.2853
9322.667,150.1501
9333.333,0.0000
9344.000,0.0000
9354.667,0.0000
9365.333,227.5850
9376.000,227.5850
9386.667,223.6752
9397.333,222.3869
9408.000,221.1061
9418.667,228.9033
9429.333,245.3325
9440.000,251.0669
9450.667,256.9353
9461.333,262.9409
9472.000,269.0869
9482.667,270.6457
9493.333,272.2135
9504.000,272.2135
9514.667,272.2135
9525.333,273.7904
9536.000,288.4001
9546.667,309.0996
9557.333,312.6912
9568.000,310.8902
9578.667,310.8902
9589.333,305.5493
9600.000,300.3002
9610.667,298.5706
9621.333,296.8509
9632.000,295.1412
9642.667,316.3245
9653.333,316.3245
9664.000,314.5026
9674.667,312.6912
9685.333,312.6912
9696.000,314.5026
9706.667,0.0000
9717.333,0.0000
9728.000,0.0000
9738.667,0.0000
9749.333,0.0000
9760.000,303.7895
9770.667,305.5493
9781.333,305.5493
9792.000,316.3245
9802.667,318.1569
9813.333,318.1569
9824.000,318.1569
9834.667,318.1569
9845.333,314.5026
9856.000,309.0996
9866.667,309.0996
9877.333,307.3193
9888.000,310.8902
9898.667,314.5026
9909.333,314.5026
9920.000,314.5026
9930.667,314.5026
9941.333,314.5026
9952.000,312.6912
9962.667,312.6912
9973.333,314.5026
9984.000,316.3245
9994.667,316.3245
10005.333,316.3245
10016.000,316.3245
10026.667,316.3245
10037.333,314.5026
10048.000,310.8902
10058.667,307.3193
10069.333,307.3193
10080.000,307.3193
10090.667,309.0996
10101.333,310.8902
10112.000,314.5026
10122.667,316.3245
10133.333,316.3245
10144.000,318.1569
10154.667,316.3245
10165.333,316.3245
10176.000,316.3245
10186.667,310.8902
10197.333,321.8537
10208.000,363.3614
10218.667,371.8546
10229.333,374.0087
10240.000,371.8546
10250.667,374.0087
10261.333,369.7129
10272.000,340.9922
10282.667,344.9543
10293.333,353.0172
10304.000,359.1879
10314.667,363.3614
10325.333,369.7129
10336.000,374.0087
10346.667,365.4663
10357.333,333.2039
10368.000,350.9840
10378.667,342.9675
10389.333,333.2039
10400.000,333.2039
10410.667,316.3245
10421.333,307.3193
10432.000,310.8902
10442.667,312.6912
10453.333,314.5026
10464.000,314.5026
10474.667,314.5026
10485.333,314.5026
10496.000,314.5026
10506.667,316.3245
10517.333,316.3245
10528.000,314.5026
10538.667,309.0996
10549.333,303.7895
10560.000,302.0398
10570.667,302.0398
10581.333,305.5493
10592.000,310.8902
10602.667,314.5026
10613.333,318.1569
10624.000,318.1569
10634.667,318.1569
10645.333,314.5026
10656.000,312.6912
10666.667,309.0996
10677.333,307.3193
10688.000,307.3193
10698.667,307.3193
10709.333,309.0996
10720.000,312.6912
10730.667,316.3245
10741.333,323.7182
10752.000,329.3767
10762.667,331.2848
10773.333,333.2039
10784.000,331.2848
10794.667,329.3767
10805.333,327.4796
10816.000,321.8537
10826.667,307.3193
10837.333,305.5493
10848.000,303.7895
10858.667,302.0398
10869.333,300.3002
10880.000,298.5706
10890.667,298.5706
10901.333,300.3002
10912.000,309.0996
10922.667,316.3245
10933.333,325.5935
10944.000,329.3767
10954.667,329.3767
10965.333,327.4796
10976.000,321.8537
10986.667,314.5026
10997.333,310.8902
11008.000,307.3193
11018.667,305.5493
11029.333,0.0000
11040.000,0.0000
11050.667,0.0000
11061.333,0.0000
11072.000,0.0000
11082.667,0.0000
11093.333,0.0000
11104.000,0.0000
11114.667,0.0000
11125.333,0.0000
11136.000,0.0000
11146.667,0.0000
11157.333,0.0000
11168.000,0.0000
11178.667,0.0000
11189.333,0.0000
11200.000,245.3325
11210.667,243.9195
11221.333,246.7537
11232.000,255.4555
11242.667,256.9353
11253.333,242.5147
11264.000,232.9045
11274.667,230.2294
11285.333,227.5850
11296.000,228.9033
11306.667,231.5631
11317.333,231.5631
11328.000,231.5631
11338.667,231.5631
11349.333,231.5631
11360.000,234.2537
11370.667,235.6107
11381.333,235.6107
11392.000,235.6107
11402.667,235.6107
11413.333,235.6107
11424.000,235.6107
11434.667,235.6107
11445.333,0.0000
11456.000,0.0000
11466.667,0.0000
11477.333,0.0000
11488.000,0.0000
11498.667,0.0000
11509.333,0.0000
11520.000,0.0000
11530.667,0.0000
11541.333,0.0000
11552.000,0.0000
11562.667,273.7904
11573.333,275.3765
11584.000,276.9717
11594.667,280.1900
11605.333,285.0876
11616.000,288.4001
11626.667,291.7512
11637.333,295.1412
11648.000,296.8509
11658.667,298.5706
11669.333,298.5706
11680.000,298.5706
11690.667,300.3002
11701.333,293.4413
11712.000,280.1900
11722.667,276.9717
11733.333,272.2135
11744.000,265.9961
11754.667,273.7904
11765.333,276.9717
11776.000,275.3765
11786.667,272.2135
11797.333,270.6457
11808.000,269.0869
11818.667,265.9961
11829.333,264.4641
11840.000,264.4641
11850.667,258.4237
11861.333,252.5213
11872.000,249.6209
11882.667,245.3325
11893.333,239.7291
11904.000,231.5631
11914.667,231.5631
11925.333,231.5631
11936.000,232.9045
11946.667,235.6107
11957.333,235.6107
11968.000,234.2537
11978.667,234.2537
11989.333,230.2294
12000.000,235.6107
12010.667,231.5631
12021.333,230.2294
12032.000,230.2294
12042.667,231.5631
12053.333,231.5631
12064.000,231.5631
12074.667,228.9033
12085.333,228.9033
12096.000,228.9033
12106.667,227.5850
12117.333,228.9033
12128.000,0.0000
12138.667,0.0000
12149.333,0.0000
12160.000,249.6209
12170.667,267.5370
12181.333,269.0869
12192.000,267.5370
12202.667,265.9961
12213.333,264.4641
12224.000,259.9208
12234.667,256.9353
12245.333,252.5213
12256.000,0.0000
12266.667,0.0000
12277.333,0.0000
12288.000,155.4451
12298.667,154.5498
12309.333,154.5498
12320.000,155.4451
12330.667,157.2513
12341.333,158.1622
12352.000,158.1622
12362.667,158.1622
12373.333,158.1622
12384.000,158.1622
12394.667,153.6597
12405.333,151.0199
12416.000,151.0199
12426.667,149.2853
12437.333,151.8947
12448.000,151.8947
12458.667,151.8947
12469.333,154.5498
12480.000,154.5498
12490.667,155.4451
12501.333,156.3456
12512.000,157.2513
12522.667,158.1622
12533.333,157.2513
12544.000,155.4451
12554.667,155.4451
12565.333,155.4451
12576.000,153.6597
12586.667,0.0000
12597.333,0.0000
12608.000,0.0000
12618.667,0.0000
12629.333,0.0000
12640.000,303.7895
12650.667,296.8509
12661.333,303.7895
12672.000,307.3193
12682.667,314.5026
12693.333,316.3245
12704.000,316.3245
12714.667,321.8537
12725.333,318.1569
12736.000,320.0000
12746.667,0.0000
12757.333,0.0000
12768.000,0.0000
12778.667,0.0000
12789.333,0.0000
12800.000,0.0000
12810.667,361.2686
12821.333,369.7129
12832.000,371.8546
12842.667,371.8546
12853.333,371.8546
12864.000,367.5835
12874.667,359.1879
12885.333,353.0172
12896.000,350.9840
12906.667,355.0622
12917.333,367.5835
12928.000,378.3545
12938.667,389.4411
12949.333,393.9662
12960.000,393.9662
12970.667,396.2484
12981.333,393.9662
12992.000,393.9662
13002.667,393.9662
13013.333,393.9662
13024.000,393.9662
13034.667,393.9662
13045.333,393.9662
13056.000,396.2484
13066.667,396.2484
13077.333,396.2484
13088.000,396.2484
13098.667,396.2484
13109.333,393.9662
13120.000,393.9662
13130.667,389.4411
13141.333,387.1981
13152.000,393.9662
13162.667,396.2484
13173.333,396.2484
13184.000,396.2484
13194.667,396.2484
13205.333,384.9680
13216.000,0.0000
13226.667,0.0000
13237.333,0.0000
13248.000,391.6971
13258.667,398.5439
13269.333,405.5103
13280.000,407.8594
13290.667,410.2221
13301.333,407.8594
13312.000,407.8594
13322.667,403.1747
13333.333,400.8526
13344.000,398.5439
13354.667,396.2484
13365.333,396.2484
13376.000,393.9662
13386.667,391.6971
13397.333,391.6971
13408.000,391.6971
13418.667,393.9662
13429.333,396.2484
13440.000,393.9662
13450.667,391.6971
13461.333,382.7508
13472.000,361.2686
13482.667,357.1191
13493.333,357.1191
13504.000,357.1191
13514.667,357.1191
13525.333,357.1191
13536.000,355.0622
13546.667,353.0172
13557.333,348.9625
13568.000,348.9625
13578.667,346.9526
13589.333,344.9543
13600.000,344.9543
13610.667,344.9543
13621.333,344.9543
13632.000,342.9675
13642.667,342.9675
13653.333,342.9675
13664.000,342.9675
13674.667,344.9543
13685.333,376.1753
13696.000,389.4411
13706.667,389.4411
13717.333,384.9680
13728.000,382.7508
13738.667,380.5463
13749.333,378.3545
13760.000,363.3614
13770.667,361.2686
13781.333,361.2686
13792.000,363.3614
13802.667,363.3614
13813.333,359.1879
13824.000,327.4796
13834.667,321.8537
13845.333,0.0000
13856.000,0.0000
13866.667,0.0000
13877.333,0.0000
13888.000,0.0000
13898.667,0.0000
13909.333,0.0000
13920.000,302.0398
13930.667,325.5935
13941.333,323.7182
13952.000,321.8537
13962.667,320.0000
13973.333,318.1569
13984.000,310.8902
13994.667,300.3002
14005.333,295.1412
14016.000,300.3002
14026.667,316.3245
14037.333,321.8537
14048.000,333.2039
14058.667,333.2039
14069.333,333.2039
14080.000,0.0000
14090.667,0.0000
14101.333,0.0000
14112.000,0.0000
14122.667,0.0000
14133.333,0.0000
14144.000,0.0000
14154.667,0.0000
14165.333,0.0000
14176.000,280.1900
14186.667,293.4413
14197.333,295.1412
14208.000,321.8537
14218.667,318.1569
14229.333,314.5026
14240.000,314.5026
14250.667,310.8902
14261.333,307.3193
14272.000,305.5493
14282.667,303.7895
14293.333,303.7895
14304.000,305.5493
14314.667,314.5026
14325.333,318.1569
14336.000,321.8537
14346.667,327.4796
14357.333,337.0755
14368.000,337.0755
14378.667,337.0755
14389.333,337.0755
14400.000,329.3767
14410.667,321.8537
14421.333,318.1569
14432.000,314.5026
14442.667,307.3193
14453.333,305.5493
14464.000,302.0398
14474.667,300.3002
14485.333,300.3002
14496.000,307.3193
14506.667,314.5026
14517.333,327.4796
14528.000,348.9625
14538.667,365.4663
14549.333,367.5835
14560.000,365.4663
14570.667,365.4663
14581.333,0.0000
14592.000,0.0000
14602.667,0.0000
14613.333,0.0000
14624.000,0.0000
14634.667,0.0000
14645.333,0.0000
14656.000,0.0000
14666.667,0.0000
14677.333,0.0000
14688.000,0.0000
14698.667,160.0000
14709.333,160.9269
14720.000,163.7398
14730.667,164.6884
14741.333,166.6019
14752.000,0.0000
14762.667,0.0000
14773.333,195.8486
14784.000,195.8486
14794.667,195.8486
14805.333,194.7206
14816.000,194.7206
14826.667,194.7206
14837.333,193.5991
14848.000,192.4840
14858.667,192.4840
14869.333,192.4840
14880.000,194.7206
14890.667,195.8486
14901.333,194.7206
14912.000,191.3754
14922.667,188.0877
14933.333,172.4771
14944.000,0.0000
14954.667,0.0000
14965.333,0.0000
14976.000,0.0000
14986.667,0.0000
14997.333,0.0000
15008.000,0.0000
15018.667,202.7552
15029.333,202.7552
15040.000,202.7552
15050.667,201.5874
15061.333,198.1242
15072.000,196.9831
15082.667,195.8486
15093.333,195.8486
15104.000,194.7206
15114.667,194.7206
15125.333,195.8486
15136.000,196.9831
15146.667,196.9831
15157.333,196.9831
15168.000,196.9831
15178.667,195.8486
15189.333,0.0000
15200.000,0.0000
15210.667,0.0000
15221.333,178.5595
15232.000,178.5595
15242.667,178.5595
15253.333,177.5311
15264.000,170.4961
15274.667,163.7398
15285.333,153.6597
15296.000,153.6597
15306.667,151.0199
15317.333,151.0199
15328.000,151.0199
15338.667,0.0000
15349.333,0.0000
15360.000,0.0000
15370.667,0.0000
15381.333,0.0000
15392.000,0.0000
15402.667,0.0000
15413.333,0.0000
15424.000,0.0000
15434.667,0.0000
15445.333,0.0000
15456.000,0.0000
15466.667,0.0000
15477.333,185.9273
15488.000,183.7917
15498.667,181.6807
15509.333,180.6343
15520.000,179.5939
15530.667,178.5595
15541.333,178.5595
15552.000,177.5311
15562.667,177.5311
15573.333,177.5311
15584.000,177.5311
15594.667,177.5311
15605.333,178.5595
15616.000,179.5939
15626.667,193.5991
15637.333,195.8486
15648.000,198.1242
15658.667,199.2719
15669.333,193.5991
15680.000,193.5991
15690.667,0.0000
15701.333,0.0000
15712.000,0.0000
15722.667,0.0000
15733.333,0.0000
15744.000,0.0000
15754.667,0.0000
15765.333,0.0000
15776.000,0.0000
15786.667,0.0000
15797.333,0.0000
15808.000,0.0000
15818.667,157.2513
15829.333,157.2513
15840.000,156.3456
15850.667,156.3456
15861.333,153.6597
15872.000,152.7747
15882.667,151.8947
15893.333,151.0199
15904.000,151.0199
15914.667,151.0199
15925.333,151.8947
15936.000,151.8947
15946.667,153.6597
15957.333,156.3456
15968.000,159.0785
15978.667,160.9269
15989.333,159.0785
16000.000,159.0785
16010.667,157.2513
16021.333,157.2513
16032.000,154.5498
16042.667,151.8947
16053.333,151.8947
16064.000,0.0000
16074.667,0.0000
16085.333,0.0000
16096.000,0.0000
16106.667,0.0000
16117.333,149.2853
16128.000,153.6597
16138.667,154.5498
16149.333,155.4451
16160.000,156.3456
16170.667,148.4255
16181.333,145.8756
16192.000,160.0000
16202.667,157.2513
16213.333,157.2513
16224.000,154.5498
16234.667,160.9269
16245.333,154.5498
16256.000,151.8947
16266.667,147.5706
16277.333,147.5706
16288.000,151.0199
16298.667,157.2513
16309.333,0.0000
16320.000,0.0000
16330.667,0.0000
16341.333,0.0000
16352.000,0.0000
16362.667,0.0000
16373.333,0.0000
16384.000,0.0000
16394.667,0.0000
16405.333,261.4265
16416.000,261.4265
16426.667,269.0869
16437.333,269.0869
16448.000,267.5370
16458.667,265.9961
16469.333,261.4265
16480.000,264.4641
16490.667,261.4265
16501.333,259.9208
16512.000,258.4237
16522.667,253.9842
16533.333,251.0669
16544.000,249.6209
16554.667,248.1832
16565.333,248.1832
16576.000,248.1832
16586.667,249.6209
16597.333,261.4265
16608.000,281.8131
16618.667,280.1900
16629.333,278.5762
16640.000,273.7904
16650.667,272.2135
16661.333,255.4555
16672.000,246.7537
16682.667,0.0000
16693.333,0.0000
16704.000,0.0000
16714.667,0.0000
16725.333,280.1900
16736.000,321.8537
16746.667,329.3767
16757.333,331.2848
16768.000,329.3767
16778.667,327.4796
16789.333,321.8537
16800.000,314.5026
16810.667,309.0996
16821.333,309.0996
16832.000,312.6912
16842.667,316.3245
16853.333,318.1569
16864.000,321.8537
16874.667,323.7182
16885.333,288.4001
16896.000,258.4237
16906.667,249.6209
16917.333,249.6209
16928.000,253.9842
16938.667,293.4413
16949.333,312.6912
16960.000,314.5026
16970.667,314.5026
16981.333,314.5026
16992.000,312.6912
17002.667,310.8902
17013.333,305.5493
17024.000,303.7895
17034.667,321.8537
17045.333,329.3767
17056.000,331.2848
17066.667,331.2848
17077.333,331.2848
17088.000,310.8902
17098.667,295.1412
17109.333,318.1569
17120.000,0.0000
17130.667,0.0000
17141.333,0.0000
17152.000,0.0000
17162.667,327.4796
17173.333,340.9922
17184.000,361.2686
17194.667,363.3614
17205.333,363.3614
17216.000,361.2686
17226.667,355.0622
17237.333,346.9526
17248.000,344.9543
17258.667,342.9675
17269.333,344.9543
17280.000,346.9526
17290.667,348.9625
17301.333,350.9840
17312.000,350.9840
17322.667,350.9840
17333.333,337.0755
17344.000,318.1569
17354.667,307.3193
17365.333,300.3002
17376.000,296.8509
17386.667,307.3193
17397.333,318.1569
17408.000,321.8537
17418.667,321.8537
17429.333,318.1569
17440.000,318.1569
17450.667,293.4413
17461.333,293.4413
17472.000,291.7512
17482.667,318.1569
17493.333,321.8537
17504.000,321.8537
17514.667,323.7182
17525.333,323.7182
17536.000,300.3002
17546.667,278.5762
17557.333,273.7904
17568.000,272.2135
17578.667,272.2135
17589.333,273.7904
17600.000,298.5706
17610.667,320.0000
17621.333,337.0755
17632.000,346.9526
17642.667,359.1879
17653.333,359.1879
17664.000,357.1191
17674.667,355.0622
17685.333,353.0172
17696.000,353.0172
17706.667,355.0622
17717.333,361.2686
17728.000,367.5835
17738.667,376.1753
17749.333,382.7508
17760.000,389.4411
17770.667,391.6971
17781.333,391.6971
17792.000,391.6971
17802.667,389.4411
17813.333,389.4411
17824.000,389.4411
17834.667,389.4411
17845.333,389.4411
17856.000,391.6971
17866.667,391.6971
17877.333,391.6971
17888.000,389.4411
17898.667,384.9680
17909.333,367.5835
17920.000,357.1191
17930.667,350.9840
17941.333,350.9840
17952.000,350.9840
17962.667,350.9840
17973.333,350.9840
17984.000,350.9840
17994.667,348.9625
18005.333,337.0755
18016.000,323.7182
18026.667,312.6912
18037.333,307.3193
18048.000,307.3193
18058.667,309.0996
18069.333,309.0996
18080.000,310.8902
18090.667,309.0996
18101.333,307.3193
18112.000,303.7895
18122.667,300.3002
18133.333,296.8509
18144.000,296.8509
18154.667,298.5706
18165.333,303.7895
18176.000,309.0996
18186.667,316.3245
18197.333,323.7182
18208.000,331.2848
18218.667,335.1341
18229.333,335.1341
18240.000,335.1341
18250.667,333.2039
18261.333,327.4796
18272.000,320.0000
18282.667,314.5026
18293.333,309.0996
18304.000,298.5706
18314.667,298.5706
18325.333,302.0398
18336.000,302.0398
18346.667,303.7895
18357.333,309.0996
18368.000,320.0000
18378.667,318.1569
18389.333,329.3767
18400.000,333.2039
18410.667,335.1341
18421.333,333.2039
18432.000,333.2039
18442.667,325.5935
18453.333,331.2848
18464.000,361.2686
18474.667,363.3614
18485.333,363.3614
18496.000,363.3614
18506.667,361.2686
18517.333,357.1191
18528.000,359.1879
18538.667,359.1879
18549.333,310.8902
18560.000,298.5706
18570.667,280.1900
18581.333,0.0000
18592.000,0.0000
18602.667,0.0000
18613.333,0.0000
18624.000,0.0000
18634.667,0.0000
18645.333,0.0000
18656.000,0.0000
18666.667,0.0000
18677.333,0.0000
18688.000,0.0000
18698.667,0.0000
18709.333,0.0000
18720.000,0.0000
18730.667,0.0000
18741.333,0.0000
18752.000,0.0000
18762.667,0.0000
18773.333,0.0000
18784.000,0.0000
18794.667,0.0000
18805.333,393.9662
18816.000,396.2484
18826.667,396.2484
18837.333,396.2484
18848.000,393.9662
18858.667,393.9662
18869.333,393.9662
18880.000,393.9662
18890.667,391.6971
18901.333,393.9662
18912.000,396.2484
18922.667,396.2484
18933.333,396.2484
18944.000,393.9662
18954.667,393.9662
18965.333,393.9662
18976.000,393.9662
18986.667,393.9662
18997.333,393.9662
19008.000,391.6971
19018.667,391.6971
19029.333,393.9662
19040.000,393.9662
19050.667,393.9662
19061.333,393.9662
19072.000,396.2484
19082.667,396.2484
19093.333,393.9662
19104.000,391.6971
19114.667,389.4411
19125.333,387.1981
19136.000,382.7508
19146.667,382.7508
19157.333,355.0622
19168.000,359.1879
19178.667,359.1879
19189.333,357.1191
19200.000,357.1191
19210.667,355.0622
19221.333,348.9625
19232.000,357.1191
19242.667,342.9675
19253.333,331.2848
19264.000,0.0000
19274.667,0.0000
19285.333,0.0000
19296.000,0.0000
19306.667,0.0000
19317.333,0.0000
19328.000,0.0000
19338.667,353.0172
19349.333,367.5835
19360.000,371.8546
19370.667,378.3545
19381.333,378.3545
19392.000,376.1753
19402.667,371.8546
19413.333,371.8546
19424.000,350.9840
19434.667,348.9625
19445.333,348.9625
19456.000,350.9840
19466.667,353.0172
19477.333,359.1879
19488.000,361.2686
19498.667,361.2686
19509.333,355.0622
19520.000,325.5935
19530.667,321.8537
19541.333,296.8509
19552.000,298.5706
19562.667,302.0398
19573.333,305.5493
19584.000,307.3193
19594.667,309.0996
19605.333,309.0996
19616.000,309.0996
19626.667,310.8902
19637.333,310.8902
19648.000,310.8902
19658.667,310.8902
19669.333,310.8902
19680.000,310.8902
19690.667,312.6912
19701.333,312.6912
19712.000,312.6912
19722.667,312.6912
19733.333,312.6912
19744.000,310.8902
19754.667,310.8902
19765.333,309.0996
19776.000,305.5493
19786.667,305.5493
19797.333,305.5493
19808.000,307.3193
19818.667,307.3193
19829.333,309.0996
19840.000,307.3193
19850.667,307.3193
19861.333,305.5493
19872.000,303.7895
19882.667,300.3002
19893.333,298.5706
19904.000,298.5706
19914.667,300.3002
19925.333,303.7895
19936.000,309.0996
19946.667,314.5026
19957.333,320.0000
19968.000,321.8537
19978.667,323.7182
19989.333,323.7182
20000.000,321.8537
20010.667,318.1569
20021.333,316.3245
20032.000,310.8902
20042.667,305.5493
20053.333,302.0398
20064.000,300.3002
20074.667,298.5706
20085.333,298.5706
20096.000,298.5706
20106.667,298.5706
20117.333,312.6912
20128.000,312.6912
20138.667,321.8537
20149.333,321.8537
20160.000,323.7182
20170.667,325.5935
20181.333,331.2848
20192.000,327.4796
20202.667,325.5935
20213.333,323.7182
20224.000,320.0000
20234.667,310.8902
20245.333,300.3002
20256.000,300.3002
20266.667,302.0398
20277.333,305.5493
20288.000,305.5493
20298.667,303.7895
20309.333,303.7895
20320.000,300.3002
20330.667,298.5706
20341.333,303.7895
20352.000,321.8537
20362.667,321.8537
20373.333,321.8537
20384.000,320.0000
20394.667,312.6912
20405.333,307.3193
20416.000,302.0398
20426.667,278.5762
20437.333,270.6457
20448.000,270.6457
20458.667,270.6457
20469.333,272.2135
20480.000,273.7904
20490.667,270.6457
20501.333,265.9961
20512.000,259.9208
20522.667,258.4237
20533.333,258.4237
20544.000,261.4265
20554.667,261.4265
20565.333,262.9409
20576.000,256.9353
20586.667,246.7537
20597.333,239.7291
20608.000,235.6107
20618.667,232.9045
20629.333,230.2294
20640.000,232.9045
20650.667,243.9195
20661.333,256.9353
20672.000,278.5762
20682.667,0.0000
20693.333,0.0000
20704.000,0.0000
20714.667,0.0000
20725.333,0.0000
20736.000,0.0000
20746.667,0.0000
20757.333,0.0000
20768.000,0.0000
20778.667,0.0000
20789.333,350.9840
20800.000,350.9840
20810.667,348.9625
20821.333,348.9625
20832.000,346.9526
20842.667,342.9675
20853.333,340.9922
20864.000,305.5493
20874.667,302.0398
20885.333,273.7904
20896.000,272.2135
20906.667,276.9717
20917.333,285.0876
20928.000,278.5762
20938.667,275.3765
20949.333,272.2135
20960.000,269.0869
20970.667,267.5370
20981.333,265.9961
20992.000,264.4641
21002.667,264.4641
21013.333,262.9409
21024.000,262.9409
21034.667,261.4265
21045.333,261.4265
21056.000,262.9409
21066.667,262.9409
21077.333,265.9961
21088.000,272.2135
21098.667,280.1900
21109.333,281.8131
21120.000,281.8131
21130.667,265.9961
21141.333,261.4265
21152.000,259.9208
21162.667,259.9208
21173.333,259.9208
21184.000,261.4265
21194.667,261.4265
21205.333,259.9208
21216.000,259.9208
21226.667,256.9353
21237.333,256.9353
21248.000,256.9353
21258.667,249.6209
21269.333,239.7291
21280.000,239.7291
21290.667,251.0669
21301.333,270.6457
21312.000,269.0869
21322.667,269.0869
21333.333,269.0869
21344.000,270.6457
21354.667,272.2135
21365.333,270.6457
21376.000,269.0869
21386.667,265.9961
21397.333,262.9409
21408.000,264.4641
21418.667,264.4641
21429.333,262.9409
21440.000,255.4555
21450.667,246.7537
21461.333,234.2537
21472.000,224.9709
21482.667,223.6752
21493.333,226.2742
21504.000,230.2294
21514.667,234.2537
21525.333,232.9045
21536.000,235.6107
21546.667,235.6107
21557.333,234.2537
21568.000,234.2537
21578.667,234.2537
21589.333,234.2537
21600.000,234.2537
21610.667,235.6107
21621.333,235.6107
21632.000,235.6107
21642.667,235.6107
21653.333,0.0000
21664.000,0.0000
21674.667,0.0000
21685.333,0.0000
21696.000,0.0000
21706.667,0.0000
21717.333,0.0000
21728.000,0.0000
21738.667,236.9756
21749.333,242.5147
21760.000,249.6209
21770.667,275.3765
21781.333,275.3765
21792.000,275.3765
21802.667,272.2135
21813.333,262.9409
21824.000,256.9353
21834.667,252.5213
21845.333,255.4555
21856.000,258.4237
21866.667,261.4265
21877.333,262.9409
21888.000,264.4641
21898.667,261.4265
21909.333,258.4237
21920.000,249.6209
21930.667,231.5631
21941.333,232.9045
21952.000,255.4555
21962.667,295.1412
21973.333,321.8537
21984.000,323.7182
21994.667,327.4796
22005.333,329.3767
22016.000,329.3767
22026.667,327.4796
22037.333,323.7182
22048.000,321.8537
22058.667,321.8537
22069.333,329.3767
22080.000,342.9675
22090.667,346.9526
22101.333,355.0622
22112.000,355.0622
22122.667,350.9840
22133.333,346.9526
22144.000,344.9543
22154.667,340.9922
22165.333,344.9543
22176.000,350.9840
22186.667,350.9840
22197.333,344.9543
22208.000,344.9543
22218.667,323.7182
22229.333,305.5493
22240.000,288.4001
22250.667,265.9961
22261.333,0.0000
22272.000,0.0000
22282.667,0.0000
22293.333,0.0000
22304.000,0.0000
22314.667,0.0000
22325.333,0.0000
22336.000,0.0000
22346.667,0.0000
22357.333,0.0000
22368.000,0.0000
22378.667,0.0000
22389.333,0.0000
22400.000,0.0000
22410.667,0.0000
22421.333,0.0000
22432.000,0.0000
22442.667,0.0000
22453.333,0.0000
22464.000,0.0000
22474.667,0.0000
22485.333,230.2294
22496.000,232.9045
22506.667,232.9045
22517.333,232.9045
22528.000,234.2537
22538.667,221.1061
22549.333,207.4943
22560.000,206.2992
22570.667,219.8326
22581.333,252.5213
22592.000,259.9208
22602.667,265.9961
22613.333,267.5370
22624.000,267.5370
22634.667,265.9961
22645.333,262.9409
22656.000,259.9208
22666.667,258.4237
22677.333,258.4237
22688.000,259.9208
22698.667,259.9208
22709.333,261.4265
22720.000,264.4641
22730.667,264.4641
22741.333,265.9961
22752.000,264.4641
22762.667,256.9353
22773.333,253.9842
22784.000,0.0000
22794.667,0.0000
22805.333,321.8537
22816.000,323.7182
22826.667,321.8537
22837.333,321.8537
22848.000,320.0000
22858.667,318.1569
22869.333,314.5026
22880.000,312.6912
22890.667,310.8902
22901.333,310.8902
22912.000,316.3245
22922.667,320.0000
22933.333,321.8537
22944.000,0.0000
22954.667,0.0000
22965.333,0.0000
22976.000,0.0000
22986.667,0.0000
22997.333,0.0000
23008.000,0.0000
23018.667,0.0000
23029.333,0.0000
23040.000,258.4237
23050.667,261.4265
23061.333,261.4265
23072.000,262.9409
23082.667,261.4265
23093.333,258.4237
23104.000,255.4555
23114.667,255.4555
23125.333,256.9353
23136.000,259.9208
23146.667,262.9409
23157.333,269.0869
23168.000,272.2135
23178.667,270.6457
23189.333,267.5370
23200.000,262.9409
23210.667,261.4265
23221.333,258.4237
23232.000,265.9961
23242.667,264.4641
23253.333,305.5493
23264.000,348.9625
23274.667,355.0622
23285.333,355.0622
23296.000,353.0172
23306.667,350.9840
23317.333,346.9526
23328.000,346.9526
23338.667,346.9526
23349.333,348.9625
23360.000,0.0000
23370.667,0.0000
23381.333,0.0000
23392.000,0.0000
23402.667,387.1981
23413.333,387.1981
23424.000,384.9680
23434.667,384.9680
23445.333,384.9680
23456.000,382.7508
23466.667,382.7508
23477.333,382.7508
23488.000,384.9680
23498.667,387.1981
23509.333,387.1981
23520.000,389.4411
23530.667,389.4411
23541.333,389.4411
23552.000,391.6971
23562.667,391.6971
23573.333,393.9662
23584.000,393.9662
23594.667,396.2484
23605.333,396.2484
23616.000,396.2484
23626.667,393.9662
23637.333,0.0000
23648.000,0.0000
23658.667,0.0000
23669.333,0.0000
23680.000,0.0000
23690.667,0.0000
23701.333,0.0000
23712.000,0.0000
23722.667,0.0000
23733.333,0.0000
23744.000,0.0000
23754.667,0.0000
23765.333,340.9922
23776.000,331.2848
23786.667,316.3245
23797.333,310.8902
23808.000,305.5493
23818.667,300.3002
23829.333,298.5706
23840.000,298.5706
23850.667,298.5706
23861.333,302.0398
23872.000,303.7895
23882.667,305.5493
23893.333,307.3193
23904.000,307.3193
23914.667,309.0996
23925.333,309.0996
23936.000,310.8902
23946.667,310.8902
23957.333,310.8902
23968.000,312.6912
23978.667,312.6912
23989.333,314.5026
24000.000,316.3245
24010.667,318.1569
24021.333,323.7182
24032.000,333.2039
24042.667,337.0755
24053.333,339.0282
24064.000,339.0282
24074.667,335.1341
24085.333,333.2039
24096.000,327.4796
24106.667,323.7182
24117.333,310.8902
24128.000,300.3002
24138.667,298.5706
24149.333,303.7895
24160.000,309.0996
24170.667,314.5026
24181.333,323.7182
24192.000,335.1341
24202.667,342.9675
24213.333,344.9543
24224.000,344.9543
24234.667,335.1341
24245.333,329.3767
24256.000,321.8537
24266.667,310.8902
24277.333,305.5493
24288.000,303.7895
24298.667,303.7895
24309.333,302.0398
24320.000,303.7895
24330.667,303.7895
24341.333,302.0398
24352.000,295.1412
24362.667,303.7895
24373.333,318.1569
24384.000,323.7182
24394.667,318.1569
24405.333,310.8902
24416.000,293.4413
24426.667,288.4001
24437.333,278.5762
24448.000,270.6457
24458.667,270.6457
24469.333,281.8131
24480.000,285.0876
24490.667,285.0876
24501.333,280.1900
24512.000,273.7904
24522.667,265.9961
24533.333,255.4555
24544.000,256.9353
24554.667,261.4265
24565.333,265.9961
24576.000,273.7904
24586.667,286.7391
24597.333,302.0398
24608.000,307.3193
24618.667,309.0996
24629.333,309.0996
24640.000,305.5493
24650.667,302.0398
24661.333,302.0398
24672.000,303.7895
24682.667,303.7895
24693.333,305.5493
24704.000,307.3193
24714.667,309.0996
24725.333,309.0996
24736.000,309.0996
24746.667,267.5370
24757.333,269.0869
24768.000,269.0869
24778.667,270.6457
24789.333,270.6457
24800.000,270.6457
24810.667,269.0869
24821.333,269.0869
24832.000,269.0869
24842.667,267.5370
24853.333,265.9961
24864.000,264.4641
24874.667,264.4641
24885.333,264.4641
24896.000,265.9961
24906.667,267.5370
24917.333,267.5370
24928.000,262.9409
24938.667,258.4237
24949.333,253.9842
24960.000,251.0669
24970.667,251.0669
24981.333,258.4237
24992.000,288.4001
25002.667,298.5706
25013.333,302.0398
25024.000,307.3193
25034.667,309.0996
25045.333,309.0996
25056.000,309.0996
25066.667,307.3193
25077.333,305.5493
25088.000,303.7895
25098.667,302.0398
25109.333,302.0398
25120.000,302.0398
25130.667,303.7895
25141.333,307.3193
25152.000,312.6912
25162.667,318.1569
25173.333,323.7182
25184.000,325.5935
25194.667,325.5935
25205.333,323.7182
25216.000,321.8537
25226.667,318.1569
25237.333,316.3245
25248.000,310.8902
25258.667,305.5493
25269.333,300.3002
25280.000,298.5706
25290.667,296.8509
25301.333,295.1412
25312.000,295.1412
25322.667,303.7895
25333.333,303.7895
25344.000,0.0000
25354.667,0.0000
25365.333,0.0000
25376.000,327.4796
25386.667,331.2848
25397.333,331.2848
25408.000,331.2848
25418.667,380.5463
25429.333,387.1981
25440.000,391.6971
25450.667,391.6971
25461.333,391.6971
25472.000,389.4411
25482.667,384.9680
25493.333,380.5463
25504.000,380.5463
25514.667,382.7508
25525.333,387.1981
25536.000,391.6971
25546.667,391.6971
25557.333,361.2686
25568.000,359.1879
25578.667,389.4411
25589.333,391.6971
25600.000,391.6971
25610.667,391.6971
25621.333,393.9662
25632.000,396.2484
25642.667,400.8526
25653.333,447.3504
25664.000,457.8067
25674.667,465.8090
25685.333,465.8090
25696.000,465.8090
25706.667,465.8090
25717.333,463.1262
25728.000,460.4587
25738.667,460.4587
25749.333,463.1262
25760.000,465.8090
25770.667,468.5074
25781.333,471.2215
25792.000,471.2215
25802.667,471.2215
25813.333,471.2215
25824.000,471.2215
25834.667,473.9512
25845.333,0.0000
25856.000,393.9662
25866.667,396.2484
25877.333,396.2484
25888.000,396.2484
25898.667,398.5439
25909.333,398.5439
25920.000,400.8526
25930.667,403.1747
25941.333,403.1747
25952.000,405.5103
25962.667,407.8594
25973.333,410.2221
25984.000,412.5985
25994.667,414.9887
26005.333,414.9887
26016.000,412.5985
26026.667,412.5985
26037.333,412.5985
26048.000,414.9887
26058.667,417.3927
26069.333,419.8106
26080.000,417.3927
26090.667,414.9887
26101.333,407.8594
26112.000,396.2484
26122.667,389.4411
26133.333,384.9680
26144.000,384.9680
26154.667,387.1981
26165.333,389.4411
26176.000,393.9662
26186.667,396.2484
26197.333,396.2484
26208.000,391.6971
26218.667,389.4411
26229.333,389.4411
26240.000,0.0000
26250.667,0.0000
26261.333,0.0000
26272.000,0.0000
26282.667,0.0000
26293.333,0.0000
26304.000,398.5439
26314.667,378.3545
26325.333,378.3545
26336.000,382.7508
26346.667,350.9840
26357.333,350.9840
26368.000,348.9625
26378.667,344.9543
26389.333,344.9543
26400.000,346.9526
26410.667,348.9625
26421.333,353.0172
26432.000,359.1879
26442.667,361.2686
26453.333,361.2686
26464.000,357.1191
26474.667,353.0172
26485.333,346.9526
26496.000,342.9675
26506.667,339.0282
26517.333,335.1341
26528.000,333.2039
26538.667,357.1191
26549.333,396.2484
26560.000,403.1747
26570.667,405.5103
26581.333,405.5103
26592.000,403.1747
26602.667,400.8526
26613.333,396.2484
26624.000,391.6971
26634.667,391.6971
26645.333,391.6971
26656.000,393.9662
26666.667,393.9662
26677.333,391.6971
26688.000,391.6971
26698.667,389.4411
26709.333,387.1981
26720.000,387.1981
26730.667,384.9680
26741.333,387.1981
26752.000,393.9662
26762.667,398.5439
26773.333,398.5439
26784.000,398.5439
26794.667,396.2484
26805.333,393.9662
26816.000,0.0000
26826.667,0.0000
26837.333,0.0000
26848.000,0.0000
26858.667,0.0000
26869.333,0.0000
26880.000,0.0000
26890.667,0.0000
26901.333,0.0000
26912.000,0.0000
26922.667,0.0000
26933.333,0.0000
26944.000,337.0755
26954.667,344.9543
26965.333,344.9543
26976.000,348.9625
26986.667,355.0622
26997.333,359.1879
27008.000,357.1191
27018.667,357.1191
27029.333,353.0172
27040.000,305.5493
27050.667,303.7895
27061.333,303.7895
27072.000,303.7895
27082.667,303.7895
27093.333,305.5493
27104.000,305.5493
27114.667,307.3193
27125.333,307.3193
27136.000,307.3193
27146.667,303.7895
27157.333,302.0398
27168.000,302.0398
27178.667,302.0398
27189.333,314.5026
27200.000,320.0000
27210.667,321.8537
27221.333,325.5935
27232.000,357.1191
27242.667,357.1191
27253.333,357.1191
27264.000,355.0622
27274.667,350.9840
27285.333,346.9526
27296.000,340.9922
27306.667,339.0282
27317.333,339.0282
27328.000,340.9922
27338.667,346.9526
27349.333,359.1879
27360.000,363.3614
27370.667,365.4663
27381.333,369.7129
27392.000,369.7129
27402.667,369.7129
27413.333,367.5835
27424.000,361.2686
27434.667,357.1191
27445.333,350.9840
27456.000,344.9543
27466.667,340.9922
27477.333,339.0282
27488.000,0.0000
27498.667,396.2484
27509.333,396.2484
27520.000,398.5439
27530.667,403.1747
27541.333,407.8594
27552.000,412.5985
27562.667,378.3545
27573.333,380.5463
27584.000,384.9680
27594.667,387.1981
27605.333,391.6971
27616.000,393.9662
27626.667,396.2484
27637.333,396.2484
27648.000,393.9662
27658.667,391.6971
27669.333,391.6971
27680.000,393.9662
27690.667,396.2484
27701.333,398.5439
27712.000,410.2221
27722.667,380.5463
27733.333,382.7508
27744.000,380.5463
27754.667,380.5463
27765.333,378.3545
27776.000,353.0172
27786.667,350.9840
27797.333,348.9625
27808.000,348.9625
27818.667,348.9625
27829.333,348.9625
27840.000,346.9526
27850.667,346.9526
27861.333,342.9675
27872.000,337.0755
27882.667,295.1412
27893.333,293.4413
27904.000,296.8509
27914.667,312.6912
27925.333,316.3245
27936.000,318.1569
27946.667,302.0398
27957.333,288.4001
27968.000,278.5762
27978.667,261.4265
27989.333,258.4237
28000.000,258.4237
28010.667,270.6457
28021.333,270.6457
28032.000,290.0708
28042.667,325.5935
28053.333,361.2686
28064.000,367.5835
28074.667,367.5835
28085.333,367.5835
28096.000,367.5835
28106.667,363.3614
28117.333,353.0172
28128.000,346.9526
28138.667,344.9543
28149.333,344.9543
28160.000,346.9526
28170.667,348.9625
28181.333,350.9840
28192.000,355.0622
28202.667,355.0622
28213.333,348.9625
28224.000,314.5026
28234.667,309.0996
28245.333,305.5493
28256.000,307.3193
28266.667,298.5706
28277.333,296.8509
28288.000,316.3245
28298.667,298.5706
28309.333,0.0000
28320.000,0.0000
28330.667,0.0000
28341.333,0.0000
28352.000,0.0000
28362.667,0.0000
28373.333,0.0000
28384.000,0.0000
28394.667,0.0000
28405.333,0.0000
28416.000,0.0000
28426.667,0.0000
28437.333,0.0000
28448.000,0.0000
28458.667,0.0000
28469.333,0.0000
28480.000,325.5935
28490.667,327.4796
28501.333,327.4796
28512.000,327.4796
28522.667,327.4796
28533.333,327.4796
28544.000,320.0000
28554.667,316.3245
28565.333,316.3245
28576.000,314.5026
28586.667,320.0000
28597.333,337.0755
28608.000,344.9543
28618.667,350.9840
28629.333,353.0172
28640.000,353.0172
28650.667,355.0622
28661.333,353.0172
28672.000,353.0172
28682.667,353.0172
28693.333,353.0172
28704.000,353.0172
28714.667,353.0172
28725.333,350.9840
28736.000,346.9526
28746.667,346.9526
28757.333,305.5493
28768.000,290.0708
28778.667,265.9961
28789.333,264.4641
28800.000,264.4641
28810.667,264.4641
28821.333,264.4641
28832.000,264.4641
28842.667,264.4641
28853.333,264.4641
28864.000,261.4265
28874.667,261.4265
28885.333,261.4265
28896.000,261.4265
28906.667,256.9353
28917.333,259.9208
28928.000,265.9961
28938.667,265.9961
28949.333,265.9961
28960.000,265.9961
28970.667,264.4641
28981.333,264.4641
28992.000,264.4641
29002.667,264.4641
29013.333,264.4641
29024.000,265.9961
29034.667,265.9961
29045.333,267.5370
29056.000,265.9961
29066.667,275.3765
29077.333,267.5370
29088.000,264.4641
29098.667,253.9842
29109.333,238.3484
29120.000,0.0000
29130.667,0.0000
29141.333,0.0000
29152.000,0.0000
29162.667,0.0000
29173.333,0.0000
29184.000,0.0000
29194.667,0.0000
29205.333,0.0000
29216.000,0.0000
29226.667,0.0000
29237.333,0.0000
29248.000,0.0000
29258.667,0.0000
29269.333,0.0000
29280.000,0.0000
29290.667,0.0000
29301.333,0.0000
29312.000,262.9409
29322.667,256.9353
29333.333,231.5631
29344.000,232.9045
29354.667,231.5631
29365.333,231.5631
29376.000,231.5631
29386.667,230.2294
29397.333,243.9195
29408.000,243.9195
29418.667,243.9195
29429.333,243.9195
29440.000,245.3325
29450.667,242.5147
29461.333,245.3325
29472.000,239.7291
29482.667,239.7291
29493.333,248.1832
29504.000,248.1832
29514.667,219.8326
29525.333,217.3076
29536.000,251.0669
29546.667,249.6209
29557.333,261.4265
29568.000,265.9961
29578.667,270.6457
29589.333,270.6457
29600.000,270.6457
29610.667,267.5370
29621.333,265.9961
29632.000,264.4641
29642.667,262.9409
29653.333,264.4641
29664.000,265.9961
29674.667,265.9961
29685.333,267.5370
29696.000,269.0869
29706.667,269.0869
29717.333,269.0869
29728.000,265.9961
29738.667,262.9409
29749.333,259.9208
29760.000,264.4641
29770.667,278.5762
29781.333,293.4413
29792.000,300.3002
29802.667,310.8902
29813.333,316.3245
29824.000,314.5026
29834.667,310.8902
29845.333,309.0996
29856.000,307.3193
29866.667,307.3193
29877.333,310.8902
29888.000,312.6912
29898.667,312.6912
29909.333,307.3193
29920.000,296.8509
29930.667,283.4456
29941.333,278.5762
29952.000,270.6457
29962.667,262.9409
29973.333,261.4265
29984.000,265.9961
29994.667,276.9717
30005.333,276.9717
30016.000,273.7904
30026.667,272.2135
30037.333,269.0869
30048.000,265.9961
30058.667,281.8131
30069.333,281.8131
30080.000,280.1900
30090.667,276.9717
30101.333,278.5762
30112.000,283.4456
30122.667,285.0876
30133.333,269.0869
30144.000,235.6107
30154.667,227.5850
30165.333,227.5850
30176.000,217.3076
30186.667,242.5147
30197.333,0.0000
30208.000,298.5706
30218.667,298.5706
30229.333,303.7895
30240.000,305.5493
30250.667,309.0996
30261.333,307.3193
30272.000,309.0996
30282.667,310.8902
30293.333,312.6912
30304.000,316.3245
30314.667,320.0000
30325.333,323.7182
30336.000,339.0282
30346.667,344.9543
30357.333,350.9840
30368.000,350.9840
30378.667,348.9625
30389.333,346.9526
30400.000,346.9526
30410.667,346.9526
30421.333,346.9526
30432.000,346.9526
30442.667,344.9543
30453.333,342.9675
30464.000,337.0755
30474.667,300.3002
30485.333,300.3002
30496.000,300.3002
30506.667,303.7895
30517.333,309.0996
30528.000,310.8902
30538.667,312.6912
30549.333,312.6912
30560.000,310.8902
30570.667,309.0996
30581.333,302.0398
30592.000,291.7512
30602.667,264.4641
30613.333,261.4265
30624.000,259.9208
30634.667,264.4641
30645.333,275.3765
30656.000,305.5493
30666.667,335.1341
30677.333,346.9526
30688.000,348.9625
30698.667,0.0000
30709.333,0.0000
30720.000,0.0000
30730.667,0.0000
30741.333,0.0000
30752.000,342.9675
30762.667,342.9675
30773.333,344.9543
30784.000,346.9526
30794.667,348.9625
30805.333,353.0172
30816.000,355.0622
30826.667,353.0172
30837.333,348.9625
30848.000,344.9543
30858.667,314.5026
30869.333,314.5026
30880.000,314.5026
30890.667,316.3245
30901.333,316.3245
30912.000,316.3245
30922.667,314.5026
30933.333,312.6912
30944.000,312.6912
30954.667,310.8902
30965.333,310.8902
30976.000,310.8902
30986.667,310.8902
30997.333,310.8902
31008.000,312.6912
31018.667,312.6912
31029.333,312.6912
31040.000,310.8902
31050.667,310.8902
31061.333,309.0996
31072.000,295.1412
31082.667,291.7512
31093.333,291.7512
31104.000,0.0000
31114.667,0.0000
31125.333,0.0000
31136.000,295.1412
31146.667,293.4413
31157.333,290.0708
31168.000,288.4001
31178.667,288.4001
31189.333,288.4001
31200.000,290.0708
31210.667,291.7512
31221.333,293.4413
31232.000,295.1412
31242.667,298.5706
31253.333,303.7895
31264.000,307.3193
31274.667,312.6912
31285.333,316.3245
31296.000,283.4456
31306.667,280.1900
31317.333,303.7895
31328.000,300.3002
31338.667,298.5706
31349.333,295.1412
31360.000,293.4413
31370.667,290.0708
31381.333,290.0708
31392.000,0.0000
31402.667,0.0000
31413.333,290.0708
31424.000,298.5706
31434.667,307.3193
31445.333,316.3245
31456.000,318.1569
31466.667,318.1569
31477.333,318.1569
31488.000,318.1569
31498.667,316.3245
31509.333,309.0996
31520.000,305.5493
31530.667,303.7895
31541.333,337.0755
31552.000,333.2039
31562.667,329.3767
31573.333,323.7182
31584.000,318.1569
31594.667,312.6912
31605.333,310.8902
31616.000,310.8902
31626.667,310.8902
31637.333,310.8902
31648.000,310.8902
31658.667,310.8902
31669.333,309.0996
31680.000,307.3193
31690.667,303.7895
31701.333,298.5706
31712.000,291.7512
31722.667,264.4641
31733.333,245.3325
31744.000,243.9195
31754.667,243.9195
31765.333,245.3325
31776.000,246.7537
31786.667,245.3325
31797.333,243.9195
31808.000,231.5631
31818.667,231.5631
31829.333,231.5631
31840.000,232.9045
31850.667,234.2537
31861.333,235.6107
31872.000,235.6107
31882.667,235.6107
31893.333,234.2537
31904.000,232.9045
31914.667,232.9045
31925.333,232.9045
31936.000,232.9045
31946.667,231.5631
31957.333,234.2537
31968.000,234.2537
31978.667,234.2537
31989.333,234.2537
32000.000,0.0000
32010.667,0.0000
32021.333,0.0000
32032.000,0.0000
32042.667,0.0000
32053.333,0.0000
32064.000,0.0000
32074.667,0.0000
32085.333,0.0000
32096.000,0.0000
32106.667,0.0000
32117.333,0.0000
32128.000,0.0000
32138.667,0.0000
32149.333,0.0000
32160.000,0.0000
32170.667,0.0000
32181.333,0.0000
32192.000,0.0000
32202.667,0.0000
32213.333,0.0000
32224.000,0.0000
32234.667,0.0000
32245.333,0.0000
32256.000,0.0000
32266.667,0.0000
32277.333,0.0000
32288.000,0.0000
32298.667,0.0000
32309.333,0.0000
32320.000,0.0000
32330.667,0.0000
32341.333,0.0000
32352.000,0.0000
32362.667,0.0000
32373.333,0.0000
32384.000,0.0000
32394.667,0.0000
32405.333,0.0000
32416.000,0.0000
32426.667,0.0000
32437.333,0.0000
32448.000,0.0000
32458.667,0.0000
32469.333,0.0000
32480.000,0.0000
32490.667,0.0000
32501.333,0.0000
32512.000,0.0000
32522.667,0.0000
32533.333,0.0000
32544.000,0.0000
32554.667,0.0000
32565.333,0.0000
32576.000,0.0000
32586.667,0.0000
32597.333,0.0000
32608.000,0.0000
32618.667,0.0000
32629.333,0.0000
32640.000,0.0000
32650.667,0.0000
32661.333,0.0000
32672.000,0.0000
32682.667,0.0000
32693.333,0.0000
32704.000,0.0000
32714.667,0.0000
32725.333,0.0000
32736.000,0.0000
32746.667,0.0000
32757.333,0.0000
32768.000,0.0000
32778.667,0.0000
32789.333,0.0000
32800.000,0.0000
32810.667,0.0000
32821.333,0.0000
32832.000,0.0000
32842.667,0.0000
32853.333,0.0000
32864.000,0.0000
32874.667,0.0000
32885.333,0.0000
32896.000,0.0000
32906.667,0.0000
32917.333,0.0000
32928.000,0.0000
32938.667,0.0000
32949.333,0.0000
32960.000,0.0000
32970.667,0.0000
32981.333,0.0000
32992.000,0.0000
33002.667,0.0000
33013.333,0.0000
33024.000,0.0000
33034.667,0.0000
33045.333,0.0000
33056.000,0.0000
33066.667,0.0000
33077.333,234.2537
33088.000,232.9045
33098.667,231.5631
33109.333,232.9045
33120.000,232.9045
33130.667,234.2537
33141.333,230.2294
33152.000,219.8326
33162.667,209.9053
33173.333,192.4840
33184.000,192.4840
33194.667,191.3754
33205.333,194.7206
33216.000,205.1111
33226.667,205.1111
33237.333,201.5874
33248.000,0.0000
33258.667,0.0000
33269.333,0.0000
33280.000,0.0000
33290.667,367.5835
33301.333,367.5835
33312.000,367.5835
33322.667,363.3614
33333.333,357.1191
33344.000,348.9625
33354.667,348.9625
33365.333,350.9840
33376.000,350.9840
33386.667,353.0172
33397.333,355.0622
33408.000,353.0172
33418.667,348.9625
33429.333,325.5935
33440.000,316.3245
33450.667,310.8902
33461.333,312.6912
33472.000,314.5026
33482.667,314.5026
33493.333,316.3245
33504.000,316.3245
33514.667,318.1569
33525.333,314.5026
33536.000,309.0996
33546.667,309.0996
33557.333,309.0996
33568.000,309.0996
33578.667,309.0996
33589.333,310.8902
33600.000,309.0996
33610.667,309.0996
33621.333,309.0996
33632.000,307.3193
33642.667,305.5493
33653.333,303.7895
33664.000,303.7895
33674.667,305.5493
33685.333,307.3193
33696.000,307.3193
33706.667,307.3193
33717.333,307.3193
33728.000,309.0996
33738.667,310.8902
33749.333,310.8902
33760.000,310.8902
33770.667,309.0996
33781.333,305.5493
33792.000,302.0398
33802.667,302.0398
33813.333,302.0398
33824.000,303.7895
33834.667,309.0996
33845.333,314.5026
33856.000,318.1569
33866.667,320.0000
33877.333,320.0000
33888.000,321.8537
33898.667,320.0000
33909.333,318.1569
33920.000,314.5026
33930.667,310.8902
33941.333,303.7895
33952.000,302.0398
33962.667,300.3002
33973.333,300.3002
33984.000,300.3002
33994.667,302.0398
34005.333,307.3193
34016.000,320.0000
34026.667,323.7182
34037.333,325.5935
34048.000,327.4796
34058.667,329.3767
34069.333,327.4796
34080.000,325.5935
34090.667,323.7182
34101.333,321.8537
34112.000,316.3245
34122.667,309.0996
34133.333,307.3193
34144.000,303.7895
34154.667,302.0398
34165.333,0.0000
34176.000,0.0000
34186.667,0.0000
34197.333,0.0000
34208.000,323.7182
34218.667,329.3767
34229.333,331.2848
34240.000,331.2848
34250.667,331.2848
34261.333,331.2848
34272.000,327.4796
34282.667,0.0000
34293.333,0.0000
34304.000,0.0000
34314.667,0.0000
34325.333,0.0000
34336.000,0.0000
34346.667,0.0000
34357.333,0.0000
34368.000,0.0000
34378.667,0.0000
34389.333,0.0000
34400.000,0.0000
34410.667,0.0000
34421.333,0.0000
34432.000,0.0000
34442.667,0.0000
34453.333,235.6107
34464.000,235.6107
34474.667,235.6107
34485.333,235.6107
34496.000,234.2537
34506.667,234.2537
34517.333,236.9756
34528.000,235.6107
34538.667,236.9756
34549.333,236.9756
34560.000,232.9045
34570.667,231.5631
34581.333,231.5631
34592.000,231.5631
34602.667,230.2294
34613.333,231.5631
34624.000,231.5631
34634.667,0.0000
34645.333,0.0000
34656.000,0.0000
34666.667,0.0000
34677.333,0.0000
34688.000,0.0000
34698.667,0.0000
34709.333,0.0000
34720.000,0.0000
34730.667,0.0000
34741.333,0.0000
34752.000,0.0000
34762.667,0.0000
34773.333,0.0000
34784.000,0.0000
34794.667,0.0000
34805.333,0.0000
34816.000,0.0000
34826.667,0.0000
34837.333,130.7132
34848.000,130.7132
34858.667,130.7132
34869.333,130.7132
34880.000,130.7132
34890.667,134.5434
34901.333,134.5434
34912.000,134.5434
34922.667,135.3228
34933.333,135.3228
34944.000,136.1067
34954.667,136.8952
34965.333,137.6882
34976.000,138.4858
34986.667,142.5438
34997.333,141.7228
35008.000,0.0000
35018.667,0.0000
35029.333,0.0000
35040.000,0.0000
35050.667,0.0000
35061.333,0.0000
35072.000,0.0000
35082.667,0.0000
35093.333,0.0000
35104.000,0.0000
35114.667,0.0000
35125.333,0.0000
35136.000,0.0000
35146.667,0.0000
35157.333,0.0000
35168.000,0.0000
35178.667,0.0000
35189.333,0.0000
35200.000,0.0000
35210.667,0.0000
35221.333,0.0000
35232.000,0.0000
35242.667,0.0000
35253.333,0.0000
35264.000,0.0000
35274.667,0.0000
35285.333,0.0000
35296.000,0.0000
35306.667,0.0000
35317.333,0.0000
35328.000,0.0000
35338.667,0.0000
35349.333,0.0000
35360.000,0.0000
35370.667,0.0000
35381.333,0.0000
35392.000,0.0000
35402.667,0.0000
35413.333,0.0000
35424.000,0.0000
35434.667,0.0000
35445.333,0.0000
35456.000,0.0000
35466.667,0.0000
35477.333,361.2686
35488.000,363.3614
35498.667,363.3614
35509.333,365.4663
35520.000,361.2686
35530.667,350.9840
35541.333,346.9526
35552.000,346.9526
35562.667,348.9625
35573.333,353.0172
35584.000,355.0622
35594.667,353.0172
35605.333,350.9840
35616.000,348.9625
35626.667,346.9526
35637.333,346.9526
35648.000,346.9526
35658.667,346.9526
35669.333,346.9526
35680.000,346.9526
35690.667,344.9543
35701.333,346.9526
35712.000,346.9526
35722.667,346.9526
35733.333,316.3245
35744.000,288.4001
35754.667,288.4001
35765.333,278.5762
35776.000,278.5762
35786.667,278.5762
35797.333,300.3002
35808.000,314.5026
35818.667,318.1569
35829.333,318.1569
35840.000,318.1569
35850.667,310.8902
35861.333,285.0876
35872.000,303.7895
35882.667,309.0996
35893.333,310.8902
35904.000,348.9625
35914.667,344.9543
35925.333,346.9526
35936.000,346.9526
35946.667,346.9526
35957.333,309.0996
35968.000,309.0996
35978.667,309.0996
35989.333,309.0996
36000.000,307.3193
36010.667,309.0996
36021.333,309.0996
36032.000,312.6912
36042.667,316.3245
36053.333,320.0000
36064.000,321.8537
36074.667,321.8537
36085.333,320.0000
36096.000,316.3245
36106.667,309.0996
36117.333,309.0996
36128.000,307.3193
36138.667,0.0000
36149.333,0.0000
36160.000,0.0000
36170.667,0.0000
36181.333,0.0000
36192.000,0.0000
36202.667,0.0000
36213.333,0.0000
36224.000,0.0000
36234.667,0.0000
36245.333,0.0000
36256.000,0.0000
36266.667,0.0000
36277.333,0.0000
36288.000,0.0000
36298.667,0.0000
36309.333,0.0000
36320.000,0.0000
36330.667,0.0000
36341.333,0.0000
36352.000,0.0000
36362.667,0.0000
36373.333,0.0000
36384.000,0.0000
36394.667,0.0000
36405.333,0.0000
36416.000,0.0000
36426.667,0.0000
36437.333,0.0000
36448.000,0.0000
36458.667,0.0000
36469.333,0.0000
36480.000,0.0000
36490.667,0.0000
36501.333,0.0000
36512.000,0.0000
36522.667,0.0000
36533.333,0.0000
36544.000,0.0000
36554.667,0.0000
36565.333,0.0000
36576.000,0.0000
36586.667,0.0000
36597.333,0.0000
36608.000,0.0000
36618.667,0.0000
36629.333,0.0000
36640.000,0.0000
36650.667,0.0000
36661.333,0.0000
36672.000,0.0000
36682.667,0.0000
36693.333,0.0000
36704.000,0.0000
36714.667,0.0000
36725.333,0.0000
36736.000,0.0000
36746.667,0.0000
36757.333,0.0000
36768.000,0.0000
36778.667,0.0000
36789.333,0.0000
36800.000,0.0000
36810.667,0.0000
36821.333,0.0000
36832.000,0.0000
36842.667,0.0000
36853.333,0.0000
36864.000,0.0000
36874.667,0.0000
36885.333,0.0000
36896.000,0.0000
36906.667,0.0000
36917.333,0.0000
36928.000,0.0000
36938.667,0.0000
36949.333,0.0000
36960.000,0.0000
36970.667,0.0000
36981.333,0.0000
36992.000,0.0000
37002.667,0.0000
37013.333,0.0000
37024.000,0.0000
37034.667,0.0000
37045.333,0.0000
37056.000,0.0000
37066.667,0.0000
37077.333,0.0000
37088.000,0.0000
37098.667,0.0000
37109.333,0.0000
37120.000,0.0000
37130.667,0.0000
37141.333,0.0000
37152.000,0.0000
37162.667,0.0000
37173.333,0.0000
37184.000,0.0000
37194.667,0.0000
37205.333,0.0000
37216.000,0.0000
37226.667,0.0000
37237.333,0.0000
37248.000,0.0000
37258.667,0.0000
37269.333,0.0000
37280.000,0.0000
37290.667,0.0000
37301.333,0.0000
37312.000,0.0000
37322.667,0.0000
37333.333,348.9625
37344.000,348.9625
37354.667,348.9625
37365.333,348.9625
37376.000,348.9625
37386.667,348.9625
37397.333,346.9526
37408.000,344.9543
37418.667,346.9526
37429.333,346.9526
37440.000,346.9526
37450.667,346.9526
37461.333,346.9526
37472.000,344.9543
37482.667,0.0000
37493.333,0.0000
37504.000,0.0000
37514.667,259.9208
37525.333,259.9208
37536.000,259.9208
37546.667,259.9208
37557.333,259.9208
37568.000,261.4265
37578.667,286.7391
37589.333,0.0000
37600.000,0.0000
37610.667,0.0000
37621.333,0.0000
37632.000,0.0000
37642.667,0.0000
37653.333,0.0000
37664.000,0.0000
37674.667,0.0000
37685.333,0.0000
37696.000,0.0000
37706.667,0.0000
37717.333,0.0000
37728.000,0.0000
37738.667,0.0000
37749.333,350.9840
37760.000,348.9625
37770.667,348.9625
37781.333,348.9625
37792.000,348.9625
37802.667,348.9625
37813.333,348.9625
37824.000,348.9625
37834.667,346.9526
37845.333,346.9526
37856.000,346.9526
37866.667,348.9625
37877.333,348.9625
37888.000,350.9840
37898.667,348.9625
37909.333,348.9625
37920.000,348.9625
37930.667,346.9526
37941.333,378.3545
37952.000,380.5463
37962.667,369.7129
37973.333,369.7129
37984.000,355.0622
37994.667,353.0172
38005.333,0.0000
38016.000,0.0000
38026.667,255.4555
38037.333,231.5631
38048.000,230.2294
38058.667,231.5631
38069.333,232.9045
38080.000,238.3484
38090.667,234.2537
38101.333,234.2537
38112.000,234.2537
38122.667,0.0000
38133.333,0.0000
38144.000,0.0000
38154.667,0.0000
38165.333,0.0000
38176.000,0.0000
38186.667,0.0000
38197.333,0.0000
38208.000,0.0000
38218.667,0.0000
38229.333,0.0000
38240.000,0.0000
38250.667,0.0000
38261.333,0.0000
38272.000,0.0000
38282.667,0.0000
38293.333,0.0000
38304.000,0.0000
38314.667,0.0000
38325.333,0.0000
38336.000,0.0000
38346.667,0.0000
38357.333,0.0000
38368.000,0.0000
38378.667,0.0000
38389.333,270.6457
38400.000,272.2135
38410.667,270.6457
38421.333,267.5370
38432.000,261.4265
38442.667,256.9353
38453.333,255.4555
38464.000,276.9717
38474.667,286.7391
38485.333,296.8509
38496.000,303.7895
38506.667,0.0000
38517.333,0.0000
38528.000,0.0000
38538.667,0.0000
38549.333,0.0000
38560.000,0.0000
38570.667,0.0000
38581.333,344.9543
38592.000,346.9526
38602.667,348.9625
38613.333,350.9840
38624.000,350.9840
38634.667,314.5026
38645.333,295.1412
38656.000,293.4413
38666.667,288.4001
38677.333,285.0876
38688.000,290.0708
38698.667,275.3765
38709.333,288.4001
38720.000,288.4001
38730.667,312.6912
38741.333,288.4001
38752.000,288.4001
38762.667,288.4001
38773.333,283.4456
38784.000,278.5762
38794.667,281.8131
38805.333,283.4456
38816.000,285.0876
38826.667,290.0708
38837.333,281.8131
38848.000,276.9717
38858.667,261.4265
38869.333,267.5370
38880.000,269.0869
38890.667,270.6457
38901.333,303.7895
38912.000,307.3193
38922.667,309.0996
38933.333,309.0996
38944.000,309.0996
38954.667,309.0996
38965.333,309.0996
38976.000,307.3193
38986.667,305.5493
38997.333,300.3002
39008.000,298.5706
39018.667,296.8509
39029.333,298.5706
39040.000,300.3002
39050.667,303.7895
39061.333,309.0996
39072.000,310.8902
39082.667,320.0000
39093.333,323.7182
39104.000,325.5935
39114.667,325.5935
39125.333,325.5935
39136.000,323.7182
39146.667,321.8537
39157.333,314.5026
39168.000,305.5493
39178.667,300.3002
39189.333,298.5706
39200.000,296.8509
39210.667,295.1412
39221.333,295.1412
39232.000,0.0000
39242.667,0.0000
39253.333,0.0000
39264.000,0.0000
39274.667,0.0000
39285.333,0.0000
39296.000,0.0000
39306.667,320.0000
39317.333,321.8537
39328.000,323.7182
39338.667,357.1191
39349.333,363.3614
39360.000,363.3614
39370.667,367.5835
39381.333,369.7129
39392.000,369.7129
39402.667,376.1753
39413.333,382.7508
39424.000,387.1981
39434.667,393.9662
39445.333,398.5439
39456.000,400.8526
39466.667,400.8526
39477.333,400.8526
39488.000,400.8526
39498.667,396.2484
39509.333,393.9662
39520.000,391.6971
39530.667,389.4411
39541.333,387.1981
39552.000,382.7508
39562.667,374.0087
39573.333,367.5835
39584.000,0.0000
39594.667,0.0000
39605.333,361.2686
39616.000,359.1879
39626.667,361.2686
39637.333,359.1879
39648.000,344.9543
39658.667,333.2039
39669.333,325.5935
39680.000,310.8902
39690.667,307.3193
39701.333,307.3193
39712.000,309.0996
39722.667,0.0000
39733.333,0.0000
39744.000,0.0000
39754.667,0.0000
39765.333,0.0000
39776.000,0.0000
39786.667,391.6971
39797.333,391.6971
39808.000,391.6971
39818.667,391.6971
39829.333,389.4411
39840.000,389.4411
39850.667,387.1981
39861.333,387.1981
39872.000,387.1981
39882.667,387.1981
39893.333,387.1981
39904.000,389.4411
39914.667,389.4411
39925.333,389.4411
39936.000,389.4411
39946.667,389.4411
39957.333,389.4411
39968.000,0.0000
39978.667,0.0000
39989.333,0.0000
40000.000,0.0000
40010.667,0.0000
40021.333,329.3767
40032.000,329.3767
40042.667,355.0622
40053.333,353.0172
40064.000,353.0172
40074.667,355.0622
40085.333,355.0622
40096.000,353.0172
40106.667,350.9840
40117.333,348.9625
40128.000,346.9526
40138.667,339.0282
40149.333,333.2039
40160.000,325.5935
40170.667,312.6912
40181.333,312.6912
40192.000,312.6912
40202.667,312.6912
40213.333,312.6912
40224.000,309.0996
40234.667,305.5493
40245.333,305.5493
40256.000,278.5762
40266.667,262.9409
40277.333,0.0000
40288.000,0.0000
40298.667,0.0000
40309.333,0.0000
40320.000,0.0000
40330.667,0.0000
40341.333,119.8646
40352.000,119.8646
40362.667,118.4878
40373.333,118.4878
40384.000,117.1269
40394.667,116.4523
40405.333,115.7815
40416.000,115.1147
40426.667,0.0000
40437.333,0.0000
40448.000,0.0000
40458.667,0.0000
40469.333,0.0000
40480.000,226.2742
40490.667,251.0669
40501.333,243.9195
40512.000,251.0669
40522.667,253.9842
40533.333,258.4237
40544.000,258.4237
40554.667,261.4265
40565.333,264.4641
40576.000,262.9409
40586.667,270.6457
40597.333,269.0869
40608.000,273.7904
40618.667,272.2135
40629.333,270.6457
40640.000,276.9717
40650.667,276.9717
40661.333,283.4456
40672.000,283.4456
40682.667,309.0996
40693.333,312.6912
40704.000,312.6912
40714.667,312.6912
40725.333,309.0996
40736.000,309.0996
40746.667,305.5493
40757.333,302.0398
40768.000,300.3002
40778.667,302.0398
40789.333,303.7895
40800.000,309.0996
40810.667,312.6912
40821.333,316.3245
40832.000,318.1569
40842.667,318.1569
40853.333,320.0000
40864.000,293.4413
40874.667,291.7512
40885.333,291.7512
40896.000,307.3193
40906.667,305.5493
40917.333,302.0398
40928.000,302.0398
40938.667,300.3002
40949.333,302.0398
40960.000,318.1569
40970.667,316.3245
40981.333,314.5026
40992.000,307.3193
41002.667,296.8509
41013.333,293.4413
41024.000,293.4413
41034.667,295.1412
41045.333,295.1412
41056.000,295.1412
41066.667,295.1412
41077.333,295.1412
41088.000,298.5706
41098.667,300.3002
41109.333,298.5706
41120.000,295.1412
41130.667,295.1412
41141.333,296.8509
41152.000,296.8509
41162.667,302.0398
41173.333,310.8902
41184.000,320.0000
41194.667,321.8537
41205.333,323.7182
41216.000,325.5935
41226.667,323.7182
41237.333,321.8537
41248.000,320.0000
41258.667,312.6912
41269.333,309.0996
41280.000,307.3193
41290.667,307.3193
41301.333,331.2848
41312.000,331.2848
41322.667,329.3767
41333.333,331.2848
41344.000,329.3767
41354.667,340.9922
41365.333,344.9543
41376.000,359.1879
41386.667,371.8546
41397.333,374.0087
41408.000,376.1753
41418.667,376.1753
41429.333,378.3545
41440.000,382.7508
41450.667,387.1981
41461.333,387.1981
41472.000,387.1981
41482.667,389.4411
41493.333,389.4411
41504.000,391.6971
41514.667,391.6971
41525.333,391.6971
41536.000,389.4411
41546.667,387.1981
41557.333,387.1981
41568.000,387.1981
41578.667,387.1981
41589.333,389.4411
41600.000,391.6971
41610.667,0.0000
41621.333,0.0000
41632.000,0.0000
41642.667,0.0000
41653.333,0.0000
41664.000,0.0000
41674.667,0.0000
41685.333,0.0000
41696.000,0.0000
41706.667,0.0000
41717.333,0.0000
41728.000,0.0000
41738.667,0.0000
41749.333,0.0000
41760.000,0.0000
41770.667,0.0000
41781.333,0.0000
41792.000,0.0000
41802.667,0.0000
41813.333,0.0000
41824.000,0.0000
41834.667,217.3076
41845.333,214.8116
41856.000,217.3076
41866.667,217.3076
41877.333,217.3076
41888.000,223.6752
41898.667,228.9033
41909.333,228.9033
41920.000,228.9033
41930.667,227.5850
41941.333,226.2742
41952.000,227.5850
41962.667,0.0000
41973.333,0.0000
41984.000,0.0000
41994.667,0.0000
42005.333,0.0000
42016.000,0.0000
42026.667,0.0000
42037.333,0.0000
42048.000,0.0000
42058.667,0.0000
42069.333,0.0000
42080.000,0.0000
42090.667,0.0000
42101.333,0.0000
42112.000,0.0000
42122.667,0.0000
42133.333,0.0000
42144.000,0.0000
42154.667,0.0000
42165.333,0.0000
42176.000,0.0000
42186.667,0.0000
42197.333,0.0000
42208.000,0.0000
42218.667,0.0000
42229.333,0.0000
42240.000,0.0000
42250.667,0.0000
42261.333,0.0000
42272.000,0.0000
42282.667,0.0000
42293.333,0.0000
42304.000,0.0000
42314.667,0.0000
42325.333,0.0000
42336.000,0.0000
42346.667,0.0000
42357.333,0.0000
42368.000,0.0000
42378.667,0.0000
42389.333,0.0000
42400.000,0.0000
42410.667,0.0000
42421.333,0.0000
42432.000,0.0000
42442.667,0.0000
42453.333,0.0000
42464.000,0.0000
42474.667,0.0000
42485.333,0.0000
42496.000,0.0000
42506.667,0.0000
42517.333,0.0000
42528.000,0.0000
42538.667,0.0000
42549.333,0.0000
42560.000,0.0000
42570.667,0.0000
42581.333,0.0000
42592.000,0.0000
42602.667,0.0000
42613.333,0.0000
42624.000,0.0000
42634.667,0.0000
42645.333,0.0000
42656.000,0.0000
42666.667,0.0000
42677.333,0.0000
42688.000,0.0000
42698.667,0.0000
42709.333,0.0000
42720.000,0.0000
42730.667,0.0000
42741.333,0.0000
42752.000,0.0000
42762.667,0.0000
42773.333,0.0000
42784.000,0.0000
42794.667,0.0000
42805.333,0.0000
42816.000,0.0000
42826.667,0.0000
42837.333,0.0000
42848.000,0.0000
42858.667,0.0000
42869.333,0.0000
42880.000,0.0000
42890.667,0.0000
42901.333,0.0000
42912.000,0.0000
42922.667,0.0000
42933.333,0.0000
42944.000,0.0000
42954.667,203.9297
42965.333,205.1111
42976.000,201.5874
42986.667,198.1242
42997.333,198.1242
43008.000,195.8486
43018.667,198.1242
43029.333,195.8486
43040.000,192.4840
43050.667,182.7332
43061.333,182.7332
43072.000,173.4763
43082.667,172.4771
43093.333,172.4771
43104.000,175.4920
43114.667,179.5939
43125.333,179.5939
43136.000,178.5595
43146.667,178.5595
43157.333,177.5311
43168.000,174.4812
43178.667,170.4961
43189.333,166.6019
43200.000,165.6424
43210.667,166.6019
43221.333,172.4771
43232.000,173.4763
43242.667,183.7917
43253.333,184.8564
43264.000,196.9831
43274.667,195.8486
43285.333,208.6963
43296.000,208.6963
43306.667,208.6963
43317.333,224.9709
43328.000,224.9709
43338.667,236.9756
43349.333,238.3484
43360.000,236.9756
43370.667,231.5631
43381.333,213.5744
43392.000,196.9831
43402.667,193.5991
43413.333,193.5991
43424.000,193.5991
43434.667,198.1242
43445.333,192.4840
43456.000,0.0000
43466.667,0.0000
43477.333,258.4237
43488.000,261.4265
43498.667,262.9409
43509.333,264.4641
43520.000,264.4641
43530.667,261.4265
43541.333,258.4237
43552.000,255.4555
43562.667,256.9353
43573.333,258.4237
43584.000,261.4265
43594.667,262.9409
43605.333,264.4641
43616.000,265.9961
43626.667,264.4641
43637.333,258.4237
43648.000,255.4555
43658.667,255.4555
43669.333,265.9961
43680.000,270.6457
43690.667,310.8902
43701.333,312.6912
43712.000,312.6912
43722.667,310.8902
43733.333,309.0996
43744.000,307.3193
43754.667,305.5493
43765.333,303.7895
43776.000,302.0398
43786.667,303.7895
43797.333,303.7895
43808.000,305.5493
43818.667,303.7895
43829.333,280.1900
43840.000,273.7904
43850.667,265.9961
43861.333,269.0869
43872.000,269.0869
43882.667,281.8131
43893.333,307.3193
43904.000,316.3245
43914.667,320.0000
43925.333,314.5026
43936.000,312.6912
43946.667,310.8902
43957.333,309.0996
43968.000,342.9675
43978.667,344.9543
43989.333,344.9543
44000.000,348.9625
44010.667,346.9526
44021.333,346.9526
44032.000,312.6912
44042.667,302.0398
44053.333,300.3002
44064.000,281.8131
44074.667,280.1900
44085.333,265.9961
44096.000,258.4237
44106.667,258.4237
44117.333,0.0000
44128.000,0.0000
44138.667,0.0000
44149.333,0.0000
44160.000,0.0000
44170.667,0.0000
44181.333,0.0000
44192.000,312.6912
44202.667,312.6912
44213.333,314.5026
44224.000,314.5026
44234.667,310.8902
44245.333,325.5935
44256.000,342.9675
44266.667,346.9526
44277.333,350.9840
44288.000,353.0172
44298.667,353.0172
44309.333,353.0172
44320.000,350.9840
44330.667,348.9625
44341.333,348.9625
44352.000,348.9625
44362.667,348.9625
44373.333,0.0000
44384.000,0.0000
44394.667,0.0000
44405.333,246.7537
44416.000,243.9195
44426.667,262.9409
44437.333,246.7537
44448.000,273.7904
44458.667,272.2135
44469.333,270.6457
44480.000,264.4641
44490.667,259.9208
44501.333,259.9208
44512.000,275.3765
44522.667,316.3245
44533.333,357.1191
44544.000,357.1191
44554.667,357.1191
44565.333,355.0622
44576.000,353.0172
44586.667,350.9840
44597.333,350.9840
44608.000,0.0000
44618.667,0.0000
44629.333,0.0000
44640.000,0.0000
44650.667,0.0000
44661.333,0.0000
44672.000,0.0000
44682.667,0.0000
44693.333,0.0000
44704.000,0.0000
44714.667,0.0000
44725.333,398.5439
44736.000,396.2484
44746.667,393.9662
44757.333,393.9662
44768.000,393.9662
44778.667,393.9662
44789.333,393.9662
44800.000,391.6971
44810.667,382.7508
44821.333,367.5835
44832.000,361.2686
44842.667,359.1879
44853.333,359.1879
44864.000,359.1879
44874.667,359.1879
44885.333,359.1879
44896.000,357.1191
44906.667,382.7508
44917.333,0.0000
44928.000,0.0000
44938.667,0.0000
44949.333,0.0000
44960.000,0.0000
44970.667,0.0000
44981.333,0.0000
44992.000,230.2294
45002.667,228.9033
45013.333,227.5850
45024.000,227.5850
45034.667,227.5850
45045.333,228.9033
45056.000,230.2294
45066.667,230.2294
45077.333,231.5631
45088.000,230.2294
45098.667,230.2294
45109.333,230.2294
45120.000,230.2294
45130.667,231.5631
45141.333,232.9045
45152.000,232.9045
45162.667,232.9045
45173.333,246.7537
45184.000,270.6457
45194.667,264.4641
45205.333,264.4641
45216.000,261.4265
45226.667,261.4265
45237.333,253.9842
45248.000,261.4265
45258.667,259.9208
45269.333,261.4265
45280.000,259.9208
45290.667,0.0000
45301.333,0.0000
45312.000,0.0000
45322.667,0.0000
45333.333,0.0000
45344.000,0.0000
45354.667,0.0000
45365.333,0.0000
45376.000,0.0000
45386.667,0.0000
45397.333,0.0000
45408.000,0.0000
45418.667,305.5493
45429.333,318.1569
45440.000,314.5026
45450.667,314.5026
45461.333,312.6912
45472.000,310.8902
45482.667,309.0996
45493.333,309.0996
45504.000,307.3193
45514.667,309.0996
45525.333,309.0996
45536.000,310.8902
45546.667,312.6912
45557.333,310.8902
45568.000,310.8902
45578.667,309.0996
45589.333,303.7895
45600.000,323.7182
45610.667,0.0000
45621.333,0.0000
45632.000,0.0000
45642.667,0.0000
45653.333,0.0000
45664.000,0.0000
45674.667,0.0000
45685.333,0.0000
45696.000,0.0000
45706.667,0.0000
45717.333,0.0000
45728.000,293.4413
45738.667,293.4413
45749.333,296.8509
45760.000,296.8509
45770.667,275.3765
45781.333,273.7904
45792.000,280.1900
45802.667,280.1900
45813.333,280.1900
45824.000,273.7904
45834.667,267.5370
45845.333,265.9961
45856.000,280.1900
45866.667,258.4237
45877.333,238.3484
45888.000,234.2537
45898.667,238.3484
45909.333,0.0000
45920.000,0.0000
45930.667,0.0000
45941.333,0.0000
45952.000,228.9033
45962.667,226.2742
45973.333,223.6752
45984.000,223.6752
45994.667,223.6752
46005.333,224.9709
46016.000,227.5850
46026.667,228.9033
46037.333,230.2294
46048.000,231.5631
46058.667,232.9045
46069.333,232.9045
46080.000,252.5213
46090.667,252.5213
46101.333,276.9717
46112.000,278.5762
46122.667,298.5706
46133.333,298.5706
46144.000,298.5706
46154.667,0.0000
46165.333,0.0000
46176.000,0.0000
46186.667,0.0000
46197.333,0.0000
46208.000,0.0000
46218.667,0.0000
46229.333,0.0000
46240.000,0.0000
46250.667,0.0000
46261.333,0.0000
46272.000,0.0000
46282.667,0.0000
46293.333,283.4456
46304.000,281.8131
46314.667,302.0398
46325.333,320.0000
46336.000,325.5935
46346.667,323.7182
46357.333,325.5935
46368.000,0.0000
46378.667,0.0000
46389.333,314.5026
46400.000,316.3245
46410.667,316.3245
46421.333,321.8537
46432.000,348.9625
46442.667,348.9625
46453.333,346.9526
46464.000,346.9526
46474.667,344.9543
46485.333,344.9543
46496.000,342.9675
46506.667,0.0000
46517.333,0.0000
46528.000,0.0000
46538.667,0.0000
46549.333,0.0000
46560.000,0.0000
46570.667,0.0000
46581.333,0.0000
46592.000,0.0000
46602.667,0.0000
46613.333,0.0000
46624.000,0.0000
46634.667,0.0000
46645.333,0.0000
46656.000,0.0000
46666.667,0.0000
46677.333,0.0000
46688.000,0.0000
46698.667,0.0000
46709.333,335.1341
46720.000,333.2039
46730.667,309.0996
46741.333,309.0996
46752.000,309.0996
46762.667,305.5493
46773.333,309.0996
46784.000,320.0000
46794.667,318.1569
46805.333,314.5026
46816.000,310.8902
46826.667,307.3193
46837.333,305.5493
46848.000,303.7895
46858.667,300.3002
46869.333,298.5706
46880.000,296.8509
46890.667,296.8509
46901.333,298.5706
46912.000,303.7895
46922.667,312.6912
46933.333,316.3245
46944.000,320.0000
46954.667,320.0000
46965.333,320.0000
46976.000,318.1569
46986.667,316.3245
46997.333,312.6912
47008.000,309.0996
47018.667,302.0398
47029.333,300.3002
47040.000,298.5706
47050.667,296.8509
47061.333,295.1412
47072.000,296.8509
47082.667,300.3002
47093.333,318.1569
47104.000,320.0000
47114.667,320.0000
47125.333,320.0000
47136.000,321.8537
47146.667,320.0000
47157.333,316.3245
47168.000,323.7182
47178.667,325.5935
47189.333,323.7182
47200.000,320.0000
47210.667,314.5026
47221.333,0.0000
47232.000,0.0000
47242.667,0.0000
47253.333,0.0000
47264.000,0.0000
47274.667,0.0000
47285.333,0.0000
47296.000,0.0000
47306.667,314.5026
47317.333,318.1569
47328.000,320.0000
47338.667,323.7182
47349.333,323.7182
47360.000,323.7182
47370.667,298.5706
47381.333,290.0708
47392.000,265.9961
47402.667,0.0000
47413.333,0.0000
47424.000,0.0000
47434.667,0.0000
47445.333,0.0000
47456.000,0.0000
47466.667,252.5213
47477.333,255.4555
47488.000,256.9353
47498.667,258.4237
47509.333,261.4265
47520.000,261.4265
47530.667,262.9409
47541.333,262.9409
47552.000,261.4265
47562.667,258.4237
47573.333,251.0669
47584.000,239.7291
47594.667,0.0000
47605.333,0.0000
47616.000,0.0000
47626.667,0.0000
47637.333,0.0000
47648.000,288.4001
47658.667,291.7512
47669.333,300.3002
47680.000,309.0996
47690.667,309.0996
47701.333,309.0996
47712.000,309.0996
47722.667,309.0996
47733.333,307.3193
47744.000,307.3193
47754.667,309.0996
47765.333,310.8902
47776.000,312.6912
47786.667,314.5026
47797.333,316.3245
47808.000,323.7182
47818.667,333.2039
47829.333,335.1341
47840.000,337.0755
47850.667,337.0755
47861.333,333.2039
47872.000,318.1569
47882.667,316.3245
47893.333,307.3193
47904.000,307.3193
47914.667,307.3193
47925.333,310.8902
47936.000,318.1569
47946.667,320.0000
47957.333,320.0000
47968.000,320.0000
47978.667,318.1569
47989.333,314.5026
48000.000,305.5493
48010.667,316.3245
48021.333,316.3245
48032.000,325.5935
48042.667,325.5935
48053.333,309.0996
48064.000,0.0000
48074.667,0.0000
48085.333,0.0000
48096.000,0.0000
48106.667,0.0000
48117.333,0.0000
48128.000,0.0000
48138.667,0.0000
48149.333,0.0000
48160.000,0.0000
48170.667,0.0000
48181.333,0.0000
48192.000,0.0000
48202.667,0.0000
48213.333,0.0000
48224.000,0.0000
48234.667,0.0000
48245.333,0.0000
48256.000,0.0000
48266.667,234.2537
48277.333,232.9045
48288.000,238.3484
48298.667,238.3484
48309.333,236.9756
48320.000,234.2537
48330.667,232.9045
48341.333,231.5631
48352.000,223.6752
48362.667,227.5850
48373.333,228.9033
48384.000,243.9195
48394.667,248.1832
48405.333,267.5370
48416.000,267.5370
48426.667,267.5370
48437.333,259.9208
48448.000,248.1832
48458.667,234.2537
48469.333,228.9033
48480.000,236.9756
48490.667,269.0869
48501.333,296.8509
48512.000,303.7895
48522.667,305.5493
48533.333,305.5493
48544.000,305.5493
48554.667,305.5493
48565.333,305.5493
48576.000,305.5493
48586.667,307.3193
48597.333,307.3193
48608.000,307.3193
48618.667,309.0996
48629.333,310.8902
48640.000,314.5026
48650.667,321.8537
48661.333,321.8537
48672.000,320.0000
48682.667,320.0000
48693.333,312.6912
48704.000,310.8902
48714.667,309.0996
48725.333,305.5493
48736.000,302.0398
48746.667,300.3002
48757.333,303.7895
48768.000,305.5493
48778.667,314.5026
48789.333,318.1569
48800.000,325.5935
48810.667,327.4796
48821.333,329.3767
48832.000,327.4796
48842.667,323.7182
48853.333,303.7895
48864.000,305.5493
48874.667,305.5493
48885.333,346.9526
48896.000,346.9526
48906.667,346.9526
48917.333,344.9543
48928.000,318.1569
48938.667,309.0996
48949.333,307.3193
48960.000,307.3193
48970.667,309.0996
48981.333,272.2135
48992.000,272.2135
49002.667,0.0000
49013.333,0.0000
49024.000,0.0000
49034.667,0.0000
49045.333,0.0000
49056.000,0.0000
49066.667,0.0000
49077.333,0.0000
49088.000,0.0000
49098.667,0.0000
49109.333,0.0000
49120.000,0.0000
49130.667,0.0000
49141.333,221.1061
49152.000,227.5850
49162.667,227.5850
49173.333,228.9033
49184.000,227.5850
49194.667,227.5850
49205.333,226.2742
49216.000,222.3869
49226.667,219.8326
49237.333,218.5664
49248.000,217.3076
49258.667,217.3076
49269.333,222.3869
49280.000,232.9045
49290.667,234.2537
49301.333,235.6107
49312.000,235.6107
49322.667,234.2537
49333.333,234.2537
49344.000,234.2537
49354.667,235.6107
49365.333,238.3484
49376.000,238.3484
49386.667,238.3484
49397.333,236.9756
49408.000,236.9756
49418.667,236.9756
49429.333,236.9756
49440.000,236.9756
49450.667,235.6107
49461.333,230.2294
49472.000,213.5744
49482.667,200.4263
49493.333,194.7206
49504.000,196.9831
49514.667,198.1242
49525.333,198.1242
49536.000,0.0000
49546.667,0.0000
49557.333,0.0000
49568.000,0.0000
49578.667,251.0669
49589.333,255.4555
49600.000,264.4641
49610.667,264.4641
49621.333,264.4641
49632.000,262.9409
49642.667,258.4237
49653.333,253.9842
49664.000,253.9842
49674.667,258.4237
49685.333,262.9409
49696.000,269.0869
49706.667,273.7904
49717.333,272.2135
49728.000,272.2135
49738.667,265.9961
49749.333,258.4237
49760.000,253.9842
49770.667,246.7537
49781.333,246.7537
49792.000,259.9208
49802.667,275.3765
49813.333,302.0398
49824.000,310.8902
49834.667,314.5026
49845.333,314.5026
49856.000,314.5026
49866.667,312.6912
49877.333,302.0398
49888.000,295.1412
49898.667,295.1412
49909.333,302.0398
49920.000,320.0000
49930.667,325.5935
49941.333,327.4796
49952.000,296.8509
49962.667,275.3765
49973.333,265.9961
49984.000,264.4641
49994.667,264.4641
50005.333,0.0000
50016.000,0.0000
50026.667,273.7904
50037.333,273.7904
50048.000,270.6457
50058.667,262.9409
50069.333,262.9409
50080.000,259.9208
50090.667,242.5147
50101.333,267.5370
50112.000,270.6457
50122.667,0.0000
50133.333,0.0000
50144.000,0.0000
50154.667,0.0000
50165.333,0.0000
50176.000,0.0000
50186.667,0.0000
50197.333,0.0000
50208.000,0.0000
50218.667,0.0000
50229.333,0.0000
50240.000,0.0000
50250.667,0.0000
50261.333,314.5026
50272.000,316.3245
50282.667,314.5026
50293.333,314.5026
50304.000,312.6912
50314.667,310.8902
50325.333,307.3193
50336.000,305.5493
50346.667,302.0398
50357.333,300.3002
50368.000,298.5706
50378.667,300.3002
50389.333,307.3193
50400.000,320.0000
50410.667,327.4796
50421.333,331.2848
50432.000,333.2039
50442.667,331.2848
50453.333,329.3767
50464.000,323.7182
50474.667,312.6912
50485.333,305.5493
50496.000,300.3002
50506.667,298.5706
50517.333,298.5706
50528.000,305.5493
50538.667,312.6912
50549.333,316.3245
50560.000,318.1569
50570.667,318.1569
50581.333,316.3245
50592.000,309.0996
50602.667,309.0996
50613.333,310.8902
50624.000,310.8902
50634.667,314.5026
50645.333,321.8537
50656.000,325.5935
50666.667,323.7182
50677.333,0.0000
50688.000,0.0000
50698.667,0.0000
50709.333,0.0000
50720.000,0.0000
50730.667,0.0000
50741.333,0.0000
50752.000,0.0000
50762.667,0.0000
50773.333,0.0000
50784.000,0.0000
50794.667,0.0000
50805.333,0.0000
50816.000,0.0000
50826.667,0.0000
50837.333,0.0000
50848.000,0.0000
50858.667,0.0000
50869.333,0.0000
50880.000,0.0000
50890.667,0.0000
50901.333,0.0000
50912.000,0.0000
50922.667,0.0000
50933.333,0.0000
50944.000,0.0000
50954.667,0.0000
50965.333,0.0000
50976.000,253.9842
50986.667,242.5147
50997.333,243.9195
51008.000,243.9195
51018.667,245.3325
51029.333,249.6209
51040.000,251.0669
51050.667,256.9353
51061.333,262.9409
51072.000,270.6457
51082.667,280.1900
51093.333,296.8509
51104.000,320.0000
51114.667,323.7182
51125.333,321.8537
51136.000,320.0000
51146.667,316.3245
51157.333,309.0996
51168.000,302.0398
51178.667,300.3002
51189.333,302.0398
51200.000,305.5493
51210.667,307.3193
51221.333,310.8902
51232.000,312.6912
51242.667,309.0996
51253.333,293.4413
51264.000,270.6457
51274.667,264.4641
51285.333,264.4641
51296.000,264.4641
51306.667,278.5762
51317.333,293.4413
51328.000,300.3002
51338.667,303.7895
51349.333,305.5493
51360.000,302.0398
51370.667,298.5706
51381.333,296.8509
51392.000,295.1412
51402.667,302.0398
51413.333,310.8902
51424.000,316.3245
51434.667,316.3245
51445.333,316.3245
51456.000,314.5026
51466.667,305.5493
51477.333,295.1412
51488.000,285.0876
51498.667,276.9717
51509.333,276.9717
51520.000,290.0708
51530.667,305.5493
51541.333,314.5026
51552.000,323.7182
51562.667,325.5935
51573.333,323.7182
51584.000,320.0000
51594.667,305.5493
51605.333,302.0398
51616.000,298.5706
51626.667,295.1412
51637.333,291.7512
51648.000,302.0398
51658.667,305.5493
51669.333,307.3193
51680.000,309.0996
51690.667,290.0708
51701.333,288.4001
51712.000,288.4001
51722.667,291.7512
51733.333,309.0996
51744.000,316.3245
51754.667,314.5026
51765.333,312.6912
51776.000,310.8902
51786.667,296.8509
51797.333,295.1412
51808.000,295.1412
51818.667,303.7895
51829.333,314.5026
51840.000,321.8537
51850.667,321.8537
51861.333,302.0398
51872.000,309.0996
51882.667,312.6912
51893.333,312.6912
51904.000,314.5026
51914.667,312.6912
51925.333,309.0996
51936.000,318.1569
51946.667,0.0000
51957.333,0.0000
51968.000,252.5213
51978.667,255.4555
51989.333,278.5762
52000.000,288.4001
52010.667,293.4413
52021.333,295.1412
52032.000,303.7895
52042.667,309.0996
52053.333,310.8902
52064.000,310.8902
52074.667,312.6912
52085.333,314.5026
52096.000,316.3245
52106.667,320.0000
52117.333,325.5935
52128.000,331.2848
52138.667,342.9675
52149.333,350.9840
52160.000,353.0172
52170.667,353.0172
52181.333,353.0172
52192.000,350.9840
52202.667,348.9625
52213.333,346.9526
52224.000,344.9543
52234.667,342.9675
52245.333,340.9922
52256.000,340.9922
52266.667,342.9675
52277.333,346.9526
52288.000,350.9840
52298.667,355.0622
52309.333,359.1879
52320.000,359.1879
52330.667,357.1191
52341.333,353.0172
52352.000,346.9526
52362.667,342.9675
52373.333,344.9543
52384.000,348.9625
52394.667,350.9840
52405.333,353.0172
52416.000,357.1191
52426.667,350.9840
52437.333,346.9526
52448.000,342.9675
52458.667,337.0755
52469.333,339.0282
52480.000,0.0000
52490.667,0.0000
52501.333,0.0000
52512.000,0.0000
52522.667,0.0000
52533.333,0.0000
52544.000,0.0000
52554.667,0.0000
52565.333,0.0000
52576.000,0.0000
52586.667,226.2742
52597.333,218.5664
52608.000,228.9033
52618.667,232.9045
52629.333,234.2537
52640.000,234.2537
52650.667,234.2537
52661.333,234.2537
52672.000,234.2537
52682.667,234.2537
52693.333,235.6107
52704.000,236.9756
52714.667,234.2537
52725.333,230.2294
52736.000,214.8116
52746.667,243.9195
52757.333,0.0000
52768.000,0.0000
52778.667,0.0000
52789.333,0.0000
52800.000,0.0000
52810.667,0.0000
52821.333,0.0000
52832.000,253.9842
52842.667,239.7291
52853.333,239.7291
52864.000,236.9756
52874.667,235.6107
52885.333,232.9045
52896.000,231.5631
52906.667,230.2294
52917.333,230.2294
52928.000,228.9033
52938.667,227.5850
52949.333,227.5850
52960.000,228.9033
52970.667,231.5631
52981.333,232.9045
52992.000,234.2537
53002.667,234.2537
53013.333,234.2537
53024.000,236.9756
53034.667,258.4237
53045.333,259.9208
53056.000,262.9409
53066.667,264.4641
53077.333,267.5370
53088.000,267.5370
53098.667,267.5370
53109.333,255.4555
53120.000,236.9756
53130.667,239.7291
53141.333,241.1179
53152.000,242.5147
53162.667,0.0000
53173.333,0.0000
53184.000,0.0000
53194.667,0.0000
53205.333,0.0000
53216.000,0.0000
53226.667,0.0000
53237.333,0.0000
53248.000,0.0000
53258.667,0.0000
53269.333,0.0000
53280.000,0.0000
53290.667,296.8509
53301.333,323.7182
53312.000,325.5935
53322.667,329.3767
53333.333,327.4796
53344.000,325.5935
53354.667,314.5026
53365.333,310.8902
53376.000,307.3193
53386.667,309.0996
53397.333,312.6912
53408.000,318.1569
53418.667,316.3245
53429.333,312.6912
53440.000,309.0996
53450.667,300.3002
53461.333,276.9717
53472.000,269.0869
53482.667,261.4265
53493.333,242.5147
53504.000,0.0000
53514.667,0.0000
53525.333,0.0000
53536.000,262.9409
53546.667,261.4265
53557.333,261.4265
53568.000,261.4265
53578.667,259.9208
53589.333,261.4265
53600.000,264.4641
53610.667,264.4641
53621.333,265.9961
53632.000,267.5370
53642.667,269.0869
53653.333,270.6457
53664.000,273.7904
53674.667,275.3765
53685.333,275.3765
53696.000,270.6457
53706.667,265.9961
53717.333,270.6457
53728.000,290.0708
53738.667,303.7895
53749.333,309.0996
53760.000,310.8902
53770.667,310.8902
53781.333,310.8902
53792.000,305.5493
53802.667,302.0398
53813.333,300.3002
53824.000,296.8509
53834.667,295.1412
53845.333,293.4413
53856.000,293.4413
53866.667,295.1412
53877.333,303.7895
53888.000,310.8902
53898.667,314.5026
53909.333,316.3245
53920.000,316.3245
53930.667,316.3245
53941.333,314.5026
53952.000,312.6912
53962.667,309.0996
53973.333,305.5493
53984.000,302.0398
53994.667,300.3002
54005.333,300.3002
54016.000,300.3002
54026.667,307.3193
54037.333,312.6912
54048.000,314.5026
54058.667,314.5026
54069.333,312.6912
54080.000,303.7895
54090.667,300.3002
54101.333,309.0996
54112.000,321.8537
54122.667,325.5935
54133.333,329.3767
54144.000,339.0282
54154.667,329.3767
54165.333,293.4413
54176.000,272.2135
54186.667,270.6457
54197.333,0.0000
54208.000,0.0000
54218.667,0.0000
54229.333,0.0000
54240.000,0.0000
54250.667,0.0000
54261.333,0.0000
54272.000,0.0000
54282.667,0.0000
54293.333,0.0000
54304.000,0.0000
54314.667,0.0000
54325.333,0.0000
54336.000,239.7291
54346.667,223.6752
54357.333,223.6752
54368.000,223.6752
54378.667,224.9709
54389.333,227.5850
54400.000,228.9033
54410.667,230.2294
54421.333,231.5631
54432.000,232.9045
54442.667,235.6107
54453.333,236.9756
54464.000,238.3484
54474.667,258.4237
54485.333,256.9353
54496.000,264.4641
54506.667,265.9961
54517.333,267.5370
54528.000,267.5370
54538.667,265.9961
54549.333,253.9842
54560.000,251.0669
54570.667,265.9961
54581.333,286.7391
54592.000,300.3002
54602.667,305.5493
54613.333,309.0996
54624.000,312.6912
54634.667,318.1569
54645.333,318.1569
54656.000,310.8902
54666.667,307.3193
54677.333,303.7895
54688.000,302.0398
54698.667,300.3002
54709.333,300.3002
54720.000,309.0996
54730.667,310.8902
54741.333,318.1569
54752.000,318.1569
54762.667,320.0000
54773.333,318.1569
54784.000,316.3245
54794.667,318.1569
54805.333,309.0996
54816.000,305.5493
54826.667,305.5493
54837.333,303.7895
54848.000,303.7895
54858.667,303.7895
54869.333,309.0996
54880.000,318.1569
54890.667,320.0000
54901.333,325.5935
54912.000,325.5935
54922.667,316.3245
54933.333,314.5026
54944.000,307.3193
54954.667,312.6912
54965.333,320.0000
54976.000,331.2848
54986.667,340.9922
54997.333,320.0000
55008.000,0.0000
55018.667,0.0000
55029.333,0.0000
55040.000,312.6912
55050.667,312.6912
55061.333,316.3245
55072.000,320.0000
55082.667,318.1569
55093.333,309.0996
55104.000,309.0996
55114.667,309.0996
55125.333,0.0000
55136.000,0.0000
55146.667,0.0000
55157.333,0.0000
55168.000,0.0000
55178.667,0.0000
55189.333,0.0000
55200.000,0.0000
55210.667,213.5744
55221.333,212.3443
55232.000,211.1213
55242.667,211.1213
55253.333,211.1213
55264.000,211.1213
55274.667,213.5744
55285.333,213.5744
55296.000,241.1179
55306.667,245.3325
55317.333,256.9353
55328.000,259.9208
55338.667,264.4641
55349.333,267.5370
55360.000,270.6457
55370.667,270.6457
55381.333,265.9961
55392.000,0.0000
55402.667,0.0000
55413.333,0.0000
55424.000,0.0000
55434.667,280.1900
55445.333,291.7512
55456.000,300.3002
55466.667,303.7895
55477.333,305.5493
55488.000,307.3193
55498.667,307.3193
55509.333,305.5493
55520.000,302.0398
55530.667,298.5706
55541.333,296.8509
55552.000,296.8509
55562.667,298.5706
55573.333,302.0398
55584.000,310.8902
55594.667,320.0000
55605.333,327.4796
55616.000,331.2848
55626.667,333.2039
55637.333,333.2039
55648.000,329.3767
55658.667,323.7182
55669.333,312.6912
55680.000,307.3193
55690.667,305.5493
55701.333,307.3193
55712.000,309.0996
55722.667,312.6912
55733.333,321.8537
55744.000,323.7182
55754.667,323.7182
55765.333,320.0000
55776.000,312.6912
55786.667,307.3193
55797.333,307.3193
55808.000,305.5493
55818.667,310.8902
55829.333,316.3245
55840.000,316.3245
55850.667,316.3245
55861.333,305.5493
55872.000,0.0000
55882.667,0.0000
55893.333,305.5493
55904.000,307.3193
55914.667,307.3193
55925.333,307.3193
55936.000,305.5493
55946.667,303.7895
55957.333,300.3002
55968.000,298.5706
55978.667,296.8509
55989.333,298.5706
56000.000,303.7895
56010.667,309.0996
56021.333,314.5026
56032.000,320.0000
56042.667,327.4796
56053.333,331.2848
56064.000,333.2039
56074.667,329.3767
56085.333,0.0000
56096.000,264.4641
56106.667,258.4237
56117.333,252.5213
56128.000,251.0669
56138.667,232.9045
56149.333,232.9045
56160.000,231.5631
56170.667,234.2537
56181.333,235.6107
56192.000,238.3484
56202.667,238.3484
56213.333,238.3484
56224.000,234.2537
56234.667,230.2294
56245.333,208.6963
56256.000,208.6963
56266.667,0.0000
56277.333,0.0000
56288.000,256.9353
56298.667,255.4555
56309.333,255.4555
56320.000,223.6752
56330.667,221.1061
56341.333,231.5631
56352.000,232.9045
56362.667,232.9045
56373.333,232.9045
56384.000,231.5631
56394.667,230.2294
56405.333,231.5631
56416.000,239.7291
56426.667,241.1179
56437.333,234.2537
56448.000,234.2537
56458.667,234.2537
56469.333,0.0000
56480.000,0.0000
56490.667,0.0000
56501.333,0.0000
56512.000,0.0000
56522.667,0.0000
56533.333,310.8902
56544.000,288.4001
56554.667,288.4001
56565.333,286.7391
56576.000,285.0876
56586.667,285.0876
56597.333,269.0869
56608.000,265.9961
56618.667,265.9961
56629.333,265.9961
56640.000,265.9961
56650.667,267.5370
56661.333,267.5370
56672.000,270.6457
56682.667,242.5147
56693.333,265.9961
56704.000,275.3765
56714.667,0.0000
56725.333,290.0708
56736.000,309.0996
56746.667,314.5026
56757.333,314.5026
56768.000,314.5026
56778.667,314.5026
56789.333,309.0996
56800.000,307.3193
56810.667,305.5493
56821.333,307.3193
56832.000,314.5026
56842.667,316.3245
56853.333,318.1569
56864.000,314.5026
56874.667,309.0996
56885.333,300.3002
56896.000,288.4001
56906.667,267.5370
56917.333,0.0000
56928.000,0.0000
56938.667,0.0000
56949.333,0.0000
56960.000,0.0000
56970.667,258.4237
56981.333,258.4237
56992.000,259.9208
