timestamp_ms,frequency_hz
0.000,0.0000
10.667,0.0000
21.333,0.0000
32.000,0.0000
42.667,0.0000
53.333,0.0000
64.000,0.0000
74.667,0.0000
85.333,0.0000
96.000,0.0000
106.667,0.0000
117.333,0.0000
128.000,0.0000
138.667,0.0000
149.333,0.0000
160.000,0.0000
170.667,0.0000
181.333,0.0000
192.000,0.0000
202.667,0.0000
213.333,0.0000
224.000,0.0000
234.667,0.0000
245.333,0.0000
256.000,0.0000
266.667,0.0000
277.333,0.0000
288.000,0.0000
298.667,0.0000
309.333,0.0000
320.000,0.0000
330.667,0.0000
341.333,0.0000
352.000,0.0000
362.667,0.0000
373.333,0.0000
384.000,0.0000
394.667,0.0000
405.333,0.0000
416.000,0.0000
426.667,0.0000
437.333,0.0000
448.000,0.0000
458.667,0.0000
469.333,0.0000
480.000,0.0000
490.667,0.0000
501.333,0.0000
512.000,0.0000
522.667,0.0000
533.333,0.0000
544.000,0.0000
554.667,0.0000
565.333,0.0000
576.000,0.0000
586.667,0.0000
597.333,0.0000
608.000,0.0000
618.667,0.0000
629.333,0.0000
640.000,0.0000
650.667,0.0000
661.333,0.0000
672.000,0.0000
682.667,0.0000
693.333,0.0000
704.000,0.0000
714.667,0.0000
725.333,0.0000
736.000,0.0000
746.667,0.0000
757.333,0.0000
768.000,0.0000
778.667,0.0000
789.333,0.0000
800.000,272.2135
810.667,272.2135
821.333,272.2135
832.000,273.7904
842.667,275.3765
853.333,276.9717
864.000,280.1900
874.667,276.9717
885.333,276.9717
896.000,276.9717
906.667,275.3765
917.333,0.0000
928.000,0.0000
938.667,0.0000
949.333,0.0000
960.000,0.0000
970.667,0.0000
981.333,138.4858
992.000,138.4858
1002.667,139.2881
1013.333,138.4858
1024.000,139.2881
1034.667,139.2881
1045.333,139.2881
1056.000,139.2881
1066.667,139.2881
1077.333,139.2881
1088.000,140.0950
1098.667,140.9065
1109.333,139.2881
1120.000,140.0950
1130.667,140.0950
1141.333,140.0950
1152.000,139.2881
1162.667,140.9065
1173.333,140.9065
1184.000,139.2881
1194.667,139.2881
1205.333,139.2881
1216.000,139.2881
1226.667,139.2881
1237.333,138.4858
1248.000,139.2881
1258.667,138.4858
1269.333,138.4858
1280.000,0.0000
1290.667,0.0000
1301.333,0.0000
1312.000,0.0000
1322.667,0.0000
1333.333,139.2881
1344.000,139.2881
1354.667,138.4858
1365.333,139.2881
1376.000,138.4858
1386.667,137.6882
1397.333,140.0950
1408.000,140.0950
1418.667,140.9065
1429.333,140.0950
1440.000,138.4858
1450.667,138.4858
1461.333,138.4858
1472.000,138.4858
1482.667,138.4858
1493.333,133.7685
1504.000,133.7685
1514.667,139.2881
1525.333,139.2881
1536.000,139.2881
1546.667,139.2881
1557.333,139.2881
1568.000,139.2881
1578.667,139.2881
1589.333,139.2881
1600.000,139.2881
1610.667,139.2881
1621.333,139.2881
1632.000,139.2881
1642.667,139.2881
1653.333,0.0000
1664.000,0.0000
1674.667,0.0000
1685.333,0.0000
1696.000,0.0000
1706.667,0.0000
1717.333,0.0000
1728.000,0.0000
1738.667,0.0000
1749.333,139.2881
1760.000,139.2881
1770.667,139.2881
1781.333,138.4858
1792.000,138.4858
1802.667,139.2881
1813.333,139.2881
1824.000,139.2881
1834.667,140.9065
1845.333,140.9065
1856.000,137.6882
1866.667,136.1067
1877.333,136.1067
1888.000,136.1067
1898.667,137.6882
1909.333,137.6882
1920.000,137.6882
1930.667,138.4858
1941.333,138.4858
1952.000,0.0000
1962.667,0.0000
1973.333,0.0000
1984.000,0.0000
1994.667,0.0000
2005.333,0.0000
2016.000,0.0000
2026.667,0.0000
2037.333,0.0000
2048.000,0.0000
2058.667,0.0000
2069.333,0.0000
2080.000,0.0000
2090.667,0.0000
2101.333,0.0000
2112.000,0.0000
2122.667,0.0000
2133.333,0.0000
2144.000,0.0000
2154.667,0.0000
2165.333,0.0000
2176.000,0.0000
2186.667,0.0000
2197.333,0.0000
2208.000,0.0000
2218.667,0.0000
2229.333,0.0000
2240.000,0.0000
2250.667,0.0000
2261.333,0.0000
2272.000,0.0000
2282.667,0.0000
2293.333,0.0000
2304.000,0.0000
2314.667,0.0000
2325.333,0.0000
2336.000,0.0000
2346.667,0.0000
2357.333,0.0000
2368.000,0.0000
2378.667,0.0000
2389.333,0.0000
2400.000,0.0000
2410.667,0.0000
2421.333,0.0000
2432.000,0.0000
2442.667,0.0000
2453.333,0.0000
2464.000,0.0000
2474.667,0.0000
2485.333,0.0000
2496.000,0.0000
2506.667,0.0000
2517.333,0.0000
2528.000,0.0000
2538.667,0.0000
2549.333,0.0000
2560.000,0.0000
2570.667,0.0000
2581.333,0.0000
2592.000,0.0000
2602.667,0.0000
2613.333,0.0000
2624.000,0.0000
2634.667,0.0000
2645.333,0.0000
2656.000,0.0000
2666.667,0.0000
2677.333,0.0000
2688.000,0.0000
2698.667,0.0000
2709.333,0.0000
2720.000,0.0000
2730.667,0.0000
2741.333,0.0000
2752.000,0.0000
2762.667,0.0000
2773.333,0.0000
2784.000,0.0000
2794.667,0.0000
2805.333,0.0000
2816.000,0.0000
2826.667,0.0000
2837.333,0.0000
2848.000,0.0000
2858.667,0.0000
2869.333,0.0000
2880.000,0.0000
2890.667,0.0000
2901.333,0.0000
2912.000,0.0000
2922.667,0.0000
2933.333,0.0000
2944.000,0.0000
2954.667,0.0000
2965.333,0.0000
2976.000,0.0000
2986.667,0.0000
2997.333,0.0000
3008.000,0.0000
3018.667,0.0000
3029.333,0.0000
3040.000,0.0000
3050.667,0.0000
3061.333,0.0000
3072.000,0.0000
3082.667,0.0000
3093.333,0.0000
3104.000,0.0000
3114.667,0.0000
3125.333,0.0000
3136.000,0.0000
3146.667,0.0000
3157.333,0.0000
3168.000,0.0000
3178.667,0.0000
3189.333,0.0000
3200.000,0.0000
3210.667,0.0000
3221.333,0.0000
3232.000,0.0000
3242.667,0.0000
3253.333,0.0000
3264.000,0.0000
3274.667,0.0000
3285.333,0.0000
3296.000,0.0000
3306.667,0.0000
3317.333,0.0000
3328.000,0.0000
3338.667,0.0000
3349.333,0.0000
3360.000,0.0000
3370.667,0.0000
3381.333,0.0000
3392.000,0.0000
3402.667,0.0000
3413.333,0.0000
3424.000,0.0000
3434.667,0.0000
3445.333,0.0000
3456.000,0.0000
3466.667,0.0000
3477.333,0.0000
3488.000,0.0000
3498.667,0.0000
3509.333,0.0000
3520.000,0.0000
3530.667,0.0000
3541.333,0.0000
3552.000,0.0000
3562.667,0.0000
3573.333,0.0000
3584.000,0.0000
3594.667,0.0000
3605.333,0.0000
3616.000,0.0000
3626.667,0.0000
3637.333,0.0000
3648.000,0.0000
3658.667,0.0000
3669.333,0.0000
3680.000,0.0000
3690.667,0.0000
3701.333,0.0000
3712.000,0.0000
3722.667,0.0000
3733.333,0.0000
3744.000,0.0000
3754.667,0.0000
3765.333,0.0000
3776.000,0.0000
3786.667,0.0000
3797.333,0.0000
3808.000,0.0000
3818.667,0.0000
3829.333,0.0000
3840.000,0.0000
3850.667,0.0000
3861.333,0.0000
3872.000,0.0000
3882.667,0.0000
3893.333,0.0000
3904.000,0.0000
3914.667,0.0000
3925.333,0.0000
3936.000,0.0000
3946.667,0.0000
3957.333,0.0000
3968.000,0.0000
3978.667,0.0000
3989.333,0.0000
4000.000,0.0000
4010.667,0.0000
4021.333,0.0000
4032.000,0.0000
4042.667,0.0000
4053.333,0.0000
4064.000,0.0000
4074.667,0.0000
4085.333,0.0000
4096.000,0.0000
4106.667,0.0000
4117.333,0.0000
4128.000,0.0000
4138.667,0.0000
4149.333,0.0000
4160.000,0.0000
4170.667,0.0000
4181.333,0.0000
4192.000,0.0000
4202.667,0.0000
4213.333,0.0000
4224.000,0.0000
4234.667,0.0000
4245.333,0.0000
4256.000,0.0000
4266.667,0.0000
4277.333,0.0000
4288.000,0.0000
4298.667,0.0000
4309.333,0.0000
4320.000,0.0000
4330.667,0.0000
4341.333,0.0000
4352.000,0.0000
4362.667,0.0000
4373.333,0.0000
4384.000,0.0000
4394.667,0.0000
4405.333,0.0000
4416.000,0.0000
4426.667,0.0000
4437.333,0.0000
4448.000,0.0000
4458.667,0.0000
4469.333,0.0000
4480.000,0.0000
4490.667,0.0000
4501.333,0.0000
4512.000,0.0000
4522.667,0.0000
4533.333,0.0000
4544.000,0.0000
4554.667,0.0000
4565.333,0.0000
4576.000,0.0000
4586.667,0.0000
4597.333,0.0000
4608.000,0.0000
4618.667,0.0000
4629.333,0.0000
4640.000,0.0000
4650.667,0.0000
4661.333,0.0000
4672.000,0.0000
4682.667,0.0000
4693.333,0.0000
4704.000,0.0000
4714.667,0.0000
4725.333,0.0000
4736.000,0.0000
4746.667,0.0000
4757.333,0.0000
4768.000,0.0000
4778.667,0.0000
4789.333,0.0000
4800.000,0.0000
4810.667,0.0000
4821.333,0.0000
4832.000,0.0000
4842.667,0.0000
4853.333,0.0000
4864.000,0.0000
4874.667,0.0000
4885.333,0.0000
4896.000,0.0000
4906.667,0.0000
4917.333,0.0000
4928.000,0.0000
4938.667,0.0000
4949.333,0.0000
4960.000,0.0000
4970.667,0.0000
4981.333,0.0000
4992.000,0.0000
5002.667,0.0000
5013.333,0.0000
5024.000,0.0000
5034.667,0.0000
5045.333,0.0000
5056.000,0.0000
5066.667,0.0000
5077.333,0.0000
5088.000,0.0000
5098.667,0.0000
5109.333,0.0000
5120.000,0.0000
5130.667,0.0000
5141.333,0.0000
5152.000,0.0000
5162.667,0.0000
5173.333,0.0000
5184.000,0.0000
5194.667,0.0000
5205.333,0.0000
5216.000,0.0000
5226.667,0.0000
5237.333,0.0000
5248.000,0.0000
5258.667,0.0000
5269.333,0.0000
5280.000,0.0000
5290.667,0.0000
5301.333,0.0000
5312.000,0.0000
5322.667,0.0000
5333.333,0.0000
5344.000,0.0000
5354.667,0.0000
5365.333,0.0000
5376.000,0.0000
5386.667,0.0000
5397.333,0.0000
5408.000,0.0000
5418.667,0.0000
5429.333,0.0000
5440.000,0.0000
5450.667,0.0000
5461.333,0.0000
5472.000,0.0000
5482.667,0.0000
5493.333,0.0000
5504.000,0.0000
5514.667,0.0000
5525.333,0.0000
5536.000,0.0000
5546.667,0.0000
5557.333,0.0000
5568.000,0.0000
5578.667,0.0000
5589.333,0.0000
5600.000,0.0000
5610.667,0.0000
5621.333,0.0000
5632.000,0.0000
5642.667,0.0000
5653.333,0.0000
5664.000,0.0000
5674.667,0.0000
5685.333,0.0000
5696.000,0.0000
5706.667,0.0000
5717.333,0.0000
5728.000,0.0000
5738.667,0.0000
5749.333,0.0000
5760.000,0.0000
5770.667,0.0000
5781.333,0.0000
5792.000,0.0000
5802.667,0.0000
5813.333,0.0000
5824.000,0.0000
5834.667,87.2406
5845.333,87.2406
5856.000,87.7460
5866.667,87.7460
5877.333,87.7460
5888.000,87.2406
5898.667,86.7381
5909.333,86.7381
5920.000,87.7460
5930.667,87.2406
5941.333,87.2406
5952.000,86.7381
5962.667,86.7381
5973.333,87.2406
5984.000,87.7460
5994.667,87.7460
6005.333,0.0000
6016.000,0.0000
6026.667,0.0000
6037.333,0.0000
6048.000,0.0000
6058.667,0.0000
6069.333,0.0000
6080.000,0.0000
6090.667,0.0000
6101.333,0.0000
6112.000,0.0000
6122.667,0.0000
6133.333,0.0000
6144.000,0.0000
6154.667,0.0000
6165.333,0.0000
6176.000,0.0000
6186.667,0.0000
6197.333,0.0000
6208.000,0.0000
6218.667,0.0000
6229.333,88.2543
6240.000,87.7460
6250.667,87.7460
6261.333,87.7460
6272.000,87.7460
6282.667,87.7460
6293.333,88.2543
6304.000,87.7460
6314.667,87.7460
6325.333,87.7460
6336.000,87.7460
6346.667,87.7460
6357.333,87.7460
6368.000,88.2543
6378.667,88.7656
6389.333,87.7460
6400.000,88.2543
6410.667,88.2543
6421.333,88.2543
6432.000,88.2543
6442.667,88.2543
6453.333,88.2543
6464.000,87.2406
6474.667,0.0000
6485.333,0.0000
6496.000,0.0000
6506.667,0.0000
6517.333,0.0000
6528.000,0.0000
6538.667,0.0000
6549.333,0.0000
6560.000,0.0000
6570.667,0.0000
6581.333,0.0000
6592.000,0.0000
6602.667,0.0000
6613.333,0.0000
6624.000,0.0000
6634.667,0.0000
6645.333,0.0000
6656.000,0.0000
6666.667,0.0000
6677.333,0.0000
6688.000,0.0000
6698.667,0.0000
6709.333,0.0000
6720.000,0.0000
6730.667,0.0000
6741.333,0.0000
6752.000,0.0000
6762.667,0.0000
6773.333,0.0000
6784.000,0.0000
6794.667,0.0000
6805.333,0.0000
6816.000,0.0000
6826.667,0.0000
6837.333,0.0000
6848.000,0.0000
6858.667,0.0000
6869.333,0.0000
6880.000,0.0000
6890.667,87.2406
6901.333,86.7381
6912.000,88.2543
6922.667,88.2543
6933.333,88.2543
6944.000,87.7460
6954.667,87.7460
6965.333,87.2406
6976.000,88.2543
6986.667,86.7381
6997.333,86.7381
7008.000,86.7381
7018.667,88.7656
7029.333,88.2543
7040.000,87.7460
7050.667,86.2386
7061.333,86.7381
7072.000,86.7381
7082.667,0.0000
7093.333,0.0000
7104.000,0.0000
7114.667,0.0000
7125.333,0.0000
7136.000,0.0000
7146.667,0.0000
7157.333,0.0000
7168.000,0.0000
7178.667,0.0000
7189.333,0.0000
7200.000,0.0000
7210.667,0.0000
7221.333,0.0000
7232.000,0.0000
7242.667,0.0000
7253.333,0.0000
7264.000,0.0000
7274.667,0.0000
7285.333,0.0000
7296.000,0.0000
7306.667,0.0000
7317.333,0.0000
7328.000,0.0000
7338.667,0.0000
7349.333,0.0000
7360.000,87.7460
7370.667,87.7460
7381.333,87.7460
7392.000,87.7460
7402.667,86.7381
7413.333,87.7460
7424.000,88.7656
7434.667,88.7656
7445.333,88.7656
7456.000,88.7656
7466.667,88.7656
7477.333,87.7460
7488.000,83.7835
7498.667,0.0000
7509.333,0.0000
7520.000,0.0000
7530.667,0.0000
7541.333,0.0000
7552.000,0.0000
7562.667,0.0000
7573.333,0.0000
7584.000,0.0000
7594.667,0.0000
7605.333,0.0000
7616.000,0.0000
7626.667,0.0000
7637.333,0.0000
7648.000,0.0000
7658.667,0.0000
7669.333,138.4858
7680.000,137.6882
7690.667,139.2881
7701.333,138.4858
7712.000,138.4858
7722.667,138.4858
7733.333,137.6882
7744.000,137.6882
7754.667,143.3695
7765.333,140.9065
7776.000,140.9065
7786.667,143.3695
7797.333,0.0000
7808.000,0.0000
7818.667,0.0000
7829.333,137.6882
7840.000,137.6882
7850.667,137.6882
7861.333,139.2881
7872.000,139.2881
7882.667,137.6882
7893.333,137.6882
7904.000,135.3228
7914.667,136.8952
7925.333,141.7228
7936.000,145.0354
7946.667,145.0354
7957.333,141.7228
7968.000,141.7228
7978.667,137.6882
7989.333,139.2881
8000.000,137.6882
8010.667,0.0000
8021.333,137.6882
8032.000,137.6882
8042.667,139.2881
8053.333,141.7228
8064.000,140.9065
8074.667,140.0950
8085.333,137.6882
8096.000,137.6882
8106.667,140.0950
8117.333,139.2881
8128.000,138.4858
8138.667,139.2881
8149.333,139.2881
8160.000,143.3695
8170.667,138.4858
8181.333,157.2513
8192.000,138.4858
8202.667,138.4858
8213.333,137.6882
8224.000,137.6882
8234.667,137.6882
8245.333,0.0000
8256.000,139.2881
8266.667,137.6882
8277.333,137.6882
8288.000,137.6882
8298.667,135.3228
8309.333,137.6882
8320.000,137.6882
8330.667,140.0950
8341.333,140.0950
8352.000,139.2881
8362.667,137.6882
8373.333,136.8952
8384.000,0.0000
8394.667,0.0000
8405.333,0.0000
8416.000,137.6882
8426.667,140.9065
8437.333,140.9065
8448.000,142.5438
8458.667,141.7228
8469.333,140.9065
8480.000,140.9065
8490.667,139.2881
8501.333,137.6882
8512.000,0.0000
8522.667,138.4858
8533.333,139.2881
8544.000,139.2881
8554.667,138.4858
8565.333,138.4858
8576.000,138.4858
8586.667,137.6882
8597.333,137.6882
8608.000,137.6882
8618.667,137.6882
8629.333,137.6882
8640.000,137.6882
8650.667,0.0000
8661.333,137.6882
8672.000,137.6882
8682.667,137.6882
8693.333,138.4858
8704.000,139.2881
8714.667,138.4858
8725.333,138.4858
8736.000,143.3695
8746.667,139.2881
8757.333,140.0950
8768.000,139.2881
8778.667,139.2881
8789.333,138.4858
8800.000,138.4858
8810.667,138.4858
8821.333,139.2881
8832.000,139.2881
8842.667,139.2881
8853.333,138.4858
8864.000,138.4858
8874.667,138.4858
8885.333,138.4858
8896.000,138.4858
8906.667,137.6882
8917.333,138.4858
8928.000,0.0000
8938.667,0.0000
8949.333,0.0000
8960.000,0.0000
8970.667,0.0000
8981.333,0.0000
8992.000,0.0000
9002.667,0.0000
9013.333,0.0000
9024.000,0.0000
9034.667,0.0000
9045.333,0.0000
9056.000,0.0000
9066.667,0.0000
9077.333,0.0000
9088.000,0.0000
9098.667,0.0000
9109.333,0.0000
9120.000,0.0000
9130.667,0.0000
9141.333,0.0000
9152.000,0.0000
9162.667,0.0000
9173.333,0.0000
9184.000,0.0000
9194.667,0.0000
9205.333,0.0000
9216.000,0.0000
9226.667,0.0000
9237.333,0.0000
9248.000,0.0000
9258.667,0.0000
9269.333,0.0000
9280.000,0.0000
9290.667,0.0000
9301.333,0.0000
9312.000,0.0000
9322.667,0.0000
9333.333,0.0000
9344.000,0.0000
9354.667,0.0000
9365.333,0.0000
9376.000,0.0000
9386.667,0.0000
9397.333,0.0000
9408.000,0.0000
9418.667,0.0000
9429.333,0.0000
9440.000,0.0000
9450.667,0.0000
9461.333,0.0000
9472.000,0.0000
9482.667,0.0000
9493.333,0.0000
9504.000,0.0000
9514.667,0.0000
9525.333,0.0000
9536.000,0.0000
9546.667,0.0000
9557.333,0.0000
9568.000,0.0000
9578.667,0.0000
9589.333,0.0000
9600.000,0.0000
9610.667,0.0000
9621.333,0.0000
9632.000,0.0000
9642.667,0.0000
9653.333,0.0000
9664.000,0.0000
9674.667,0.0000
9685.333,0.0000
9696.000,0.0000
9706.667,0.0000
9717.333,0.0000
9728.000,0.0000
9738.667,0.0000
9749.333,0.0000
9760.000,0.0000
9770.667,0.0000
9781.333,0.0000
9792.000,0.0000
9802.667,0.0000
9813.333,0.0000
9824.000,0.0000
9834.667,0.0000
9845.333,0.0000
9856.000,0.0000
9866.667,0.0000
9877.333,0.0000
9888.000,0.0000
9898.667,0.0000
9909.333,0.0000
9920.000,0.0000
9930.667,0.0000
9941.333,0.0000
9952.000,0.0000
9962.667,0.0000
9973.333,0.0000
9984.000,0.0000
9994.667,0.0000
10005.333,0.0000
10016.000,0.0000
10026.667,0.0000
10037.333,0.0000
10048.000,0.0000
10058.667,0.0000
10069.333,0.0000
10080.000,0.0000
10090.667,0.0000
10101.333,0.0000
10112.000,0.0000
10122.667,0.0000
10133.333,0.0000
10144.000,0.0000
10154.667,0.0000
10165.333,0.0000
10176.000,0.0000
10186.667,0.0000
10197.333,0.0000
10208.000,0.0000
10218.667,0.0000
10229.333,0.0000
10240.000,0.0000
10250.667,0.0000
10261.333,0.0000
10272.000,0.0000
10282.667,0.0000
10293.333,0.0000
10304.000,0.0000
10314.667,0.0000
10325.333,0.0000
10336.000,0.0000
10346.667,0.0000
10357.333,0.0000
10368.000,0.0000
10378.667,0.0000
10389.333,0.0000
10400.000,0.0000
10410.667,0.0000
10421.333,0.0000
10432.000,0.0000
10442.667,0.0000
10453.333,0.0000
10464.000,0.0000
10474.667,0.0000
10485.333,0.0000
10496.000,0.0000
10506.667,0.0000
10517.333,0.0000
10528.000,0.0000
10538.667,0.0000
10549.333,0.0000
10560.000,0.0000
10570.667,0.0000
10581.333,0.0000
10592.000,0.0000
10602.667,0.0000
10613.333,0.0000
10624.000,0.0000
10634.667,0.0000
10645.333,0.0000
10656.000,0.0000
10666.667,0.0000
10677.333,0.0000
10688.000,0.0000
10698.667,0.0000
10709.333,0.0000
10720.000,0.0000
10730.667,0.0000
10741.333,0.0000
10752.000,0.0000
10762.667,0.0000
10773.333,0.0000
10784.000,0.0000
10794.667,0.0000
10805.333,0.0000
10816.000,0.0000
10826.667,0.0000
10837.333,0.0000
10848.000,0.0000
10858.667,0.0000
10869.333,0.0000
10880.000,0.0000
10890.667,0.0000
10901.333,0.0000
10912.000,0.0000
10922.667,0.0000
10933.333,0.0000
10944.000,0.0000
10954.667,0.0000
10965.333,0.0000
10976.000,0.0000
10986.667,0.0000
10997.333,0.0000
11008.000,0.0000
11018.667,0.0000
11029.333,0.0000
11040.000,0.0000
11050.667,0.0000
11061.333,0.0000
11072.000,0.0000
11082.667,0.0000
11093.333,0.0000
11104.000,0.0000
11114.667,0.0000
11125.333,0.0000
11136.000,0.0000
11146.667,0.0000
11157.333,0.0000
11168.000,0.0000
11178.667,0.0000
11189.333,0.0000
11200.000,0.0000
11210.667,0.0000
11221.333,0.0000
11232.000,0.0000
11242.667,0.0000
11253.333,0.0000
11264.000,0.0000
11274.667,0.0000
11285.333,0.0000
11296.000,0.0000
11306.667,0.0000
11317.333,0.0000
11328.000,0.0000
11338.667,0.0000
11349.333,0.0000
11360.000,0.0000
11370.667,0.0000
11381.333,0.0000
11392.000,0.0000
11402.667,0.0000
11413.333,0.0000
11424.000,0.0000
11434.667,0.0000
11445.333,0.0000
11456.000,0.0000
11466.667,0.0000
11477.333,0.0000
11488.000,0.0000
11498.667,0.0000
11509.333,0.0000
11520.000,0.0000
11530.667,0.0000
11541.333,0.0000
11552.000,0.0000
11562.667,0.0000
11573.333,0.0000
11584.000,0.0000
11594.667,0.0000
11605.333,0.0000
11616.000,0.0000
11626.667,0.0000
11637.333,0.0000
11648.000,0.0000
11658.667,0.0000
11669.333,0.0000
11680.000,0.0000
11690.667,0.0000
11701.333,0.0000
11712.000,0.0000
11722.667,0.0000
11733.333,0.0000
11744.000,0.0000
11754.667,0.0000
11765.333,0.0000
11776.000,0.0000
11786.667,0.0000
11797.333,0.0000
11808.000,0.0000
11818.667,0.0000
11829.333,0.0000
11840.000,0.0000
11850.667,0.0000
11861.333,0.0000
11872.000,0.0000
11882.667,0.0000
11893.333,0.0000
11904.000,0.0000
11914.667,0.0000
11925.333,0.0000
11936.000,0.0000
11946.667,0.0000
11957.333,0.0000
11968.000,0.0000
11978.667,0.0000
11989.333,0.0000
12000.000,0.0000
12010.667,0.0000
12021.333,0.0000
12032.000,0.0000
12042.667,0.0000
12053.333,0.0000
12064.000,0.0000
12074.667,0.0000
12085.333,0.0000
12096.000,0.0000
12106.667,0.0000
12117.333,0.0000
12128.000,0.0000
12138.667,0.0000
12149.333,0.0000
12160.000,0.0000
12170.667,0.0000
12181.333,0.0000
12192.000,0.0000
12202.667,0.0000
12213.333,0.0000
12224.000,0.0000
12234.667,0.0000
12245.333,0.0000
12256.000,0.0000
12266.667,0.0000
12277.333,0.0000
12288.000,0.0000
12298.667,0.0000
12309.333,0.0000
12320.000,0.0000
12330.667,0.0000
12341.333,0.0000
12352.000,0.0000
12362.667,0.0000
12373.333,0.0000
12384.000,0.0000
12394.667,0.0000
12405.333,0.0000
12416.000,0.0000
12426.667,0.0000
12437.333,0.0000
12448.000,0.0000
12458.667,0.0000
12469.333,0.0000
12480.000,0.0000
12490.667,0.0000
12501.333,0.0000
12512.000,0.0000
12522.667,0.0000
12533.333,0.0000
12544.000,0.0000
12554.667,0.0000
12565.333,0.0000
12576.000,0.0000
12586.667,0.0000
12597.333,0.0000
12608.000,0.0000
12618.667,0.0000
12629.333,0.0000
12640.000,0.0000
12650.667,0.0000
12661.333,0.0000
12672.000,0.0000
12682.667,0.0000
12693.333,0.0000
12704.000,0.0000
12714.667,0.0000
12725.333,0.0000
12736.000,0.0000
12746.667,0.0000
12757.333,0.0000
12768.000,0.0000
12778.667,0.0000
12789.333,0.0000
12800.000,88.7656
12810.667,87.7460
12821.333,87.7460
12832.000,87.7460
12842.667,87.7460
12853.333,88.2543
12864.000,87.7460
12874.667,88.2543
12885.333,87.7460
12896.000,88.2543
12906.667,87.2406
12917.333,87.2406
12928.000,88.7656
12938.667,88.7656
12949.333,87.7460
12960.000,0.0000
12970.667,0.0000
12981.333,0.0000
12992.000,0.0000
13002.667,0.0000
13013.333,0.0000
13024.000,0.0000
13034.667,0.0000
13045.333,0.0000
13056.000,0.0000
13066.667,0.0000
13077.333,0.0000
13088.000,0.0000
13098.667,0.0000
13109.333,0.0000
13120.000,0.0000
13130.667,0.0000
13141.333,0.0000
13152.000,0.0000
13162.667,0.0000
13173.333,0.0000
13184.000,0.0000
13194.667,0.0000
13205.333,0.0000
13216.000,0.0000
13226.667,0.0000
13237.333,0.0000
13248.000,0.0000
13258.667,0.0000
13269.333,0.0000
13280.000,0.0000
13290.667,0.0000
13301.333,0.0000
13312.000,0.0000
13322.667,0.0000
13333.333,0.0000
13344.000,0.0000
13354.667,0.0000
13365.333,0.0000
13376.000,0.0000
13386.667,0.0000
13397.333,0.0000
13408.000,0.0000
13418.667,0.0000
13429.333,0.0000
13440.000,0.0000
13450.667,0.0000
13461.333,0.0000
13472.000,0.0000
13482.667,0.0000
13493.333,0.0000
13504.000,0.0000
13514.667,0.0000
13525.333,0.0000
13536.000,0.0000
13546.667,0.0000
13557.333,0.0000
13568.000,0.0000
13578.667,0.0000
13589.333,0.0000
13600.000,0.0000
13610.667,0.0000
13621.333,0.0000
13632.000,0.0000
13642.667,0.0000
13653.333,0.0000
13664.000,0.0000
13674.667,199.2719
13685.333,201.5874
13696.000,203.9297
13706.667,208.6963
13717.333,214.8116
13728.000,218.5664
13738.667,223.6752
13749.333,226.2742
13760.000,235.6107
13770.667,242.5147
13781.333,243.9195
13792.000,252.5213
13802.667,252.5213
13813.333,253.9842
13824.000,255.4555
13834.667,256.9353
13845.333,259.9208
13856.000,261.4265
13866.667,262.9409
13877.333,262.9409
13888.000,264.4641
13898.667,264.4641
13909.333,264.4641
13920.000,264.4641
13930.667,264.4641
13941.333,264.4641
13952.000,264.4641
13962.667,262.9409
13973.333,262.9409
13984.000,259.9208
13994.667,251.0669
14005.333,248.1832
14016.000,238.3484
14026.667,238.3484
14037.333,259.9208
14048.000,0.0000
14058.667,0.0000
14069.333,0.0000
14080.000,0.0000
14090.667,0.0000
14101.333,0.0000
14112.000,0.0000
14122.667,0.0000
14133.333,0.0000
14144.000,0.0000
14154.667,0.0000
14165.333,0.0000
14176.000,0.0000
14186.667,0.0000
14197.333,0.0000
14208.000,0.0000
14218.667,0.0000
14229.333,0.0000
14240.000,0.0000
14250.667,0.0000
14261.333,0.0000
14272.000,259.9208
14282.667,259.9208
14293.333,261.4265
14304.000,261.4265
14314.667,261.4265
14325.333,262.9409
14336.000,264.4641
14346.667,264.4641
14357.333,264.4641
14368.000,264.4641
14378.667,264.4641
14389.333,262.9409
14400.000,264.4641
14410.667,264.4641
14421.333,264.4641
14432.000,262.9409
14442.667,262.9409
14453.333,261.4265
14464.000,259.9208
14474.667,259.9208
14485.333,259.9208
14496.000,259.9208
14506.667,258.4237
14517.333,258.4237
14528.000,258.4237
14538.667,258.4237
14549.333,258.4237
14560.000,258.4237
14570.667,259.9208
14581.333,259.9208
14592.000,259.9208
14602.667,259.9208
14613.333,259.9208
14624.000,259.9208
14634.667,259.9208
14645.333,259.9208
14656.000,261.4265
14666.667,261.4265
14677.333,261.4265
14688.000,261.4265
14698.667,261.4265
14709.333,261.4265
14720.000,261.4265
14730.667,261.4265
14741.333,261.4265
14752.000,261.4265
14762.667,261.4265
14773.333,261.4265
14784.000,261.4265
14794.667,261.4265
14805.333,261.4265
14816.000,261.4265
14826.667,259.9208
14837.333,259.9208
14848.000,259.9208
14858.667,261.4265
14869.333,261.4265
14880.000,259.9208
14890.667,259.9208
14901.333,259.9208
14912.000,258.4237
14922.667,258.4237
14933.333,258.4237
14944.000,258.4237
14954.667,258.4237
14965.333,259.9208
14976.000,259.9208
14986.667,259.9208
14997.333,259.9208
15008.000,259.9208
15018.667,259.9208
15029.333,259.9208
15040.000,259.9208
15050.667,259.9208
15061.333,259.9208
15072.000,259.9208
15082.667,259.9208
15093.333,259.9208
15104.000,259.9208
15114.667,259.9208
15125.333,259.9208
15136.000,259.9208
15146.667,259.9208
15157.333,259.9208
15168.000,261.4265
15178.667,261.4265
15189.333,262.9409
15200.000,262.9409
15210.667,262.9409
15221.333,262.9409
15232.000,262.9409
15242.667,262.9409
15253.333,262.9409
15264.000,261.4265
15274.667,261.4265
15285.333,261.4265
15296.000,261.4265
15306.667,262.9409
15317.333,262.9409
15328.000,262.9409
15338.667,261.4265
15349.333,261.4265
15360.000,261.4265
15370.667,261.4265
15381.333,261.4265
15392.000,262.9409
15402.667,262.9409
15413.333,262.9409
15424.000,262.9409
15434.667,262.9409
15445.333,261.4265
15456.000,261.4265
15466.667,259.9208
15477.333,259.9208
15488.000,259.9208
15498.667,261.4265
15509.333,262.9409
15520.000,262.9409
15530.667,262.9409
15541.333,262.9409
15552.000,261.4265
15562.667,259.9208
15573.333,259.9208
15584.000,259.9208
15594.667,261.4265
15605.333,261.4265
15616.000,261.4265
15626.667,261.4265
15637.333,261.4265
15648.000,262.9409
15658.667,261.4265
15669.333,261.4265
15680.000,261.4265
15690.667,261.4265
15701.333,259.9208
15712.000,259.9208
15722.667,259.9208
15733.333,258.4237
15744.000,258.4237
15754.667,256.9353
15765.333,258.4237
15776.000,259.9208
15786.667,264.4641
15797.333,269.0869
15808.000,270.6457
15818.667,272.2135
15829.333,272.2135
15840.000,270.6457
15850.667,267.5370
15861.333,264.4641
15872.000,261.4265
15882.667,261.4265
15893.333,259.9208
15904.000,259.9208
15914.667,259.9208
15925.333,261.4265
15936.000,264.4641
15946.667,272.2135
15957.333,276.9717
15968.000,280.1900
15978.667,280.1900
15989.333,281.8131
16000.000,281.8131
16010.667,281.8131
16021.333,280.1900
16032.000,280.1900
16042.667,280.1900
16053.333,280.1900
16064.000,278.5762
16074.667,276.9717
16085.333,273.7904
16096.000,272.2135
16106.667,267.5370
16117.333,262.9409
16128.000,253.9842
16138.667,243.9195
16149.333,235.6107
16160.000,230.2294
16170.667,224.9709
16181.333,222.3869
16192.000,223.6752
16202.667,224.9709
16213.333,226.2742
16224.000,227.5850
16234.667,228.9033
16245.333,228.9033
16256.000,230.2294
16266.667,230.2294
16277.333,231.5631
16288.000,231.5631
16298.667,230.2294
16309.333,230.2294
16320.000,230.2294
16330.667,230.2294
16341.333,230.2294
16352.000,231.5631
16362.667,231.5631
16373.333,231.5631
16384.000,231.5631
16394.667,231.5631
16405.333,231.5631
16416.000,231.5631
16426.667,231.5631
16437.333,230.2294
16448.000,230.2294
16458.667,230.2294
16469.333,231.5631
16480.000,231.5631
16490.667,231.5631
16501.333,232.9045
16512.000,231.5631
16522.667,231.5631
16533.333,231.5631
16544.000,231.5631
16554.667,231.5631
16565.333,231.5631
16576.000,231.5631
16586.667,230.2294
16597.333,230.2294
16608.000,231.5631
16618.667,231.5631
16629.333,231.5631
16640.000,232.9045
16650.667,231.5631
16661.333,232.9045
16672.000,231.5631
16682.667,231.5631
16693.333,231.5631
16704.000,231.5631
16714.667,231.5631
16725.333,231.5631
16736.000,231.5631
16746.667,231.5631
16757.333,232.9045
16768.000,234.2537
16778.667,235.6107
16789.333,235.6107
16800.000,235.6107
16810.667,234.2537
16821.333,234.2537
16832.000,234.2537
16842.667,234.2537
16853.333,235.6107
16864.000,236.9756
16874.667,238.3484
16885.333,239.7291
16896.000,241.1179
16906.667,239.7291
16917.333,236.9756
16928.000,231.5631
16938.667,227.5850
16949.333,223.6752
16960.000,223.6752
16970.667,224.9709
16981.333,227.5850
16992.000,231.5631
17002.667,235.6107
17013.333,241.1179
17024.000,241.1179
17034.667,241.1179
17045.333,236.9756
17056.000,231.5631
17066.667,223.6752
17077.333,213.5744
17088.000,207.4943
17098.667,211.1213
17109.333,219.8326
17120.000,230.2294
17130.667,228.9033
17141.333,232.9045
17152.000,231.5631
17162.667,232.9045
17173.333,232.9045
17184.000,234.2537
17194.667,232.9045
17205.333,232.9045
17216.000,231.5631
17226.667,231.5631
17237.333,238.3484
17248.000,223.6752
17258.667,222.3869
17269.333,216.0560
17280.000,216.0560
17290.667,226.2742
17301.333,232.9045
17312.000,232.9045
17322.667,231.5631
17333.333,231.5631
17344.000,228.9033
17354.667,226.2742
17365.333,232.9045
17376.000,0.0000
17386.667,0.0000
17397.333,0.0000
17408.000,0.0000
17418.667,0.0000
17429.333,0.0000
17440.000,0.0000
17450.667,0.0000
17461.333,0.0000
17472.000,0.0000
17482.667,0.0000
17493.333,0.0000
17504.000,0.0000
17514.667,0.0000
17525.333,198.1242
17536.000,199.2719
17546.667,217.3076
17557.333,214.8116
17568.000,217.3076
17578.667,218.5664
17589.333,218.5664
17600.000,224.9709
17610.667,227.5850
17621.333,227.5850
17632.000,228.9033
17642.667,228.9033
17653.333,230.2294
17664.000,231.5631
17674.667,232.9045
17685.333,232.9045
17696.000,231.5631
17706.667,230.2294
17717.333,228.9033
17728.000,228.9033
17738.667,228.9033
17749.333,228.9033
17760.000,228.9033
17770.667,230.2294
17781.333,228.9033
17792.000,224.9709
17802.667,222.3869
17813.333,207.4943
17824.000,195.8486
17834.667,196.9831
17845.333,0.0000
17856.000,0.0000
17866.667,0.0000
17877.333,0.0000
17888.000,145.8756
17898.667,149.2853
17909.333,143.3695
17920.000,142.5438
17930.667,137.6882
17941.333,127.7277
17952.000,116.4523
17962.667,111.8376
17973.333,109.9163
17984.000,108.6538
17994.667,108.0280
18005.333,107.4058
18016.000,106.7872
18026.667,108.0280
18037.333,110.5530
18048.000,111.1935
18058.667,111.8376
18069.333,113.7925
18080.000,114.4517
18090.667,115.1147
18101.333,116.4523
18112.000,118.4878
18122.667,120.5589
18133.333,122.6663
18144.000,128.4677
18154.667,132.2321
18165.333,137.6882
18176.000,153.6597
18186.667,161.8591
18197.333,167.5671
18208.000,174.4812
18218.667,187.0044
18229.333,198.1242
18240.000,205.1111
18250.667,213.5744
18261.333,219.8326
18272.000,223.6752
18282.667,226.2742
18293.333,226.2742
18304.000,226.2742
18314.667,224.9709
18325.333,224.9709
18336.000,224.9709
18346.667,226.2742
18357.333,226.2742
18368.000,226.2742
18378.667,227.5850
18389.333,228.9033
18400.000,228.9033
18410.667,228.9033
18421.333,228.9033
18432.000,230.2294
18442.667,231.5631
18453.333,231.5631
18464.000,231.5631
18474.667,230.2294
18485.333,228.9033
18496.000,224.9709
18506.667,218.5664
18517.333,218.5664
18528.000,0.0000
18538.667,0.0000
18549.333,0.0000
18560.000,0.0000
18570.667,0.0000
18581.333,226.2742
18592.000,226.2742
18602.667,226.2742
18613.333,222.3869
18624.000,222.3869
18634.667,230.2294
18645.333,234.2537
18656.000,236.9756
18666.667,236.9756
18677.333,236.9756
18688.000,234.2537
18698.667,232.9045
18709.333,232.9045
18720.000,234.2537
18730.667,235.6107
18741.333,235.6107
18752.000,235.6107
18762.667,234.2537
18773.333,231.5631
18784.000,230.2294
18794.667,226.2742
18805.333,221.1061
18816.000,214.8116
18826.667,212.3443
18837.333,209.9053
18848.000,207.4943
18858.667,206.2992
18869.333,206.2992
18880.000,206.2992
18890.667,207.4943
18901.333,208.6963
18912.000,208.6963
18922.667,209.9053
18933.333,208.6963
18944.000,207.4943
18954.667,206.2992
18965.333,205.1111
18976.000,200.4263
18986.667,208.6963
18997.333,208.6963
19008.000,211.1213
19018.667,218.5664
19029.333,241.1179
19040.000,241.1179
19050.667,251.0669
19061.333,252.5213
19072.000,256.9353
19082.667,256.9353
19093.333,258.4237
19104.000,261.4265
19114.667,261.4265
19125.333,261.4265
19136.000,261.4265
19146.667,259.9208
19157.333,256.9353
19168.000,255.4555
19178.667,253.9842
19189.333,252.5213
19200.000,248.1832
19210.667,246.7537
19221.333,242.5147
19232.000,239.7291
19242.667,236.9756
19253.333,234.2537
19264.000,230.2294
19274.667,222.3869
19285.333,214.8116
19296.000,205.1111
19306.667,196.9831
19317.333,185.9273
19328.000,179.5939
19338.667,172.4771
19349.333,165.6424
19360.000,160.9269
19370.667,155.4451
19381.333,151.0199
19392.000,141.7228
19402.667,132.9981
19413.333,129.9604
19424.000,128.4677
19434.667,128.4677
19445.333,128.4677
19456.000,118.4878
19466.667,118.4878
19477.333,130.7132
19488.000,133.7685
19498.667,136.1067
19509.333,138.4858
19520.000,140.9065
19530.667,143.3695
19541.333,146.7206
19552.000,150.1501
19562.667,151.0199
19573.333,151.8947
19584.000,152.7747
19594.667,151.8947
19605.333,151.0199
19616.000,150.1501
19626.667,149.2853
19637.333,149.2853
19648.000,149.2853
19658.667,149.2853
19669.333,149.2853
19680.000,149.2853
19690.667,150.1501
19701.333,150.1501
19712.000,151.8947
19722.667,155.4451
19733.333,158.1622
19744.000,162.7968
19754.667,165.6424
19765.333,168.5378
19776.000,170.4961
19786.667,173.4763
19797.333,175.4920
19808.000,176.5086
19818.667,177.5311
19829.333,177.5311
19840.000,178.5595
19850.667,178.5595
19861.333,178.5595
19872.000,178.5595
19882.667,178.5595
19893.333,179.5939
19904.000,179.5939
19914.667,178.5595
19925.333,178.5595
19936.000,175.4920
19946.667,171.4838
19957.333,169.5141
19968.000,166.6019
19978.667,165.6424
19989.333,165.6424
20000.000,166.6019
20010.667,167.5671
20021.333,167.5671
20032.000,160.0000
20042.667,157.2513
20053.333,156.3456
20064.000,154.5498
20074.667,151.8947
20085.333,151.8947
20096.000,164.6884
20106.667,179.5939
20117.333,180.6343
20128.000,182.7332
20138.667,185.9273
20149.333,0.0000
20160.000,0.0000
20170.667,213.5744
20181.333,222.3869
20192.000,228.9033
20202.667,235.6107
20213.333,241.1179
20224.000,243.9195
20234.667,248.1832
20245.333,252.5213
20256.000,253.9842
20266.667,255.4555
20277.333,255.4555
20288.000,256.9353
20298.667,258.4237
20309.333,256.9353
20320.000,258.4237
20330.667,259.9208
20341.333,264.4641
20352.000,267.5370
20362.667,267.5370
20373.333,265.9961
20384.000,264.4641
20394.667,262.9409
20405.333,262.9409
20416.000,262.9409
20426.667,264.4641
20437.333,264.4641
20448.000,264.4641
20458.667,264.4641
20469.333,262.9409
20480.000,259.9208
20490.667,258.4237
20501.333,258.4237
20512.000,258.4237
20522.667,256.9353
20533.333,256.9353
20544.000,256.9353
20554.667,256.9353
20565.333,256.9353
20576.000,256.9353
20586.667,256.9353
20597.333,258.4237
20608.000,259.9208
20618.667,259.9208
20629.333,259.9208
20640.000,259.9208
20650.667,259.9208
20661.333,259.9208
20672.000,259.9208
20682.667,259.9208
20693.333,258.4237
20704.000,258.4237
20714.667,259.9208
20725.333,259.9208
20736.000,259.9208
20746.667,258.4237
20757.333,256.9353
20768.000,256.9353
20778.667,258.4237
20789.333,259.9208
20800.000,259.9208
20810.667,261.4265
20821.333,261.4265
20832.000,262.9409
20842.667,262.9409
20853.333,262.9409
20864.000,262.9409
20874.667,262.9409
20885.333,264.4641
20896.000,264.4641
20906.667,264.4641
20917.333,264.4641
20928.000,264.4641
20938.667,264.4641
20949.333,264.4641
20960.000,262.9409
20970.667,261.4265
20981.333,261.4265
20992.000,261.4265
21002.667,262.9409
21013.333,261.4265
21024.000,259.9208
21034.667,259.9208
21045.333,259.9208
21056.000,259.9208
21066.667,259.9208
21077.333,259.9208
21088.000,259.9208
21098.667,259.9208
21109.333,259.9208
21120.000,259.9208
21130.667,259.9208
21141.333,259.9208
21152.000,259.9208
21162.667,261.4265
21173.333,261.4265
21184.000,261.4265
21194.667,262.9409
21205.333,264.4641
21216.000,264.4641
21226.667,264.4641
21237.333,265.9961
21248.000,265.9961
21258.667,265.9961
21269.333,265.9961
21280.000,265.9961
21290.667,265.9961
21301.333,265.9961
21312.000,265.9961
21322.667,264.4641
21333.333,262.9409
21344.000,261.4265
21354.667,259.9208
21365.333,259.9208
21376.000,256.9353
21386.667,245.3325
21397.333,255.4555
21408.000,265.9961
21418.667,265.9961
21429.333,0.0000
21440.000,0.0000
21450.667,0.0000
21461.333,0.0000
21472.000,0.0000
21482.667,0.0000
21493.333,0.0000
21504.000,0.0000
21514.667,0.0000
21525.333,0.0000
21536.000,0.0000
21546.667,0.0000
21557.333,0.0000
21568.000,0.0000
21578.667,0.0000
21589.333,0.0000
21600.000,259.9208
21610.667,259.9208
21621.333,270.6457
21632.000,270.6457
21642.667,272.2135
21653.333,273.7904
21664.000,272.2135
21674.667,269.0869
21685.333,267.5370
21696.000,265.9961
21706.667,265.9961
21717.333,265.9961
21728.000,265.9961
21738.667,264.4641
21749.333,264.4641
21760.000,262.9409
21770.667,261.4265
21781.333,261.4265
21792.000,261.4265
21802.667,261.4265
21813.333,261.4265
21824.000,262.9409
21834.667,262.9409
21845.333,264.4641
21856.000,264.4641
21866.667,264.4641
21877.333,265.9961
21888.000,265.9961
21898.667,265.9961
21909.333,264.4641
21920.000,264.4641
21930.667,264.4641
21941.333,264.4641
21952.000,264.4641
21962.667,264.4641
21973.333,264.4641
21984.000,264.4641
21994.667,264.4641
22005.333,264.4641
22016.000,264.4641
22026.667,264.4641
22037.333,264.4641
22048.000,264.4641
22058.667,264.4641
22069.333,264.4641
22080.000,264.4641
22090.667,264.4641
22101.333,264.4641
22112.000,262.9409
22122.667,262.9409
22133.333,262.9409
22144.000,262.9409
22154.667,264.4641
22165.333,264.4641
22176.000,264.4641
22186.667,264.4641
22197.333,262.9409
22208.000,262.9409
22218.667,262.9409
22229.333,261.4265
22240.000,261.4265
22250.667,261.4265
22261.333,262.9409
22272.000,262.9409
22282.667,262.9409
22293.333,262.9409
22304.000,264.4641
22314.667,264.4641
22325.333,264.4641
22336.000,265.9961
22346.667,265.9961
22357.333,264.4641
22368.000,264.4641
22378.667,262.9409
22389.333,262.9409
22400.000,261.4265
22410.667,261.4265
22421.333,259.9208
22432.000,259.9208
22442.667,261.4265
22453.333,262.9409
22464.000,264.4641
22474.667,265.9961
22485.333,269.0869
22496.000,270.6457
22506.667,270.6457
22517.333,270.6457
22528.000,267.5370
22538.667,262.9409
22549.333,258.4237
22560.000,256.9353
22570.667,256.9353
22581.333,259.9208
22592.000,262.9409
22602.667,267.5370
22613.333,270.6457
22624.000,270.6457
22634.667,270.6457
22645.333,269.0869
22656.000,267.5370
22666.667,264.4641
22677.333,255.4555
22688.000,252.5213
22698.667,251.0669
22709.333,251.0669
22720.000,261.4265
22730.667,264.4641
22741.333,265.9961
22752.000,267.5370
22762.667,267.5370
22773.333,267.5370
22784.000,265.9961
22794.667,261.4265
22805.333,261.4265
22816.000,243.9195
22826.667,245.3325
22837.333,267.5370
22848.000,265.9961
22858.667,264.4641
22869.333,259.9208
22880.000,253.9842
22890.667,253.9842
22901.333,276.9717
22912.000,267.5370
22922.667,272.2135
22933.333,275.3765
22944.000,275.3765
22954.667,275.3765
22965.333,275.3765
22976.000,273.7904
22986.667,273.7904
22997.333,273.7904
23008.000,276.9717
23018.667,278.5762
23029.333,280.1900
23040.000,280.1900
23050.667,280.1900
23061.333,278.5762
23072.000,276.9717
23082.667,275.3765
23093.333,272.2135
23104.000,267.5370
23114.667,256.9353
23125.333,249.6209
23136.000,242.5147
23146.667,236.9756
23157.333,235.6107
23168.000,234.2537
23178.667,234.2537
23189.333,235.6107
23200.000,235.6107
23210.667,234.2537
23221.333,234.2537
23232.000,232.9045
23242.667,232.9045
23253.333,231.5631
23264.000,231.5631
23274.667,231.5631
23285.333,231.5631
23296.000,231.5631
23306.667,231.5631
23317.333,231.5631
23328.000,231.5631
23338.667,231.5631
23349.333,232.9045
23360.000,232.9045
23370.667,232.9045
23381.333,232.9045
23392.000,232.9045
23402.667,234.2537
23413.333,234.2537
23424.000,232.9045
23434.667,234.2537
23445.333,234.2537
23456.000,234.2537
23466.667,234.2537
23477.333,234.2537
23488.000,234.2537
23498.667,234.2537
23509.333,234.2537
23520.000,234.2537
23530.667,232.9045
23541.333,232.9045
23552.000,232.9045
23562.667,231.5631
23573.333,232.9045
23584.000,231.5631
23594.667,231.5631
23605.333,231.5631
23616.000,231.5631
23626.667,231.5631
23637.333,232.9045
23648.000,232.9045
23658.667,234.2537
23669.333,234.2537
23680.000,232.9045
23690.667,232.9045
23701.333,231.5631
23712.000,230.2294
23722.667,228.9033
23733.333,228.9033
23744.000,230.2294
23754.667,231.5631
23765.333,234.2537
23776.000,238.3484
23786.667,239.7291
23797.333,242.5147
23808.000,242.5147
23818.667,242.5147
23829.333,239.7291
23840.000,235.6107
23850.667,232.9045
23861.333,230.2294
23872.000,228.9033
23882.667,230.2294
23893.333,231.5631
23904.000,234.2537
23914.667,236.9756
23925.333,238.3484
23936.000,238.3484
23946.667,234.2537
23957.333,230.2294
23968.000,222.3869
23978.667,214.8116
23989.333,206.2992
24000.000,209.9053
24010.667,223.6752
24021.333,219.8326
24032.000,205.1111
24042.667,221.1061
24053.333,223.6752
24064.000,232.9045
24074.667,230.2294
24085.333,234.2537
24096.000,234.2537
24106.667,232.9045
24117.333,231.5631
24128.000,232.9045
24138.667,231.5631
24149.333,0.0000
24160.000,0.0000
24170.667,0.0000
24181.333,0.0000
24192.000,0.0000
24202.667,0.0000
24213.333,0.0000
24224.000,0.0000
24234.667,0.0000
24245.333,0.0000
24256.000,0.0000
24266.667,0.0000
24277.333,0.0000
24288.000,0.0000
24298.667,0.0000
24309.333,0.0000
24320.000,0.0000
24330.667,0.0000
24341.333,0.0000
24352.000,0.0000
24362.667,0.0000
24373.333,0.0000
24384.000,0.0000
24394.667,0.0000
24405.333,0.0000
24416.000,0.0000
24426.667,0.0000
24437.333,0.0000
24448.000,0.0000
24458.667,167.5671
24469.333,166.6019
24480.000,166.6019
24490.667,171.4838
24501.333,181.6807
24512.000,193.5991
24522.667,203.9297
24533.333,212.3443
24544.000,222.3869
24554.667,226.2742
24565.333,227.5850
24576.000,227.5850
24586.667,226.2742
24597.333,226.2742
24608.000,226.2742
24618.667,226.2742
24629.333,224.9709
24640.000,222.3869
24650.667,219.8326
24661.333,218.5664
24672.000,213.5744
24682.667,212.3443
24693.333,221.1061
24704.000,222.3869
24714.667,222.3869
24725.333,217.3076
24736.000,211.1213
24746.667,227.5850
24757.333,227.5850
24768.000,227.5850
24778.667,226.2742
24789.333,226.2742
24800.000,224.9709
24810.667,0.0000
24821.333,0.0000
24832.000,0.0000
24842.667,0.0000
24853.333,129.9604
24864.000,129.2119
24874.667,127.7277
24885.333,124.0916
24896.000,121.9598
24906.667,119.8646
24917.333,119.8646
24928.000,117.1269
24938.667,117.1269
24949.333,113.1371
24960.000,104.3482
24970.667,0.0000
24981.333,0.0000
24992.000,0.0000
25002.667,0.0000
25013.333,0.0000
25024.000,0.0000
25034.667,0.0000
25045.333,0.0000
25056.000,0.0000
25066.667,0.0000
25077.333,0.0000
25088.000,0.0000
25098.667,0.0000
25109.333,0.0000
25120.000,0.0000
25130.667,0.0000
25141.333,0.0000
25152.000,182.7332
25162.667,194.7206
25173.333,202.7552
25184.000,209.9053
25194.667,217.3076
25205.333,226.2742
25216.000,232.9045
25226.667,234.2537
25237.333,235.6107
25248.000,235.6107
25258.667,235.6107
25269.333,235.6107
25280.000,236.9756
25290.667,238.3484
25301.333,238.3484
25312.000,238.3484
25322.667,238.3484
25333.333,236.9756
25344.000,234.2537
25354.667,230.2294
25365.333,228.9033
25376.000,227.5850
25386.667,226.2742
25397.333,224.9709
25408.000,218.5664
25418.667,211.1213
25429.333,201.5874
25440.000,205.1111
25450.667,212.3443
25461.333,231.5631
25472.000,239.7291
25482.667,231.5631
25493.333,0.0000
25504.000,0.0000
25514.667,0.0000
25525.333,0.0000
25536.000,0.0000
25546.667,0.0000
25557.333,0.0000
25568.000,212.3443
25578.667,223.6752
25589.333,230.2294
25600.000,227.5850
25610.667,227.5850
25621.333,227.5850
25632.000,228.9033
25642.667,231.5631
25653.333,234.2537
25664.000,234.2537
25674.667,235.6107
25685.333,235.6107
25696.000,235.6107
25706.667,234.2537
25717.333,232.9045
25728.000,231.5631
25738.667,231.5631
25749.333,230.2294
25760.000,231.5631
25770.667,231.5631
25781.333,232.9045
25792.000,232.9045
25802.667,234.2537
25813.333,234.2537
25824.000,234.2537
25834.667,234.2537
25845.333,234.2537
25856.000,234.2537
25866.667,234.2537
25877.333,232.9045
25888.000,232.9045
25898.667,231.5631
25909.333,230.2294
25920.000,228.9033
25930.667,228.9033
25941.333,228.9033
25952.000,230.2294
25962.667,230.2294
25973.333,230.2294
25984.000,231.5631
25994.667,231.5631
26005.333,232.9045
26016.000,232.9045
26026.667,232.9045
26037.333,234.2537
26048.000,235.6107
26058.667,235.6107
26069.333,235.6107
26080.000,235.6107
26090.667,235.6107
26101.333,235.6107
26112.000,234.2537
26122.667,234.2537
26133.333,234.2537
26144.000,232.9045
26154.667,231.5631
26165.333,231.5631
26176.000,230.2294
26186.667,228.9033
26197.333,228.9033
26208.000,219.8326
26218.667,211.1213
26229.333,0.0000
26240.000,0.0000
26250.667,0.0000
26261.333,0.0000
26272.000,0.0000
26282.667,0.0000
26293.333,0.0000
26304.000,0.0000
26314.667,0.0000
26325.333,0.0000
26336.000,0.0000
26346.667,0.0000
26357.333,0.0000
26368.000,0.0000
26378.667,0.0000
26389.333,0.0000
26400.000,0.0000
26410.667,0.0000
26421.333,0.0000
26432.000,0.0000
26442.667,0.0000
26453.333,248.1832
26464.000,246.7537
26474.667,245.3325
26485.333,242.5147
26496.000,245.3325
26506.667,246.7537
26517.333,248.1832
26528.000,249.6209
26538.667,251.0669
26549.333,252.5213
26560.000,253.9842
26570.667,255.4555
26581.333,255.4555
26592.000,256.9353
26602.667,256.9353
26613.333,256.9353
26624.000,256.9353
26634.667,253.9842
26645.333,252.5213
26656.000,249.6209
26666.667,245.3325
26677.333,238.3484
26688.000,230.2294
26698.667,224.9709
26709.333,219.8326
26720.000,217.3076
26730.667,213.5744
26741.333,211.1213
26752.000,209.9053
26762.667,208.6963
26773.333,208.6963
26784.000,208.6963
26794.667,208.6963
26805.333,208.6963
26816.000,208.6963
26826.667,208.6963
26837.333,208.6963
26848.000,207.4943
26858.667,207.4943
26869.333,206.2992
26880.000,203.9297
26890.667,202.7552
26901.333,201.5874
26912.000,200.4263
26922.667,199.2719
26933.333,198.1242
26944.000,198.1242
26954.667,198.1242
26965.333,198.1242
26976.000,198.1242
26986.667,198.1242
26997.333,198.1242
27008.000,198.1242
27018.667,198.1242
27029.333,196.9831
27040.000,194.7206
27050.667,192.4840
27061.333,190.2731
27072.000,188.0877
27082.667,184.8564
27093.333,181.6807
27104.000,178.5595
27114.667,174.4812
27125.333,173.4763
27136.000,171.4838
27146.667,170.4961
27157.333,170.4961
27168.000,170.4961
27178.667,170.4961
27189.333,170.4961
27200.000,171.4838
27210.667,172.4771
27221.333,173.4763
27232.000,174.4812
27242.667,174.4812
27253.333,175.4920
27264.000,175.4920
27274.667,174.4812
27285.333,174.4812
27296.000,174.4812
27306.667,175.4920
27317.333,175.4920
27328.000,175.4920
27338.667,174.4812
27349.333,173.4763
27360.000,172.4771
27370.667,173.4763
27381.333,174.4812
27392.000,174.4812
27402.667,175.4920
27413.333,176.5086
27424.000,176.5086
27434.667,175.4920
27445.333,175.4920
27456.000,174.4812
27466.667,172.4771
27477.333,172.4771
27488.000,171.4838
27498.667,172.4771
27509.333,173.4763
27520.000,175.4920
27530.667,177.5311
27541.333,180.6343
27552.000,181.6807
27562.667,181.6807
27573.333,179.5939
27584.000,178.5595
27594.667,175.4920
27605.333,173.4763
27616.000,171.4838
27626.667,168.5378
27637.333,166.6019
27648.000,166.6019
27658.667,167.5671
27669.333,171.4838
27680.000,177.5311
27690.667,180.6343
27701.333,181.6807
27712.000,180.6343
27722.667,179.5939
27733.333,177.5311
27744.000,174.4812
27754.667,170.4961
27765.333,166.6019
27776.000,161.8591
27786.667,161.8591
27797.333,165.6424
27808.000,176.5086
27818.667,187.0044
27829.333,182.7332
27840.000,177.5311
27850.667,174.4812
27861.333,172.4771
27872.000,172.4771
27882.667,175.4920
27893.333,176.5086
27904.000,176.5086
27914.667,176.5086
27925.333,177.5311
27936.000,179.5939
27946.667,178.5595
27957.333,178.5595
27968.000,178.5595
27978.667,174.4812
27989.333,170.4961
28000.000,168.5378
28010.667,168.5378
28021.333,168.5378
28032.000,170.4961
28042.667,171.4838
28053.333,171.4838
28064.000,173.4763
28074.667,175.4920
28085.333,174.4812
28096.000,174.4812
28106.667,173.4763
28117.333,173.4763
28128.000,172.4771
28138.667,173.4763
28149.333,169.5141
28160.000,0.0000
28170.667,0.0000
28181.333,0.0000
28192.000,0.0000
28202.667,0.0000
28213.333,0.0000
28224.000,0.0000
28234.667,0.0000
28245.333,0.0000
28256.000,167.5671
28266.667,177.5311
28277.333,168.5378
28288.000,174.4812
28298.667,170.4961
28309.333,169.5141
28320.000,166.6019
28330.667,165.6424
28341.333,163.7398
28352.000,165.6424
28362.667,166.6019
28373.333,165.6424
28384.000,163.7398
28394.667,162.7968
28405.333,165.6424
28416.000,167.5671
28426.667,170.4961
28437.333,173.4763
28448.000,174.4812
28458.667,174.4812
28469.333,174.4812
28480.000,176.5086
28490.667,174.4812
28501.333,175.4920
28512.000,175.4920
28522.667,175.4920
28533.333,0.0000
28544.000,0.0000
28554.667,0.0000
28565.333,0.0000
28576.000,0.0000
28586.667,150.1501
28597.333,139.2881
28608.000,139.2881
28618.667,140.0950
28629.333,140.9065
28640.000,140.9065
28650.667,140.9065
28661.333,138.4858
28672.000,137.6882
28682.667,137.6882
28693.333,138.4858
28704.000,139.2881
28714.667,137.6882
28725.333,138.4858
28736.000,138.4858
28746.667,138.4858
28757.333,138.4858
28768.000,0.0000
28778.667,0.0000
28789.333,0.0000
28800.000,137.6882
28810.667,138.4858
28821.333,139.2881
28832.000,139.2881
28842.667,138.4858
28853.333,138.4858
28864.000,138.4858
28874.667,139.2881
28885.333,138.4858
28896.000,138.4858
28906.667,137.6882
28917.333,137.6882
28928.000,137.6882
28938.667,137.6882
28949.333,0.0000
28960.000,139.2881
28970.667,139.2881
28981.333,138.4858
28992.000,136.8952
29002.667,139.2881
29013.333,139.2881
29024.000,139.2881
29034.667,137.6882
29045.333,137.6882
29056.000,137.6882
29066.667,139.2881
29077.333,138.4858
29088.000,138.4858
29098.667,138.4858
29109.333,0.0000
29120.000,0.0000
29130.667,0.0000
29141.333,0.0000
29152.000,0.0000
29162.667,0.0000
29173.333,0.0000
29184.000,0.0000
29194.667,0.0000
29205.333,0.0000
29216.000,0.0000
29226.667,0.0000
29237.333,0.0000
29248.000,0.0000
29258.667,0.0000
29269.333,0.0000
29280.000,0.0000
29290.667,0.0000
29301.333,0.0000
29312.000,0.0000
29322.667,0.0000
29333.333,0.0000
29344.000,0.0000
29354.667,0.0000
29365.333,0.0000
29376.000,0.0000
29386.667,0.0000
29397.333,0.0000
29408.000,0.0000
29418.667,0.0000
29429.333,0.0000
29440.000,0.0000
29450.667,0.0000
29461.333,0.0000
29472.000,0.0000
29482.667,410.2221
29493.333,410.2221
29504.000,412.5985
29514.667,414.9887
29525.333,417.3927
29536.000,417.3927
29546.667,410.2221
29557.333,407.8594
29568.000,400.8526
29578.667,400.8526
29589.333,403.1747
29600.000,405.5103
29610.667,410.2221
29621.333,410.2221
29632.000,410.2221
29642.667,407.8594
29653.333,405.5103
29664.000,403.1747
29674.667,403.1747
29685.333,405.5103
29696.000,410.2221
29706.667,410.2221
29717.333,412.5985
29728.000,412.5985
29738.667,412.5985
29749.333,414.9887
29760.000,414.9887
29770.667,414.9887
29781.333,414.9887
29792.000,414.9887
29802.667,414.9887
29813.333,414.9887
29824.000,414.9887
29834.667,414.9887
29845.333,414.9887
29856.000,414.9887
29866.667,414.9887
29877.333,414.9887
29888.000,414.9887
29898.667,414.9887
29909.333,414.9887
29920.000,414.9887
29930.667,414.9887
29941.333,414.9887
29952.000,414.9887
29962.667,414.9887
29973.333,414.9887
29984.000,414.9887
29994.667,414.9887
30005.333,414.9887
30016.000,414.9887
30026.667,414.9887
30037.333,414.9887
30048.000,414.9887
30058.667,414.9887
30069.333,414.9887
30080.000,412.5985
30090.667,410.2221
30101.333,410.2221
30112.000,405.5103
30122.667,403.1747
30133.333,400.8526
30144.000,398.5439
30154.667,398.5439
30165.333,396.2484
30176.000,396.2484
30186.667,396.2484
30197.333,393.9662
30208.000,391.6971
30218.667,391.6971
30229.333,391.6971
30240.000,391.6971
30250.667,391.6971
30261.333,393.9662
30272.000,393.9662
30282.667,393.9662
30293.333,393.9662
30304.000,393.9662
30314.667,393.9662
30325.333,393.9662
30336.000,393.9662
30346.667,393.9662
30357.333,393.9662
30368.000,393.9662
30378.667,393.9662
30389.333,393.9662
30400.000,396.2484
30410.667,396.2484
30421.333,393.9662
30432.000,393.9662
30442.667,393.9662
30453.333,393.9662
30464.000,396.2484
30474.667,396.2484
30485.333,396.2484
30496.000,396.2484
30506.667,396.2484
30517.333,396.2484
30528.000,393.9662
30538.667,393.9662
30549.333,393.9662
30560.000,393.9662
30570.667,393.9662
30581.333,393.9662
30592.000,391.6971
30602.667,391.6971
30613.333,393.9662
30624.000,393.9662
30634.667,393.9662
30645.333,393.9662
30656.000,393.9662
30666.667,393.9662
30677.333,393.9662
30688.000,393.9662
30698.667,391.6971
30709.333,393.9662
30720.000,391.6971
30730.667,393.9662
30741.333,391.6971
30752.000,391.6971
30762.667,391.6971
30773.333,391.6971
30784.000,391.6971
30794.667,391.6971
30805.333,391.6971
30816.000,391.6971
30826.667,393.9662
30837.333,393.9662
30848.000,391.6971
30858.667,391.6971
30869.333,391.6971
30880.000,391.6971
30890.667,391.6971
30901.333,391.6971
30912.000,391.6971
30922.667,393.9662
30933.333,393.9662
30944.000,393.9662
30954.667,393.9662
30965.333,393.9662
30976.000,393.9662
30986.667,393.9662
30997.333,393.9662
31008.000,393.9662
31018.667,393.9662
31029.333,393.9662
31040.000,393.9662
31050.667,391.6971
31061.333,391.6971
31072.000,391.6971
31082.667,391.6971
31093.333,391.6971
31104.000,391.6971
31114.667,391.6971
31125.333,391.6971
31136.000,391.6971
31146.667,391.6971
31157.333,391.6971
31168.000,391.6971
31178.667,393.9662
31189.333,393.9662
31200.000,393.9662
31210.667,393.9662
31221.333,391.6971
31232.000,391.6971
31242.667,391.6971
31253.333,391.6971
31264.000,391.6971
31274.667,391.6971
31285.333,391.6971
31296.000,391.6971
31306.667,391.6971
31317.333,391.6971
31328.000,391.6971
31338.667,391.6971
31349.333,391.6971
31360.000,391.6971
31370.667,393.9662
31381.333,393.9662
31392.000,393.9662
31402.667,393.9662
31413.333,393.9662
31424.000,393.9662
31434.667,393.9662
31445.333,393.9662
31456.000,393.9662
31466.667,391.6971
31477.333,391.6971
31488.000,391.6971
31498.667,391.6971
31509.333,391.6971
31520.000,391.6971
31530.667,391.6971
31541.333,391.6971
31552.000,391.6971
31562.667,391.6971
31573.333,391.6971
31584.000,391.6971
31594.667,391.6971
31605.333,393.9662
31616.000,393.9662
31626.667,393.9662
31637.333,393.9662
31648.000,393.9662
31658.667,393.9662
31669.333,391.6971
31680.000,391.6971
31690.667,391.6971
31701.333,391.6971
31712.000,391.6971
31722.667,391.6971
31733.333,391.6971
31744.000,391.6971
31754.667,391.6971
31765.333,391.6971
31776.000,391.6971
31786.667,391.6971
31797.333,391.6971
31808.000,391.6971
31818.667,391.6971
31829.333,393.9662
31840.000,393.9662
31850.667,391.6971
31861.333,391.6971
31872.000,391.6971
31882.667,391.6971
31893.333,391.6971
31904.000,391.6971
31914.667,391.6971
31925.333,393.9662
31936.000,393.9662
31946.667,393.9662
31957.333,393.9662
31968.000,393.9662
31978.667,391.6971
31989.333,393.9662
32000.000,393.9662
32010.667,393.9662
32021.333,393.9662
32032.000,393.9662
32042.667,393.9662
32053.333,391.6971
32064.000,391.6971
32074.667,391.6971
32085.333,393.9662
32096.000,393.9662
32106.667,393.9662
32117.333,393.9662
32128.000,396.2484
32138.667,396.2484
32149.333,393.9662
32160.000,393.9662
32170.667,393.9662
32181.333,393.9662
32192.000,393.9662
32202.667,396.2484
32213.333,403.1747
32224.000,405.5103
32234.667,407.8594
32245.333,407.8594
32256.000,410.2221
32266.667,405.5103
32277.333,400.8526
32288.000,398.5439
32298.667,396.2484
32309.333,396.2484
32320.000,393.9662
32330.667,393.9662
32341.333,393.9662
32352.000,396.2484
32362.667,400.8526
32373.333,400.8526
32384.000,403.1747
32394.667,400.8526
32405.333,400.8526
32416.000,400.8526
32426.667,405.5103
32437.333,407.8594
32448.000,410.2221
32458.667,412.5985
32469.333,412.5985
32480.000,412.5985
32490.667,412.5985
32501.333,412.5985
32512.000,412.5985
32522.667,412.5985
32533.333,412.5985
32544.000,414.9887
32554.667,414.9887
32565.333,414.9887
32576.000,414.9887
32586.667,414.9887
32597.333,414.9887
32608.000,414.9887
32618.667,414.9887
32629.333,412.5985
32640.000,414.9887
32650.667,410.2221
32661.333,410.2221
32672.000,407.8594
32682.667,405.5103
32693.333,407.8594
32704.000,405.5103
32714.667,407.8594
32725.333,410.2221
32736.000,407.8594
32746.667,407.8594
32757.333,407.8594
32768.000,407.8594
32778.667,407.8594
32789.333,410.2221
32800.000,410.2221
32810.667,412.5985
32821.333,414.9887
32832.000,417.3927
32842.667,414.9887
32853.333,414.9887
32864.000,414.9887
32874.667,414.9887
32885.333,414.9887
32896.000,414.9887
32906.667,414.9887
32917.333,414.9887
32928.000,414.9887
32938.667,414.9887
32949.333,414.9887
32960.000,412.5985
32970.667,412.5985
32981.333,410.2221
32992.000,410.2221
33002.667,410.2221
33013.333,407.8594
33024.000,407.8594
33034.667,407.8594
33045.333,407.8594
33056.000,405.5103
33066.667,403.1747
33077.333,398.5439
33088.000,396.2484
33098.667,393.9662
33109.333,393.9662
33120.000,393.9662
33130.667,393.9662
33141.333,393.9662
33152.000,396.2484
33162.667,398.5439
33173.333,403.1747
33184.000,405.5103
33194.667,405.5103
33205.333,410.2221
33216.000,410.2221
33226.667,412.5985
33237.333,414.9887
33248.000,412.5985
33258.667,414.9887
33269.333,412.5985
33280.000,412.5985
33290.667,414.9887
33301.333,412.5985
33312.000,414.9887
33322.667,414.9887
33333.333,414.9887
33344.000,414.9887
33354.667,414.9887
33365.333,414.9887
33376.000,414.9887
33386.667,414.9887
33397.333,414.9887
33408.000,414.9887
33418.667,414.9887
33429.333,414.9887
33440.000,414.9887
33450.667,414.9887
33461.333,414.9887
33472.000,414.9887
33482.667,414.9887
33493.333,414.9887
33504.000,414.9887
33514.667,414.9887
33525.333,414.9887
33536.000,414.9887
33546.667,414.9887
33557.333,414.9887
33568.000,414.9887
33578.667,412.5985
33589.333,407.8594
33600.000,403.1747
33610.667,400.8526
33621.333,398.5439
33632.000,396.2484
33642.667,393.9662
33653.333,391.6971
33664.000,391.6971
33674.667,391.6971
33685.333,391.6971
33696.000,391.6971
33706.667,393.9662
33717.333,393.9662
33728.000,393.9662
33738.667,393.9662
33749.333,391.6971
33760.000,391.6971
33770.667,391.6971
33781.333,391.6971
33792.000,391.6971
33802.667,391.6971
33813.333,393.9662
33824.000,393.9662
33834.667,393.9662
33845.333,393.9662
33856.000,393.9662
33866.667,391.6971
33877.333,391.6971
33888.000,393.9662
33898.667,391.6971
33909.333,391.6971
33920.000,391.6971
33930.667,393.9662
33941.333,393.9662
33952.000,393.9662
33962.667,393.9662
33973.333,393.9662
33984.000,391.6971
33994.667,391.6971
34005.333,391.6971
34016.000,391.6971
34026.667,391.6971
34037.333,391.6971
34048.000,391.6971
34058.667,391.6971
34069.333,391.6971
34080.000,391.6971
34090.667,391.6971
34101.333,391.6971
34112.000,391.6971
34122.667,391.6971
34133.333,393.9662
34144.000,393.9662
34154.667,393.9662
34165.333,393.9662
34176.000,393.9662
34186.667,391.6971
34197.333,391.6971
34208.000,391.6971
34218.667,391.6971
34229.333,393.9662
34240.000,391.6971
34250.667,391.6971
34261.333,391.6971
34272.000,391.6971
34282.667,391.6971
34293.333,391.6971
34304.000,391.6971
34314.667,391.6971
34325.333,391.6971
34336.000,391.6971
34346.667,391.6971
34357.333,391.6971
34368.000,391.6971
34378.667,391.6971
34389.333,391.6971
34400.000,391.6971
34410.667,391.6971
34421.333,393.9662
34432.000,393.9662
34442.667,391.6971
34453.333,393.9662
34464.000,393.9662
34474.667,393.9662
34485.333,393.9662
34496.000,393.9662
34506.667,391.6971
34517.333,391.6971
34528.000,391.6971
34538.667,391.6971
34549.333,393.9662
34560.000,391.6971
34570.667,391.6971
34581.333,391.6971
34592.000,391.6971
34602.667,391.6971
34613.333,391.6971
34624.000,391.6971
34634.667,391.6971
34645.333,391.6971
34656.000,391.6971
34666.667,391.6971
34677.333,391.6971
34688.000,391.6971
34698.667,391.6971
34709.333,391.6971
34720.000,393.9662
34730.667,393.9662
34741.333,393.9662
34752.000,391.6971
34762.667,393.9662
34773.333,391.6971
34784.000,393.9662
34794.667,393.9662
34805.333,393.9662
34816.000,393.9662
34826.667,393.9662
34837.333,393.9662
34848.000,393.9662
34858.667,393.9662
34869.333,391.6971
34880.000,391.6971
34890.667,391.6971
34901.333,391.6971
34912.000,391.6971
34922.667,391.6971
34933.333,391.6971
34944.000,391.6971
34954.667,391.6971
34965.333,391.6971
34976.000,391.6971
34986.667,391.6971
34997.333,393.9662
35008.000,393.9662
35018.667,393.9662
35029.333,391.6971
35040.000,391.6971
35050.667,391.6971
35061.333,391.6971
35072.000,391.6971
35082.667,391.6971
35093.333,393.9662
35104.000,393.9662
35114.667,393.9662
35125.333,393.9662
35136.000,393.9662
35146.667,393.9662
35157.333,391.6971
35168.000,391.6971
35178.667,391.6971
35189.333,391.6971
35200.000,391.6971
35210.667,391.6971
35221.333,391.6971
35232.000,391.6971
35242.667,391.6971
35253.333,393.9662
35264.000,393.9662
35274.667,393.9662
35285.333,393.9662
35296.000,393.9662
35306.667,393.9662
35317.333,393.9662
35328.000,393.9662
35338.667,393.9662
35349.333,391.6971
35360.000,391.6971
35370.667,391.6971
35381.333,391.6971
35392.000,391.6971
35402.667,393.9662
35413.333,393.9662
35424.000,393.9662
35434.667,393.9662
35445.333,393.9662
35456.000,393.9662
35466.667,393.9662
35477.333,393.9662
35488.000,393.9662
35498.667,393.9662
35509.333,393.9662
35520.000,391.6971
35530.667,393.9662
35541.333,393.9662
35552.000,393.9662
35562.667,391.6971
35573.333,391.6971
35584.000,391.6971
35594.667,393.9662
35605.333,396.2484
35616.000,396.2484
35626.667,398.5439
35637.333,403.1747
35648.000,403.1747
35658.667,403.1747
35669.333,405.5103
35680.000,403.1747
35690.667,0.0000
35701.333,0.0000
35712.000,414.9887
35722.667,417.3927
35733.333,414.9887
35744.000,414.9887
35754.667,412.5985
35765.333,412.5985
35776.000,412.5985
35786.667,412.5985
35797.333,412.5985
35808.000,412.5985
35818.667,412.5985
35829.333,414.9887
35840.000,414.9887
35850.667,414.9887
35861.333,412.5985
35872.000,412.5985
35882.667,412.5985
35893.333,412.5985
35904.000,412.5985
35914.667,412.5985
35925.333,412.5985
35936.000,412.5985
35946.667,412.5985
35957.333,407.8594
35968.000,405.5103
35978.667,405.5103
35989.333,407.8594
36000.000,412.5985
36010.667,414.9887
36021.333,414.9887
36032.000,414.9887
36042.667,417.3927
36053.333,417.3927
36064.000,417.3927
36074.667,414.9887
36085.333,414.9887
36096.000,414.9887
36106.667,414.9887
36117.333,414.9887
36128.000,414.9887
36138.667,414.9887
36149.333,414.9887
36160.000,414.9887
36170.667,414.9887
36181.333,414.9887
36192.000,414.9887
36202.667,414.9887
36213.333,414.9887
36224.000,414.9887
36234.667,414.9887
36245.333,414.9887
36256.000,414.9887
36266.667,414.9887
36277.333,414.9887
36288.000,414.9887
36298.667,414.9887
36309.333,414.9887
36320.000,414.9887
36330.667,414.9887
36341.333,414.9887
36352.000,414.9887
36362.667,414.9887
36373.333,412.5985
36384.000,412.5985
36394.667,412.5985
36405.333,412.5985
36416.000,412.5985
36426.667,412.5985
36437.333,412.5985
36448.000,414.9887
36458.667,414.9887
36469.333,414.9887
36480.000,414.9887
36490.667,414.9887
36501.333,412.5985
36512.000,412.5985
36522.667,414.9887
36533.333,414.9887
36544.000,414.9887
36554.667,414.9887
36565.333,414.9887
36576.000,414.9887
36586.667,414.9887
36597.333,414.9887
36608.000,414.9887
36618.667,412.5985
36629.333,414.9887
36640.000,412.5985
36650.667,412.5985
36661.333,412.5985
36672.000,412.5985
36682.667,412.5985
36693.333,412.5985
36704.000,414.9887
36714.667,414.9887
36725.333,414.9887
36736.000,414.9887
36746.667,414.9887
36757.333,414.9887
36768.000,412.5985
36778.667,412.5985
36789.333,412.5985
36800.000,414.9887
36810.667,414.9887
36821.333,414.9887
36832.000,417.3927
36842.667,417.3927
36853.333,414.9887
36864.000,414.9887
36874.667,414.9887
36885.333,414.9887
36896.000,417.3927
36906.667,417.3927
36917.333,414.9887
36928.000,414.9887
36938.667,414.9887
36949.333,414.9887
36960.000,414.9887
36970.667,412.5985
36981.333,410.2221
36992.000,412.5985
37002.667,414.9887
37013.333,417.3927
37024.000,419.8106
37034.667,419.8106
37045.333,419.8106
37056.000,419.8106
37066.667,417.3927
37077.333,414.9887
37088.000,414.9887
37098.667,412.5985
37109.333,412.5985
37120.000,412.5985
37130.667,410.2221
37141.333,412.5985
37152.000,412.5985
37162.667,410.2221
37173.333,407.8594
37184.000,405.5103
37194.667,410.2221
37205.333,407.8594
37216.000,405.5103
37226.667,398.5439
37237.333,398.5439
37248.000,398.5439
37258.667,398.5439
37269.333,398.5439
37280.000,398.5439
37290.667,396.2484
37301.333,396.2484
37312.000,398.5439
37322.667,403.1747
37333.333,414.9887
37344.000,419.8106
37354.667,429.6232
37365.333,429.6232
37376.000,427.1488
37386.667,424.6886
37397.333,419.8106
37408.000,419.8106
37418.667,424.6886
37429.333,424.6886
37440.000,427.1488
37450.667,422.2425
37461.333,419.8106
37472.000,424.6886
37482.667,422.2425
37493.333,427.1488
37504.000,427.1488
37514.667,444.7738
37525.333,0.0000
37536.000,0.0000
37546.667,0.0000
37557.333,0.0000
37568.000,0.0000
37578.667,0.0000
37589.333,0.0000
37600.000,0.0000
37610.667,0.0000
37621.333,0.0000
37632.000,0.0000
37642.667,0.0000
37653.333,0.0000
37664.000,0.0000
37674.667,0.0000
37685.333,0.0000
37696.000,0.0000
37706.667,0.0000
37717.333,0.0000
37728.000,0.0000
37738.667,0.0000
37749.333,0.0000
37760.000,0.0000
37770.667,0.0000
37781.333,0.0000
37792.000,0.0000
37802.667,0.0000
37813.333,0.0000
37824.000,0.0000
37834.667,0.0000
37845.333,0.0000
37856.000,0.0000
37866.667,0.0000
37877.333,0.0000
37888.000,0.0000
37898.667,0.0000
37909.333,0.0000
37920.000,0.0000
37930.667,0.0000
37941.333,0.0000
37952.000,0.0000
37962.667,0.0000
37973.333,0.0000
37984.000,0.0000
37994.667,0.0000
38005.333,0.0000
38016.000,0.0000
38026.667,0.0000
38037.333,0.0000
38048.000,0.0000
38058.667,0.0000
38069.333,0.0000
38080.000,0.0000
38090.667,0.0000
38101.333,0.0000
38112.000,0.0000
38122.667,0.0000
38133.333,0.0000
38144.000,0.0000
38154.667,0.0000
38165.333,0.0000
38176.000,0.0000
38186.667,0.0000
38197.333,0.0000
38208.000,0.0000
38218.667,0.0000
38229.333,0.0000
38240.000,0.0000
38250.667,0.0000
38261.333,0.0000
38272.000,0.0000
38282.667,0.0000
38293.333,0.0000
38304.000,0.0000
38314.667,0.0000
38325.333,0.0000
38336.000,0.0000
38346.667,0.0000
38357.333,0.0000
38368.000,0.0000
38378.667,0.0000
38389.333,0.0000
38400.000,0.0000
38410.667,0.0000
38421.333,0.0000
38432.000,0.0000
38442.667,0.0000
38453.333,0.0000
38464.000,0.0000
38474.667,0.0000
38485.333,0.0000
38496.000,0.0000
38506.667,0.0000
38517.333,0.0000
38528.000,0.0000
38538.667,0.0000
38549.333,0.0000
38560.000,0.0000
38570.667,0.0000
38581.333,0.0000
38592.000,0.0000
38602.667,0.0000
38613.333,0.0000
38624.000,0.0000
38634.667,0.0000
38645.333,0.0000
38656.000,0.0000
38666.667,0.0000
38677.333,0.0000
38688.000,0.0000
38698.667,0.0000
38709.333,0.0000
38720.000,0.0000
38730.667,0.0000
38741.333,0.0000
38752.000,0.0000
38762.667,0.0000
38773.333,0.0000
38784.000,0.0000
38794.667,0.0000
38805.333,0.0000
38816.000,0.0000
38826.667,0.0000
38837.333,0.0000
38848.000,0.0000
38858.667,0.0000
38869.333,0.0000
38880.000,0.0000
38890.667,0.0000
38901.333,0.0000
38912.000,0.0000
38922.667,0.0000
38933.333,0.0000
38944.000,0.0000
38954.667,0.0000
38965.333,0.0000
38976.000,0.0000
38986.667,0.0000
38997.333,0.0000
39008.000,0.0000
39018.667,0.0000
39029.333,0.0000
39040.000,0.0000
39050.667,0.0000
39061.333,0.0000
39072.000,0.0000
39082.667,0.0000
39093.333,0.0000
39104.000,0.0000
39114.667,0.0000
39125.333,0.0000
39136.000,0.0000
39146.667,0.0000
39157.333,0.0000
39168.000,0.0000
39178.667,0.0000
39189.333,0.0000
39200.000,0.0000
39210.667,0.0000
39221.333,0.0000
39232.000,0.0000
39242.667,0.0000
39253.333,0.0000
39264.000,0.0000
39274.667,0.0000
39285.333,0.0000
39296.000,0.0000
39306.667,0.0000
39317.333,0.0000
39328.000,0.0000
39338.667,0.0000
39349.333,0.0000
39360.000,0.0000
39370.667,0.0000
39381.333,0.0000
39392.000,0.0000
39402.667,0.0000
39413.333,0.0000
39424.000,0.0000
39434.667,0.0000
39445.333,0.0000
39456.000,0.0000
39466.667,0.0000
39477.333,0.0000
39488.000,0.0000
39498.667,0.0000
39509.333,0.0000
39520.000,0.0000
39530.667,0.0000
39541.333,0.0000
39552.000,0.0000
39562.667,0.0000
39573.333,0.0000
39584.000,0.0000
39594.667,0.0000
39605.333,0.0000
39616.000,0.0000
39626.667,0.0000
39637.333,0.0000
39648.000,0.0000
39658.667,0.0000
39669.333,0.0000
39680.000,0.0000
39690.667,0.0000
39701.333,0.0000
39712.000,0.0000
39722.667,0.0000
39733.333,0.0000
39744.000,0.0000
39754.667,0.0000
39765.333,0.0000
39776.000,0.0000
39786.667,0.0000
39797.333,0.0000
39808.000,0.0000
39818.667,0.0000
39829.333,0.0000
39840.000,0.0000
39850.667,0.0000
39861.333,0.0000
39872.000,0.0000
39882.667,0.0000
39893.333,0.0000
39904.000,0.0000
39914.667,0.0000
39925.333,0.0000
39936.000,0.0000
39946.667,0.0000
39957.333,0.0000
39968.000,0.0000
39978.667,0.0000
39989.333,0.0000
40000.000,0.0000
40010.667,0.0000
40021.333,0.0000
40032.000,0.0000
40042.667,0.0000
40053.333,0.0000
40064.000,0.0000
40074.667,0.0000
40085.333,0.0000
40096.000,0.0000
40106.667,0.0000
40117.333,0.0000
40128.000,0.0000
40138.667,0.0000
40149.333,0.0000
40160.000,0.0000
40170.667,0.0000
40181.333,0.0000
40192.000,0.0000
40202.667,0.0000
40213.333,0.0000
40224.000,0.0000
40234.667,0.0000
40245.333,0.0000
40256.000,0.0000
40266.667,0.0000
40277.333,0.0000
40288.000,0.0000
40298.667,0.0000
40309.333,0.0000
40320.000,0.0000
40330.667,0.0000
40341.333,0.0000
40352.000,0.0000
40362.667,0.0000
40373.333,0.0000
40384.000,0.0000
40394.667,0.0000
40405.333,0.0000
40416.000,0.0000
40426.667,0.0000
40437.333,0.0000
40448.000,0.0000
40458.667,0.0000
40469.333,0.0000
40480.000,0.0000
40490.667,0.0000
40501.333,0.0000
40512.000,0.0000
40522.667,0.0000
40533.333,0.0000
40544.000,0.0000
40554.667,0.0000
40565.333,0.0000
40576.000,0.0000
40586.667,0.0000
40597.333,0.0000
40608.000,0.0000
40618.667,0.0000
40629.333,0.0000
40640.000,0.0000
40650.667,0.0000
40661.333,0.0000
40672.000,0.0000
40682.667,0.0000
40693.333,0.0000
40704.000,0.0000
40714.667,0.0000
40725.333,0.0000
40736.000,0.0000
40746.667,0.0000
40757.333,0.0000
40768.000,0.0000
40778.667,0.0000
40789.333,0.0000
40800.000,0.0000
40810.667,0.0000
40821.333,0.0000
40832.000,0.0000
40842.667,0.0000
40853.333,0.0000
40864.000,0.0000
40874.667,0.0000
40885.333,0.0000
40896.000,0.0000
40906.667,0.0000
40917.333,0.0000
40928.000,0.0000
40938.667,0.0000
40949.333,0.0000
40960.000,0.0000
40970.667,0.0000
40981.333,0.0000
40992.000,0.0000
41002.667,0.0000
41013.333,0.0000
41024.000,0.0000
41034.667,0.0000
41045.333,0.0000
41056.000,0.0000
41066.667,0.0000
41077.333,0.0000
41088.000,0.0000
41098.667,0.0000
41109.333,0.0000
41120.000,0.0000
41130.667,0.0000
41141.333,0.0000
41152.000,0.0000
41162.667,0.0000
41173.333,0.0000
41184.000,0.0000
41194.667,0.0000
41205.333,0.0000
41216.000,0.0000
41226.667,0.0000
41237.333,0.0000
41248.000,0.0000
41258.667,0.0000
41269.333,0.0000
41280.000,0.0000
41290.667,0.0000
41301.333,0.0000
41312.000,0.0000
41322.667,0.0000
41333.333,0.0000
41344.000,0.0000
41354.667,0.0000
41365.333,0.0000
41376.000,0.0000
41386.667,0.0000
41397.333,0.0000
41408.000,0.0000
41418.667,0.0000
41429.333,0.0000
41440.000,0.0000
41450.667,0.0000
41461.333,0.0000
41472.000,0.0000
41482.667,0.0000
41493.333,0.0000
41504.000,0.0000
41514.667,0.0000
41525.333,219.8326
41536.000,221.1061
41546.667,222.3869
41557.333,226.2742
41568.000,231.5631
41578.667,231.5631
41589.333,231.5631
41600.000,232.9045
41610.667,226.2742
41621.333,226.2742
41632.000,226.2742
41642.667,228.9033
41653.333,230.2294
41664.000,232.9045
41674.667,234.2537
41685.333,241.1179
41696.000,242.5147
41706.667,245.3325
41717.333,246.7537
41728.000,248.1832
41738.667,248.1832
41749.333,249.6209
41760.000,251.0669
41770.667,251.0669
41781.333,251.0669
41792.000,252.5213
41802.667,252.5213
41813.333,252.5213
41824.000,252.5213
41834.667,243.9195
41845.333,230.2294
41856.000,0.0000
41866.667,0.0000
41877.333,0.0000
41888.000,0.0000
41898.667,0.0000
41909.333,0.0000
41920.000,0.0000
41930.667,0.0000
41941.333,0.0000
41952.000,0.0000
41962.667,0.0000
41973.333,0.0000
41984.000,0.0000
41994.667,0.0000
42005.333,0.0000
42016.000,0.0000
42026.667,0.0000
42037.333,0.0000
42048.000,0.0000
42058.667,0.0000
42069.333,0.0000
42080.000,0.0000
42090.667,0.0000
42101.333,276.9717
42112.000,276.9717
42122.667,276.9717
42133.333,275.3765
42144.000,275.3765
42154.667,261.4265
42165.333,259.9208
42176.000,259.9208
42186.667,258.4237
42197.333,258.4237
42208.000,259.9208
42218.667,259.9208
42229.333,259.9208
42240.000,259.9208
42250.667,259.9208
42261.333,259.9208
42272.000,261.4265
42282.667,262.9409
42293.333,262.9409
42304.000,262.9409
42314.667,262.9409
42325.333,262.9409
42336.000,262.9409
42346.667,264.4641
42357.333,264.4641
42368.000,262.9409
42378.667,262.9409
42389.333,261.4265
42400.000,261.4265
42410.667,259.9208
42421.333,259.9208
42432.000,261.4265
42442.667,261.4265
42453.333,261.4265
42464.000,261.4265
42474.667,261.4265
42485.333,261.4265
42496.000,261.4265
42506.667,259.9208
42517.333,258.4237
42528.000,258.4237
42538.667,259.9208
42549.333,262.9409
42560.000,264.4641
42570.667,264.4641
42581.333,264.4641
42592.000,264.4641
42602.667,262.9409
42613.333,262.9409
42624.000,262.9409
42634.667,262.9409
42645.333,264.4641
42656.000,264.4641
42666.667,262.9409
42677.333,262.9409
42688.000,261.4265
42698.667,261.4265
42709.333,259.9208
42720.000,259.9208
42730.667,261.4265
42741.333,261.4265
42752.000,261.4265
42762.667,261.4265
42773.333,261.4265
42784.000,261.4265
42794.667,261.4265
42805.333,261.4265
42816.000,261.4265
42826.667,261.4265
42837.333,261.4265
42848.000,261.4265
42858.667,261.4265
42869.333,261.4265
42880.000,261.4265
42890.667,259.9208
42901.333,259.9208
42912.000,259.9208
42922.667,259.9208
42933.333,259.9208
42944.000,259.9208
42954.667,259.9208
42965.333,259.9208
42976.000,259.9208
42986.667,259.9208
42997.333,261.4265
43008.000,261.4265
43018.667,261.4265
43029.333,261.4265
43040.000,261.4265
43050.667,261.4265
43061.333,261.4265
43072.000,261.4265
43082.667,261.4265
43093.333,261.4265
43104.000,261.4265
43114.667,262.9409
43125.333,262.9409
43136.000,262.9409
43146.667,262.9409
43157.333,262.9409
43168.000,262.9409
43178.667,261.4265
43189.333,261.4265
43200.000,261.4265
43210.667,261.4265
43221.333,259.9208
43232.000,259.9208
43242.667,261.4265
43253.333,261.4265
43264.000,261.4265
43274.667,261.4265
43285.333,262.9409
43296.000,262.9409
43306.667,262.9409
43317.333,262.9409
43328.000,262.9409
43338.667,262.9409
43349.333,262.9409
43360.000,262.9409
43370.667,262.9409
43381.333,262.9409
43392.000,262.9409
43402.667,262.9409
43413.333,262.9409
43424.000,262.9409
43434.667,262.9409
43445.333,262.9409
43456.000,264.4641
43466.667,265.9961
43477.333,267.5370
43488.000,269.0869
43498.667,267.5370
43509.333,265.9961
43520.000,262.9409
43530.667,259.9208
43541.333,258.4237
43552.000,256.9353
43562.667,256.9353
43573.333,258.4237
43584.000,262.9409
43594.667,269.0869
43605.333,273.7904
43616.000,273.7904
43626.667,269.0869
43637.333,265.9961
43648.000,262.9409
43658.667,259.9208
43669.333,258.4237
43680.000,258.4237
43690.667,259.9208
43701.333,262.9409
43712.000,265.9961
43722.667,267.5370
43733.333,269.0869
43744.000,269.0869
43754.667,269.0869
43765.333,267.5370
43776.000,267.5370
43786.667,264.4641
43797.333,272.2135
43808.000,273.7904
43818.667,275.3765
43829.333,275.3765
43840.000,275.3765
43850.667,275.3765
43861.333,273.7904
43872.000,273.7904
43882.667,273.7904
43893.333,273.7904
43904.000,272.2135
43914.667,270.6457
43925.333,256.9353
43936.000,0.0000
43946.667,0.0000
43957.333,0.0000
43968.000,0.0000
43978.667,0.0000
43989.333,0.0000
44000.000,0.0000
44010.667,0.0000
44021.333,228.9033
44032.000,228.9033
44042.667,230.2294
44053.333,230.2294
44064.000,228.9033
44074.667,228.9033
44085.333,228.9033
44096.000,230.2294
44106.667,230.2294
44117.333,231.5631
44128.000,232.9045
44138.667,232.9045
44149.333,234.2537
44160.000,235.6107
44170.667,235.6107
44181.333,235.6107
44192.000,235.6107
44202.667,234.2537
44213.333,234.2537
44224.000,235.6107
44234.667,235.6107
44245.333,236.9756
44256.000,238.3484
44266.667,238.3484
44277.333,238.3484
44288.000,236.9756
44298.667,235.6107
44309.333,234.2537
44320.000,234.2537
44330.667,232.9045
44341.333,232.9045
44352.000,231.5631
44362.667,231.5631
44373.333,230.2294
44384.000,230.2294
44394.667,231.5631
44405.333,231.5631
44416.000,232.9045
44426.667,232.9045
44437.333,232.9045
44448.000,231.5631
44458.667,231.5631
44469.333,230.2294
44480.000,230.2294
44490.667,230.2294
44501.333,231.5631
44512.000,231.5631
44522.667,231.5631
44533.333,232.9045
44544.000,232.9045
44554.667,234.2537
44565.333,236.9756
44576.000,238.3484
44586.667,239.7291
44597.333,239.7291
44608.000,238.3484
44618.667,235.6107
44629.333,231.5631
44640.000,228.9033
44650.667,226.2742
44661.333,224.9709
44672.000,223.6752
44682.667,224.9709
44693.333,230.2294
44704.000,235.6107
44714.667,238.3484
44725.333,239.7291
44736.000,241.1179
44746.667,239.7291
44757.333,236.9756
44768.000,232.9045
44778.667,230.2294
44789.333,239.7291
44800.000,0.0000
44810.667,0.0000
44821.333,0.0000
44832.000,0.0000
44842.667,0.0000
44853.333,0.0000
44864.000,0.0000
44874.667,0.0000
44885.333,0.0000
44896.000,0.0000
44906.667,0.0000
44917.333,0.0000
44928.000,0.0000
44938.667,0.0000
44949.333,243.9195
44960.000,232.9045
44970.667,239.7291
44981.333,238.3484
44992.000,238.3484
45002.667,226.2742
45013.333,226.2742
45024.000,224.9709
45034.667,239.7291
45045.333,239.7291
45056.000,235.6107
45066.667,245.3325
45077.333,245.3325
45088.000,0.0000
45098.667,0.0000
45109.333,0.0000
45120.000,0.0000
45130.667,0.0000
45141.333,235.6107
45152.000,235.6107
45162.667,230.2294
45173.333,235.6107
45184.000,239.7291
45194.667,241.1179
45205.333,235.6107
45216.000,222.3869
45226.667,218.5664
45237.333,0.0000
45248.000,0.0000
45258.667,0.0000
45269.333,0.0000
45280.000,0.0000
45290.667,0.0000
45301.333,0.0000
45312.000,0.0000
45322.667,0.0000
45333.333,0.0000
45344.000,0.0000
45354.667,243.9195
45365.333,231.5631
45376.000,230.2294
45386.667,230.2294
45397.333,230.2294
45408.000,221.1061
45418.667,219.8326
45429.333,216.0560
45440.000,217.3076
45450.667,221.1061
45461.333,223.6752
45472.000,224.9709
45482.667,226.2742
45493.333,227.5850
45504.000,228.9033
45514.667,230.2294
45525.333,231.5631
45536.000,232.9045
45546.667,232.9045
45557.333,231.5631
45568.000,230.2294
45578.667,227.5850
45589.333,222.3869
45600.000,219.8326
45610.667,217.3076
45621.333,211.1213
45632.000,203.9297
45642.667,199.2719
45653.333,193.5991
45664.000,184.8564
45674.667,176.5086
45685.333,166.6019
45696.000,153.6597
45706.667,147.5706
45717.333,140.0950
45728.000,125.5335
45738.667,122.6663
45749.333,120.5589
45760.000,119.8646
45770.667,118.4878
45781.333,118.4878
45792.000,115.7815
45802.667,117.8054
45813.333,117.1269
45824.000,109.9163
45834.667,118.4878
45845.333,0.0000
45856.000,0.0000
45866.667,0.0000
45877.333,0.0000
45888.000,0.0000
45898.667,0.0000
45909.333,0.0000
45920.000,0.0000
45930.667,0.0000
45941.333,0.0000
45952.000,0.0000
45962.667,0.0000
45973.333,0.0000
45984.000,0.0000
45994.667,0.0000
46005.333,0.0000
46016.000,252.5213
46026.667,236.9756
46037.333,241.1179
46048.000,239.7291
46058.667,239.7291
46069.333,238.3484
46080.000,236.9756
46090.667,235.6107
46101.333,234.2537
46112.000,231.5631
46122.667,230.2294
46133.333,230.2294
46144.000,230.2294
46154.667,231.5631
46165.333,234.2537
46176.000,234.2537
46186.667,234.2537
46197.333,234.2537
46208.000,234.2537
46218.667,234.2537
46229.333,235.6107
46240.000,235.6107
46250.667,235.6107
46261.333,236.9756
46272.000,235.6107
46282.667,235.6107
46293.333,234.2537
46304.000,232.9045
46314.667,231.5631
46325.333,231.5631
46336.000,230.2294
46346.667,231.5631
46357.333,231.5631
46368.000,231.5631
46378.667,232.9045
46389.333,234.2537
46400.000,234.2537
46410.667,236.9756
46421.333,236.9756
46432.000,238.3484
46442.667,239.7291
46453.333,239.7291
46464.000,238.3484
46474.667,235.6107
46485.333,230.2294
46496.000,227.5850
46506.667,227.5850
46517.333,228.9033
46528.000,231.5631
46538.667,235.6107
46549.333,238.3484
46560.000,241.1179
46570.667,241.1179
46581.333,239.7291
46592.000,235.6107
46602.667,224.9709
46613.333,219.8326
46624.000,218.5664
46634.667,216.0560
46645.333,213.5744
46656.000,211.1213
46666.667,209.9053
46677.333,209.9053
46688.000,208.6963
46698.667,207.4943
46709.333,206.2992
46720.000,206.2992
46730.667,206.2992
46741.333,208.6963
46752.000,211.1213
46762.667,216.0560
46773.333,217.3076
46784.000,218.5664
46794.667,205.1111
46805.333,194.7206
46816.000,208.6963
46826.667,203.9297
46837.333,216.0560
46848.000,214.8116
46858.667,217.3076
46869.333,222.3869
46880.000,224.9709
46890.667,224.9709
46901.333,224.9709
46912.000,224.9709
46922.667,224.9709
46933.333,224.9709
46944.000,227.5850
46954.667,228.9033
46965.333,230.2294
46976.000,231.5631
46986.667,231.5631
46997.333,230.2294
47008.000,228.9033
47018.667,227.5850
47029.333,226.2742
47040.000,224.9709
47050.667,227.5850
47061.333,238.3484
47072.000,239.7291
47082.667,239.7291
47093.333,239.7291
47104.000,238.3484
47114.667,235.6107
47125.333,232.9045
47136.000,231.5631
47146.667,231.5631
47157.333,230.2294
47168.000,230.2294
47178.667,231.5631
47189.333,231.5631
47200.000,232.9045
47210.667,232.9045
47221.333,234.2537
47232.000,242.5147
47242.667,245.3325
47253.333,246.7537
47264.000,248.1832
47274.667,251.0669
47285.333,256.9353
47296.000,259.9208
47306.667,259.9208
47317.333,259.9208
47328.000,259.9208
47338.667,259.9208
47349.333,259.9208
47360.000,258.4237
47370.667,256.9353
47381.333,255.4555
47392.000,252.5213
47402.667,249.6209
47413.333,242.5147
47424.000,228.9033
47434.667,228.9033
47445.333,0.0000
47456.000,0.0000
47466.667,0.0000
47477.333,0.0000
47488.000,0.0000
47498.667,235.6107
47509.333,222.3869
47520.000,217.3076
47530.667,214.8116
47541.333,212.3443
47552.000,211.1213
47562.667,208.6963
47573.333,208.6963
47584.000,208.6963
47594.667,208.6963
47605.333,208.6963
47616.000,208.6963
47626.667,207.4943
47637.333,206.2992
47648.000,206.2992
47658.667,206.2992
47669.333,206.2992
47680.000,206.2992
47690.667,206.2992
47701.333,206.2992
47712.000,206.2992
47722.667,206.2992
47733.333,206.2992
47744.000,205.1111
47754.667,203.9297
47765.333,202.7552
47776.000,201.5874
47786.667,201.5874
47797.333,200.4263
47808.000,200.4263
47818.667,199.2719
47829.333,199.2719
47840.000,198.1242
47850.667,196.9831
47861.333,195.8486
47872.000,195.8486
47882.667,195.8486
47893.333,195.8486
47904.000,196.9831
47914.667,196.9831
47925.333,195.8486
47936.000,193.5991
47946.667,188.0877
47957.333,183.7917
47968.000,179.5939
47978.667,175.4920
47989.333,173.4763
48000.000,173.4763
48010.667,174.4812
48021.333,175.4920
48032.000,174.4812
48042.667,174.4812
48053.333,174.4812
48064.000,174.4812
48074.667,175.4920
48085.333,175.4920
48096.000,176.5086
48106.667,177.5311
48117.333,177.5311
48128.000,177.5311
48138.667,176.5086
48149.333,176.5086
48160.000,174.4812
48170.667,170.4961
48181.333,160.9269
48192.000,0.0000
48202.667,0.0000
48213.333,0.0000
48224.000,0.0000
48234.667,0.0000
48245.333,0.0000
48256.000,0.0000
48266.667,0.0000
48277.333,0.0000
48288.000,0.0000
48298.667,0.0000
48309.333,0.0000
48320.000,0.0000
48330.667,0.0000
48341.333,0.0000
48352.000,0.0000
48362.667,0.0000
48373.333,0.0000
48384.000,0.0000
48394.667,0.0000
48405.333,0.0000
48416.000,0.0000
48426.667,0.0000
48437.333,0.0000
48448.000,163.7398
48458.667,151.0199
48469.333,146.7206
48480.000,145.8756
48490.667,145.8756
48501.333,141.7228
48512.000,143.3695
48522.667,0.0000
48533.333,0.0000
48544.000,0.0000
48554.667,0.0000
48565.333,0.0000
48576.000,0.0000
48586.667,0.0000
48597.333,0.0000
48608.000,0.0000
48618.667,202.7552
48629.333,208.6963
48640.000,216.0560
48650.667,223.6752
48661.333,234.2537
48672.000,235.6107
48682.667,238.3484
48693.333,238.3484
48704.000,0.0000
48714.667,0.0000
48725.333,0.0000
48736.000,0.0000
48746.667,0.0000
48757.333,0.0000
48768.000,0.0000
48778.667,0.0000
48789.333,0.0000
48800.000,0.0000
48810.667,0.0000
48821.333,0.0000
48832.000,261.4265
48842.667,264.4641
48853.333,262.9409
48864.000,261.4265
48874.667,259.9208
48885.333,256.9353
48896.000,255.4555
48906.667,253.9842
48917.333,253.9842
48928.000,256.9353
48938.667,258.4237
48949.333,259.9208
48960.000,259.9208
48970.667,261.4265
48981.333,262.9409
48992.000,262.9409
49002.667,262.9409
49013.333,262.9409
49024.000,264.4641
49034.667,264.4641
49045.333,264.4641
49056.000,262.9409
49066.667,262.9409
49077.333,261.4265
49088.000,259.9208
49098.667,256.9353
49109.333,255.4555
49120.000,251.0669
49130.667,249.6209
49141.333,236.9756
49152.000,0.0000
49162.667,0.0000
49173.333,0.0000
49184.000,0.0000
49194.667,0.0000
49205.333,0.0000
49216.000,0.0000
49226.667,0.0000
49237.333,0.0000
49248.000,251.0669
49258.667,253.9842
49269.333,258.4237
49280.000,258.4237
49290.667,258.4237
49301.333,259.9208
49312.000,256.9353
49322.667,256.9353
49333.333,256.9353
49344.000,258.4237
49354.667,258.4237
49365.333,258.4237
49376.000,264.4641
49386.667,0.0000
49397.333,0.0000
49408.000,0.0000
49418.667,0.0000
49429.333,0.0000
49440.000,0.0000
49450.667,0.0000
49461.333,0.0000
49472.000,0.0000
49482.667,0.0000
49493.333,0.0000
49504.000,270.6457
49514.667,265.9961
49525.333,259.9208
49536.000,259.9208
49546.667,256.9353
49557.333,256.9353
49568.000,258.4237
49578.667,256.9353
49589.333,256.9353
49600.000,256.9353
49610.667,256.9353
49621.333,256.9353
49632.000,256.9353
49642.667,256.9353
49653.333,256.9353
49664.000,256.9353
49674.667,256.9353
49685.333,256.9353
49696.000,256.9353
49706.667,258.4237
49717.333,258.4237
49728.000,259.9208
49738.667,261.4265
49749.333,262.9409
49760.000,262.9409
49770.667,262.9409
49781.333,262.9409
49792.000,262.9409
49802.667,262.9409
49813.333,261.4265
49824.000,261.4265
49834.667,261.4265
49845.333,261.4265
49856.000,262.9409
49866.667,262.9409
49877.333,262.9409
49888.000,262.9409
49898.667,262.9409
49909.333,264.4641
49920.000,264.4641
49930.667,264.4641
49941.333,264.4641
49952.000,264.4641
49962.667,265.9961
49973.333,265.9961
49984.000,265.9961
49994.667,264.4641
50005.333,264.4641
50016.000,264.4641
50026.667,264.4641
50037.333,264.4641
50048.000,264.4641
50058.667,264.4641
50069.333,264.4641
50080.000,264.4641
50090.667,264.4641
50101.333,264.4641
50112.000,264.4641
50122.667,264.4641
50133.333,265.9961
50144.000,267.5370
50154.667,267.5370
50165.333,267.5370
50176.000,269.0869
50186.667,269.0869
50197.333,270.6457
50208.000,269.0869
50218.667,269.0869
50229.333,265.9961
50240.000,262.9409
50250.667,259.9208
50261.333,258.4237
50272.000,258.4237
50282.667,259.9208
50293.333,262.9409
50304.000,269.0869
50314.667,272.2135
50325.333,273.7904
50336.000,275.3765
50346.667,273.7904
50357.333,269.0869
50368.000,265.9961
50378.667,261.4265
50389.333,256.9353
50400.000,255.4555
50410.667,255.4555
50421.333,255.4555
50432.000,255.4555
50442.667,253.9842
50453.333,252.5213
50464.000,255.4555
50474.667,258.4237
50485.333,259.9208
50496.000,259.9208
50506.667,261.4265
50517.333,261.4265
50528.000,261.4265
50538.667,262.9409
50549.333,264.4641
50560.000,267.5370
50570.667,269.0869
50581.333,273.7904
50592.000,275.3765
50602.667,275.3765
50613.333,275.3765
50624.000,272.2135
50634.667,272.2135
50645.333,272.2135
50656.000,270.6457
50666.667,270.6457
50677.333,269.0869
50688.000,267.5370
50698.667,264.4641
50709.333,261.4265
50720.000,256.9353
50730.667,253.9842
50741.333,249.6209
50752.000,0.0000
50762.667,0.0000
50773.333,0.0000
50784.000,0.0000
50794.667,0.0000
50805.333,0.0000
50816.000,0.0000
50826.667,0.0000
50837.333,0.0000
50848.000,0.0000
50858.667,0.0000
50869.333,0.0000
50880.000,0.0000
50890.667,0.0000
50901.333,0.0000
50912.000,0.0000
50922.667,0.0000
50933.333,0.0000
50944.000,0.0000
50954.667,0.0000
50965.333,0.0000
50976.000,252.5213
50986.667,227.5850
50997.333,232.9045
51008.000,235.6107
51018.667,235.6107
51029.333,235.6107
51040.000,235.6107
51050.667,235.6107
51061.333,234.2537
51072.000,232.9045
51082.667,231.5631
51093.333,231.5631
51104.000,231.5631
51114.667,231.5631
51125.333,231.5631
51136.000,231.5631
51146.667,230.2294
51157.333,231.5631
51168.000,231.5631
51178.667,231.5631
51189.333,231.5631
51200.000,231.5631
51210.667,231.5631
51221.333,231.5631
51232.000,231.5631
51242.667,230.2294
51253.333,230.2294
51264.000,230.2294
51274.667,231.5631
51285.333,231.5631
51296.000,231.5631
51306.667,232.9045
51317.333,232.9045
51328.000,234.2537
51338.667,234.2537
51349.333,234.2537
51360.000,234.2537
51370.667,234.2537
51381.333,234.2537
51392.000,234.2537
51402.667,234.2537
51413.333,232.9045
51424.000,232.9045
51434.667,232.9045
51445.333,231.5631
51456.000,230.2294
51466.667,230.2294
51477.333,230.2294
51488.000,231.5631
51498.667,231.5631
51509.333,231.5631
51520.000,231.5631
51530.667,231.5631
51541.333,231.5631
51552.000,230.2294
51562.667,230.2294
51573.333,228.9033
51584.000,230.2294
51594.667,231.5631
51605.333,232.9045
51616.000,234.2537
51626.667,235.6107
51637.333,234.2537
51648.000,231.5631
51658.667,228.9033
51669.333,226.2742
51680.000,223.6752
51690.667,223.6752
51701.333,226.2742
51712.000,231.5631
51722.667,234.2537
51733.333,236.9756
51744.000,236.9756
51754.667,235.6107
51765.333,232.9045
51776.000,228.9033
51786.667,227.5850
51797.333,226.2742
51808.000,224.9709
51818.667,224.9709
51829.333,226.2742
51840.000,226.2742
51850.667,224.9709
51861.333,223.6752
51872.000,222.3869
51882.667,226.2742
51893.333,227.5850
51904.000,228.9033
51914.667,230.2294
51925.333,230.2294
51936.000,230.2294
51946.667,226.2742
51957.333,222.3869
51968.000,224.9709
51978.667,224.9709
51989.333,226.2742
52000.000,226.2742
52010.667,226.2742
52021.333,224.9709
52032.000,224.9709
52042.667,223.6752
52053.333,222.3869
52064.000,222.3869
52074.667,221.1061
52085.333,221.1061
52096.000,236.9756
52106.667,255.4555
52117.333,0.0000
52128.000,0.0000
52138.667,0.0000
52149.333,0.0000
52160.000,0.0000
52170.667,0.0000
52181.333,0.0000
52192.000,0.0000
52202.667,0.0000
52213.333,0.0000
52224.000,0.0000
52234.667,0.0000
52245.333,0.0000
52256.000,0.0000
52266.667,0.0000
52277.333,0.0000
52288.000,0.0000
52298.667,0.0000
52309.333,226.2742
52320.000,224.9709
52330.667,200.4263
52341.333,208.6963
52352.000,200.4263
52362.667,211.1213
52373.333,212.3443
52384.000,221.1061
52394.667,219.8326
52405.333,222.3869
52416.000,236.9756
52426.667,0.0000
52437.333,0.0000
52448.000,0.0000
52458.667,0.0000
52469.333,0.0000
52480.000,0.0000
52490.667,0.0000
52501.333,0.0000
52512.000,0.0000
52522.667,192.4840
52533.333,196.9831
52544.000,200.4263
52554.667,203.9297
52565.333,206.2992
52576.000,206.2992
52586.667,206.2992
52597.333,206.2992
52608.000,205.1111
52618.667,205.1111
52629.333,205.1111
52640.000,206.2992
52650.667,206.2992
52661.333,206.2992
52672.000,205.1111
52682.667,200.4263
52693.333,194.7206
52704.000,203.9297
52714.667,213.5744
52725.333,216.0560
52736.000,214.8116
52746.667,214.8116
52757.333,213.5744
52768.000,212.3443
52778.667,211.1213
52789.333,209.9053
52800.000,209.9053
52810.667,209.9053
52821.333,209.9053
52832.000,209.9053
52842.667,208.6963
52853.333,208.6963
52864.000,207.4943
52874.667,207.4943
52885.333,207.4943
52896.000,207.4943
52906.667,209.9053
52917.333,212.3443
52928.000,214.8116
52938.667,217.3076
52949.333,219.8326
52960.000,223.6752
52970.667,227.5850
52981.333,232.9045
52992.000,238.3484
53002.667,242.5147
53013.333,245.3325
53024.000,245.3325
53034.667,246.7537
53045.333,246.7537
53056.000,238.3484
53066.667,224.9709
53077.333,227.5850
53088.000,0.0000
53098.667,0.0000
53109.333,0.0000
53120.000,0.0000
53130.667,0.0000
53141.333,0.0000
53152.000,0.0000
53162.667,0.0000
53173.333,0.0000
53184.000,232.9045
53194.667,228.9033
53205.333,230.2294
53216.000,232.9045
53226.667,235.6107
53237.333,236.9756
53248.000,236.9756
53258.667,236.9756
53269.333,235.6107
53280.000,234.2537
53290.667,232.9045
53301.333,231.5631
53312.000,230.2294
53322.667,230.2294
53333.333,226.2742
53344.000,222.3869
53354.667,219.8326
53365.333,217.3076
53376.000,212.3443
53386.667,205.1111
53397.333,206.2992
53408.000,208.6963
53418.667,208.6963
53429.333,208.6963
53440.000,208.6963
53450.667,208.6963
53461.333,208.6963
53472.000,0.0000
53482.667,0.0000
53493.333,0.0000
53504.000,0.0000
53514.667,0.0000
53525.333,0.0000
53536.000,238.3484
53546.667,223.6752
53557.333,228.9033
53568.000,227.5850
53578.667,228.9033
53589.333,226.2742
53600.000,224.9709
53610.667,242.5147
53621.333,213.5744
53632.000,207.4943
53642.667,208.6963
53653.333,207.4943
53664.000,207.4943
53674.667,205.1111
53685.333,205.1111
53696.000,203.9297
53706.667,203.9297
53717.333,203.9297
53728.000,203.9297
53738.667,203.9297
53749.333,203.9297
53760.000,203.9297
53770.667,205.1111
53781.333,205.1111
53792.000,205.1111
53802.667,205.1111
53813.333,205.1111
53824.000,206.2992
53834.667,206.2992
53845.333,206.2992
53856.000,206.2992
53866.667,206.2992
53877.333,206.2992
53888.000,206.2992
53898.667,206.2992
53909.333,206.2992
53920.000,206.2992
53930.667,205.1111
53941.333,205.1111
53952.000,205.1111
53962.667,205.1111
53973.333,207.4943
53984.000,211.1213
53994.667,213.5744
54005.333,214.8116
54016.000,214.8116
54026.667,213.5744
54037.333,211.1213
54048.000,207.4943
54058.667,203.9297
54069.333,202.7552
54080.000,200.4263
54090.667,202.7552
54101.333,207.4943
54112.000,209.9053
54122.667,212.3443
54133.333,214.8116
54144.000,216.0560
54154.667,217.3076
54165.333,217.3076
54176.000,218.5664
54186.667,221.1061
54197.333,223.6752
54208.000,227.5850
54218.667,231.5631
54229.333,232.9045
54240.000,234.2537
54250.667,235.6107
54261.333,238.3484
54272.000,239.7291
54282.667,242.5147
54293.333,243.9195
54304.000,245.3325
54314.667,246.7537
54325.333,248.1832
54336.000,249.6209
54346.667,249.6209
54357.333,249.6209
54368.000,248.1832
54378.667,246.7537
54389.333,245.3325
54400.000,245.3325
54410.667,246.7537
54421.333,245.3325
54432.000,243.9195
54442.667,243.9195
54453.333,242.5147
54464.000,239.7291
54474.667,236.9756
54485.333,235.6107
54496.000,235.6107
54506.667,234.2537
54517.333,234.2537
54528.000,232.9045
54538.667,232.9045
54549.333,232.9045
54560.000,231.5631
54570.667,231.5631
54581.333,232.9045
54592.000,232.9045
54602.667,234.2537
54613.333,234.2537
54624.000,230.2294
54634.667,234.2537
54645.333,236.9756
54656.000,238.3484
54666.667,239.7291
54677.333,216.0560
54688.000,208.6963
54698.667,208.6963
54709.333,209.9053
54720.000,209.9053
54730.667,211.1213
54741.333,209.9053
54752.000,0.0000
54762.667,0.0000
54773.333,0.0000
54784.000,0.0000
54794.667,0.0000
54805.333,0.0000
54816.000,0.0000
54826.667,0.0000
54837.333,0.0000
54848.000,0.0000
54858.667,0.0000
54869.333,0.0000
54880.000,0.0000
54890.667,0.0000
54901.333,0.0000
54912.000,190.2731
54922.667,199.2719
54933.333,206.2992
54944.000,208.6963
54954.667,211.1213
54965.333,211.1213
54976.000,209.9053
54986.667,207.4943
54997.333,203.9297
55008.000,202.7552
55018.667,202.7552
55029.333,201.5874
55040.000,202.7552
55050.667,201.5874
55061.333,201.5874
55072.000,201.5874
55082.667,201.5874
55093.333,202.7552
55104.000,202.7552
55114.667,206.2992
55125.333,211.1213
55136.000,216.0560
55146.667,216.0560
55157.333,216.0560
55168.000,213.5744
55178.667,209.9053
55189.333,206.2992
55200.000,202.7552
55210.667,199.2719
55221.333,195.8486
55232.000,193.5991
55242.667,191.3754
55253.333,188.0877
55264.000,184.8564
55274.667,184.8564
55285.333,185.9273
55296.000,187.0044
55306.667,187.0044
55317.333,0.0000
55328.000,0.0000
55338.667,0.0000
55349.333,316.3245
55360.000,320.0000
55370.667,321.8537
55381.333,321.8537
55392.000,321.8537
55402.667,320.0000
55413.333,320.0000
55424.000,318.1569
55434.667,318.1569
55445.333,320.0000
55456.000,320.0000
55466.667,321.8537
55477.333,321.8537
55488.000,321.8537
55498.667,321.8537
55509.333,321.8537
55520.000,320.0000
55530.667,321.8537
55541.333,325.5935
55552.000,340.9922
55562.667,346.9526
55573.333,346.9526
55584.000,346.9526
55594.667,346.9526
55605.333,346.9526
55616.000,344.9543
55626.667,342.9675
55637.333,340.9922
55648.000,340.9922
55658.667,342.9675
55669.333,344.9543
55680.000,344.9543
55690.667,346.9526
55701.333,346.9526
55712.000,344.9543
55722.667,342.9675
55733.333,342.9675
55744.000,346.9526
55754.667,348.9625
55765.333,348.9625
55776.000,348.9625
55786.667,348.9625
55797.333,348.9625
55808.000,348.9625
55818.667,350.9840
55829.333,350.9840
55840.000,348.9625
55850.667,348.9625
55861.333,348.9625
55872.000,348.9625
55882.667,348.9625
55893.333,348.9625
55904.000,348.9625
55914.667,348.9625
55925.333,346.9526
55936.000,348.9625
55946.667,348.9625
55957.333,350.9840
55968.000,350.9840
55978.667,350.9840
55989.333,348.9625
56000.000,346.9526
56010.667,346.9526
56021.333,348.9625
56032.000,348.9625
56042.667,350.9840
56053.333,350.9840
56064.000,350.9840
56074.667,350.9840
56085.333,348.9625
56096.000,348.9625
56106.667,348.9625
56117.333,348.9625
56128.000,348.9625
56138.667,350.9840
56149.333,350.9840
56160.000,350.9840
56170.667,353.0172
56181.333,353.0172
56192.000,353.0172
56202.667,348.9625
56213.333,342.9675
56224.000,333.2039
56234.667,333.2039
56245.333,0.0000
56256.000,0.0000
56266.667,0.0000
56277.333,0.0000
56288.000,0.0000
56298.667,0.0000
56309.333,0.0000
56320.000,0.0000
56330.667,0.0000
56341.333,0.0000
56352.000,0.0000
56362.667,346.9526
56373.333,350.9840
56384.000,348.9625
56394.667,346.9526
56405.333,314.5026
56416.000,333.2039
56426.667,335.1341
56437.333,337.0755
56448.000,340.9922
56458.667,342.9675
56469.333,344.9543
56480.000,346.9526
56490.667,346.9526
56501.333,348.9625
56512.000,348.9625
56522.667,348.9625
56533.333,348.9625
56544.000,348.9625
56554.667,350.9840
56565.333,350.9840
56576.000,350.9840
56586.667,348.9625
56597.333,350.9840
56608.000,348.9625
56618.667,348.9625
56629.333,348.9625
56640.000,348.9625
56650.667,348.9625
56661.333,348.9625
56672.000,348.9625
56682.667,348.9625
56693.333,348.9625
56704.000,348.9625
56714.667,348.9625
56725.333,348.9625
56736.000,348.9625
56746.667,348.9625
56757.333,348.9625
56768.000,348.9625
56778.667,348.9625
56789.333,350.9840
56800.000,350.9840
56810.667,350.9840
56821.333,350.9840
56832.000,350.9840
56842.667,348.9625
56853.333,348.9625
56864.000,348.9625
56874.667,348.9625
56885.333,348.9625
56896.000,348.9625
56906.667,348.9625
56917.333,348.9625
56928.000,350.9840
56938.667,348.9625
56949.333,348.9625
56960.000,350.9840
56970.667,350.9840
56981.333,350.9840
56992.000,350.9840
57002.667,350.9840
57013.333,350.9840
57024.000,350.9840
57034.667,350.9840
57045.333,348.9625
57056.000,348.9625
57066.667,346.9526
57077.333,346.9526
57088.000,346.9526
57098.667,346.9526
57109.333,346.9526
57120.000,350.9840
57130.667,355.0622
57141.333,361.2686
57152.000,365.4663
57162.667,369.7129
57173.333,371.8546
57184.000,369.7129
57194.667,367.5835
57205.333,363.3614
57216.000,359.1879
57226.667,353.0172
57237.333,348.9625
57248.000,346.9526
57258.667,346.9526
57269.333,348.9625
57280.000,353.0172
57290.667,357.1191
57301.333,359.1879
57312.000,361.2686
57322.667,361.2686
57333.333,359.1879
57344.000,357.1191
57354.667,355.0622
57365.333,353.0172
57376.000,353.0172
57386.667,350.9840
57397.333,353.0172
57408.000,355.0622
57418.667,357.1191
57429.333,359.1879
57440.000,359.1879
57450.667,359.1879
57461.333,357.1191
57472.000,355.0622
57482.667,353.0172
57493.333,348.9625
57504.000,344.9543
57514.667,342.9675
57525.333,339.0282
57536.000,339.0282
57546.667,344.9543
57557.333,355.0622
57568.000,355.0622
57578.667,355.0622
57589.333,353.0172
57600.000,353.0172
57610.667,353.0172
57621.333,355.0622
57632.000,357.1191
57642.667,359.1879
57653.333,357.1191
57664.000,0.0000
57674.667,273.7904
57685.333,262.9409
57696.000,262.9409
57706.667,262.9409
57717.333,264.4641
57728.000,264.4641
57738.667,265.9961
57749.333,269.0869
57760.000,270.6457
57770.667,273.7904
57781.333,249.6209
57792.000,236.9756
57802.667,0.0000
57813.333,0.0000
57824.000,0.0000
57834.667,0.0000
57845.333,0.0000
57856.000,0.0000
57866.667,0.0000
57877.333,0.0000
57888.000,0.0000
57898.667,0.0000
57909.333,0.0000
57920.000,0.0000
57930.667,0.0000
57941.333,321.8537
57952.000,321.8537
57962.667,314.5026
57973.333,314.5026
57984.000,312.6912
57994.667,312.6912
58005.333,312.6912
58016.000,310.8902
58026.667,310.8902
58037.333,310.8902
58048.000,310.8902
58058.667,310.8902
58069.333,310.8902
58080.000,310.8902
58090.667,310.8902
58101.333,310.8902
58112.000,310.8902
58122.667,310.8902
58133.333,310.8902
58144.000,310.8902
58154.667,310.8902
58165.333,310.8902
58176.000,310.8902
58186.667,310.8902
58197.333,312.6912
58208.000,312.6912
58218.667,312.6912
58229.333,312.6912
58240.000,312.6912
58250.667,312.6912
58261.333,312.6912
58272.000,312.6912
58282.667,312.6912
58293.333,312.6912
58304.000,312.6912
58314.667,310.8902
58325.333,310.8902
58336.000,309.0996
58346.667,310.8902
58357.333,310.8902
58368.000,310.8902
58378.667,310.8902
58389.333,310.8902
58400.000,310.8902
58410.667,310.8902
58421.333,310.8902
58432.000,312.6912
58442.667,312.6912
58453.333,312.6912
58464.000,312.6912
58474.667,312.6912
58485.333,310.8902
58496.000,310.8902
58506.667,310.8902
58517.333,310.8902
58528.000,309.0996
58538.667,309.0996
58549.333,310.8902
58560.000,310.8902
58570.667,312.6912
58581.333,314.5026
58592.000,318.1569
58602.667,320.0000
58613.333,321.8537
58624.000,323.7182
58634.667,321.8537
58645.333,320.0000
58656.000,318.1569
58666.667,314.5026
58677.333,312.6912
58688.000,310.8902
58698.667,310.8902
58709.333,310.8902
58720.000,312.6912
58730.667,316.3245
58741.333,318.1569
58752.000,342.9675
58762.667,346.9526
58773.333,350.9840
58784.000,353.0172
58794.667,348.9625
58805.333,348.9625
58816.000,348.9625
58826.667,350.9840
58837.333,350.9840
58848.000,350.9840
58858.667,350.9840
58869.333,314.5026
58880.000,310.8902
58890.667,310.8902
58901.333,310.8902
58912.000,312.6912
58922.667,314.5026
58933.333,316.3245
58944.000,0.0000
58954.667,0.0000
58965.333,0.0000
58976.000,0.0000
58986.667,0.0000
58997.333,0.0000
59008.000,0.0000
59018.667,0.0000
59029.333,0.0000
59040.000,0.0000
59050.667,0.0000
59061.333,0.0000
59072.000,0.0000
59082.667,0.0000
59093.333,0.0000
59104.000,0.0000
59114.667,0.0000
59125.333,0.0000
59136.000,0.0000
59146.667,0.0000
59157.333,0.0000
59168.000,174.4812
59178.667,172.4771
59189.333,169.5141
59200.000,173.4763
59210.667,177.5311
59221.333,183.7917
59232.000,198.1242
59242.667,222.3869
59253.333,231.5631
59264.000,243.9195
59274.667,256.9353
59285.333,269.0869
59296.000,276.9717
59306.667,283.4456
59317.333,288.4001
59328.000,295.1412
59338.667,302.0398
59349.333,307.3193
59360.000,312.6912
59370.667,314.5026
59381.333,316.3245
59392.000,316.3245
59402.667,312.6912
59413.333,0.0000
59424.000,0.0000
59434.667,0.0000
59445.333,0.0000
59456.000,0.0000
59466.667,0.0000
59477.333,0.0000
59488.000,0.0000
59498.667,0.0000
59509.333,0.0000
59520.000,0.0000
59530.667,0.0000
59541.333,0.0000
59552.000,0.0000
59562.667,0.0000
59573.333,0.0000
59584.000,0.0000
59594.667,0.0000
59605.333,0.0000
59616.000,0.0000
59626.667,0.0000
59637.333,0.0000
59648.000,0.0000
59658.667,286.7391
59669.333,310.8902
59680.000,307.3193
59690.667,309.0996
59701.333,309.0996
59712.000,309.0996
59722.667,309.0996
59733.333,309.0996
59744.000,309.0996
59754.667,309.0996
59765.333,309.0996
59776.000,307.3193
59786.667,305.5493
59797.333,305.5493
59808.000,305.5493
59818.667,307.3193
59829.333,307.3193
59840.000,305.5493
59850.667,305.5493
59861.333,305.5493
59872.000,307.3193
59882.667,309.0996
59893.333,310.8902
59904.000,312.6912
59914.667,312.6912
59925.333,314.5026
59936.000,316.3245
59946.667,316.3245
59957.333,316.3245
59968.000,312.6912
59978.667,312.6912
59989.333,312.6912
60000.000,312.6912
60010.667,312.6912
60021.333,312.6912
60032.000,312.6912
60042.667,310.8902
60053.333,310.8902
60064.000,310.8902
60074.667,310.8902
60085.333,312.6912
60096.000,312.6912
60106.667,312.6912
60117.333,312.6912
60128.000,314.5026
60138.667,314.5026
60149.333,314.5026
60160.000,314.5026
60170.667,314.5026
60181.333,314.5026
60192.000,314.5026
60202.667,312.6912
60213.333,312.6912
60224.000,310.8902
60234.667,309.0996
60245.333,305.5493
60256.000,303.7895
60266.667,300.3002
60277.333,298.5706
60288.000,293.4413
60298.667,286.7391
60309.333,283.4456
60320.000,276.9717
60330.667,272.2135
60341.333,264.4641
60352.000,256.9353
60362.667,246.7537
60373.333,241.1179
60384.000,238.3484
60394.667,231.5631
60405.333,230.2294
60416.000,0.0000
60426.667,0.0000
60437.333,0.0000
60448.000,0.0000
60458.667,0.0000
60469.333,0.0000
60480.000,0.0000
60490.667,0.0000
60501.333,0.0000
60512.000,0.0000
60522.667,184.8564
60533.333,179.5939
60544.000,173.4763
60554.667,170.4961
60565.333,169.5141
60576.000,167.5671
60586.667,165.6424
60597.333,161.8591
60608.000,156.3456
60618.667,156.3456
60629.333,160.9269
60640.000,0.0000
60650.667,0.0000
60661.333,0.0000
60672.000,0.0000
60682.667,0.0000
60693.333,0.0000
60704.000,0.0000
60714.667,0.0000
60725.333,0.0000
60736.000,0.0000
60746.667,0.0000
60757.333,302.0398
60768.000,302.0398
60778.667,303.7895
60789.333,307.3193
60800.000,310.8902
60810.667,312.6912
60821.333,312.6912
60832.000,312.6912
60842.667,309.0996
60853.333,305.5493
60864.000,305.5493
60874.667,303.7895
60885.333,303.7895
60896.000,302.0398
60906.667,302.0398
60917.333,300.3002
60928.000,298.5706
60938.667,296.8509
60949.333,295.1412
60960.000,291.7512
60970.667,288.4001
60981.333,286.7391
60992.000,283.4456
61002.667,280.1900
61013.333,278.5762
61024.000,276.9717
61034.667,275.3765
61045.333,273.7904
61056.000,272.2135
61066.667,272.2135
61077.333,272.2135
61088.000,261.4265
61098.667,0.0000
61109.333,0.0000
61120.000,0.0000
61130.667,0.0000
61141.333,0.0000
61152.000,0.0000
61162.667,0.0000
61173.333,0.0000
61184.000,0.0000
61194.667,286.7391
61205.333,276.9717
61216.000,280.1900
61226.667,280.1900
61237.333,280.1900
61248.000,280.1900
61258.667,278.5762
61269.333,278.5762
61280.000,276.9717
61290.667,276.9717
61301.333,276.9717
61312.000,276.9717
61322.667,275.3765
61333.333,275.3765
61344.000,273.7904
61354.667,273.7904
61365.333,273.7904
61376.000,272.2135
61386.667,270.6457
61397.333,269.0869
61408.000,267.5370
61418.667,267.5370
61429.333,264.4641
61440.000,262.9409
61450.667,259.9208
61461.333,258.4237
61472.000,256.9353
61482.667,253.9842
61493.333,252.5213
61504.000,253.9842
61514.667,253.9842
61525.333,255.4555
61536.000,255.4555
61546.667,256.9353
61557.333,259.9208
61568.000,261.4265
61578.667,259.9208
61589.333,258.4237
61600.000,256.9353
61610.667,256.9353
61621.333,256.9353
61632.000,255.4555
61642.667,256.9353
61653.333,258.4237
61664.000,259.9208
61674.667,259.9208
61685.333,261.4265
61696.000,261.4265
61706.667,261.4265
61717.333,261.4265
61728.000,261.4265
61738.667,261.4265
61749.333,261.4265
61760.000,261.4265
61770.667,261.4265
61781.333,259.9208
61792.000,258.4237
61802.667,253.9842
61813.333,251.0669
61824.000,248.1832
61834.667,232.9045
61845.333,231.5631
61856.000,228.9033
61866.667,0.0000
61877.333,0.0000
61888.000,0.0000
61898.667,0.0000
61909.333,0.0000
61920.000,0.0000
61930.667,0.0000
61941.333,0.0000
61952.000,129.9604
61962.667,127.7277
61973.333,125.5335
61984.000,123.3769
61994.667,121.9598
62005.333,122.6663
62016.000,121.2573
62026.667,121.9598
62037.333,130.7132
62048.000,131.4705
62058.667,132.9981
62069.333,135.3228
62080.000,137.6882
62090.667,0.0000
62101.333,0.0000
62112.000,0.0000
62122.667,0.0000
62133.333,0.0000
62144.000,0.0000
62154.667,0.0000
62165.333,222.3869
62176.000,226.2742
62186.667,234.2537
62197.333,236.9756
62208.000,241.1179
62218.667,239.7291
62229.333,0.0000
62240.000,0.0000
62250.667,0.0000
62261.333,0.0000
62272.000,0.0000
62282.667,0.0000
62293.333,0.0000
62304.000,0.0000
62314.667,0.0000
62325.333,0.0000
62336.000,0.0000
62346.667,0.0000
62357.333,0.0000
62368.000,0.0000
62378.667,0.0000
62389.333,0.0000
62400.000,0.0000
62410.667,0.0000
62421.333,0.0000
62432.000,0.0000
62442.667,0.0000
62453.333,0.0000
62464.000,0.0000
62474.667,0.0000
62485.333,0.0000
62496.000,256.9353
62506.667,251.0669
62517.333,251.0669
62528.000,251.0669
62538.667,253.9842
62549.333,258.4237
62560.000,259.9208
62570.667,261.4265
62581.333,262.9409
62592.000,262.9409
62602.667,262.9409
62613.333,261.4265
62624.000,261.4265
62634.667,261.4265
62645.333,261.4265
62656.000,259.9208
62666.667,258.4237
62677.333,252.5213
62688.000,253.9842
62698.667,253.9842
62709.333,256.9353
62720.000,261.4265
62730.667,262.9409
62741.333,262.9409
62752.000,262.9409
62762.667,262.9409
62773.333,262.9409
62784.000,261.4265
62794.667,259.9208
62805.333,259.9208
62816.000,259.9208
62826.667,262.9409
62837.333,262.9409
62848.000,262.9409
62858.667,262.9409
62869.333,262.9409
62880.000,261.4265
62890.667,261.4265
62901.333,262.9409
62912.000,265.9961
62922.667,267.5370
62933.333,265.9961
62944.000,264.4641
62954.667,261.4265
62965.333,259.9208
62976.000,258.4237
62986.667,255.4555
62997.333,253.9842
63008.000,253.9842
63018.667,253.9842
63029.333,255.4555
63040.000,255.4555
63050.667,258.4237
63061.333,264.4641
63072.000,262.9409
63082.667,267.5370
63093.333,262.9409
63104.000,259.9208
63114.667,258.4237
63125.333,256.9353
63136.000,256.9353
63146.667,259.9208
63157.333,259.9208
63168.000,258.4237
63178.667,258.4237
63189.333,258.4237
63200.000,259.9208
63210.667,259.9208
63221.333,261.4265
63232.000,259.9208
63242.667,259.9208
63253.333,259.9208
63264.000,259.9208
63274.667,258.4237
63285.333,259.9208
63296.000,259.9208
63306.667,259.9208
63317.333,261.4265
63328.000,262.9409
63338.667,264.4641
63349.333,269.0869
63360.000,269.0869
63370.667,270.6457
63381.333,0.0000
63392.000,0.0000
63402.667,230.2294
63413.333,242.5147
63424.000,243.9195
63434.667,246.7537
63445.333,249.6209
63456.000,255.4555
63466.667,258.4237
63477.333,261.4265
63488.000,262.9409
63498.667,261.4265
63509.333,261.4265
63520.000,261.4265
63530.667,261.4265
63541.333,261.4265
63552.000,261.4265
63562.667,261.4265
63573.333,262.9409
63584.000,262.9409
63594.667,262.9409
63605.333,262.9409
63616.000,261.4265
63626.667,261.4265
63637.333,262.9409
63648.000,262.9409
63658.667,264.4641
63669.333,264.4641
63680.000,264.4641
63690.667,262.9409
63701.333,262.9409
63712.000,261.4265
63722.667,259.9208
63733.333,259.9208
63744.000,258.4237
63754.667,258.4237
63765.333,258.4237
63776.000,258.4237
63786.667,258.4237
63797.333,258.4237
63808.000,259.9208
63818.667,259.9208
63829.333,261.4265
63840.000,262.9409
63850.667,262.9409
63861.333,262.9409
63872.000,262.9409
63882.667,261.4265
63893.333,261.4265
63904.000,259.9208
63914.667,258.4237
63925.333,258.4237
63936.000,258.4237
63946.667,261.4265
63957.333,264.4641
63968.000,267.5370
63978.667,269.0869
63989.333,270.6457
64000.000,272.2135
64010.667,270.6457
64021.333,267.5370
64032.000,264.4641
64042.667,262.9409
64053.333,259.9208
64064.000,259.9208
64074.667,259.9208
64085.333,261.4265
64096.000,262.9409
64106.667,265.9961
64117.333,267.5370
64128.000,267.5370
64138.667,267.5370
64149.333,265.9961
64160.000,264.4641
64170.667,262.9409
64181.333,262.9409
64192.000,262.9409
64202.667,262.9409
64213.333,262.9409
64224.000,262.9409
64234.667,262.9409
64245.333,262.9409
64256.000,261.4265
64266.667,258.4237
64277.333,259.9208
64288.000,259.9208
64298.667,0.0000
64309.333,0.0000
64320.000,0.0000
64330.667,0.0000
64341.333,0.0000
64352.000,0.0000
64362.667,0.0000
64373.333,0.0000
64384.000,0.0000
64394.667,0.0000
64405.333,0.0000
64416.000,264.4641
64426.667,273.7904
64437.333,283.4456
64448.000,283.4456
64458.667,283.4456
64469.333,283.4456
64480.000,283.4456
64490.667,281.8131
64501.333,278.5762
64512.000,276.9717
64522.667,275.3765
64533.333,275.3765
64544.000,275.3765
64554.667,273.7904
64565.333,273.7904
64576.000,270.6457
64586.667,267.5370
64597.333,265.9961
64608.000,259.9208
64618.667,253.9842
64629.333,251.0669
64640.000,243.9195
64650.667,241.1179
64661.333,239.7291
64672.000,239.7291
64682.667,0.0000
64693.333,0.0000
64704.000,0.0000
64714.667,0.0000
64725.333,0.0000
64736.000,0.0000
64746.667,0.0000
64757.333,0.0000
64768.000,0.0000
64778.667,0.0000
64789.333,0.0000
64800.000,0.0000
64810.667,0.0000
64821.333,0.0000
64832.000,0.0000
64842.667,0.0000
64853.333,0.0000
64864.000,0.0000
64874.667,224.9709
64885.333,213.5744
64896.000,239.7291
64906.667,234.2537
64917.333,234.2537
64928.000,232.9045
64938.667,232.9045
64949.333,232.9045
64960.000,234.2537
64970.667,234.2537
64981.333,234.2537
64992.000,234.2537
65002.667,234.2537
65013.333,234.2537
65024.000,234.2537
65034.667,234.2537
65045.333,235.6107
65056.000,235.6107
65066.667,235.6107
65077.333,236.9756
65088.000,235.6107
65098.667,235.6107
65109.333,235.6107
65120.000,234.2537
65130.667,232.9045
65141.333,231.5631
65152.000,231.5631
65162.667,232.9045
65173.333,232.9045
65184.000,232.9045
65194.667,234.2537
65205.333,234.2537
65216.000,234.2537
65226.667,234.2537
65237.333,232.9045
65248.000,232.9045
65258.667,232.9045
65269.333,232.9045
65280.000,234.2537
65290.667,234.2537
65301.333,234.2537
65312.000,234.2537
65322.667,234.2537
65333.333,232.9045
65344.000,232.9045
65354.667,232.9045
65365.333,232.9045
65376.000,232.9045
65386.667,232.9045
65397.333,232.9045
65408.000,231.5631
65418.667,231.5631
65429.333,231.5631
65440.000,231.5631
65450.667,231.5631
65461.333,231.5631
65472.000,232.9045
65482.667,234.2537
65493.333,236.9756
65504.000,236.9756
65514.667,236.9756
65525.333,235.6107
65536.000,234.2537
65546.667,231.5631
65557.333,230.2294
65568.000,230.2294
65578.667,231.5631
65589.333,234.2537
65600.000,239.7291
65610.667,243.9195
65621.333,243.9195
65632.000,241.1179
65642.667,238.3484
65653.333,236.9756
65664.000,235.6107
65674.667,236.9756
65685.333,238.3484
65696.000,241.1179
65706.667,241.1179
65717.333,239.7291
65728.000,234.2537
65738.667,230.2294
65749.333,226.2742
65760.000,223.6752
65770.667,223.6752
65781.333,228.9033
65792.000,236.9756
65802.667,239.7291
65813.333,239.7291
65824.000,238.3484
65834.667,239.7291
65845.333,239.7291
65856.000,232.9045
65866.667,234.2537
65877.333,242.5147
65888.000,242.5147
65898.667,243.9195
65909.333,232.9045
65920.000,232.9045
65930.667,230.2294
65941.333,230.2294
65952.000,0.0000
65962.667,0.0000
65973.333,0.0000
65984.000,0.0000
65994.667,0.0000
66005.333,0.0000
66016.000,0.0000
66026.667,0.0000
66037.333,0.0000
66048.000,0.0000
66058.667,0.0000
66069.333,0.0000
66080.000,0.0000
66090.667,0.0000
66101.333,0.0000
66112.000,0.0000
66122.667,0.0000
66133.333,0.0000
66144.000,0.0000
66154.667,0.0000
66165.333,174.4812
66176.000,175.4920
66186.667,176.5086
66197.333,173.4763
66208.000,0.0000
66218.667,0.0000
66229.333,0.0000
66240.000,0.0000
66250.667,0.0000
66261.333,0.0000
66272.000,0.0000
66282.667,0.0000
66293.333,0.0000
66304.000,0.0000
66314.667,0.0000
66325.333,0.0000
66336.000,0.0000
66346.667,0.0000
66357.333,0.0000
66368.000,0.0000
66378.667,0.0000
66389.333,181.6807
66400.000,193.5991
66410.667,194.7206
66421.333,198.1242
66432.000,201.5874
66442.667,202.7552
66453.333,205.1111
66464.000,206.2992
66474.667,205.1111
66485.333,203.9297
66496.000,202.7552
66506.667,202.7552
66517.333,202.7552
66528.000,203.9297
66538.667,205.1111
66549.333,205.1111
66560.000,205.1111
66570.667,203.9297
66581.333,202.7552
66592.000,200.4263
66602.667,198.1242
66613.333,196.9831
66624.000,196.9831
66634.667,198.1242
66645.333,198.1242
66656.000,199.2719
66666.667,208.6963
66677.333,209.9053
66688.000,208.6963
66698.667,208.6963
66709.333,206.2992
66720.000,203.9297
66730.667,198.1242
66741.333,194.7206
66752.000,190.2731
66762.667,191.3754
66773.333,198.1242
66784.000,198.1242
66794.667,184.8564
66805.333,170.4961
66816.000,191.3754
66826.667,191.3754
66837.333,208.6963
66848.000,214.8116
66858.667,214.8116
66869.333,222.3869
66880.000,226.2742
66890.667,234.2537
66901.333,236.9756
66912.000,241.1179
66922.667,243.9195
66933.333,245.3325
66944.000,245.3325
66954.667,246.7537
66965.333,246.7537
66976.000,248.1832
66986.667,248.1832
66997.333,248.1832
67008.000,248.1832
67018.667,248.1832
67029.333,248.1832
67040.000,246.7537
67050.667,245.3325
67061.333,243.9195
67072.000,242.5147
67082.667,239.7291
67093.333,238.3484
67104.000,236.9756
67114.667,236.9756
67125.333,235.6107
67136.000,235.6107
67146.667,234.2537
67157.333,234.2537
67168.000,232.9045
67178.667,231.5631
67189.333,211.1213
67200.000,211.1213
67210.667,209.9053
67221.333,209.9053
67232.000,0.0000
67242.667,0.0000
67253.333,0.0000
67264.000,0.0000
67274.667,202.7552
67285.333,201.5874
67296.000,208.6963
67306.667,208.6963
67317.333,208.6963
67328.000,209.9053
67338.667,208.6963
67349.333,206.2992
67360.000,198.1242
67370.667,198.1242
67381.333,207.4943
67392.000,0.0000
67402.667,0.0000
67413.333,0.0000
67424.000,0.0000
67434.667,0.0000
67445.333,0.0000
67456.000,0.0000
67466.667,0.0000
67477.333,0.0000
67488.000,0.0000
67498.667,0.0000
67509.333,0.0000
67520.000,0.0000
67530.667,0.0000
67541.333,0.0000
67552.000,219.8326
67562.667,214.8116
67573.333,211.1213
67584.000,209.9053
67594.667,208.6963
67605.333,206.2992
67616.000,205.1111
67626.667,205.1111
67637.333,203.9297
67648.000,202.7552
67658.667,202.7552
67669.333,202.7552
67680.000,201.5874
67690.667,200.4263
67701.333,200.4263
67712.000,200.4263
67722.667,200.4263
67733.333,200.4263
67744.000,201.5874
67754.667,203.9297
67765.333,205.1111
67776.000,207.4943
67786.667,208.6963
67797.333,208.6963
67808.000,207.4943
67818.667,206.2992
67829.333,203.9297
67840.000,202.7552
67850.667,202.7552
67861.333,203.9297
67872.000,205.1111
67882.667,207.4943
67893.333,208.6963
67904.000,209.9053
67914.667,209.9053
67925.333,205.1111
67936.000,201.5874
67946.667,200.4263
67957.333,199.2719
67968.000,199.2719
67978.667,200.4263
67989.333,199.2719
68000.000,199.2719
68010.667,196.9831
68021.333,196.9831
68032.000,196.9831
68042.667,198.1242
68053.333,199.2719
68064.000,200.4263
68074.667,201.5874
68085.333,201.5874
68096.000,205.1111
68106.667,211.1213
68117.333,206.2992
68128.000,199.2719
68138.667,200.4263
68149.333,199.2719
68160.000,199.2719
68170.667,206.2992
68181.333,207.4943
68192.000,209.9053
68202.667,217.3076
68213.333,219.8326
68224.000,227.5850
68234.667,230.2294
68245.333,235.6107
68256.000,241.1179
68266.667,243.9195
68277.333,246.7537
68288.000,248.1832
68298.667,249.6209
68309.333,249.6209
68320.000,251.0669
68330.667,251.0669
68341.333,251.0669
68352.000,251.0669
68362.667,252.5213
68373.333,252.5213
68384.000,251.0669
68394.667,251.0669
68405.333,249.6209
68416.000,248.1832
68426.667,248.1832
68437.333,246.7537
68448.000,245.3325
68458.667,245.3325
68469.333,245.3325
68480.000,246.7537
68490.667,248.1832
68501.333,248.1832
68512.000,246.7537
68522.667,0.0000
68533.333,0.0000
68544.000,0.0000
68554.667,0.0000
68565.333,0.0000
68576.000,0.0000
68586.667,0.0000
68597.333,0.0000
68608.000,0.0000
68618.667,214.8116
68629.333,209.9053
68640.000,208.6963
68650.667,209.9053
68661.333,207.4943
68672.000,218.5664
68682.667,0.0000
68693.333,0.0000
68704.000,0.0000
68714.667,0.0000
68725.333,0.0000
68736.000,0.0000
68746.667,0.0000
68757.333,0.0000
68768.000,0.0000
68778.667,0.0000
68789.333,0.0000
68800.000,0.0000
68810.667,0.0000
68821.333,0.0000
68832.000,206.2992
68842.667,224.9709
68853.333,216.0560
68864.000,212.3443
68874.667,208.6963
68885.333,207.4943
68896.000,205.1111
68906.667,206.2992
68917.333,207.4943
68928.000,208.6963
68938.667,208.6963
68949.333,207.4943
68960.000,207.4943
68970.667,206.2992
68981.333,206.2992
68992.000,206.2992
69002.667,206.2992
69013.333,206.2992
69024.000,206.2992
69034.667,207.4943
69045.333,207.4943
69056.000,207.4943
69066.667,207.4943
69077.333,206.2992
69088.000,205.1111
69098.667,203.9297
69109.333,203.9297
69120.000,205.1111
69130.667,206.2992
69141.333,208.6963
69152.000,209.9053
69162.667,212.3443
69173.333,212.3443
69184.000,212.3443
69194.667,211.1213
69205.333,211.1213
69216.000,209.9053
69226.667,208.6963
69237.333,208.6963
69248.000,208.6963
69258.667,208.6963
69269.333,208.6963
69280.000,209.9053
69290.667,211.1213
69301.333,209.9053
69312.000,207.4943
69322.667,205.1111
69333.333,203.9297
69344.000,202.7552
69354.667,200.4263
69365.333,200.4263
69376.000,203.9297
69386.667,211.1213
69397.333,216.0560
69408.000,217.3076
69418.667,216.0560
69429.333,213.5744
69440.000,211.1213
69450.667,196.9831
69461.333,195.8486
69472.000,195.8486
69482.667,195.8486
69493.333,201.5874
69504.000,208.6963
69514.667,209.9053
69525.333,209.9053
69536.000,208.6963
69546.667,202.7552
69557.333,188.0877
69568.000,179.5939
69578.667,172.4771
69589.333,157.2513
69600.000,161.8591
69610.667,0.0000
69621.333,0.0000
69632.000,0.0000
69642.667,0.0000
69653.333,0.0000
69664.000,0.0000
69674.667,0.0000
69685.333,0.0000
69696.000,0.0000
69706.667,0.0000
69717.333,0.0000
69728.000,0.0000
69738.667,0.0000
69749.333,0.0000
69760.000,0.0000
69770.667,0.0000
69781.333,0.0000
69792.000,0.0000
69802.667,0.0000
69813.333,0.0000
69824.000,0.0000
69834.667,0.0000
69845.333,0.0000
69856.000,0.0000
69866.667,0.0000
69877.333,0.0000
69888.000,0.0000
69898.667,0.0000
69909.333,0.0000
69920.000,0.0000
69930.667,0.0000
69941.333,0.0000
69952.000,0.0000
69962.667,0.0000
69973.333,0.0000
69984.000,0.0000
69994.667,0.0000
70005.333,0.0000
70016.000,0.0000
70026.667,0.0000
70037.333,0.0000
70048.000,0.0000
70058.667,0.0000
70069.333,0.0000
70080.000,0.0000
70090.667,0.0000
70101.333,0.0000
70112.000,0.0000
70122.667,0.0000
70133.333,0.0000
70144.000,0.0000
70154.667,0.0000
70165.333,0.0000
70176.000,0.0000
70186.667,0.0000
70197.333,0.0000
70208.000,0.0000
70218.667,0.0000
70229.333,0.0000
70240.000,0.0000
70250.667,0.0000
70261.333,0.0000
70272.000,0.0000
70282.667,0.0000
70293.333,0.0000
70304.000,0.0000
70314.667,0.0000
70325.333,340.9922
70336.000,339.0282
70346.667,342.9675
70357.333,344.9543
70368.000,342.9675
70378.667,342.9675
70389.333,342.9675
70400.000,342.9675
70410.667,344.9543
70421.333,344.9543
70432.000,344.9543
70442.667,344.9543
70453.333,344.9543
70464.000,344.9543
70474.667,344.9543
70485.333,344.9543
70496.000,344.9543
70506.667,344.9543
70517.333,344.9543
70528.000,344.9543
70538.667,344.9543
70549.333,344.9543
70560.000,344.9543
70570.667,344.9543
70581.333,348.9625
70592.000,350.9840
70602.667,350.9840
70613.333,353.0172
70624.000,350.9840
70634.667,348.9625
70645.333,348.9625
70656.000,346.9526
70666.667,346.9526
70677.333,346.9526
70688.000,0.0000
70698.667,0.0000
70709.333,0.0000
70720.000,0.0000
70730.667,0.0000
70741.333,0.0000
70752.000,0.0000
70762.667,353.0172
70773.333,339.0282
70784.000,337.0755
70794.667,333.2039
70805.333,331.2848
70816.000,331.2848
70826.667,331.2848
70837.333,333.2039
70848.000,335.1341
70858.667,337.0755
70869.333,340.9922
70880.000,342.9675
70890.667,342.9675
70901.333,342.9675
70912.000,342.9675
70922.667,344.9543
70933.333,344.9543
70944.000,344.9543
70954.667,344.9543
70965.333,344.9543
70976.000,344.9543
70986.667,344.9543
70997.333,344.9543
71008.000,344.9543
71018.667,346.9526
71029.333,346.9526
71040.000,346.9526
71050.667,346.9526
71061.333,344.9543
71072.000,342.9675
71082.667,337.0755
71093.333,333.2039
71104.000,333.2039
71114.667,335.1341
71125.333,340.9922
71136.000,340.9922
71146.667,342.9675
71157.333,344.9543
71168.000,348.9625
71178.667,353.0172
71189.333,355.0622
71200.000,355.0622
71210.667,357.1191
71221.333,355.0622
71232.000,353.0172
71242.667,353.0172
71253.333,350.9840
71264.000,348.9625
71274.667,346.9526
71285.333,344.9543
71296.000,339.0282
71306.667,333.2039
71317.333,0.0000
71328.000,0.0000
71338.667,0.0000
71349.333,0.0000
71360.000,0.0000
71370.667,0.0000
71381.333,0.0000
71392.000,0.0000
71402.667,0.0000
71413.333,0.0000
71424.000,0.0000
71434.667,310.8902
71445.333,312.6912
71456.000,307.3193
71466.667,307.3193
71477.333,307.3193
71488.000,309.0996
71498.667,312.6912
71509.333,312.6912
71520.000,314.5026
71530.667,312.6912
71541.333,312.6912
71552.000,312.6912
71562.667,312.6912
71573.333,314.5026
71584.000,316.3245
71594.667,320.0000
71605.333,321.8537
71616.000,325.5935
71626.667,337.0755
71637.333,342.9675
71648.000,346.9526
71658.667,348.9625
71669.333,348.9625
71680.000,348.9625
71690.667,346.9526
71701.333,344.9543
71712.000,344.9543
71722.667,346.9526
71733.333,346.9526
71744.000,348.9625
71754.667,348.9625
71765.333,348.9625
71776.000,348.9625
71786.667,342.9675
71797.333,333.2039
71808.000,331.2848
71818.667,329.3767
71829.333,329.3767
71840.000,310.8902
71850.667,307.3193
71861.333,305.5493
71872.000,309.0996
71882.667,309.0996
71893.333,310.8902
71904.000,314.5026
71914.667,314.5026
71925.333,316.3245
71936.000,316.3245
71946.667,314.5026
71957.333,314.5026
71968.000,312.6912
71978.667,312.6912
71989.333,310.8902
72000.000,310.8902
72010.667,310.8902
72021.333,310.8902
72032.000,310.8902
72042.667,310.8902
72053.333,310.8902
72064.000,312.6912
72074.667,312.6912
72085.333,312.6912
72096.000,312.6912
72106.667,312.6912
72117.333,310.8902
72128.000,309.0996
72138.667,307.3193
72149.333,305.5493
72160.000,305.5493
72170.667,305.5493
72181.333,309.0996
72192.000,312.6912
72202.667,316.3245
72213.333,316.3245
72224.000,316.3245
72234.667,314.5026
72245.333,312.6912
72256.000,309.0996
72266.667,305.5493
72277.333,302.0398
72288.000,302.0398
72298.667,302.0398
72309.333,303.7895
72320.000,305.5493
72330.667,309.0996
72341.333,310.8902
72352.000,312.6912
72362.667,316.3245
72373.333,318.1569
72384.000,320.0000
72394.667,318.1569
72405.333,312.6912
72416.000,314.5026
72426.667,310.8902
72437.333,307.3193
72448.000,307.3193
72458.667,0.0000
72469.333,0.0000
72480.000,0.0000
72490.667,0.0000
72501.333,0.0000
72512.000,222.3869
72522.667,232.9045
72533.333,231.5631
72544.000,231.5631
72554.667,231.5631
72565.333,230.2294
72576.000,230.2294
72586.667,231.5631
72597.333,234.2537
72608.000,235.6107
72618.667,236.9756
72629.333,236.9756
72640.000,236.9756
72650.667,236.9756
72661.333,236.9756
72672.000,236.9756
72682.667,236.9756
72693.333,241.1179
72704.000,246.7537
72714.667,249.6209
72725.333,261.4265
72736.000,269.0869
72746.667,267.5370
72757.333,267.5370
72768.000,265.9961
72778.667,264.4641
72789.333,264.4641
72800.000,264.4641
72810.667,264.4641
72821.333,265.9961
72832.000,265.9961
72842.667,265.9961
72853.333,265.9961
72864.000,265.9961
72874.667,265.9961
72885.333,264.4641
72896.000,264.4641
72906.667,264.4641
72917.333,264.4641
72928.000,264.4641
72938.667,264.4641
72949.333,264.4641
72960.000,264.4641
72970.667,262.9409
72981.333,262.9409
72992.000,262.9409
73002.667,264.4641
73013.333,264.4641
73024.000,265.9961
73034.667,267.5370
73045.333,267.5370
73056.000,267.5370
73066.667,267.5370
73077.333,267.5370
73088.000,267.5370
73098.667,267.5370
73109.333,267.5370
73120.000,269.0869
73130.667,269.0869
73141.333,272.2135
73152.000,273.7904
73162.667,275.3765
73173.333,276.9717
73184.000,278.5762
73194.667,278.5762
73205.333,276.9717
73216.000,276.9717
73226.667,275.3765
73237.333,273.7904
73248.000,275.3765
73258.667,275.3765
73269.333,276.9717
73280.000,276.9717
73290.667,278.5762
73301.333,278.5762
73312.000,280.1900
73322.667,278.5762
73333.333,278.5762
73344.000,276.9717
73354.667,276.9717
73365.333,276.9717
73376.000,278.5762
73386.667,278.5762
73397.333,280.1900
73408.000,280.1900
73418.667,278.5762
73429.333,275.3765
73440.000,273.7904
73450.667,267.5370
73461.333,264.4641
73472.000,264.4641
73482.667,267.5370
73493.333,280.1900
73504.000,283.4456
73514.667,286.7391
73525.333,290.0708
73536.000,291.7512
73546.667,293.4413
73557.333,291.7512
73568.000,286.7391
73578.667,314.5026
73589.333,318.1569
73600.000,0.0000
73610.667,0.0000
73621.333,0.0000
73632.000,0.0000
73642.667,0.0000
73653.333,0.0000
73664.000,0.0000
73674.667,0.0000
73685.333,0.0000
73696.000,0.0000
73706.667,0.0000
73717.333,0.0000
73728.000,0.0000
73738.667,0.0000
73749.333,0.0000
73760.000,0.0000
73770.667,0.0000
73781.333,0.0000
73792.000,248.1832
73802.667,252.5213
73813.333,262.9409
73824.000,270.6457
73834.667,276.9717
73845.333,286.7391
73856.000,291.7512
73866.667,293.4413
73877.333,296.8509
73888.000,298.5706
73898.667,302.0398
73909.333,302.0398
73920.000,303.7895
73930.667,305.5493
73941.333,307.3193
73952.000,307.3193
73962.667,307.3193
73973.333,307.3193
73984.000,309.0996
73994.667,309.0996
74005.333,310.8902
74016.000,310.8902
74026.667,310.8902
74037.333,312.6912
74048.000,312.6912
74058.667,312.6912
74069.333,312.6912
74080.000,312.6912
74090.667,312.6912
74101.333,312.6912
74112.000,312.6912
74122.667,312.6912
74133.333,312.6912
74144.000,312.6912
74154.667,312.6912
74165.333,312.6912
74176.000,310.8902
74186.667,310.8902
74197.333,309.0996
74208.000,305.5493
74218.667,305.5493
74229.333,312.6912
74240.000,316.3245
74250.667,316.3245
74261.333,318.1569
74272.000,316.3245
74282.667,314.5026
74293.333,314.5026
74304.000,314.5026
74314.667,314.5026
74325.333,314.5026
74336.000,316.3245
74346.667,316.3245
74357.333,316.3245
74368.000,316.3245
74378.667,314.5026
74389.333,314.5026
74400.000,314.5026
74410.667,312.6912
74421.333,312.6912
74432.000,312.6912
74442.667,310.8902
74453.333,310.8902
74464.000,310.8902
74474.667,309.0996
74485.333,305.5493
74496.000,300.3002
74506.667,296.8509
74517.333,295.1412
74528.000,295.1412
74538.667,296.8509
74549.333,305.5493
74560.000,309.0996
74570.667,309.0996
74581.333,310.8902
74592.000,309.0996
74602.667,309.0996
74613.333,0.0000
74624.000,0.0000
74634.667,296.8509
74645.333,295.1412
74656.000,302.0398
74666.667,307.3193
74677.333,307.3193
74688.000,305.5493
74698.667,305.5493
74709.333,303.7895
74720.000,303.7895
74730.667,305.5493
74741.333,305.5493
74752.000,305.5493
74762.667,307.3193
74773.333,307.3193
74784.000,309.0996
74794.667,310.8902
74805.333,310.8902
74816.000,309.0996
74826.667,307.3193
74837.333,303.7895
74848.000,298.5706
74858.667,0.0000
74869.333,0.0000
74880.000,0.0000
74890.667,0.0000
74901.333,0.0000
74912.000,262.9409
74922.667,262.9409
74933.333,262.9409
74944.000,262.9409
74954.667,262.9409
74965.333,262.9409
74976.000,262.9409
74986.667,262.9409
74997.333,262.9409
75008.000,262.9409
75018.667,262.9409
75029.333,262.9409
75040.000,262.9409
75050.667,269.0869
75061.333,270.6457
75072.000,269.0869
75082.667,269.0869
75093.333,273.7904
75104.000,312.6912
75114.667,312.6912
75125.333,314.5026
75136.000,314.5026
75146.667,314.5026
75157.333,0.0000
75168.000,0.0000
75178.667,0.0000
75189.333,325.5935
75200.000,325.5935
75210.667,323.7182
75221.333,320.0000
75232.000,321.8537
75242.667,320.0000
75253.333,318.1569
75264.000,310.8902
75274.667,302.0398
75285.333,293.4413
75296.000,285.0876
75306.667,285.0876
75317.333,0.0000
75328.000,0.0000
75338.667,234.2537
75349.333,235.6107
75360.000,245.3325
75370.667,259.9208
75381.333,264.4641
75392.000,267.5370
75402.667,269.0869
75413.333,269.0869
75424.000,267.5370
75434.667,265.9961
75445.333,264.4641
75456.000,264.4641
75466.667,264.4641
75477.333,264.4641
75488.000,264.4641
75498.667,264.4641
75509.333,264.4641
75520.000,264.4641
75530.667,265.9961
75541.333,265.9961
75552.000,265.9961
75562.667,265.9961
75573.333,265.9961
75584.000,265.9961
75594.667,264.4641
75605.333,262.9409
75616.000,261.4265
75626.667,264.4641
75637.333,269.0869
75648.000,272.2135
75658.667,275.3765
75669.333,276.9717
75680.000,273.7904
75690.667,269.0869
75701.333,264.4641
75712.000,261.4265
75722.667,256.9353
75733.333,255.4555
75744.000,258.4237
75754.667,264.4641
75765.333,269.0869
75776.000,272.2135
75786.667,273.7904
75797.333,275.3765
75808.000,275.3765
75818.667,273.7904
75829.333,272.2135
75840.000,269.0869
75850.667,267.5370
75861.333,267.5370
75872.000,265.9961
75882.667,264.4641
75893.333,261.4265
75904.000,261.4265
75914.667,0.0000
75925.333,0.0000
75936.000,0.0000
75946.667,0.0000
75957.333,0.0000
75968.000,0.0000
75978.667,0.0000
75989.333,0.0000
76000.000,0.0000
76010.667,0.0000
76021.333,0.0000
76032.000,0.0000
76042.667,0.0000
76053.333,0.0000
76064.000,0.0000
76074.667,0.0000
76085.333,0.0000
76096.000,0.0000
76106.667,0.0000
76117.333,0.0000
76128.000,0.0000
76138.667,0.0000
76149.333,0.0000
76160.000,0.0000
76170.667,0.0000
76181.333,0.0000
76192.000,0.0000
76202.667,0.0000
76213.333,0.0000
76224.000,0.0000
76234.667,201.5874
76245.333,200.4263
76256.000,199.2719
76266.667,194.7206
76277.333,192.4840
76288.000,192.4840
76298.667,192.4840
76309.333,192.4840
76320.000,192.4840
76330.667,193.5991
76341.333,194.7206
76352.000,194.7206
76362.667,194.7206
76373.333,195.8486
76384.000,196.9831
76394.667,198.1242
76405.333,198.1242
76416.000,196.9831
76426.667,196.9831
76437.333,196.9831
76448.000,196.9831
76458.667,195.8486
76469.333,195.8486
76480.000,194.7206
76490.667,194.7206
76501.333,194.7206
76512.000,194.7206
76522.667,194.7206
76533.333,194.7206
76544.000,193.5991
76554.667,193.5991
76565.333,192.4840
76576.000,192.4840
76586.667,193.5991
76597.333,199.2719
76608.000,203.9297
76618.667,206.2992
76629.333,206.2992
76640.000,207.4943
76650.667,207.4943
76661.333,206.2992
76672.000,205.1111
76682.667,203.9297
76693.333,203.9297
76704.000,203.9297
76714.667,203.9297
76725.333,203.9297
76736.000,203.9297
76746.667,203.9297
76757.333,206.2992
76768.000,208.6963
76778.667,209.9053
76789.333,211.1213
76800.000,211.1213
76810.667,211.1213
76821.333,209.9053
76832.000,206.2992
76842.667,203.9297
76853.333,201.5874
76864.000,198.1242
76874.667,198.1242
76885.333,195.8486
76896.000,203.9297
76906.667,205.1111
76917.333,205.1111
76928.000,206.2992
76938.667,206.2992
76949.333,206.2992
76960.000,211.1213
76970.667,211.1213
76981.333,209.9053
76992.000,209.9053
77002.667,208.6963
77013.333,209.9053
77024.000,211.1213
77034.667,219.8326
77045.333,234.2537
77056.000,0.0000
77066.667,0.0000
77077.333,0.0000
77088.000,0.0000
77098.667,0.0000
77109.333,0.0000
77120.000,0.0000
77130.667,0.0000
77141.333,0.0000
77152.000,0.0000
77162.667,0.0000
77173.333,0.0000
77184.000,0.0000
77194.667,0.0000
77205.333,0.0000
77216.000,0.0000
77226.667,0.0000
77237.333,0.0000
77248.000,0.0000
77258.667,0.0000
77269.333,0.0000
77280.000,0.0000
77290.667,0.0000
77301.333,0.0000
77312.000,0.0000
77322.667,339.0282
77333.333,340.9922
77344.000,342.9675
77354.667,344.9543
77365.333,344.9543
77376.000,344.9543
77386.667,344.9543
77397.333,344.9543
77408.000,344.9543
77418.667,344.9543
77429.333,344.9543
77440.000,344.9543
77450.667,344.9543
77461.333,344.9543
77472.000,346.9526
77482.667,346.9526
77493.333,346.9526
77504.000,346.9526
77514.667,344.9543
77525.333,346.9526
77536.000,348.9625
77546.667,350.9840
77557.333,350.9840
77568.000,348.9625
77578.667,346.9526
77589.333,346.9526
77600.000,344.9543
77610.667,344.9543
77621.333,342.9675
77632.000,342.9675
77642.667,344.9543
77653.333,346.9526
77664.000,348.9625
77674.667,350.9840
77685.333,353.0172
77696.000,353.0172
77706.667,350.9840
77717.333,350.9840
77728.000,348.9625
77738.667,346.9526
77749.333,346.9526
77760.000,346.9526
77770.667,346.9526
77781.333,346.9526
77792.000,344.9543
77802.667,346.9526
77813.333,346.9526
77824.000,346.9526
77834.667,348.9625
77845.333,348.9625
77856.000,350.9840
77866.667,350.9840
77877.333,353.0172
77888.000,353.0172
77898.667,353.0172
77909.333,353.0172
77920.000,353.0172
77930.667,350.9840
77941.333,350.9840
77952.000,348.9625
77962.667,348.9625
77973.333,346.9526
77984.000,344.9543
77994.667,344.9543
78005.333,344.9543
78016.000,344.9543
78026.667,344.9543
78037.333,344.9543
78048.000,346.9526
78058.667,344.9543
78069.333,344.9543
78080.000,346.9526
78090.667,346.9526
78101.333,346.9526
78112.000,344.9543
78122.667,346.9526
78133.333,353.0172
78144.000,350.9840
78154.667,350.9840
78165.333,350.9840
78176.000,348.9625
78186.667,348.9625
78197.333,348.9625
78208.000,350.9840
78218.667,350.9840
78229.333,350.9840
78240.000,348.9625
78250.667,348.9625
78261.333,346.9526
78272.000,346.9526
78282.667,344.9543
78293.333,340.9922
78304.000,337.0755
78314.667,331.2848
78325.333,323.7182
78336.000,321.8537
78346.667,323.7182
78357.333,321.8537
78368.000,320.0000
78378.667,320.0000
78389.333,316.3245
78400.000,314.5026
78410.667,312.6912
78421.333,312.6912
78432.000,312.6912
78442.667,312.6912
78453.333,310.8902
78464.000,310.8902
78474.667,310.8902
78485.333,310.8902
78496.000,310.8902
78506.667,310.8902
78517.333,310.8902
78528.000,316.3245
78538.667,321.8537
78549.333,323.7182
78560.000,329.3767
78570.667,339.0282
78581.333,346.9526
78592.000,348.9625
78602.667,348.9625
78613.333,348.9625
78624.000,346.9526
78634.667,344.9543
78645.333,340.9922
78656.000,337.0755
78666.667,333.2039
78677.333,331.2848
78688.000,325.5935
78698.667,323.7182
78709.333,0.0000
78720.000,0.0000
78730.667,0.0000
78741.333,0.0000
78752.000,0.0000
78762.667,0.0000
78773.333,0.0000
78784.000,0.0000
78794.667,0.0000
78805.333,0.0000
78816.000,0.0000
78826.667,0.0000
78837.333,0.0000
78848.000,0.0000
78858.667,0.0000
78869.333,0.0000
78880.000,0.0000
78890.667,0.0000
78901.333,0.0000
78912.000,629.0052
78922.667,625.3824
78933.333,625.3824
78944.000,625.3824
78954.667,629.0052
78965.333,625.3824
78976.000,625.3824
78986.667,625.3824
78997.333,625.3824
79008.000,625.3824
79018.667,629.0052
79029.333,629.0052
79040.000,632.6490
79050.667,632.6490
79061.333,636.3139
79072.000,632.6490
79082.667,629.0052
79093.333,621.7804
79104.000,621.7804
79114.667,618.1993
79125.333,618.1993
79136.000,625.3824
79146.667,632.6490
79157.333,640.0000
79168.000,643.7075
79178.667,651.1870
79189.333,658.7534
79200.000,662.5696
79210.667,651.1870
79221.333,643.7075
79232.000,636.3139
79242.667,629.0052
79253.333,625.3824
79264.000,625.3824
79274.667,625.3824
79285.333,625.3824
79296.000,629.0052
79306.667,632.6490
79317.333,632.6490
79328.000,629.0052
79338.667,629.0052
79349.333,629.0052
79360.000,0.0000
79370.667,0.0000
79381.333,0.0000
79392.000,0.0000
79402.667,0.0000
79413.333,0.0000
79424.000,0.0000
79434.667,239.7291
79445.333,234.2537
79456.000,232.9045
79466.667,231.5631
79477.333,231.5631
79488.000,228.9033
79498.667,224.9709
79509.333,222.3869
79520.000,223.6752
79530.667,228.9033
79541.333,236.9756
79552.000,239.7291
79562.667,242.5147
79573.333,243.9195
79584.000,221.1061
79594.667,221.1061
79605.333,0.0000
79616.000,0.0000
79626.667,0.0000
79637.333,0.0000
79648.000,0.0000
79658.667,0.0000
79669.333,0.0000
79680.000,0.0000
79690.667,0.0000
79701.333,0.0000
79712.000,0.0000
79722.667,0.0000
79733.333,0.0000
79744.000,265.9961
79754.667,265.9961
79765.333,265.9961
79776.000,264.4641
79786.667,259.9208
79797.333,258.4237
79808.000,258.4237
79818.667,259.9208
79829.333,259.9208
79840.000,258.4237
79850.667,258.4237
79861.333,258.4237
79872.000,258.4237
79882.667,258.4237
79893.333,258.4237
79904.000,258.4237
79914.667,259.9208
79925.333,259.9208
79936.000,261.4265
79946.667,261.4265
79957.333,261.4265
79968.000,261.4265
79978.667,261.4265
79989.333,261.4265
80000.000,261.4265
80010.667,259.9208
80021.333,259.9208
80032.000,259.9208
80042.667,261.4265
80053.333,261.4265
80064.000,262.9409
80074.667,265.9961
80085.333,265.9961
80096.000,267.5370
80106.667,269.0869
80117.333,270.6457
80128.000,272.2135
80138.667,275.3765
80149.333,276.9717
80160.000,278.5762
80170.667,280.1900
80181.333,278.5762
80192.000,278.5762
80202.667,276.9717
80213.333,276.9717
80224.000,276.9717
80234.667,278.5762
80245.333,280.1900
80256.000,280.1900
80266.667,281.8131
80277.333,281.8131
80288.000,281.8131
80298.667,281.8131
80309.333,280.1900
80320.000,276.9717
80330.667,272.2135
80341.333,273.7904
80352.000,276.9717
80362.667,280.1900
80373.333,281.8131
80384.000,278.5762
80394.667,278.5762
80405.333,278.5762
80416.000,278.5762
80426.667,278.5762
80437.333,276.9717
80448.000,278.5762
80458.667,278.5762
80469.333,280.1900
80480.000,280.1900
80490.667,280.1900
80501.333,280.1900
80512.000,280.1900
80522.667,278.5762
80533.333,0.0000
80544.000,0.0000
80554.667,0.0000
80565.333,0.0000
80576.000,144.2001
80586.667,144.2001
80597.333,145.0354
80608.000,145.8756
80618.667,147.5706
80629.333,149.2853
80640.000,150.1501
80650.667,151.8947
80661.333,154.5498
80672.000,0.0000
80682.667,0.0000
80693.333,0.0000
80704.000,0.0000
80714.667,249.6209
80725.333,252.5213
80736.000,253.9842
80746.667,281.8131
80757.333,298.5706
80768.000,305.5493
80778.667,307.3193
80789.333,307.3193
80800.000,307.3193
80810.667,307.3193
80821.333,305.5493
80832.000,296.8509
80842.667,291.7512
80853.333,291.7512
80864.000,0.0000
80874.667,0.0000
80885.333,0.0000
80896.000,0.0000
80906.667,0.0000
80917.333,0.0000
80928.000,0.0000
80938.667,0.0000
80949.333,0.0000
80960.000,0.0000
80970.667,0.0000
80981.333,0.0000
80992.000,269.0869
81002.667,267.5370
81013.333,265.9961
81024.000,265.9961
81034.667,264.4641
81045.333,262.9409
81056.000,255.4555
81066.667,252.5213
81077.333,251.0669
81088.000,251.0669
81098.667,252.5213
81109.333,255.4555
81120.000,259.9208
81130.667,264.4641
81141.333,267.5370
81152.000,269.0869
81162.667,272.2135
81173.333,273.7904
81184.000,278.5762
81194.667,288.4001
81205.333,295.1412
81216.000,298.5706
81226.667,302.0398
81237.333,307.3193
81248.000,310.8902
81258.667,312.6912
81269.333,314.5026
81280.000,314.5026
81290.667,314.5026
81301.333,314.5026
81312.000,314.5026
81322.667,314.5026
81333.333,314.5026
81344.000,314.5026
81354.667,314.5026
81365.333,312.6912
81376.000,312.6912
81386.667,312.6912
81397.333,312.6912
81408.000,312.6912
81418.667,312.6912
81429.333,312.6912
81440.000,312.6912
81450.667,312.6912
81461.333,312.6912
81472.000,312.6912
81482.667,312.6912
81493.333,312.6912
81504.000,312.6912
81514.667,310.8902
81525.333,309.0996
81536.000,305.5493
81546.667,303.7895
81557.333,305.5493
81568.000,307.3193
81578.667,309.0996
81589.333,309.0996
81600.000,310.8902
81610.667,310.8902
81621.333,314.5026
81632.000,314.5026
81642.667,314.5026
81653.333,314.5026
81664.000,312.6912
81674.667,310.8902
81685.333,310.8902
81696.000,309.0996
81706.667,309.0996
81717.333,307.3193
81728.000,305.5493
81738.667,303.7895
81749.333,300.3002
81760.000,296.8509
81770.667,293.4413
81781.333,291.7512
81792.000,0.0000
81802.667,0.0000
81813.333,0.0000
81824.000,0.0000
81834.667,0.0000
81845.333,0.0000
81856.000,0.0000
81866.667,262.9409
81877.333,262.9409
81888.000,262.9409
81898.667,262.9409
81909.333,262.9409
81920.000,262.9409
81930.667,262.9409
81941.333,261.4265
81952.000,259.9208
81962.667,259.9208
81973.333,259.9208
81984.000,259.9208
81994.667,261.4265
82005.333,262.9409
82016.000,264.4641
82026.667,267.5370
82037.333,272.2135
82048.000,276.9717
82058.667,296.8509
82069.333,302.0398
82080.000,305.5493
82090.667,307.3193
82101.333,310.8902
82112.000,310.8902
82122.667,309.0996
82133.333,307.3193
82144.000,305.5493
82154.667,302.0398
82165.333,298.5706
82176.000,305.5493
82186.667,305.5493
82197.333,303.7895
82208.000,318.1569
82218.667,310.8902
82229.333,307.3193
82240.000,295.1412
82250.667,295.1412
82261.333,0.0000
82272.000,0.0000
82282.667,0.0000
82293.333,0.0000
82304.000,265.9961
82314.667,267.5370
82325.333,267.5370
82336.000,264.4641
82346.667,261.4265
82357.333,259.9208
82368.000,259.9208
82378.667,259.9208
82389.333,259.9208
82400.000,261.4265
82410.667,261.4265
82421.333,261.4265
82432.000,262.9409
82442.667,262.9409
82453.333,262.9409
82464.000,262.9409
82474.667,262.9409
82485.333,262.9409
82496.000,262.9409
82506.667,261.4265
82517.333,259.9208
82528.000,259.9208
82538.667,259.9208
82549.333,259.9208
82560.000,259.9208
82570.667,259.9208
82581.333,259.9208
82592.000,259.9208
82602.667,259.9208
82613.333,259.9208
82624.000,258.4237
82634.667,256.9353
82645.333,253.9842
82656.000,249.6209
82666.667,246.7537
82677.333,243.9195
82688.000,234.2537
82698.667,224.9709
82709.333,223.6752
82720.000,221.1061
82730.667,211.1213
82741.333,203.9297
82752.000,200.4263
82762.667,198.1242
82773.333,192.4840
82784.000,185.9273
82794.667,182.7332
82805.333,180.6343
82816.000,177.5311
82826.667,176.5086
82837.333,174.4812
82848.000,174.4812
82858.667,173.4763
82869.333,171.4838
82880.000,171.4838
82890.667,171.4838
82901.333,173.4763
82912.000,175.4920
82922.667,175.4920
82933.333,175.4920
82944.000,173.4763
82954.667,172.4771
82965.333,171.4838
82976.000,170.4961
82986.667,170.4961
82997.333,170.4961
83008.000,171.4838
83018.667,177.5311
83029.333,183.7917
83040.000,0.0000
83050.667,0.0000
83061.333,0.0000
83072.000,0.0000
83082.667,0.0000
83093.333,0.0000
83104.000,177.5311
83114.667,184.8564
83125.333,184.8564
83136.000,185.9273
83146.667,188.0877
83157.333,191.3754
83168.000,198.1242
83178.667,203.9297
83189.333,203.9297
83200.000,202.7552
83210.667,201.5874
83221.333,200.4263
83232.000,199.2719
83242.667,195.8486
83253.333,195.8486
83264.000,194.7206
83274.667,194.7206
83285.333,194.7206
83296.000,194.7206
83306.667,194.7206
83317.333,194.7206
83328.000,195.8486
83338.667,195.8486
83349.333,195.8486
83360.000,195.8486
83370.667,194.7206
83381.333,194.7206
83392.000,194.7206
83402.667,193.5991
83413.333,194.7206
83424.000,194.7206
83434.667,195.8486
83445.333,195.8486
83456.000,195.8486
83466.667,195.8486
83477.333,196.9831
83488.000,196.9831
83498.667,195.8486
83509.333,195.8486
83520.000,196.9831
83530.667,196.9831
83541.333,198.1242
83552.000,199.2719
83562.667,201.5874
83573.333,202.7552
83584.000,203.9297
83594.667,205.1111
83605.333,206.2992
83616.000,205.1111
83626.667,205.1111
83637.333,203.9297
83648.000,203.9297
83658.667,203.9297
83669.333,203.9297
83680.000,205.1111
83690.667,206.2992
83701.333,207.4943
83712.000,209.9053
83722.667,211.1213
83733.333,209.9053
83744.000,209.9053
83754.667,208.6963
83765.333,206.2992
83776.000,205.1111
83786.667,205.1111
83797.333,205.1111
83808.000,205.1111
83818.667,206.2992
83829.333,206.2992
83840.000,206.2992
83850.667,205.1111
83861.333,205.1111
83872.000,205.1111
83882.667,203.9297
83893.333,206.2992
83904.000,206.2992
83914.667,207.4943
83925.333,207.4943
83936.000,202.7552
83946.667,202.7552
83957.333,201.5874
83968.000,200.4263
83978.667,199.2719
83989.333,199.2719
84000.000,0.0000
84010.667,0.0000
84021.333,0.0000
84032.000,0.0000
84042.667,0.0000
84053.333,0.0000
84064.000,0.0000
84074.667,0.0000
84085.333,0.0000
84096.000,0.0000
84106.667,0.0000
84117.333,0.0000
84128.000,0.0000
84138.667,0.0000
84149.333,0.0000
84160.000,0.0000
84170.667,0.0000
84181.333,0.0000
84192.000,0.0000
84202.667,0.0000
84213.333,344.9543
84224.000,340.9922
84234.667,340.9922
84245.333,339.0282
84256.000,339.0282
84266.667,337.0755
84277.333,337.0755
84288.000,339.0282
84298.667,342.9675
84309.333,346.9526
84320.000,348.9625
84330.667,350.9840
84341.333,350.9840
84352.000,353.0172
84362.667,353.0172
84373.333,353.0172
84384.000,346.9526
84394.667,344.9543
84405.333,342.9675
84416.000,337.0755
84426.667,331.2848
84437.333,325.5935
84448.000,316.3245
84458.667,0.0000
84469.333,0.0000
84480.000,0.0000
84490.667,0.0000
84501.333,0.0000
84512.000,0.0000
84522.667,0.0000
84533.333,0.0000
84544.000,0.0000
84554.667,0.0000
84565.333,0.0000
84576.000,0.0000
84586.667,0.0000
84597.333,0.0000
84608.000,0.0000
84618.667,0.0000
84629.333,0.0000
84640.000,0.0000
84650.667,0.0000
84661.333,359.1879
84672.000,350.9840
84682.667,344.9543
84693.333,342.9675
84704.000,342.9675
84714.667,342.9675
84725.333,342.9675
84736.000,342.9675
84746.667,342.9675
84757.333,340.9922
84768.000,340.9922
84778.667,340.9922
84789.333,342.9675
84800.000,342.9675
84810.667,342.9675
84821.333,342.9675
84832.000,344.9543
84842.667,344.9543
84853.333,344.9543
84864.000,346.9526
84874.667,346.9526
84885.333,346.9526
84896.000,346.9526
84906.667,346.9526
84917.333,348.9625
84928.000,346.9526
84938.667,346.9526
84949.333,344.9543
84960.000,340.9922
84970.667,339.0282
84981.333,337.0755
84992.000,335.1341
85002.667,335.1341
85013.333,335.1341
85024.000,337.0755
85034.667,339.0282
85045.333,340.9922
85056.000,344.9543
85066.667,350.9840
85077.333,350.9840
85088.000,350.9840
85098.667,350.9840
85109.333,350.9840
85120.000,350.9840
85130.667,350.9840
85141.333,350.9840
85152.000,350.9840
85162.667,350.9840
85173.333,348.9625
85184.000,348.9625
85194.667,346.9526
85205.333,342.9675
85216.000,339.0282
85226.667,337.0755
85237.333,335.1341
85248.000,335.1341
85258.667,331.2848
85269.333,316.3245
85280.000,300.3002
85290.667,300.3002
85301.333,0.0000
85312.000,0.0000
85322.667,0.0000
85333.333,309.0996
85344.000,309.0996
85354.667,307.3193
85365.333,305.5493
85376.000,307.3193
85386.667,309.0996
85397.333,310.8902
85408.000,310.8902
85418.667,310.8902
85429.333,310.8902
85440.000,312.6912
85450.667,312.6912
85461.333,312.6912
85472.000,314.5026
85482.667,314.5026
85493.333,314.5026
85504.000,316.3245
85514.667,321.8537
85525.333,339.0282
85536.000,342.9675
85546.667,346.9526
85557.333,346.9526
85568.000,346.9526
85578.667,346.9526
85589.333,346.9526
85600.000,346.9526
85610.667,348.9625
85621.333,350.9840
85632.000,350.9840
85642.667,350.9840
85653.333,350.9840
85664.000,348.9625
85674.667,346.9526
85685.333,342.9675
85696.000,342.9675
85706.667,344.9543
85717.333,348.9625
85728.000,350.9840
85738.667,350.9840
85749.333,348.9625
85760.000,0.0000
85770.667,0.0000
85781.333,0.0000
85792.000,0.0000
85802.667,0.0000
85813.333,0.0000
85824.000,0.0000
85834.667,0.0000
85845.333,0.0000
85856.000,391.6971
85866.667,396.2484
85877.333,407.8594
85888.000,405.5103
85898.667,403.1747
85909.333,400.8526
85920.000,398.5439
85930.667,393.9662
85941.333,391.6971
85952.000,391.6971
85962.667,391.6971
85973.333,391.6971
85984.000,391.6971
85994.667,391.6971
86005.333,393.9662
86016.000,393.9662
86026.667,393.9662
86037.333,393.9662
86048.000,393.9662
86058.667,393.9662
86069.333,393.9662
86080.000,393.9662
86090.667,393.9662
86101.333,396.2484
86112.000,396.2484
86122.667,396.2484
86133.333,396.2484
86144.000,396.2484
86154.667,393.9662
86165.333,391.6971
86176.000,396.2484
86186.667,398.5439
86197.333,403.1747
86208.000,405.5103
86218.667,405.5103
86229.333,405.5103
86240.000,400.8526
86250.667,398.5439
86261.333,398.5439
86272.000,398.5439
86282.667,396.2484
86293.333,396.2484
86304.000,393.9662
86314.667,393.9662
86325.333,396.2484
86336.000,396.2484
86346.667,396.2484
86357.333,0.0000
86368.000,0.0000
86378.667,0.0000
86389.333,0.0000
86400.000,0.0000
86410.667,0.0000
86421.333,0.0000
86432.000,0.0000
86442.667,0.0000
86453.333,0.0000
86464.000,0.0000
86474.667,0.0000
86485.333,0.0000
86496.000,0.0000
86506.667,0.0000
86517.333,0.0000
86528.000,0.0000
86538.667,0.0000
86549.333,0.0000
86560.000,0.0000
86570.667,0.0000
86581.333,0.0000
86592.000,0.0000
86602.667,0.0000
86613.333,0.0000
86624.000,0.0000
86634.667,376.1753
86645.333,384.9680
86656.000,389.4411
86666.667,391.6971
86677.333,393.9662
86688.000,396.2484
86698.667,396.2484
86709.333,398.5439
86720.000,398.5439
86730.667,398.5439
86741.333,398.5439
86752.000,398.5439
86762.667,398.5439
86773.333,398.5439
86784.000,398.5439
86794.667,398.5439
86805.333,400.8526
86816.000,400.8526
86826.667,400.8526
86837.333,400.8526
86848.000,400.8526
86858.667,400.8526
86869.333,398.5439
86880.000,396.2484
86890.667,396.2484
86901.333,393.9662
86912.000,393.9662
86922.667,393.9662
86933.333,393.9662
86944.000,393.9662
86954.667,393.9662
86965.333,398.5439
86976.000,403.1747
86986.667,407.8594
86997.333,412.5985
87008.000,417.3927
87018.667,422.2425
87029.333,422.2425
87040.000,419.8106
87050.667,417.3927
87061.333,410.2221
87072.000,403.1747
87082.667,398.5439
87093.333,393.9662
87104.000,396.2484
87114.667,396.2484
87125.333,396.2484
87136.000,400.8526
87146.667,419.8106
87157.333,442.2121
87168.000,460.4587
87178.667,460.4587
87189.333,460.4587
87200.000,449.9419
87210.667,424.6886
87221.333,424.6886
87232.000,398.5439
87242.667,407.8594
87253.333,414.9887
87264.000,410.2221
87274.667,414.9887
87285.333,407.8594
87296.000,407.8594
87306.667,407.8594
87317.333,407.8594
87328.000,405.5103
87338.667,414.9887
87349.333,424.6886
87360.000,432.1120
87370.667,442.2121
87381.333,447.3504
87392.000,447.3504
87402.667,447.3504
87413.333,447.3504
87424.000,444.7738
87434.667,442.2121
87445.333,444.7738
87456.000,449.9419
87466.667,449.9419
87477.333,437.1329
87488.000,437.1329
87498.667,432.1120
87509.333,434.6152
87520.000,437.1329
87530.667,437.1329
87541.333,442.2121
87552.000,427.1488
87562.667,424.6886
87573.333,427.1488
87584.000,429.6232
87594.667,434.6152
87605.333,424.6886
87616.000,371.8546
87626.667,363.3614
87637.333,365.4663
87648.000,0.0000
87658.667,0.0000
87669.333,0.0000
87680.000,290.0708
87690.667,295.1412
87701.333,298.5706
87712.000,300.3002
87722.667,303.7895
87733.333,303.7895
87744.000,305.5493
87754.667,307.3193
87765.333,309.0996
87776.000,310.8902
87786.667,312.6912
87797.333,314.5026
87808.000,316.3245
87818.667,316.3245
87829.333,316.3245
87840.000,314.5026
87850.667,312.6912
87861.333,309.0996
87872.000,307.3193
87882.667,303.7895
87893.333,300.3002
87904.000,293.4413
87914.667,290.0708
87925.333,291.7512
87936.000,303.7895
87946.667,303.7895
87957.333,0.0000
87968.000,0.0000
87978.667,0.0000
87989.333,0.0000
88000.000,0.0000
88010.667,0.0000
88021.333,0.0000
88032.000,0.0000
88042.667,0.0000
88053.333,0.0000
88064.000,0.0000
88074.667,0.0000
88085.333,0.0000
88096.000,0.0000
88106.667,0.0000
88117.333,0.0000
88128.000,307.3193
88138.667,303.7895
88149.333,303.7895
88160.000,303.7895
88170.667,305.5493
88181.333,307.3193
88192.000,309.0996
88202.667,309.0996
88213.333,312.6912
88224.000,312.6912
88234.667,312.6912
88245.333,310.8902
88256.000,310.8902
88266.667,309.0996
88277.333,309.0996
88288.000,309.0996
88298.667,309.0996
88309.333,309.0996
88320.000,309.0996
88330.667,309.0996
88341.333,310.8902
88352.000,310.8902
88362.667,312.6912
88373.333,312.6912
88384.000,312.6912
88394.667,312.6912
88405.333,309.0996
88416.000,309.0996
88426.667,307.3193
88437.333,309.0996
88448.000,309.0996
88458.667,310.8902
88469.333,312.6912
88480.000,312.6912
88490.667,312.6912
88501.333,312.6912
88512.000,310.8902
88522.667,310.8902
88533.333,312.6912
88544.000,310.8902
88554.667,0.0000
88565.333,310.8902
88576.000,305.5493
88586.667,303.7895
88597.333,302.0398
88608.000,303.7895
88618.667,303.7895
88629.333,307.3193
88640.000,310.8902
88650.667,310.8902
88661.333,309.0996
88672.000,309.0996
88682.667,309.0996
88693.333,307.3193
88704.000,309.0996
88714.667,309.0996
88725.333,310.8902
88736.000,310.8902
88746.667,310.8902
88757.333,310.8902
88768.000,310.8902
88778.667,310.8902
88789.333,309.0996
88800.000,310.8902
88810.667,312.6912
88821.333,312.6912
88832.000,314.5026
88842.667,314.5026
88853.333,314.5026
88864.000,314.5026
88874.667,314.5026
88885.333,312.6912
88896.000,310.8902
88906.667,312.6912
88917.333,312.6912
88928.000,314.5026
88938.667,316.3245
88949.333,318.1569
88960.000,320.0000
88970.667,321.8537
88981.333,323.7182
88992.000,323.7182
89002.667,323.7182
89013.333,323.7182
89024.000,321.8537
89034.667,320.0000
89045.333,320.0000
89056.000,316.3245
89066.667,314.5026
89077.333,314.5026
89088.000,314.5026
89098.667,314.5026
89109.333,314.5026
89120.000,314.5026
89130.667,316.3245
89141.333,316.3245
89152.000,316.3245
89162.667,316.3245
89173.333,312.6912
89184.000,309.0996
89194.667,303.7895
89205.333,302.0398
89216.000,286.7391
89226.667,288.4001
89237.333,286.7391
89248.000,286.7391
89258.667,286.7391
89269.333,285.0876
89280.000,283.4456
89290.667,281.8131
89301.333,281.8131
89312.000,285.0876
89322.667,278.5762
89333.333,0.0000
89344.000,0.0000
89354.667,0.0000
89365.333,0.0000
89376.000,0.0000
89386.667,0.0000
89397.333,0.0000
89408.000,0.0000
89418.667,0.0000
89429.333,303.7895
89440.000,293.4413
89450.667,278.5762
89461.333,276.9717
89472.000,275.3765
89482.667,276.9717
89493.333,276.9717
89504.000,275.3765
89514.667,275.3765
89525.333,275.3765
89536.000,275.3765
89546.667,275.3765
89557.333,275.3765
89568.000,276.9717
89578.667,276.9717
89589.333,278.5762
89600.000,278.5762
89610.667,278.5762
89621.333,278.5762
89632.000,276.9717
89642.667,273.7904
89653.333,272.2135
89664.000,269.0869
89674.667,267.5370
89685.333,264.4641
89696.000,264.4641
89706.667,262.9409
89717.333,261.4265
89728.000,261.4265
89738.667,261.4265
89749.333,261.4265
89760.000,259.9208
89770.667,259.9208
89781.333,258.4237
89792.000,256.9353
89802.667,256.9353
89813.333,256.9353
89824.000,258.4237
89834.667,259.9208
89845.333,259.9208
89856.000,261.4265
89866.667,259.9208
89877.333,258.4237
89888.000,256.9353
89898.667,253.9842
89909.333,251.0669
89920.000,251.0669
89930.667,259.9208
89941.333,259.9208
89952.000,259.9208
89962.667,259.9208
89973.333,259.9208
89984.000,258.4237
89994.667,258.4237
90005.333,256.9353
90016.000,256.9353
90026.667,258.4237
90037.333,258.4237
90048.000,258.4237
90058.667,259.9208
90069.333,262.9409
90080.000,261.4265
90090.667,261.4265
90101.333,259.9208
90112.000,267.5370
90122.667,269.0869
90133.333,267.5370
90144.000,267.5370
90154.667,264.4641
90165.333,0.0000
90176.000,0.0000
90186.667,0.0000
90197.333,0.0000
90208.000,0.0000
90218.667,0.0000
90229.333,129.2119
90240.000,129.9604
90250.667,132.2321
90261.333,133.7685
90272.000,138.4858
90282.667,144.2001
90293.333,151.8947
90304.000,160.0000
90314.667,0.0000
90325.333,0.0000
90336.000,0.0000
90346.667,222.3869
90357.333,231.5631
90368.000,238.3484
90378.667,243.9195
90389.333,249.6209
90400.000,252.5213
90410.667,255.4555
90421.333,258.4237
90432.000,261.4265
90442.667,262.9409
90453.333,264.4641
90464.000,264.4641
90474.667,262.9409
90485.333,262.9409
90496.000,259.9208
90506.667,256.9353
90517.333,255.4555
90528.000,253.9842
90538.667,252.5213
90549.333,253.9842
90560.000,256.9353
90570.667,259.9208
90581.333,261.4265
90592.000,262.9409
90602.667,262.9409
90613.333,262.9409
90624.000,262.9409
90634.667,262.9409
90645.333,262.9409
90656.000,262.9409
90666.667,261.4265
90677.333,262.9409
90688.000,262.9409
90698.667,262.9409
90709.333,262.9409
90720.000,262.9409
90730.667,262.9409
90741.333,264.4641
90752.000,264.4641
90762.667,264.4641
90773.333,264.4641
90784.000,264.4641
90794.667,264.4641
90805.333,264.4641
90816.000,262.9409
90826.667,261.4265
90837.333,259.9208
90848.000,259.9208
90858.667,261.4265
90869.333,261.4265
90880.000,261.4265
90890.667,261.4265
90901.333,259.9208
90912.000,259.9208
90922.667,258.4237
90933.333,258.4237
90944.000,259.9208
90954.667,261.4265
90965.333,261.4265
90976.000,259.9208
90986.667,258.4237
90997.333,256.9353
91008.000,256.9353
91018.667,255.4555
91029.333,256.9353
91040.000,259.9208
91050.667,261.4265
91061.333,261.4265
91072.000,262.9409
91082.667,262.9409
91093.333,262.9409
91104.000,262.9409
91114.667,262.9409
91125.333,262.9409
91136.000,262.9409
91146.667,262.9409
91157.333,262.9409
91168.000,261.4265
91178.667,261.4265
91189.333,261.4265
91200.000,261.4265
91210.667,262.9409
91221.333,262.9409
91232.000,262.9409
91242.667,262.9409
91253.333,262.9409
91264.000,262.9409
91274.667,261.4265
91285.333,261.4265
91296.000,261.4265
91306.667,261.4265
91317.333,261.4265
91328.000,261.4265
91338.667,261.4265
91349.333,261.4265
91360.000,261.4265
91370.667,261.4265
91381.333,261.4265
91392.000,261.4265
91402.667,262.9409
91413.333,262.9409
91424.000,262.9409
91434.667,262.9409
91445.333,262.9409
91456.000,262.9409
91466.667,262.9409
91477.333,262.9409
91488.000,262.9409
91498.667,262.9409
91509.333,262.9409
91520.000,262.9409
91530.667,262.9409
91541.333,262.9409
91552.000,262.9409
91562.667,262.9409
91573.333,262.9409
91584.000,262.9409
91594.667,262.9409
91605.333,262.9409
91616.000,262.9409
91626.667,262.9409
91637.333,262.9409
91648.000,262.9409
91658.667,262.9409
91669.333,262.9409
91680.000,264.4641
91690.667,264.4641
91701.333,262.9409
91712.000,262.9409
91722.667,261.4265
91733.333,261.4265
91744.000,261.4265
91754.667,261.4265
91765.333,261.4265
91776.000,262.9409
91786.667,264.4641
91797.333,264.4641
91808.000,265.9961
91818.667,265.9961
91829.333,264.4641
91840.000,264.4641
91850.667,262.9409
91861.333,261.4265
91872.000,261.4265
91882.667,261.4265
91893.333,261.4265
91904.000,261.4265
91914.667,264.4641
91925.333,265.9961
91936.000,267.5370
91946.667,265.9961
91957.333,265.9961
91968.000,264.4641
91978.667,262.9409
91989.333,262.9409
92000.000,262.9409
92010.667,262.9409
92021.333,264.4641
92032.000,264.4641
92042.667,265.9961
92053.333,267.5370
92064.000,267.5370
92074.667,267.5370
92085.333,265.9961
92096.000,265.9961
92106.667,264.4641
92117.333,262.9409
92128.000,262.9409
92138.667,262.9409
92149.333,264.4641
92160.000,264.4641
92170.667,264.4641
92181.333,264.4641
92192.000,264.4641
92202.667,265.9961
92213.333,270.6457
92224.000,270.6457
92234.667,272.2135
92245.333,272.2135
92256.000,272.2135
92266.667,275.3765
92277.333,275.3765
92288.000,275.3765
92298.667,275.3765
92309.333,275.3765
92320.000,273.7904
92330.667,272.2135
92341.333,272.2135
92352.000,270.6457
92362.667,270.6457
92373.333,265.9961
92384.000,261.4265
92394.667,264.4641
92405.333,265.9961
92416.000,0.0000
92426.667,0.0000
92437.333,0.0000
92448.000,0.0000
92458.667,0.0000
92469.333,0.0000
92480.000,0.0000
92490.667,0.0000
92501.333,0.0000
92512.000,0.0000
92522.667,0.0000
92533.333,0.0000
92544.000,0.0000
92554.667,0.0000
92565.333,0.0000
92576.000,177.5311
92586.667,177.5311
92597.333,173.4763
92608.000,162.7968
92618.667,163.7398
92629.333,167.5671
92640.000,177.5311
92650.667,183.7917
92661.333,193.5991
92672.000,198.1242
92682.667,217.3076
92693.333,226.2742
92704.000,228.9033
92714.667,231.5631
92725.333,232.9045
92736.000,234.2537
92746.667,234.2537
92757.333,234.2537
92768.000,234.2537
92778.667,232.9045
92789.333,232.9045
92800.000,232.9045
92810.667,232.9045
92821.333,232.9045
92832.000,232.9045
92842.667,232.9045
92853.333,232.9045
92864.000,232.9045
92874.667,232.9045
92885.333,232.9045
92896.000,232.9045
92906.667,232.9045
92917.333,232.9045
92928.000,232.9045
92938.667,232.9045
92949.333,232.9045
92960.000,232.9045
92970.667,232.9045
92981.333,232.9045
92992.000,232.9045
93002.667,232.9045
93013.333,232.9045
93024.000,232.9045
93034.667,232.9045
93045.333,232.9045
93056.000,232.9045
93066.667,232.9045
93077.333,234.2537
93088.000,234.2537
93098.667,234.2537
93109.333,234.2537
93120.000,234.2537
93130.667,234.2537
93141.333,234.2537
93152.000,234.2537
93162.667,234.2537
93173.333,234.2537
93184.000,234.2537
93194.667,234.2537
93205.333,234.2537
93216.000,235.6107
93226.667,236.9756
93237.333,238.3484
93248.000,239.7291
93258.667,241.1179
93269.333,239.7291
93280.000,239.7291
93290.667,239.7291
93301.333,236.9756
93312.000,230.2294
93322.667,230.2294
93333.333,230.2294
93344.000,231.5631
93354.667,234.2537
93365.333,236.9756
93376.000,239.7291
93386.667,241.1179
93397.333,241.1179
93408.000,241.1179
93418.667,241.1179
93429.333,236.9756
93440.000,232.9045
93450.667,231.5631
93461.333,231.5631
93472.000,231.5631
93482.667,235.6107
93493.333,238.3484
93504.000,239.7291
93514.667,241.1179
93525.333,241.1179
93536.000,241.1179
93546.667,238.3484
93557.333,235.6107
93568.000,232.9045
93578.667,230.2294
93589.333,228.9033
93600.000,235.6107
93610.667,242.5147
93621.333,248.1832
93632.000,248.1832
93642.667,248.1832
93653.333,249.6209
93664.000,241.1179
93674.667,235.6107
93685.333,230.2294
93696.000,231.5631
93706.667,234.2537
93717.333,236.9756
93728.000,236.9756
93738.667,239.7291
93749.333,239.7291
93760.000,239.7291
93770.667,238.3484
93781.333,232.9045
93792.000,234.2537
93802.667,231.5631
93813.333,228.9033
93824.000,227.5850
93834.667,219.8326
93845.333,218.5664
93856.000,217.3076
93866.667,216.0560
93877.333,218.5664
93888.000,0.0000
93898.667,0.0000
93909.333,0.0000
93920.000,223.6752
93930.667,228.9033
93941.333,226.2742
93952.000,223.6752
93962.667,224.9709
93973.333,224.9709
93984.000,223.6752
93994.667,219.8326
94005.333,221.1061
94016.000,222.3869
94026.667,203.9297
94037.333,206.2992
94048.000,207.4943
94058.667,208.6963
94069.333,209.9053
94080.000,209.9053
94090.667,211.1213
94101.333,212.3443
94112.000,213.5744
94122.667,214.8116
94133.333,213.5744
94144.000,217.3076
94154.667,219.8326
94165.333,219.8326
94176.000,219.8326
94186.667,219.8326
94197.333,221.1061
94208.000,223.6752
94218.667,234.2537
94229.333,234.2537
94240.000,234.2537
94250.667,231.5631
94261.333,231.5631
94272.000,231.5631
94282.667,231.5631
94293.333,231.5631
94304.000,231.5631
94314.667,231.5631
94325.333,230.2294
94336.000,228.9033
94346.667,0.0000
94357.333,0.0000
94368.000,0.0000
94378.667,0.0000
94389.333,0.0000
94400.000,0.0000
94410.667,0.0000
94421.333,0.0000
94432.000,0.0000
94442.667,0.0000
94453.333,0.0000
94464.000,0.0000
94474.667,0.0000
94485.333,0.0000
94496.000,0.0000
94506.667,0.0000
94517.333,0.0000
94528.000,0.0000
94538.667,0.0000
94549.333,0.0000
94560.000,0.0000
94570.667,0.0000
94581.333,0.0000
94592.000,0.0000
94602.667,0.0000
94613.333,0.0000
94624.000,0.0000
94634.667,0.0000
94645.333,175.4920
94656.000,175.4920
94666.667,180.6343
94677.333,185.9273
94688.000,191.3754
94698.667,194.7206
94709.333,195.8486
94720.000,196.9831
94730.667,198.1242
94741.333,196.9831
94752.000,196.9831
94762.667,196.9831
94773.333,198.1242
94784.000,198.1242
94794.667,198.1242
94805.333,198.1242
94816.000,196.9831
94826.667,196.9831
94837.333,196.9831
94848.000,195.8486
94858.667,195.8486
94869.333,195.8486
94880.000,195.8486
94890.667,199.2719
94901.333,200.4263
94912.000,200.4263
94922.667,200.4263
94933.333,200.4263
94944.000,199.2719
94954.667,199.2719
94965.333,198.1242
94976.000,198.1242
94986.667,198.1242
94997.333,198.1242
95008.000,198.1242
95018.667,196.9831
95029.333,196.9831
95040.000,196.9831
95050.667,196.9831
95061.333,195.8486
95072.000,195.8486
95082.667,195.8486
95093.333,194.7206
95104.000,195.8486
95114.667,194.7206
95125.333,194.7206
95136.000,193.5991
95146.667,193.5991
95157.333,194.7206
95168.000,196.9831
95178.667,198.1242
95189.333,199.2719
95200.000,200.4263
95210.667,200.4263
95221.333,201.5874
95232.000,202.7552
95242.667,201.5874
95253.333,199.2719
95264.000,196.9831
95274.667,194.7206
95285.333,193.5991
95296.000,193.5991
95306.667,195.8486
95317.333,198.1242
95328.000,200.4263
95338.667,201.5874
95349.333,202.7552
95360.000,200.4263
95370.667,196.9831
95381.333,194.7206
95392.000,192.4840
95402.667,190.2731
95413.333,188.0877
95424.000,185.9273
95434.667,188.0877
95445.333,190.2731
95456.000,191.3754
95466.667,192.4840
95477.333,193.5991
95488.000,194.7206
95498.667,195.8486
95509.333,0.0000
95520.000,242.5147
95530.667,255.4555
95541.333,264.4641
95552.000,272.2135
95562.667,275.3765
95573.333,275.3765
95584.000,276.9717
95594.667,276.9717
95605.333,275.3765
95616.000,273.7904
95626.667,272.2135
95637.333,270.6457
95648.000,267.5370
95658.667,265.9961
95669.333,262.9409
95680.000,259.9208
95690.667,258.4237
95701.333,255.4555
95712.000,248.1832
95722.667,245.3325
95733.333,242.5147
95744.000,241.1179
95754.667,236.9756
95765.333,231.5631
95776.000,228.9033
95786.667,223.6752
95797.333,222.3869
95808.000,218.5664
95818.667,217.3076
95829.333,213.5744
95840.000,211.1213
95850.667,206.2992
95861.333,205.1111
95872.000,201.5874
95882.667,192.4840
95893.333,0.0000
95904.000,0.0000
95914.667,0.0000
95925.333,0.0000
95936.000,0.0000
95946.667,0.0000
95957.333,0.0000
95968.000,201.5874
95978.667,200.4263
95989.333,199.2719
96000.000,198.1242
96010.667,196.9831
96021.333,196.9831
96032.000,196.9831
96042.667,196.9831
96053.333,196.9831
96064.000,196.9831
96074.667,198.1242
96085.333,199.2719
96096.000,201.5874
96106.667,202.7552
96117.333,202.7552
96128.000,202.7552
96138.667,202.7552
96149.333,201.5874
96160.000,202.7552
96170.667,202.7552
96181.333,202.7552
96192.000,205.1111
96202.667,207.4943
96213.333,208.6963
96224.000,208.6963
96234.667,208.6963
96245.333,208.6963
96256.000,209.9053
96266.667,209.9053
96277.333,209.9053
96288.000,209.9053
96298.667,211.1213
96309.333,211.1213
96320.000,211.1213
96330.667,211.1213
96341.333,211.1213
96352.000,211.1213
96362.667,211.1213
96373.333,211.1213
96384.000,211.1213
96394.667,211.1213
96405.333,211.1213
96416.000,211.1213
96426.667,211.1213
96437.333,211.1213
96448.000,211.1213
96458.667,209.9053
96469.333,208.6963
96480.000,208.6963
96490.667,207.4943
96501.333,207.4943
96512.000,207.4943
96522.667,208.6963
96533.333,208.6963
96544.000,208.6963
96554.667,209.9053
96565.333,209.9053
96576.000,209.9053
96586.667,208.6963
96597.333,208.6963
96608.000,207.4943
96618.667,207.4943
96629.333,207.4943
96640.000,207.4943
96650.667,207.4943
96661.333,207.4943
96672.000,206.2992
96682.667,206.2992
96693.333,205.1111
96704.000,205.1111
96714.667,205.1111
96725.333,205.1111
96736.000,206.2992
96746.667,206.2992
96757.333,206.2992
96768.000,206.2992
96778.667,206.2992
96789.333,205.1111
96800.000,203.9297
96810.667,202.7552
96821.333,203.9297
96832.000,203.9297
96842.667,205.1111
96853.333,206.2992
96864.000,205.1111
96874.667,206.2992
96885.333,206.2992
96896.000,207.4943
96906.667,207.4943
96917.333,206.2992
96928.000,206.2992
96938.667,205.1111
96949.333,205.1111
96960.000,205.1111
96970.667,206.2992
96981.333,206.2992
96992.000,207.4943
97002.667,209.9053
97013.333,211.1213
97024.000,209.9053
97034.667,209.9053
97045.333,208.6963
97056.000,206.2992
97066.667,205.1111
97077.333,203.9297
97088.000,202.7552
97098.667,203.9297
97109.333,206.2992
97120.000,209.9053
97130.667,212.3443
97141.333,214.8116
97152.000,214.8116
97162.667,214.8116
97173.333,213.5744
97184.000,209.9053
97194.667,207.4943
97205.333,205.1111
97216.000,202.7552
97226.667,203.9297
97237.333,206.2992
97248.000,209.9053
97258.667,211.1213
97269.333,212.3443
97280.000,211.1213
97290.667,209.9053
97301.333,206.2992
97312.000,203.9297
97322.667,200.4263
97333.333,198.1242
97344.000,199.2719
97354.667,200.4263
97365.333,202.7552
97376.000,209.9053
97386.667,214.8116
97397.333,216.0560
97408.000,217.3076
97418.667,216.0560
97429.333,217.3076
97440.000,214.8116
97450.667,213.5744
97461.333,213.5744
97472.000,214.8116
97482.667,216.0560
97493.333,217.3076
97504.000,219.8326
97514.667,221.1061
97525.333,212.3443
97536.000,206.2992
97546.667,201.5874
97557.333,202.7552
97568.000,203.9297
97578.667,205.1111
97589.333,206.2992
97600.000,211.1213
97610.667,214.8116
97621.333,216.0560
97632.000,217.3076
97642.667,217.3076
97653.333,214.8116
97664.000,216.0560
97674.667,216.0560
97685.333,218.5664
97696.000,221.1061
97706.667,222.3869
97717.333,218.5664
97728.000,213.5744
97738.667,202.7552
97749.333,0.0000
97760.000,0.0000
97770.667,0.0000
97781.333,0.0000
97792.000,0.0000
97802.667,0.0000
97813.333,0.0000
97824.000,0.0000
97834.667,0.0000
97845.333,0.0000
97856.000,0.0000
97866.667,0.0000
97877.333,0.0000
97888.000,0.0000
97898.667,0.0000
97909.333,0.0000
97920.000,0.0000
97930.667,0.0000
97941.333,0.0000
97952.000,0.0000
97962.667,0.0000
97973.333,0.0000
97984.000,0.0000
97994.667,0.0000
98005.333,0.0000
98016.000,0.0000
98026.667,0.0000
98037.333,0.0000
98048.000,0.0000
98058.667,0.0000
98069.333,0.0000
98080.000,0.0000
98090.667,0.0000
98101.333,0.0000
98112.000,0.0000
98122.667,0.0000
98133.333,0.0000
98144.000,0.0000
98154.667,0.0000
98165.333,0.0000
98176.000,0.0000
98186.667,0.0000
98197.333,0.0000
98208.000,0.0000
98218.667,0.0000
98229.333,0.0000
98240.000,0.0000
98250.667,0.0000
98261.333,0.0000
98272.000,0.0000
98282.667,0.0000
98293.333,0.0000
98304.000,0.0000
98314.667,0.0000
98325.333,0.0000
98336.000,0.0000
98346.667,0.0000
98357.333,0.0000
98368.000,0.0000
98378.667,0.0000
98389.333,0.0000
98400.000,0.0000
98410.667,0.0000
98421.333,0.0000
98432.000,0.0000
98442.667,0.0000
98453.333,0.0000
98464.000,0.0000
98474.667,0.0000
98485.333,0.0000
98496.000,0.0000
98506.667,0.0000
98517.333,0.0000
98528.000,0.0000
98538.667,0.0000
98549.333,0.0000
98560.000,0.0000
98570.667,0.0000
98581.333,0.0000
98592.000,0.0000
98602.667,0.0000
98613.333,371.8546
98624.000,374.0087
98634.667,374.0087
98645.333,376.1753
98656.000,376.1753
98666.667,378.3545
98677.333,371.8546
98688.000,365.4663
98698.667,365.4663
98709.333,350.9840
98720.000,359.1879
98730.667,357.1191
98741.333,355.0622
98752.000,357.1191
98762.667,350.9840
98773.333,344.9543
98784.000,342.9675
98794.667,350.9840
98805.333,348.9625
98816.000,0.0000
98826.667,0.0000
98837.333,0.0000
98848.000,0.0000
98858.667,0.0000
98869.333,0.0000
98880.000,0.0000
98890.667,0.0000
98901.333,0.0000
98912.000,0.0000
98922.667,0.0000
98933.333,0.0000
98944.000,0.0000
98954.667,0.0000
98965.333,0.0000
98976.000,0.0000
98986.667,0.0000
98997.333,0.0000
99008.000,0.0000
99018.667,0.0000
99029.333,0.0000
99040.000,0.0000
99050.667,355.0622
99061.333,350.9840
99072.000,363.3614
99082.667,363.3614
99093.333,365.4663
99104.000,365.4663
99114.667,369.7129
99125.333,369.7129
99136.000,374.0087
99146.667,357.1191
99157.333,357.1191
99168.000,359.1879
99178.667,0.0000
99189.333,0.0000
99200.000,323.7182
99210.667,331.2848
99221.333,365.4663
99232.000,365.4663
99242.667,363.3614
99253.333,361.2686
99264.000,359.1879
99274.667,359.1879
99285.333,357.1191
99296.000,357.1191
99306.667,357.1191
99317.333,357.1191
99328.000,353.0172
99338.667,353.0172
99349.333,350.9840
99360.000,348.9625
99370.667,348.9625
99381.333,348.9625
99392.000,350.9840
99402.667,350.9840
99413.333,350.9840
99424.000,348.9625
99434.667,348.9625
99445.333,346.9526
99456.000,346.9526
99466.667,346.9526
99477.333,350.9840
99488.000,353.0172
99498.667,355.0622
99509.333,353.0172
99520.000,350.9840
99530.667,348.9625
99541.333,346.9526
99552.000,346.9526
99562.667,346.9526
99573.333,346.9526
99584.000,344.9543
99594.667,342.9675
99605.333,342.9675
99616.000,340.9922
99626.667,339.0282
99637.333,337.0755
99648.000,335.1341
99658.667,340.9922
99669.333,346.9526
99680.000,346.9526
99690.667,346.9526
99701.333,344.9543
99712.000,344.9543
99722.667,344.9543
99733.333,346.9526
99744.000,346.9526
99754.667,346.9526
99765.333,346.9526
99776.000,348.9625
99786.667,350.9840
99797.333,348.9625
99808.000,350.9840
99818.667,350.9840
99829.333,350.9840
99840.000,350.9840
99850.667,350.9840
99861.333,348.9625
99872.000,350.9840
99882.667,348.9625
99893.333,348.9625
99904.000,348.9625
99914.667,350.9840
99925.333,353.0172
99936.000,355.0622
99946.667,357.1191
99957.333,357.1191
99968.000,357.1191
99978.667,355.0622
99989.333,357.1191
100000.000,357.1191
100010.667,357.1191
100021.333,359.1879
100032.000,359.1879
100042.667,0.0000
100053.333,0.0000
100064.000,0.0000
100074.667,0.0000
100085.333,367.5835
100096.000,367.5835
100106.667,369.7129
100117.333,367.5835
100128.000,367.5835
100138.667,365.4663
100149.333,363.3614
100160.000,363.3614
100170.667,363.3614
100181.333,363.3614
100192.000,363.3614
100202.667,363.3614
100213.333,361.2686
100224.000,359.1879
100234.667,355.0622
100245.333,353.0172
100256.000,348.9625
100266.667,350.9840
100277.333,350.9840
100288.000,350.9840
100298.667,350.9840
100309.333,348.9625
100320.000,350.9840
100330.667,353.0172
100341.333,355.0622
100352.000,355.0622
100362.667,355.0622
100373.333,357.1191
100384.000,357.1191
100394.667,357.1191
100405.333,357.1191
100416.000,357.1191
100426.667,357.1191
100437.333,357.1191
100448.000,355.0622
100458.667,355.0622
100469.333,355.0622
100480.000,353.0172
100490.667,353.0172
100501.333,355.0622
100512.000,355.0622
100522.667,353.0172
100533.333,353.0172
100544.000,355.0622
100554.667,355.0622
100565.333,357.1191
100576.000,361.2686
100586.667,359.1879
100597.333,359.1879
100608.000,357.1191
100618.667,359.1879
100629.333,361.2686
100640.000,363.3614
100650.667,365.4663
100661.333,367.5835
100672.000,369.7129
100682.667,0.0000
100693.333,0.0000
100704.000,0.0000
100714.667,350.9840
100725.333,348.9625
100736.000,348.9625
100746.667,350.9840
100757.333,350.9840
100768.000,350.9840
100778.667,353.0172
100789.333,353.0172
100800.000,348.9625
100810.667,348.9625
100821.333,348.9625
100832.000,350.9840
100842.667,353.0172
100853.333,353.0172
100864.000,353.0172
100874.667,353.0172
100885.333,350.9840
100896.000,348.9625
100906.667,346.9526
100917.333,340.9922
100928.000,339.0282
100938.667,337.0755
100949.333,339.0282
100960.000,337.0755
100970.667,337.0755
100981.333,339.0282
100992.000,337.0755
101002.667,346.9526
101013.333,355.0622
101024.000,361.2686
101034.667,0.0000
101045.333,0.0000
101056.000,0.0000
101066.667,0.0000
101077.333,0.0000
101088.000,0.0000
101098.667,0.0000
101109.333,0.0000
101120.000,0.0000
101130.667,0.0000
101141.333,0.0000
101152.000,344.9543
101162.667,344.9543
101173.333,346.9526
101184.000,346.9526
101194.667,346.9526
101205.333,342.9675
101216.000,339.0282
101226.667,342.9675
101237.333,339.0282
101248.000,339.0282
101258.667,333.2039
101269.333,329.3767
101280.000,333.2039
101290.667,333.2039
101301.333,335.1341
101312.000,335.1341
101322.667,337.0755
101333.333,340.9922
101344.000,342.9675
101354.667,0.0000
101365.333,0.0000
101376.000,348.9625
101386.667,353.0172
101397.333,357.1191
101408.000,359.1879
101418.667,359.1879
101429.333,359.1879
101440.000,361.2686
101450.667,0.0000
101461.333,0.0000
101472.000,0.0000
101482.667,0.0000
101493.333,0.0000
101504.000,0.0000
101514.667,0.0000
101525.333,0.0000
101536.000,355.0622
101546.667,350.9840
101557.333,342.9675
101568.000,340.9922
101578.667,337.0755
101589.333,342.9675
101600.000,348.9625
101610.667,350.9840
101621.333,353.0172
101632.000,353.0172
101642.667,353.0172
101653.333,350.9840
101664.000,346.9526
101674.667,342.9675
101685.333,344.9543
101696.000,348.9625
101706.667,353.0172
101717.333,353.0172
101728.000,353.0172
101738.667,353.0172
101749.333,355.0622
101760.000,353.0172
101770.667,350.9840
101781.333,353.0172
101792.000,353.0172
101802.667,353.0172
101813.333,353.0172
101824.000,348.9625
101834.667,348.9625
101845.333,348.9625
101856.000,342.9675
101866.667,342.9675
101877.333,344.9543
101888.000,344.9543
101898.667,346.9526
101909.333,346.9526
101920.000,348.9625
101930.667,350.9840
101941.333,350.9840
101952.000,350.9840
101962.667,344.9543
101973.333,344.9543
101984.000,340.9922
101994.667,340.9922
102005.333,340.9922
102016.000,339.0282
102026.667,337.0755
102037.333,340.9922
102048.000,342.9675
102058.667,342.9675
102069.333,340.9922
102080.000,340.9922
102090.667,339.0282
102101.333,340.9922
102112.000,340.9922
102122.667,342.9675
102133.333,342.9675
102144.000,344.9543
102154.667,344.9543
102165.333,344.9543
102176.000,348.9625
102186.667,350.9840
102197.333,353.0172
102208.000,350.9840
102218.667,348.9625
102229.333,344.9543
102240.000,340.9922
102250.667,335.1341
102261.333,340.9922
102272.000,333.2039
102282.667,337.0755
102293.333,339.0282
102304.000,344.9543
102314.667,357.1191
102325.333,359.1879
102336.000,359.1879
102346.667,363.3614
102357.333,363.3614
102368.000,363.3614
102378.667,0.0000
102389.333,0.0000
102400.000,0.0000
102410.667,0.0000
102421.333,0.0000
102432.000,0.0000
102442.667,0.0000
102453.333,344.9543
102464.000,342.9675
102474.667,350.9840
102485.333,350.9840
102496.000,353.0172
102506.667,353.0172
102517.333,353.0172
102528.000,350.9840
102538.667,348.9625
102549.333,344.9543
102560.000,344.9543
102570.667,346.9526
102581.333,344.9543
102592.000,342.9675
102602.667,342.9675
102613.333,344.9543
102624.000,344.9543
102634.667,342.9675
102645.333,340.9922
102656.000,337.0755
102666.667,337.0755
102677.333,337.0755
102688.000,337.0755
102698.667,337.0755
102709.333,339.0282
102720.000,357.1191
102730.667,348.9625
102741.333,353.0172
102752.000,348.9625
102762.667,346.9526
102773.333,348.9625
102784.000,350.9840
102794.667,355.0622
102805.333,357.1191
102816.000,357.1191
102826.667,357.1191
102837.333,355.0622
102848.000,353.0172
102858.667,353.0172
102869.333,350.9840
102880.000,348.9625
102890.667,350.9840
102901.333,350.9840
102912.000,350.9840
102922.667,350.9840
102933.333,353.0172
102944.000,353.0172
102954.667,353.0172
102965.333,355.0622
102976.000,353.0172
102986.667,350.9840
102997.333,348.9625
103008.000,346.9526
103018.667,346.9526
103029.333,344.9543
103040.000,342.9675
103050.667,340.9922
103061.333,340.9922
103072.000,340.9922
103082.667,339.0282
103093.333,339.0282
103104.000,337.0755
103114.667,339.0282
103125.333,340.9922
103136.000,342.9675
103146.667,342.9675
103157.333,342.9675
103168.000,344.9543
103178.667,344.9543
103189.333,344.9543
103200.000,344.9543
103210.667,344.9543
103221.333,342.9675
103232.000,340.9922
103242.667,339.0282
103253.333,337.0755
103264.000,337.0755
103274.667,337.0755
103285.333,337.0755
103296.000,339.0282
103306.667,339.0282
103317.333,342.9675
103328.000,344.9543
103338.667,344.9543
103349.333,344.9543
103360.000,342.9675
103370.667,333.2039
103381.333,331.2848
103392.000,331.2848
103402.667,331.2848
103413.333,331.2848
103424.000,331.2848
103434.667,333.2039
103445.333,333.2039
103456.000,333.2039
103466.667,333.2039
103477.333,331.2848
103488.000,333.2039
103498.667,335.1341
103509.333,337.0755
103520.000,335.1341
103530.667,337.0755
103541.333,337.0755
103552.000,337.0755
103562.667,337.0755
103573.333,337.0755
103584.000,337.0755
103594.667,337.0755
103605.333,337.0755
103616.000,337.0755
103626.667,337.0755
103637.333,337.0755
103648.000,337.0755
103658.667,337.0755
103669.333,339.0282
103680.000,339.0282
103690.667,339.0282
103701.333,339.0282
103712.000,340.9922
103722.667,342.9675
103733.333,342.9675
103744.000,344.9543
103754.667,340.9922
103765.333,344.9543
103776.000,344.9543
103786.667,346.9526
103797.333,348.9625
103808.000,346.9526
103818.667,340.9922
103829.333,339.0282
103840.000,333.2039
103850.667,337.0755
103861.333,340.9922
103872.000,340.9922
103882.667,340.9922
103893.333,340.9922
103904.000,340.9922
103914.667,340.9922
103925.333,340.9922
103936.000,340.9922
103946.667,339.0282
103957.333,337.0755
103968.000,337.0755
103978.667,337.0755
103989.333,337.0755
104000.000,337.0755
104010.667,337.0755
104021.333,337.0755
104032.000,337.0755
104042.667,337.0755
104053.333,337.0755
104064.000,337.0755
104074.667,337.0755
104085.333,339.0282
104096.000,339.0282
104106.667,339.0282
104117.333,339.0282
104128.000,340.9922
104138.667,342.9675
104149.333,342.9675
104160.000,342.9675
104170.667,344.9543
104181.333,344.9543
104192.000,344.9543
104202.667,344.9543
104213.333,344.9543
104224.000,344.9543
104234.667,344.9543
104245.333,344.9543
104256.000,342.9675
104266.667,340.9922
104277.333,342.9675
104288.000,340.9922
104298.667,340.9922
104309.333,340.9922
104320.000,340.9922
104330.667,340.9922
104341.333,340.9922
104352.000,340.9922
104362.667,340.9922
104373.333,340.9922
104384.000,340.9922
104394.667,342.9675
104405.333,342.9675
104416.000,342.9675
104426.667,340.9922
104437.333,340.9922
104448.000,339.0282
104458.667,337.0755
104469.333,337.0755
104480.000,335.1341
104490.667,333.2039
104501.333,333.2039
104512.000,333.2039
104522.667,331.2848
104533.333,331.2848
104544.000,331.2848
104554.667,331.2848
104565.333,331.2848
104576.000,331.2848
104586.667,331.2848
104597.333,331.2848
104608.000,333.2039
104618.667,333.2039
104629.333,333.2039
104640.000,333.2039
104650.667,333.2039
104661.333,333.2039
104672.000,333.2039
104682.667,331.2848
104693.333,331.2848
104704.000,331.2848
104714.667,331.2848
104725.333,331.2848
104736.000,329.3767
104746.667,327.4796
104757.333,327.4796
104768.000,327.4796
104778.667,329.3767
104789.333,329.3767
104800.000,329.3767
104810.667,327.4796
104821.333,329.3767
104832.000,0.0000
104842.667,0.0000
104853.333,0.0000
104864.000,0.0000
104874.667,0.0000
104885.333,647.4364
104896.000,651.1870
104906.667,651.1870
104917.333,647.4364
104928.000,640.0000
104938.667,647.4364
104949.333,647.4364
104960.000,643.7075
104970.667,651.1870
104981.333,618.1993
104992.000,607.5790
105002.667,614.6387
105013.333,621.7804
105024.000,625.3824
105034.667,625.3824
105045.333,621.7804
105056.000,621.7804
105066.667,625.3824
105077.333,625.3824
105088.000,625.3824
105098.667,625.3824
105109.333,625.3824
105120.000,621.7804
105130.667,629.0052
105141.333,632.6490
105152.000,629.0052
105162.667,632.6490
105173.333,625.3824
105184.000,629.0052
105194.667,629.0052
105205.333,629.0052
105216.000,629.0052
105226.667,632.6490
105237.333,632.6490
105248.000,636.3139
105258.667,643.7075
105269.333,647.4364
105280.000,0.0000
105290.667,0.0000
105301.333,0.0000
105312.000,0.0000
105322.667,0.0000
105333.333,0.0000
105344.000,0.0000
105354.667,0.0000
105365.333,207.4943
105376.000,208.6963
105386.667,208.6963
105397.333,208.6963
105408.000,208.6963
105418.667,208.6963
105429.333,207.4943
105440.000,208.6963
105450.667,208.6963
105461.333,208.6963
105472.000,207.4943
105482.667,207.4943
105493.333,207.4943
105504.000,207.4943
105514.667,207.4943
105525.333,0.0000
105536.000,0.0000
105546.667,0.0000
105557.333,0.0000
105568.000,329.3767
105578.667,329.3767
105589.333,329.3767
105600.000,329.3767
105610.667,331.2848
105621.333,331.2848
105632.000,331.2848
105642.667,331.2848
105653.333,329.3767
105664.000,329.3767
105674.667,329.3767
105685.333,331.2848
105696.000,329.3767
105706.667,331.2848
105717.333,333.2039
105728.000,335.1341
105738.667,335.1341
105749.333,333.2039
105760.000,333.2039
105770.667,333.2039
105781.333,335.1341
105792.000,335.1341
105802.667,331.2848
105813.333,325.5935
105824.000,312.6912
105834.667,310.8902
105845.333,0.0000
105856.000,0.0000
105866.667,0.0000
105877.333,0.0000
105888.000,0.0000
105898.667,0.0000
105909.333,0.0000
105920.000,346.9526
105930.667,337.0755
105941.333,337.0755
105952.000,333.2039
105962.667,331.2848
105973.333,346.9526
105984.000,348.9625
105994.667,342.9675
106005.333,340.9922
106016.000,344.9543
106026.667,331.2848
106037.333,331.2848
106048.000,331.2848
106058.667,331.2848
106069.333,331.2848
106080.000,331.2848
106090.667,331.2848
106101.333,329.3767
106112.000,321.8537
106122.667,323.7182
106133.333,321.8537
106144.000,325.5935
106154.667,325.5935
106165.333,329.3767
106176.000,329.3767
106186.667,331.2848
106197.333,333.2039
106208.000,333.2039
106218.667,329.3767
106229.333,329.3767
106240.000,327.4796
106250.667,0.0000
106261.333,0.0000
106272.000,344.9543
106282.667,346.9526
106293.333,348.9625
106304.000,346.9526
106314.667,344.9543
106325.333,342.9675
106336.000,344.9543
106346.667,344.9543
106357.333,344.9543
106368.000,344.9543
106378.667,346.9526
106389.333,348.9625
106400.000,348.9625
106410.667,346.9526
106421.333,346.9526
106432.000,346.9526
106442.667,348.9625
106453.333,350.9840
106464.000,353.0172
106474.667,350.9840
106485.333,353.0172
106496.000,337.0755
106506.667,348.9625
106517.333,348.9625
106528.000,348.9625
106538.667,340.9922
106549.333,337.0755
106560.000,337.0755
106570.667,337.0755
106581.333,350.9840
106592.000,344.9543
106602.667,0.0000
106613.333,0.0000
106624.000,0.0000
106634.667,339.0282
106645.333,339.0282
106656.000,335.1341
106666.667,335.1341
106677.333,335.1341
106688.000,335.1341
106698.667,339.0282
106709.333,0.0000
106720.000,0.0000
106730.667,0.0000
106741.333,0.0000
106752.000,0.0000
106762.667,0.0000
106773.333,0.0000
106784.000,0.0000
106794.667,0.0000
106805.333,0.0000
106816.000,0.0000
106826.667,0.0000
106837.333,0.0000
106848.000,0.0000
106858.667,0.0000
106869.333,0.0000
106880.000,0.0000
106890.667,0.0000
106901.333,0.0000
106912.000,0.0000
106922.667,0.0000
106933.333,0.0000
106944.000,0.0000
106954.667,0.0000
106965.333,0.0000
106976.000,374.0087
106986.667,371.8546
106997.333,371.8546
107008.000,371.8546
107018.667,371.8546
107029.333,371.8546
107040.000,371.8546
107050.667,374.0087
107061.333,371.8546
107072.000,369.7129
107082.667,365.4663
107093.333,363.3614
107104.000,0.0000
107114.667,0.0000
107125.333,0.0000
107136.000,0.0000
107146.667,0.0000
107157.333,0.0000
107168.000,0.0000
107178.667,0.0000
107189.333,0.0000
107200.000,0.0000
107210.667,355.0622
107221.333,353.0172
107232.000,355.0622
107242.667,353.0172
107253.333,363.3614
107264.000,335.1341
107274.667,337.0755
107285.333,342.9675
107296.000,350.9840
107306.667,353.0172
107317.333,355.0622
107328.000,357.1191
107338.667,359.1879
107349.333,367.5835
107360.000,369.7129
107370.667,325.5935
107381.333,327.4796
107392.000,325.5935
107402.667,327.4796
107413.333,325.5935
107424.000,367.5835
107434.667,369.7129
107445.333,367.5835
107456.000,0.0000
107466.667,0.0000
107477.333,0.0000
107488.000,0.0000
107498.667,327.4796
107509.333,327.4796
107520.000,327.4796
107530.667,329.3767
107541.333,329.3767
107552.000,331.2848
107562.667,331.2848
107573.333,331.2848
107584.000,329.3767
107594.667,329.3767
107605.333,327.4796
107616.000,329.3767
107626.667,329.3767
107637.333,329.3767
107648.000,331.2848
107658.667,331.2848
107669.333,331.2848
107680.000,331.2848
107690.667,331.2848
107701.333,331.2848
107712.000,331.2848
107722.667,331.2848
107733.333,0.0000
107744.000,0.0000
107754.667,0.0000
107765.333,0.0000
107776.000,0.0000
107786.667,0.0000
107797.333,0.0000
107808.000,0.0000
107818.667,0.0000
107829.333,0.0000
107840.000,0.0000
107850.667,0.0000
107861.333,0.0000
107872.000,0.0000
107882.667,0.0000
107893.333,0.0000
107904.000,0.0000
107914.667,0.0000
107925.333,0.0000
107936.000,0.0000
107946.667,0.0000
107957.333,0.0000
107968.000,0.0000
107978.667,329.3767
107989.333,327.4796
108000.000,327.4796
108010.667,327.4796
108021.333,329.3767
108032.000,331.2848
108042.667,329.3767
108053.333,329.3767
108064.000,329.3767
108074.667,329.3767
108085.333,329.3767
108096.000,329.3767
108106.667,329.3767
108117.333,331.2848
108128.000,331.2848
108138.667,331.2848
108149.333,331.2848
108160.000,331.2848
108170.667,331.2848
108181.333,331.2848
108192.000,331.2848
108202.667,329.3767
108213.333,329.3767
108224.000,329.3767
108234.667,329.3767
108245.333,329.3767
108256.000,331.2848
108266.667,0.0000
108277.333,0.0000
108288.000,0.0000
108298.667,0.0000
108309.333,0.0000
108320.000,0.0000
108330.667,337.0755
108341.333,335.1341
108352.000,335.1341
108362.667,335.1341
108373.333,335.1341
108384.000,335.1341
108394.667,335.1341
108405.333,333.2039
108416.000,333.2039
108426.667,331.2848
108437.333,331.2848
108448.000,0.0000
108458.667,0.0000
108469.333,0.0000
108480.000,0.0000
108490.667,0.0000
108501.333,0.0000
108512.000,0.0000
108522.667,333.2039
108533.333,333.2039
108544.000,333.2039
108554.667,333.2039
108565.333,333.2039
108576.000,331.2848
108586.667,331.2848
108597.333,331.2848
108608.000,329.3767
108618.667,331.2848
108629.333,331.2848
108640.000,331.2848
108650.667,331.2848
108661.333,331.2848
108672.000,329.3767
108682.667,331.2848
108693.333,331.2848
108704.000,329.3767
108714.667,329.3767
108725.333,329.3767
108736.000,329.3767
108746.667,329.3767
108757.333,331.2848
108768.000,329.3767
108778.667,329.3767
108789.333,331.2848
108800.000,335.1341
108810.667,335.1341
108821.333,337.0755
108832.000,339.0282
108842.667,339.0282
108853.333,340.9922
108864.000,340.9922
108874.667,342.9675
108885.333,344.9543
108896.000,346.9526
108906.667,346.9526
108917.333,346.9526
108928.000,344.9543
108938.667,344.9543
108949.333,346.9526
108960.000,346.9526
108970.667,348.9625
108981.333,348.9625
108992.000,348.9625
109002.667,346.9526
109013.333,346.9526
109024.000,340.9922
109034.667,337.0755
109045.333,337.0755
109056.000,339.0282
109066.667,339.0282
109077.333,339.0282
109088.000,339.0282
109098.667,339.0282
109109.333,340.9922
109120.000,340.9922
109130.667,340.9922
109141.333,340.9922
109152.000,339.0282
109162.667,337.0755
109173.333,335.1341
109184.000,333.2039
109194.667,331.2848
109205.333,333.2039
109216.000,335.1341
109226.667,335.1341
109237.333,333.2039
109248.000,333.2039
109258.667,333.2039
109269.333,333.2039
109280.000,333.2039
109290.667,333.2039
109301.333,333.2039
109312.000,333.2039
109322.667,333.2039
109333.333,331.2848
109344.000,331.2848
109354.667,331.2848
109365.333,331.2848
109376.000,331.2848
109386.667,329.3767
109397.333,329.3767
109408.000,329.3767
109418.667,329.3767
109429.333,329.3767
109440.000,329.3767
109450.667,329.3767
109461.333,331.2848
109472.000,331.2848
109482.667,331.2848
109493.333,331.2848
109504.000,331.2848
109514.667,331.2848
109525.333,331.2848
109536.000,331.2848
109546.667,331.2848
109557.333,0.0000
109568.000,0.0000
109578.667,0.0000
109589.333,331.2848
109600.000,331.2848
109610.667,331.2848
109621.333,333.2039
109632.000,333.2039
109642.667,331.2848
109653.333,331.2848
109664.000,329.3767
109674.667,329.3767
109685.333,329.3767
109696.000,329.3767
109706.667,329.3767
109717.333,329.3767
109728.000,331.2848
109738.667,331.2848
109749.333,331.2848
109760.000,329.3767
109770.667,327.4796
109781.333,327.4796
109792.000,327.4796
109802.667,0.0000
109813.333,0.0000
109824.000,0.0000
109834.667,329.3767
109845.333,329.3767
109856.000,329.3767
109866.667,329.3767
109877.333,329.3767
109888.000,329.3767
109898.667,331.2848
109909.333,331.2848
109920.000,331.2848
109930.667,331.2848
109941.333,331.2848
109952.000,331.2848
109962.667,0.0000
109973.333,0.0000
109984.000,0.0000
109994.667,0.0000
110005.333,0.0000
110016.000,0.0000
110026.667,0.0000
110037.333,0.0000
110048.000,0.0000
110058.667,0.0000
110069.333,0.0000
110080.000,0.0000
110090.667,0.0000
110101.333,0.0000
110112.000,0.0000
110122.667,0.0000
110133.333,0.0000
110144.000,0.0000
110154.667,0.0000
110165.333,0.0000
110176.000,0.0000
110186.667,0.0000
110197.333,0.0000
110208.000,333.2039
110218.667,331.2848
110229.333,331.2848
110240.000,331.2848
110250.667,331.2848
110261.333,331.2848
110272.000,329.3767
110282.667,329.3767
110293.333,329.3767
110304.000,327.4796
110314.667,327.4796
110325.333,331.2848
110336.000,329.3767
110346.667,329.3767
110357.333,327.4796
110368.000,321.8537
110378.667,321.8537
110389.333,0.0000
110400.000,0.0000
110410.667,0.0000
110421.333,0.0000
110432.000,0.0000
110442.667,0.0000
110453.333,0.0000
110464.000,0.0000
110474.667,0.0000
110485.333,0.0000
110496.000,0.0000
110506.667,0.0000
110517.333,0.0000
110528.000,0.0000
110538.667,0.0000
110549.333,0.0000
110560.000,0.0000
110570.667,0.0000
110581.333,0.0000
110592.000,0.0000
110602.667,0.0000
110613.333,0.0000
110624.000,0.0000
110634.667,216.0560
110645.333,219.8326
110656.000,222.3869
110666.667,224.9709
110677.333,227.5850
110688.000,231.5631
110698.667,239.7291
110709.333,246.7537
110720.000,248.1832
110730.667,249.6209
110741.333,251.0669
110752.000,253.9842
110762.667,253.9842
110773.333,255.4555
110784.000,256.9353
110794.667,255.4555
110805.333,256.9353
110816.000,258.4237
110826.667,259.9208
110837.333,261.4265
110848.000,261.4265
110858.667,259.9208
110869.333,256.9353
110880.000,246.7537
110890.667,246.7537
110901.333,246.7537
110912.000,248.1832
110922.667,0.0000
110933.333,0.0000
110944.000,0.0000
110954.667,0.0000
110965.333,0.0000
110976.000,0.0000
110986.667,0.0000
110997.333,0.0000
111008.000,251.0669
111018.667,259.9208
111029.333,262.9409
111040.000,264.4641
111050.667,264.4641
111061.333,264.4641
111072.000,264.4641
111082.667,265.9961
111093.333,265.9961
111104.000,264.4641
111114.667,262.9409
111125.333,259.9208
111136.000,256.9353
111146.667,252.5213
111157.333,248.1832
111168.000,246.7537
111178.667,248.1832
111189.333,252.5213
111200.000,258.4237
111210.667,264.4641
111221.333,267.5370
111232.000,265.9961
111242.667,261.4265
111253.333,258.4237
111264.000,258.4237
111274.667,256.9353
111285.333,256.9353
111296.000,256.9353
111306.667,253.9842
111317.333,258.4237
111328.000,261.4265
111338.667,261.4265
111349.333,262.9409
111360.000,259.9208
111370.667,258.4237
111381.333,258.4237
111392.000,261.4265
111402.667,0.0000
111413.333,0.0000
111424.000,0.0000
111434.667,0.0000
111445.333,265.9961
111456.000,270.6457
111466.667,278.5762
111477.333,276.9717
111488.000,276.9717
111498.667,267.5370
111509.333,262.9409
111520.000,259.9208
111530.667,259.9208
111541.333,259.9208
111552.000,259.9208
111562.667,259.9208
111573.333,259.9208
111584.000,256.9353
111594.667,256.9353
111605.333,258.4237
111616.000,259.9208
111626.667,261.4265
111637.333,262.9409
111648.000,262.9409
111658.667,261.4265
111669.333,261.4265
111680.000,261.4265
111690.667,261.4265
111701.333,262.9409
111712.000,262.9409
111722.667,262.9409
111733.333,262.9409
111744.000,262.9409
111754.667,262.9409
111765.333,262.9409
111776.000,261.4265
111786.667,259.9208
111797.333,258.4237
111808.000,258.4237
111818.667,256.9353
111829.333,256.9353
111840.000,256.9353
111850.667,256.9353
111861.333,258.4237
111872.000,258.4237
111882.667,258.4237
111893.333,261.4265
111904.000,262.9409
111914.667,264.4641
111925.333,265.9961
111936.000,265.9961
111946.667,265.9961
111957.333,264.4641
111968.000,264.4641
111978.667,264.4641
111989.333,264.4641
112000.000,264.4641
112010.667,264.4641
112021.333,262.9409
112032.000,262.9409
112042.667,262.9409
112053.333,261.4265
112064.000,262.9409
112074.667,262.9409
112085.333,262.9409
112096.000,262.9409
112106.667,262.9409
112117.333,262.9409
112128.000,262.9409
112138.667,262.9409
112149.333,261.4265
112160.000,261.4265
112170.667,259.9208
112181.333,259.9208
112192.000,259.9208
112202.667,259.9208
112213.333,259.9208
112224.000,259.9208
112234.667,259.9208
112245.333,258.4237
112256.000,258.4237
112266.667,258.4237
112277.333,259.9208
112288.000,259.9208
112298.667,259.9208
112309.333,259.9208
112320.000,259.9208
112330.667,261.4265
112341.333,261.4265
112352.000,261.4265
112362.667,262.9409
112373.333,261.4265
112384.000,261.4265
112394.667,261.4265
112405.333,261.4265
112416.000,261.4265
112426.667,261.4265
112437.333,261.4265
112448.000,261.4265
112458.667,261.4265
112469.333,261.4265
112480.000,261.4265
112490.667,261.4265
112501.333,261.4265
112512.000,261.4265
112522.667,261.4265
112533.333,261.4265
112544.000,261.4265
112554.667,259.9208
112565.333,259.9208
112576.000,259.9208
112586.667,259.9208
112597.333,261.4265
112608.000,262.9409
112618.667,262.9409
112629.333,264.4641
112640.000,264.4641
112650.667,264.4641
112661.333,264.4641
112672.000,262.9409
112682.667,262.9409
112693.333,261.4265
112704.000,261.4265
112714.667,261.4265
112725.333,261.4265
112736.000,261.4265
112746.667,261.4265
112757.333,261.4265
112768.000,261.4265
112778.667,261.4265
112789.333,261.4265
112800.000,261.4265
112810.667,261.4265
112821.333,261.4265
112832.000,259.9208
112842.667,259.9208
112853.333,258.4237
112864.000,256.9353
112874.667,258.4237
112885.333,259.9208
112896.000,261.4265
112906.667,262.9409
112917.333,264.4641
112928.000,265.9961
112938.667,265.9961
112949.333,265.9961
112960.000,264.4641
112970.667,261.4265
112981.333,259.9208
112992.000,258.4237
113002.667,259.9208
113013.333,261.4265
113024.000,262.9409
113034.667,264.4641
113045.333,265.9961
113056.000,264.4641
113066.667,262.9409
113077.333,258.4237
113088.000,256.9353
113098.667,255.4555
113109.333,256.9353
113120.000,259.9208
113130.667,262.9409
113141.333,267.5370
113152.000,270.6457
113162.667,272.2135
113173.333,272.2135
113184.000,273.7904
113194.667,275.3765
113205.333,275.3765
113216.000,276.9717
113226.667,278.5762
113237.333,278.5762
113248.000,278.5762
113258.667,276.9717
113269.333,275.3765
113280.000,275.3765
113290.667,273.7904
113301.333,273.7904
113312.000,272.2135
113322.667,270.6457
113333.333,269.0869
113344.000,267.5370
113354.667,265.9961
113365.333,262.9409
113376.000,261.4265
113386.667,259.9208
113397.333,258.4237
113408.000,251.0669
113418.667,245.3325
113429.333,0.0000
113440.000,0.0000
113450.667,199.2719
113461.333,202.7552
113472.000,201.5874
113482.667,199.2719
113493.333,200.4263
113504.000,196.9831
113514.667,198.1242
113525.333,206.2992
113536.000,216.0560
113546.667,219.8326
113557.333,226.2742
113568.000,231.5631
113578.667,239.7291
113589.333,241.1179
113600.000,242.5147
113610.667,241.1179
113621.333,238.3484
113632.000,236.9756
113642.667,234.2537
113653.333,234.2537
113664.000,232.9045
113674.667,231.5631
113685.333,230.2294
113696.000,230.2294
113706.667,228.9033
113717.333,228.9033
113728.000,228.9033
113738.667,228.9033
113749.333,228.9033
113760.000,230.2294
113770.667,231.5631
113781.333,231.5631
113792.000,231.5631
113802.667,231.5631
113813.333,232.9045
113824.000,232.9045
113834.667,234.2537
113845.333,234.2537
113856.000,234.2537
113866.667,234.2537
113877.333,234.2537
113888.000,234.2537
113898.667,234.2537
113909.333,234.2537
113920.000,234.2537
113930.667,232.9045
113941.333,232.9045
113952.000,231.5631
113962.667,231.5631
113973.333,231.5631
113984.000,231.5631
113994.667,232.9045
114005.333,234.2537
114016.000,234.2537
114026.667,235.6107
114037.333,236.9756
114048.000,236.9756
114058.667,235.6107
114069.333,232.9045
114080.000,230.2294
114090.667,226.2742
114101.333,224.9709
114112.000,224.9709
114122.667,227.5850
114133.333,231.5631
114144.000,241.1179
114154.667,243.9195
114165.333,243.9195
114176.000,239.7291
114186.667,236.9756
114197.333,232.9045
114208.000,228.9033
114218.667,224.9709
114229.333,223.6752
114240.000,223.6752
114250.667,224.9709
114261.333,227.5850
114272.000,231.5631
114282.667,228.9033
114293.333,224.9709
114304.000,224.9709
114314.667,221.1061
114325.333,206.2992
114336.000,203.9297
114346.667,203.9297
114357.333,205.1111
114368.000,180.6343
114378.667,205.1111
114389.333,226.2742
114400.000,227.5850
114410.667,226.2742
114421.333,226.2742
114432.000,224.9709
114442.667,228.9033
114453.333,228.9033
114464.000,230.2294
114474.667,231.5631
114485.333,216.0560
114496.000,212.3443
114506.667,230.2294
114517.333,230.2294
114528.000,227.5850
114538.667,0.0000
114549.333,0.0000
114560.000,231.5631
114570.667,234.2537
114581.333,228.9033
114592.000,228.9033
114602.667,222.3869
114613.333,222.3869
114624.000,222.3869
114634.667,212.3443
114645.333,0.0000
114656.000,0.0000
114666.667,0.0000
114677.333,0.0000
114688.000,0.0000
114698.667,0.0000
114709.333,196.9831
114720.000,174.4812
114730.667,170.4961
114741.333,166.6019
114752.000,150.1501
114762.667,137.6882
114773.333,126.9921
114784.000,124.0916
114794.667,121.9598
114805.333,119.1742
114816.000,116.4523
114826.667,116.4523
114837.333,133.7685
114848.000,144.2001
114858.667,149.2853
114869.333,158.1622
114880.000,169.5141
114890.667,184.8564
114901.333,203.9297
114912.000,217.3076
114922.667,221.1061
114933.333,227.5850
114944.000,228.9033
114954.667,227.5850
114965.333,224.9709
114976.000,222.3869
114986.667,221.1061
114997.333,218.5664
115008.000,213.5744
115018.667,202.7552
115029.333,188.0877
115040.000,178.5595
115050.667,178.5595
115061.333,178.5595
115072.000,201.5874
115082.667,218.5664
115093.333,224.9709
115104.000,231.5631
115114.667,232.9045
115125.333,235.6107
115136.000,236.9756
115146.667,235.6107
115157.333,234.2537
115168.000,232.9045
115178.667,231.5631
115189.333,231.5631
115200.000,230.2294
115210.667,228.9033
115221.333,228.9033
115232.000,227.5850
115242.667,226.2742
115253.333,224.9709
115264.000,222.3869
115274.667,219.8326
115285.333,216.0560
115296.000,209.9053
115306.667,206.2992
115317.333,199.2719
115328.000,191.3754
115338.667,181.6807
115349.333,174.4812
115360.000,166.6019
115370.667,160.0000
115381.333,151.8947
115392.000,145.8756
115402.667,140.0950
115413.333,136.1067
115424.000,124.8104
115434.667,123.3769
115445.333,136.1067
115456.000,135.3228
115466.667,132.9981
115477.333,124.8104
115488.000,124.8104
115498.667,0.0000
115509.333,0.0000
115520.000,0.0000
115530.667,209.9053
115541.333,222.3869
115552.000,224.9709
115562.667,230.2294
115573.333,235.6107
115584.000,236.9756
115594.667,239.7291
115605.333,239.7291
115616.000,239.7291
115626.667,239.7291
115637.333,236.9756
115648.000,235.6107
115658.667,232.9045
115669.333,232.9045
115680.000,232.9045
115690.667,232.9045
115701.333,235.6107
115712.000,236.9756
115722.667,236.9756
115733.333,236.9756
115744.000,236.9756
115754.667,238.3484
115765.333,238.3484
115776.000,238.3484
115786.667,238.3484
115797.333,238.3484
115808.000,235.6107
115818.667,231.5631
115829.333,227.5850
115840.000,224.9709
115850.667,224.9709
115861.333,227.5850
115872.000,232.9045
115882.667,236.9756
115893.333,239.7291
115904.000,242.5147
115914.667,242.5147
115925.333,242.5147
115936.000,239.7291
115946.667,235.6107
115957.333,232.9045
115968.000,230.2294
115978.667,230.2294
115989.333,228.9033
116000.000,228.9033
116010.667,228.9033
116021.333,236.9756
116032.000,236.9756
116042.667,236.9756
116053.333,236.9756
116064.000,0.0000
116074.667,0.0000
116085.333,235.6107
116096.000,241.1179
116106.667,241.1179
116117.333,241.1179
116128.000,238.3484
116138.667,238.3484
116149.333,0.0000
116160.000,0.0000
116170.667,0.0000
116181.333,0.0000
116192.000,209.9053
116202.667,199.2719
116213.333,200.4263
116224.000,201.5874
116234.667,201.5874
116245.333,202.7552
116256.000,202.7552
116266.667,202.7552
116277.333,203.9297
116288.000,202.7552
116298.667,201.5874
116309.333,200.4263
116320.000,201.5874
116330.667,201.5874
116341.333,201.5874
116352.000,202.7552
116362.667,202.7552
116373.333,202.7552
116384.000,203.9297
116394.667,216.0560
116405.333,231.5631
116416.000,242.5147
116426.667,243.9195
116437.333,248.1832
116448.000,251.0669
116458.667,252.5213
116469.333,253.9842
116480.000,253.9842
116490.667,253.9842
116501.333,253.9842
116512.000,252.5213
116522.667,249.6209
116533.333,246.7537
116544.000,242.5147
116554.667,236.9756
116565.333,0.0000
116576.000,0.0000
116586.667,0.0000
116597.333,0.0000
116608.000,0.0000
116618.667,0.0000
116629.333,0.0000
116640.000,0.0000
116650.667,0.0000
116661.333,253.9842
116672.000,253.9842
116682.667,253.9842
116693.333,252.5213
116704.000,251.0669
116714.667,249.6209
116725.333,0.0000
116736.000,0.0000
116746.667,0.0000
116757.333,0.0000
116768.000,138.4858
116778.667,137.6882
116789.333,136.1067
116800.000,134.5434
116810.667,133.7685
116821.333,135.3228
116832.000,139.2881
116842.667,141.7228
116853.333,142.5438
116864.000,142.5438
116874.667,142.5438
116885.333,143.3695
116896.000,144.2001
116906.667,146.7206
116917.333,148.4255
116928.000,149.2853
116938.667,149.2853
116949.333,149.2853
116960.000,149.2853
116970.667,148.4255
116981.333,148.4255
116992.000,149.2853
117002.667,151.0199
117013.333,153.6597
117024.000,157.2513
117034.667,160.9269
117045.333,166.6019
117056.000,172.4771
117066.667,174.4812
117077.333,176.5086
117088.000,176.5086
117098.667,177.5311
117109.333,178.5595
117120.000,178.5595
117130.667,178.5595
117141.333,176.5086
117152.000,175.4920
117162.667,174.4812
117173.333,173.4763
117184.000,174.4812
117194.667,173.4763
117205.333,173.4763
117216.000,173.4763
117226.667,173.4763
117237.333,173.4763
117248.000,174.4812
117258.667,174.4812
117269.333,173.4763
117280.000,172.4771
117290.667,171.4838
117301.333,171.4838
117312.000,172.4771
117322.667,174.4812
117333.333,176.5086
117344.000,177.5311
117354.667,178.5595
117365.333,180.6343
117376.000,182.7332
117386.667,183.7917
117397.333,182.7332
117408.000,179.5939
117418.667,173.4763
117429.333,167.5671
117440.000,162.7968
117450.667,160.9269
117461.333,163.7398
117472.000,172.4771
117482.667,181.6807
117493.333,184.8564
117504.000,185.9273
117514.667,184.8564
117525.333,181.6807
117536.000,175.4920
117546.667,173.4763
117557.333,164.6884
117568.000,173.4763
117578.667,0.0000
117589.333,0.0000
117600.000,0.0000
117610.667,0.0000
117621.333,0.0000
117632.000,0.0000
117642.667,0.0000
117653.333,0.0000
117664.000,0.0000
117674.667,0.0000
117685.333,0.0000
117696.000,0.0000
117706.667,0.0000
117717.333,0.0000
117728.000,213.5744
117738.667,217.3076
117749.333,219.8326
117760.000,224.9709
117770.667,234.2537
117781.333,241.1179
117792.000,243.9195
117802.667,245.3325
117813.333,248.1832
117824.000,249.6209
117834.667,251.0669
117845.333,252.5213
117856.000,253.9842
117866.667,255.4555
117877.333,256.9353
117888.000,256.9353
117898.667,258.4237
117909.333,258.4237
117920.000,258.4237
117930.667,259.9208
117941.333,259.9208
117952.000,259.9208
117962.667,262.9409
117973.333,262.9409
117984.000,262.9409
117994.667,264.4641
118005.333,264.4641
118016.000,264.4641
118026.667,264.4641
118037.333,264.4641
118048.000,264.4641
118058.667,256.9353
118069.333,255.4555
118080.000,255.4555
118090.667,253.9842
118101.333,252.5213
118112.000,246.7537
118122.667,241.1179
118133.333,238.3484
118144.000,242.5147
118154.667,249.6209
118165.333,256.9353
118176.000,261.4265
118186.667,262.9409
118197.333,262.9409
118208.000,262.9409
118218.667,262.9409
118229.333,262.9409
118240.000,262.9409
118250.667,259.9208
118261.333,256.9353
118272.000,255.4555
118282.667,255.4555
118293.333,253.9842
118304.000,253.9842
118314.667,252.5213
118325.333,252.5213
118336.000,252.5213
118346.667,251.0669
118357.333,252.5213
118368.000,253.9842
118378.667,255.4555
118389.333,255.4555
118400.000,256.9353
118410.667,256.9353
118421.333,258.4237
118432.000,258.4237
118442.667,259.9208
118453.333,259.9208
118464.000,261.4265
118474.667,261.4265
118485.333,261.4265
118496.000,261.4265
118506.667,258.4237
118517.333,248.1832
118528.000,238.3484
118538.667,241.1179
118549.333,252.5213
118560.000,251.0669
118570.667,255.4555
118581.333,255.4555
118592.000,256.9353
118602.667,262.9409
118613.333,261.4265
118624.000,261.4265
118634.667,261.4265
118645.333,262.9409
118656.000,261.4265
118666.667,261.4265
118677.333,258.4237
118688.000,256.9353
118698.667,255.4555
118709.333,255.4555
118720.000,255.4555
118730.667,255.4555
118741.333,255.4555
118752.000,255.4555
118762.667,255.4555
118773.333,253.9842
118784.000,253.9842
118794.667,253.9842
118805.333,253.9842
118816.000,253.9842
118826.667,255.4555
118837.333,256.9353
118848.000,246.7537
118858.667,273.7904
118869.333,0.0000
118880.000,0.0000
118890.667,0.0000
118901.333,0.0000
118912.000,0.0000
118922.667,0.0000
118933.333,0.0000
118944.000,0.0000
118954.667,0.0000
118965.333,0.0000
118976.000,0.0000
118986.667,0.0000
118997.333,0.0000
119008.000,0.0000
119018.667,0.0000
119029.333,0.0000
119040.000,267.5370
119050.667,280.1900
119061.333,267.5370
119072.000,267.5370
119082.667,265.9961
119093.333,261.4265
119104.000,258.4237
119114.667,256.9353
119125.333,256.9353
119136.000,258.4237
119146.667,258.4237
119157.333,258.4237
119168.000,258.4237
119178.667,258.4237
119189.333,258.4237
119200.000,259.9208
119210.667,261.4265
119221.333,261.4265
119232.000,261.4265
119242.667,261.4265
119253.333,262.9409
119264.000,262.9409
119274.667,262.9409
119285.333,262.9409
119296.000,262.9409
119306.667,262.9409
119317.333,262.9409
119328.000,262.9409
119338.667,262.9409
119349.333,261.4265
119360.000,259.9208
119370.667,258.4237
119381.333,256.9353
119392.000,256.9353
119402.667,258.4237
119413.333,258.4237
119424.000,259.9208
119434.667,259.9208
119445.333,261.4265
119456.000,261.4265
119466.667,261.4265
119477.333,259.9208
119488.000,259.9208
119498.667,261.4265
119509.333,264.4641
119520.000,265.9961
119530.667,267.5370
119541.333,267.5370
119552.000,267.5370
119562.667,267.5370
119573.333,267.5370
119584.000,267.5370
119594.667,267.5370
119605.333,265.9961
119616.000,265.9961
119626.667,265.9961
119637.333,264.4641
119648.000,264.4641
119658.667,262.9409
119669.333,262.9409
119680.000,262.9409
119690.667,264.4641
119701.333,264.4641
119712.000,265.9961
119722.667,267.5370
119733.333,265.9961
119744.000,265.9961
119754.667,262.9409
119765.333,259.9208
119776.000,256.9353
119786.667,255.4555
119797.333,253.9842
119808.000,256.9353
119818.667,259.9208
119829.333,264.4641
119840.000,270.6457
119850.667,276.9717
119861.333,278.5762
119872.000,278.5762
119882.667,276.9717
119893.333,273.7904
119904.000,264.4641
119914.667,259.9208
119925.333,258.4237
119936.000,258.4237
119946.667,259.9208
119957.333,262.9409
119968.000,262.9409
119978.667,264.4641
119989.333,264.4641
120000.000,264.4641
120010.667,262.9409
120021.333,261.4265
120032.000,259.9208
120042.667,256.9353
120053.333,255.4555
120064.000,255.4555
120074.667,267.5370
120085.333,267.5370
120096.000,269.0869
120106.667,273.7904
120117.333,275.3765
120128.000,276.9717
120138.667,278.5762
120149.333,280.1900
120160.000,280.1900
120170.667,278.5762
120181.333,278.5762
120192.000,276.9717
120202.667,276.9717
120213.333,276.9717
120224.000,275.3765
120234.667,275.3765
120245.333,273.7904
120256.000,272.2135
120266.667,270.6457
120277.333,269.0869
120288.000,265.9961
120298.667,264.4641
120309.333,264.4641
120320.000,261.4265
120330.667,256.9353
120341.333,267.5370
120352.000,0.0000
120362.667,0.0000
120373.333,0.0000
120384.000,0.0000
120394.667,0.0000
120405.333,0.0000
120416.000,0.0000
120426.667,0.0000
120437.333,0.0000
120448.000,0.0000
120458.667,0.0000
120469.333,0.0000
120480.000,0.0000
120490.667,0.0000
120501.333,0.0000
120512.000,0.0000
120522.667,206.2992
120533.333,217.3076
120544.000,218.5664
120554.667,226.2742
120565.333,235.6107
120576.000,238.3484
120586.667,239.7291
120597.333,238.3484
120608.000,238.3484
120618.667,236.9756
120629.333,235.6107
120640.000,232.9045
120650.667,231.5631
120661.333,231.5631
120672.000,230.2294
120682.667,230.2294
120693.333,228.9033
120704.000,228.9033
120714.667,228.9033
120725.333,230.2294
120736.000,230.2294
120746.667,228.9033
120757.333,228.9033
120768.000,228.9033
120778.667,230.2294
120789.333,230.2294
120800.000,231.5631
120810.667,231.5631
120821.333,230.2294
120832.000,228.9033
120842.667,228.9033
120853.333,228.9033
120864.000,228.9033
120874.667,228.9033
120885.333,230.2294
120896.000,230.2294
120906.667,231.5631
120917.333,232.9045
120928.000,232.9045
120938.667,232.9045
120949.333,234.2537
120960.000,234.2537
120970.667,235.6107
120981.333,235.6107
120992.000,236.9756
121002.667,236.9756
121013.333,236.9756
121024.000,236.9756
121034.667,235.6107
121045.333,234.2537
121056.000,232.9045
121066.667,232.9045
121077.333,232.9045
121088.000,234.2537
121098.667,235.6107
121109.333,236.9756
121120.000,236.9756
121130.667,236.9756
121141.333,235.6107
121152.000,234.2537
121162.667,232.9045
121173.333,231.5631
121184.000,230.2294
121194.667,228.9033
121205.333,230.2294
121216.000,231.5631
121226.667,234.2537
121237.333,236.9756
121248.000,238.3484
121258.667,239.7291
121269.333,239.7291
121280.000,239.7291
121290.667,238.3484
121301.333,235.6107
121312.000,235.6107
121322.667,232.9045
121333.333,232.9045
121344.000,0.0000
121354.667,0.0000
121365.333,0.0000
121376.000,0.0000
121386.667,0.0000
121397.333,0.0000
121408.000,0.0000
121418.667,0.0000
121429.333,0.0000
121440.000,0.0000
121450.667,0.0000
121461.333,227.5850
121472.000,227.5850
121482.667,236.9756
121493.333,234.2537
121504.000,232.9045
121514.667,234.2537
121525.333,234.2537
121536.000,245.3325
121546.667,243.9195
121557.333,243.9195
121568.000,231.5631
121578.667,234.2537
121589.333,230.2294
121600.000,232.9045
121610.667,262.9409
121621.333,0.0000
121632.000,0.0000
121642.667,0.0000
121653.333,0.0000
121664.000,0.0000
121674.667,0.0000
121685.333,0.0000
121696.000,0.0000
121706.667,0.0000
121717.333,0.0000
121728.000,0.0000
121738.667,0.0000
121749.333,261.4265
121760.000,261.4265
121770.667,259.9208
121781.333,259.9208
121792.000,256.9353
121802.667,258.4237
121813.333,249.6209
121824.000,234.2537
121834.667,234.2537
121845.333,0.0000
121856.000,0.0000
121866.667,0.0000
121877.333,0.0000
121888.000,0.0000
121898.667,0.0000
121909.333,243.9195
121920.000,234.2537
121930.667,234.2537
121941.333,232.9045
121952.000,232.9045
121962.667,234.2537
121973.333,234.2537
121984.000,234.2537
121994.667,228.9033
122005.333,246.7537
122016.000,0.0000
122026.667,0.0000
122037.333,0.0000
122048.000,0.0000
122058.667,0.0000
122069.333,200.4263
122080.000,213.5744
122090.667,212.3443
122101.333,212.3443
122112.000,213.5744
122122.667,212.3443
122133.333,211.1213
122144.000,208.6963
122154.667,206.2992
122165.333,202.7552
122176.000,193.5991
122186.667,184.8564
122197.333,172.4771
122208.000,175.4920
122218.667,174.4812
122229.333,174.4812
122240.000,185.9273
122250.667,185.9273
122261.333,196.9831
122272.000,200.4263
122282.667,206.2992
122293.333,212.3443
122304.000,216.0560
122314.667,218.5664
122325.333,218.5664
122336.000,218.5664
122346.667,216.0560
122357.333,212.3443
122368.000,206.2992
122378.667,196.9831
122389.333,192.4840
122400.000,205.1111
122410.667,208.6963
122421.333,212.3443
122432.000,0.0000
122442.667,0.0000
122453.333,0.0000
122464.000,0.0000
122474.667,194.7206
122485.333,194.7206
122496.000,191.3754
122506.667,219.8326
122517.333,218.5664
122528.000,222.3869
122538.667,226.2742
122549.333,234.2537
122560.000,239.7291
122570.667,242.5147
122581.333,246.7537
122592.000,248.1832
122602.667,248.1832
122613.333,246.7537
122624.000,245.3325
122634.667,243.9195
122645.333,243.9195
122656.000,243.9195
122666.667,243.9195
122677.333,242.5147
122688.000,235.6107
122698.667,236.9756
122709.333,235.6107
122720.000,235.6107
122730.667,234.2537
122741.333,234.2537
122752.000,232.9045
122762.667,232.9045
122773.333,232.9045
122784.000,234.2537
122794.667,234.2537
122805.333,236.9756
122816.000,239.7291
122826.667,239.7291
122837.333,238.3484
122848.000,234.2537
122858.667,231.5631
122869.333,227.5850
122880.000,217.3076
122890.667,0.0000
122901.333,0.0000
122912.000,192.4840
122922.667,199.2719
122933.333,202.7552
122944.000,202.7552
122954.667,203.9297
122965.333,205.1111
122976.000,207.4943
122986.667,208.6963
122997.333,209.9053
123008.000,211.1213
123018.667,211.1213
123029.333,212.3443
123040.000,212.3443
123050.667,211.1213
123061.333,211.1213
123072.000,209.9053
123082.667,208.6963
123093.333,207.4943
123104.000,205.1111
123114.667,202.7552
123125.333,201.5874
123136.000,200.4263
123146.667,202.7552
123157.333,206.2992
123168.000,207.4943
123178.667,207.4943
123189.333,206.2992
123200.000,205.1111
123210.667,205.1111
123221.333,205.1111
123232.000,205.1111
123242.667,206.2992
123253.333,206.2992
123264.000,206.2992
123274.667,206.2992
123285.333,207.4943
123296.000,208.6963
123306.667,211.1213
123317.333,211.1213
123328.000,212.3443
123338.667,212.3443
123349.333,212.3443
123360.000,209.9053
123370.667,206.2992
123381.333,203.9297
123392.000,203.9297
123402.667,203.9297
123413.333,206.2992
123424.000,209.9053
123434.667,212.3443
123445.333,212.3443
123456.000,213.5744
123466.667,212.3443
123477.333,211.1213
123488.000,209.9053
123498.667,211.1213
123509.333,212.3443
123520.000,214.8116
123530.667,218.5664
123541.333,219.8326
123552.000,219.8326
123562.667,219.8326
123573.333,217.3076
123584.000,212.3443
123594.667,209.9053
123605.333,205.1111
123616.000,200.4263
123626.667,195.8486
123637.333,190.2731
123648.000,181.6807
123658.667,178.5595
123669.333,178.5595
123680.000,178.5595
123690.667,178.5595
123701.333,179.5939
123712.000,180.6343
123722.667,180.6343
123733.333,179.5939
123744.000,179.5939
123754.667,180.6343
123765.333,184.8564
123776.000,188.0877
123786.667,191.3754
123797.333,194.7206
123808.000,201.5874
123818.667,207.4943
123829.333,211.1213
123840.000,212.3443
123850.667,213.5744
123861.333,214.8116
123872.000,214.8116
123882.667,216.0560
123893.333,216.0560
123904.000,214.8116
123914.667,213.5744
123925.333,212.3443
123936.000,209.9053
123946.667,208.6963
123957.333,207.4943
123968.000,206.2992
123978.667,205.1111
123989.333,209.9053
124000.000,216.0560
124010.667,216.0560
124021.333,216.0560
124032.000,216.0560
124042.667,217.3076
124053.333,219.8326
124064.000,223.6752
124074.667,227.5850
124085.333,231.5631
124096.000,235.6107
124106.667,238.3484
124117.333,239.7291
124128.000,241.1179
124138.667,242.5147
124149.333,242.5147
124160.000,243.9195
124170.667,245.3325
124181.333,246.7537
124192.000,248.1832
124202.667,248.1832
124213.333,249.6209
124224.000,251.0669
124234.667,252.5213
124245.333,252.5213
124256.000,251.0669
124266.667,251.0669
124277.333,249.6209
124288.000,249.6209
124298.667,243.9195
124309.333,239.7291
124320.000,239.7291
124330.667,241.1179
124341.333,242.5147
124352.000,243.9195
124362.667,245.3325
124373.333,246.7537
124384.000,246.7537
124394.667,248.1832
124405.333,248.1832
124416.000,246.7537
124426.667,236.9756
124437.333,235.6107
124448.000,235.6107
124458.667,235.6107
124469.333,235.6107
124480.000,236.9756
124490.667,236.9756
124501.333,238.3484
124512.000,239.7291
124522.667,242.5147
124533.333,242.5147
124544.000,239.7291
124554.667,239.7291
124565.333,241.1179
124576.000,246.7537
124586.667,255.4555
124597.333,0.0000
124608.000,0.0000
124618.667,0.0000
124629.333,0.0000
124640.000,0.0000
124650.667,0.0000
124661.333,0.0000
124672.000,0.0000
124682.667,0.0000
124693.333,205.1111
124704.000,201.5874
124714.667,201.5874
124725.333,201.5874
124736.000,202.7552
124746.667,203.9297
124757.333,202.7552
124768.000,202.7552
124778.667,201.5874
124789.333,201.5874
124800.000,201.5874
124810.667,201.5874
124821.333,202.7552
124832.000,202.7552
124842.667,202.7552
124853.333,202.7552
124864.000,205.1111
124874.667,211.1213
124885.333,211.1213
124896.000,211.1213
124906.667,209.9053
124917.333,209.9053
124928.000,208.6963
124938.667,208.6963
124949.333,208.6963
124960.000,211.1213
124970.667,213.5744
124981.333,214.8116
124992.000,214.8116
125002.667,214.8116
125013.333,213.5744
125024.000,212.3443
125034.667,207.4943
125045.333,205.1111
125056.000,203.9297
125066.667,205.1111
125077.333,206.2992
125088.000,208.6963
125098.667,214.8116
125109.333,224.9709
125120.000,232.9045
125130.667,0.0000
125141.333,0.0000
125152.000,0.0000
125162.667,0.0000
125173.333,0.0000
125184.000,310.8902
125194.667,314.5026
125205.333,318.1569
125216.000,323.7182
125226.667,329.3767
125237.333,333.2039
125248.000,339.0282
125258.667,340.9922
125269.333,342.9675
125280.000,342.9675
125290.667,340.9922
125301.333,340.9922
125312.000,339.0282
125322.667,335.1341
125333.333,335.1341
125344.000,0.0000
125354.667,0.0000
125365.333,350.9840
125376.000,355.0622
125386.667,353.0172
125397.333,353.0172
125408.000,350.9840
125418.667,348.9625
125429.333,344.9543
125440.000,342.9675
125450.667,342.9675
125461.333,342.9675
125472.000,340.9922
125482.667,342.9675
125493.333,342.9675
125504.000,344.9543
125514.667,346.9526
125525.333,346.9526
125536.000,348.9625
125546.667,348.9625
125557.333,350.9840
125568.000,353.0172
125578.667,357.1191
125589.333,357.1191
125600.000,359.1879
125610.667,357.1191
125621.333,357.1191
125632.000,355.0622
125642.667,353.0172
125653.333,348.9625
125664.000,344.9543
125674.667,342.9675
125685.333,342.9675
125696.000,350.9840
125706.667,350.9840
125717.333,353.0172
125728.000,0.0000
125738.667,0.0000
125749.333,0.0000
125760.000,0.0000
125770.667,0.0000
125781.333,0.0000
125792.000,0.0000
125802.667,348.9625
125813.333,340.9922
125824.000,339.0282
125834.667,340.9922
125845.333,342.9675
125856.000,344.9543
125866.667,344.9543
125877.333,344.9543
125888.000,344.9543
125898.667,344.9543
125909.333,344.9543
125920.000,342.9675
125930.667,337.0755
125941.333,335.1341
125952.000,335.1341
125962.667,337.0755
125973.333,339.0282
125984.000,340.9922
125994.667,342.9675
126005.333,350.9840
126016.000,357.1191
126026.667,0.0000
126037.333,0.0000
126048.000,0.0000
126058.667,0.0000
126069.333,689.9086
126080.000,685.9350
126090.667,681.9843
126101.333,681.9843
126112.000,685.9350
126122.667,689.9086
126133.333,693.9052
126144.000,697.9249
126154.667,701.9680
126165.333,701.9680
126176.000,701.9680
126186.667,701.9680
126197.333,701.9680
126208.000,701.9680
126218.667,701.9680
126229.333,701.9680
126240.000,701.9680
126250.667,701.9680
126261.333,697.9249
126272.000,697.9249
126282.667,697.9249
126293.333,693.9052
126304.000,693.9052
126314.667,697.9249
126325.333,697.9249
126336.000,697.9249
126346.667,701.9680
126357.333,701.9680
126368.000,706.0344
126378.667,706.0344
126389.333,701.9680
126400.000,701.9680
126410.667,701.9680
126421.333,701.9680
126432.000,701.9680
126442.667,701.9680
126453.333,701.9680
126464.000,701.9680
126474.667,697.9249
126485.333,697.9249
126496.000,697.9249
126506.667,697.9249
126517.333,697.9249
126528.000,697.9249
126538.667,697.9249
126549.333,697.9249
126560.000,697.9249
126570.667,701.9680
126581.333,701.9680
126592.000,701.9680
126602.667,701.9680
126613.333,701.9680
126624.000,701.9680
126634.667,701.9680
126645.333,701.9680
126656.000,701.9680
126666.667,701.9680
126677.333,701.9680
126688.000,701.9680
126698.667,701.9680
126709.333,701.9680
126720.000,701.9680
126730.667,701.9680
126741.333,701.9680
126752.000,701.9680
126762.667,701.9680
126773.333,701.9680
126784.000,701.9680
126794.667,697.9249
126805.333,697.9249
126816.000,697.9249
126826.667,697.9249
126837.333,693.9052
126848.000,693.9052
126858.667,693.9052
126869.333,689.9086
126880.000,681.9843
126890.667,678.0564
126901.333,674.1511
126912.000,666.4078
126922.667,654.9593
126933.333,643.7075
126944.000,629.0052
126954.667,611.0986
126965.333,597.1411
126976.000,586.8826
126986.667,580.1417
126997.333,570.1752
127008.000,566.8912
127018.667,0.0000
127029.333,0.0000
127040.000,0.0000
127050.667,0.0000
127061.333,0.0000
127072.000,0.0000
127082.667,0.0000
127093.333,0.0000
127104.000,0.0000
127114.667,0.0000
127125.333,267.5370
127136.000,265.9961
127146.667,264.4641
127157.333,261.4265
127168.000,258.4237
127178.667,255.4555
127189.333,253.9842
127200.000,252.5213
127210.667,252.5213
127221.333,253.9842
127232.000,255.4555
127242.667,256.9353
127253.333,258.4237
127264.000,258.4237
127274.667,258.4237
127285.333,258.4237
127296.000,258.4237
127306.667,258.4237
127317.333,252.5213
127328.000,255.4555
127338.667,255.4555
127349.333,281.8131
127360.000,256.9353
127370.667,0.0000
127381.333,0.0000
127392.000,0.0000
127402.667,0.0000
127413.333,0.0000
127424.000,0.0000
127434.667,0.0000
127445.333,273.7904
127456.000,273.7904
127466.667,273.7904
127477.333,269.0869
127488.000,269.0869
127498.667,269.0869
127509.333,280.1900
127520.000,290.0708
127530.667,295.1412
127541.333,300.3002
127552.000,309.0996
127562.667,307.3193
127573.333,309.0996
127584.000,310.8902
127594.667,309.0996
127605.333,310.8902
127616.000,310.8902
127626.667,312.6912
127637.333,312.6912
127648.000,312.6912
127658.667,312.6912
127669.333,312.6912
127680.000,312.6912
127690.667,312.6912
127701.333,310.8902
127712.000,310.8902
127722.667,310.8902
127733.333,310.8902
127744.000,310.8902
127754.667,310.8902
127765.333,310.8902
127776.000,310.8902
127786.667,310.8902
127797.333,310.8902
127808.000,310.8902
127818.667,310.8902
127829.333,310.8902
127840.000,310.8902
127850.667,310.8902
127861.333,310.8902
127872.000,309.0996
127882.667,309.0996
127893.333,309.0996
127904.000,310.8902
127914.667,310.8902
127925.333,310.8902
127936.000,310.8902
127946.667,312.6912
127957.333,312.6912
127968.000,312.6912
127978.667,312.6912
127989.333,312.6912
128000.000,312.6912
128010.667,312.6912
128021.333,312.6912
128032.000,310.8902
128042.667,310.8902
128053.333,310.8902
128064.000,310.8902
128074.667,310.8902
128085.333,310.8902
128096.000,310.8902
128106.667,310.8902
128117.333,310.8902
128128.000,312.6912
128138.667,312.6912
128149.333,312.6912
128160.000,312.6912
128170.667,312.6912
128181.333,310.8902
128192.000,310.8902
128202.667,312.6912
128213.333,312.6912
128224.000,310.8902
128234.667,310.8902
128245.333,309.0996
128256.000,309.0996
128266.667,309.0996
128277.333,309.0996
128288.000,309.0996
128298.667,310.8902
128309.333,310.8902
128320.000,312.6912
128330.667,310.8902
128341.333,310.8902
128352.000,310.8902
128362.667,310.8902
128373.333,310.8902
128384.000,310.8902
128394.667,310.8902
128405.333,310.8902
128416.000,310.8902
128426.667,310.8902
128437.333,310.8902
128448.000,310.8902
128458.667,310.8902
128469.333,309.0996
128480.000,307.3193
128490.667,309.0996
128501.333,309.0996
128512.000,310.8902
128522.667,312.6912
128533.333,310.8902
128544.000,310.8902
128554.667,307.3193
128565.333,305.5493
128576.000,305.5493
128586.667,307.3193
128597.333,307.3193
128608.000,296.8509
128618.667,0.0000
128629.333,0.0000
128640.000,0.0000
128650.667,0.0000
128661.333,0.0000
128672.000,0.0000
128682.667,0.0000
128693.333,0.0000
128704.000,0.0000
128714.667,0.0000
128725.333,0.0000
128736.000,0.0000
128746.667,0.0000
128757.333,0.0000
128768.000,0.0000
128778.667,0.0000
128789.333,0.0000
128800.000,0.0000
128810.667,0.0000
128821.333,0.0000
128832.000,0.0000
128842.667,0.0000
128853.333,0.0000
128864.000,0.0000
128874.667,0.0000
128885.333,0.0000
128896.000,0.0000
128906.667,0.0000
128917.333,0.0000
128928.000,0.0000
128938.667,0.0000
128949.333,0.0000
128960.000,0.0000
128970.667,0.0000
128981.333,0.0000
128992.000,0.0000
129002.667,0.0000
129013.333,295.1412
129024.000,295.1412
129034.667,296.8509
129045.333,303.7895
129056.000,307.3193
129066.667,310.8902
129077.333,314.5026
129088.000,316.3245
129098.667,314.5026
129109.333,312.6912
129120.000,310.8902
129130.667,310.8902
129141.333,309.0996
129152.000,310.8902
129162.667,310.8902
129173.333,310.8902
129184.000,309.0996
129194.667,305.5493
129205.333,303.7895
129216.000,305.5493
129226.667,307.3193
129237.333,309.0996
129248.000,312.6912
129258.667,316.3245
129269.333,318.1569
129280.000,318.1569
129290.667,318.1569
129301.333,316.3245
129312.000,314.5026
129322.667,314.5026
129333.333,312.6912
129344.000,310.8902
129354.667,310.8902
129365.333,310.8902
129376.000,309.0996
129386.667,307.3193
129397.333,303.7895
129408.000,298.5706
129418.667,300.3002
129429.333,312.6912
129440.000,312.6912
129450.667,309.0996
129461.333,312.6912
129472.000,310.8902
129482.667,310.8902
129493.333,310.8902
129504.000,310.8902
129514.667,314.5026
129525.333,314.5026
129536.000,318.1569
129546.667,316.3245
129557.333,312.6912
129568.000,310.8902
129578.667,310.8902
129589.333,309.0996
129600.000,309.0996
129610.667,310.8902
129621.333,309.0996
129632.000,309.0996
129642.667,307.3193
129653.333,307.3193
129664.000,307.3193
129674.667,307.3193
129685.333,309.0996
129696.000,309.0996
129706.667,310.8902
129717.333,310.8902
129728.000,312.6912
129738.667,312.6912
129749.333,312.6912
129760.000,314.5026
129770.667,312.6912
129781.333,312.6912
129792.000,312.6912
129802.667,312.6912
129813.333,312.6912
129824.000,312.6912
129834.667,312.6912
129845.333,312.6912
129856.000,312.6912
129866.667,310.8902
129877.333,309.0996
129888.000,309.0996
129898.667,307.3193
129909.333,305.5493
129920.000,309.0996
129930.667,310.8902
129941.333,312.6912
129952.000,314.5026
129962.667,314.5026
129973.333,316.3245
129984.000,316.3245
129994.667,316.3245
130005.333,316.3245
130016.000,316.3245
130026.667,316.3245
130037.333,316.3245
130048.000,316.3245
130058.667,314.5026
130069.333,314.5026
130080.000,312.6912
130090.667,312.6912
130101.333,310.8902
130112.000,309.0996
130122.667,309.0996
130133.333,309.0996
130144.000,309.0996
130154.667,310.8902
130165.333,310.8902
130176.000,303.7895
130186.667,302.0398
130197.333,0.0000
130208.000,0.0000
130218.667,0.0000
130229.333,0.0000
130240.000,0.0000
130250.667,0.0000
130261.333,0.0000
130272.000,0.0000
130282.667,0.0000
130293.333,0.0000
130304.000,0.0000
130314.667,0.0000
130325.333,0.0000
130336.000,0.0000
130346.667,0.0000
130357.333,0.0000
130368.000,0.0000
130378.667,0.0000
130389.333,320.0000
130400.000,320.0000
130410.667,321.8537
130421.333,320.0000
130432.000,320.0000
130442.667,320.0000
130453.333,318.1569
130464.000,316.3245
130474.667,314.5026
130485.333,312.6912
130496.000,312.6912
130506.667,310.8902
130517.333,310.8902
130528.000,309.0996
130538.667,309.0996
130549.333,307.3193
130560.000,305.5493
130570.667,303.7895
130581.333,303.7895
130592.000,303.7895
130602.667,305.5493
130613.333,309.0996
130624.000,314.5026
130634.667,318.1569
130645.333,320.0000
130656.000,320.0000
130666.667,320.0000
130677.333,316.3245
130688.000,312.6912
130698.667,310.8902
130709.333,309.0996
130720.000,309.0996
130730.667,307.3193
130741.333,305.5493
130752.000,302.0398
130762.667,296.8509
130773.333,295.1412
130784.000,296.8509
130794.667,283.4456
130805.333,281.8131
130816.000,280.1900
130826.667,280.1900
130837.333,280.1900
130848.000,278.5762
130858.667,280.1900
130869.333,280.1900
130880.000,281.8131
130890.667,281.8131
130901.333,258.4237
130912.000,0.0000
130922.667,0.0000
130933.333,0.0000
130944.000,0.0000
130954.667,0.0000
130965.333,0.0000
130976.000,0.0000
130986.667,0.0000
130997.333,249.6209
131008.000,245.3325
131018.667,248.1832
131029.333,255.4555
131040.000,258.4237
131050.667,261.4265
131061.333,262.9409
131072.000,264.4641
131082.667,264.4641
131093.333,262.9409
131104.000,261.4265
131114.667,261.4265
131125.333,261.4265
131136.000,261.4265
131146.667,259.9208
131157.333,261.4265
131168.000,261.4265
131178.667,261.4265
131189.333,261.4265
131200.000,261.4265
131210.667,259.9208
131221.333,259.9208
131232.000,259.9208
131242.667,259.9208
131253.333,259.9208
131264.000,259.9208
131274.667,258.4237
131285.333,256.9353
131296.000,256.9353
131306.667,255.4555
131317.333,255.4555
131328.000,255.4555
131338.667,256.9353
131349.333,258.4237
131360.000,261.4265
131370.667,265.9961
131381.333,264.4641
131392.000,261.4265
131402.667,256.9353
131413.333,255.4555
131424.000,252.5213
131434.667,248.1832
131445.333,243.9195
131456.000,264.4641
131466.667,259.9208
131477.333,261.4265
131488.000,262.9409
131498.667,264.4641
131509.333,264.4641
131520.000,264.4641
131530.667,259.9208
131541.333,255.4555
131552.000,259.9208
131562.667,262.9409
131573.333,262.9409
131584.000,259.9208
131594.667,0.0000
131605.333,0.0000
131616.000,0.0000
131626.667,0.0000
131637.333,0.0000
131648.000,0.0000
131658.667,249.6209
131669.333,259.9208
131680.000,270.6457
131690.667,269.0869
131701.333,270.6457
131712.000,270.6457
131722.667,258.4237
131733.333,258.4237
131744.000,258.4237
131754.667,0.0000
131765.333,0.0000
131776.000,0.0000
131786.667,0.0000
131797.333,0.0000
131808.000,0.0000
131818.667,0.0000
131829.333,0.0000
131840.000,0.0000
131850.667,248.1832
131861.333,261.4265
131872.000,261.4265
131882.667,267.5370
131893.333,267.5370
131904.000,265.9961
131914.667,265.9961
131925.333,264.4641
131936.000,264.4641
131946.667,262.9409
131957.333,262.9409
131968.000,264.4641
131978.667,259.9208
131989.333,258.4237
132000.000,258.4237
132010.667,264.4641
132021.333,262.9409
132032.000,262.9409
132042.667,262.9409
132053.333,259.9208
132064.000,264.4641
132074.667,253.9842
132085.333,255.4555
132096.000,258.4237
132106.667,261.4265
132117.333,264.4641
132128.000,264.4641
132138.667,264.4641
132149.333,262.9409
132160.000,261.4265
132170.667,261.4265
132181.333,261.4265
132192.000,261.4265
132202.667,261.4265
132213.333,259.9208
132224.000,255.4555
132234.667,256.9353
132245.333,261.4265
132256.000,261.4265
132266.667,261.4265
132277.333,261.4265
132288.000,259.9208
132298.667,270.6457
132309.333,252.5213
132320.000,264.4641
132330.667,269.0869
132341.333,273.7904
132352.000,272.2135
132362.667,270.6457
132373.333,267.5370
132384.000,264.4641
132394.667,256.9353
132405.333,255.4555
132416.000,253.9842
132426.667,255.4555
132437.333,255.4555
132448.000,255.4555
132458.667,255.4555
132469.333,255.4555
132480.000,255.4555
132490.667,255.4555
132501.333,255.4555
132512.000,253.9842
132522.667,252.5213
132533.333,252.5213
132544.000,253.9842
132554.667,255.4555
132565.333,258.4237
132576.000,261.4265
132586.667,261.4265
132597.333,262.9409
132608.000,262.9409
132618.667,262.9409
132629.333,262.9409
132640.000,262.9409
132650.667,262.9409
132661.333,264.4641
132672.000,265.9961
132682.667,265.9961
132693.333,265.9961
132704.000,264.4641
132714.667,262.9409
132725.333,261.4265
132736.000,259.9208
132746.667,259.9208
132757.333,258.4237
132768.000,258.4237
132778.667,256.9353
132789.333,256.9353
132800.000,258.4237
132810.667,258.4237
132821.333,258.4237
132832.000,259.9208
132842.667,259.9208
132853.333,258.4237
132864.000,258.4237
132874.667,256.9353
132885.333,256.9353
132896.000,256.9353
132906.667,258.4237
132917.333,258.4237
132928.000,258.4237
132938.667,258.4237
132949.333,258.4237
132960.000,258.4237
132970.667,258.4237
132981.333,256.9353
132992.000,258.4237
133002.667,258.4237
133013.333,261.4265
133024.000,262.9409
133034.667,264.4641
133045.333,264.4641
133056.000,262.9409
133066.667,262.9409
133077.333,262.9409
133088.000,261.4265
133098.667,261.4265
133109.333,261.4265
133120.000,261.4265
133130.667,261.4265
133141.333,259.9208
133152.000,259.9208
133162.667,259.9208
133173.333,259.9208
133184.000,259.9208
133194.667,261.4265
133205.333,261.4265
133216.000,261.4265
133226.667,261.4265
133237.333,261.4265
133248.000,261.4265
133258.667,261.4265
133269.333,261.4265
133280.000,261.4265
133290.667,259.9208
133301.333,259.9208
133312.000,259.9208
133322.667,258.4237
133333.333,258.4237
133344.000,258.4237
133354.667,258.4237
133365.333,258.4237
133376.000,258.4237
133386.667,258.4237
133397.333,258.4237
133408.000,259.9208
133418.667,259.9208
133429.333,261.4265
133440.000,261.4265
133450.667,261.4265
133461.333,261.4265
133472.000,261.4265
133482.667,261.4265
133493.333,261.4265
133504.000,259.9208
133514.667,259.9208
133525.333,259.9208
133536.000,259.9208
133546.667,259.9208
133557.333,259.9208
133568.000,259.9208
133578.667,259.9208
133589.333,259.9208
133600.000,259.9208
133610.667,259.9208
133621.333,259.9208
133632.000,259.9208
133642.667,259.9208
133653.333,261.4265
133664.000,261.4265
133674.667,261.4265
133685.333,261.4265
133696.000,259.9208
133706.667,259.9208
133717.333,258.4237
133728.000,258.4237
133738.667,256.9353
133749.333,255.4555
133760.000,255.4555
133770.667,253.9842
133781.333,255.4555
133792.000,259.9208
133802.667,262.9409
133813.333,264.4641
133824.000,265.9961
133834.667,265.9961
133845.333,262.9409
133856.000,261.4265
133866.667,258.4237
133877.333,256.9353
133888.000,253.9842
133898.667,256.9353
133909.333,258.4237
133920.000,259.9208
133930.667,262.9409
133941.333,265.9961
133952.000,265.9961
133962.667,264.4641
133973.333,264.4641
133984.000,264.4641
133994.667,265.9961
134005.333,267.5370
134016.000,267.5370
134026.667,270.6457
134037.333,273.7904
134048.000,275.3765
134058.667,275.3765
134069.333,276.9717
134080.000,276.9717
134090.667,276.9717
134101.333,276.9717
134112.000,273.7904
134122.667,272.2135
134133.333,269.0869
134144.000,267.5370
134154.667,265.9961
134165.333,258.4237
134176.000,256.9353
134186.667,255.4555
134197.333,256.9353
134208.000,258.4237
134218.667,0.0000
134229.333,0.0000
134240.000,0.0000
134250.667,0.0000
134261.333,0.0000
134272.000,0.0000
134282.667,0.0000
134293.333,0.0000
134304.000,0.0000
134314.667,0.0000
134325.333,0.0000
134336.000,0.0000
134346.667,0.0000
134357.333,0.0000
134368.000,0.0000
134378.667,0.0000
134389.333,0.0000
134400.000,0.0000
134410.667,0.0000
134421.333,0.0000
134432.000,0.0000
134442.667,0.0000
134453.333,0.0000
134464.000,0.0000
134474.667,216.0560
134485.333,216.0560
134496.000,221.1061
134506.667,224.9709
134517.333,228.9033
134528.000,232.9045
134538.667,232.9045
134549.333,234.2537
134560.000,234.2537
134570.667,234.2537
134581.333,234.2537
134592.000,234.2537
134602.667,234.2537
134613.333,234.2537
134624.000,234.2537
134634.667,234.2537
134645.333,234.2537
134656.000,234.2537
134666.667,232.9045
134677.333,231.5631
134688.000,0.0000
134698.667,0.0000
134709.333,0.0000
134720.000,0.0000
134730.667,0.0000
134741.333,0.0000
134752.000,0.0000
134762.667,0.0000
134773.333,0.0000
134784.000,0.0000
134794.667,231.5631
134805.333,231.5631
134816.000,232.9045
134826.667,232.9045
134837.333,231.5631
134848.000,232.9045
134858.667,232.9045
134869.333,231.5631
134880.000,231.5631
134890.667,0.0000
134901.333,0.0000
134912.000,0.0000
134922.667,0.0000
134933.333,0.0000
134944.000,0.0000
134954.667,0.0000
134965.333,231.5631
134976.000,231.5631
134986.667,232.9045
134997.333,232.9045
135008.000,232.9045
135018.667,231.5631
135029.333,231.5631
135040.000,231.5631
135050.667,232.9045
135061.333,232.9045
135072.000,0.0000
135082.667,0.0000
135093.333,0.0000
135104.000,0.0000
135114.667,0.0000
135125.333,231.5631
135136.000,231.5631
135146.667,231.5631
135157.333,231.5631
135168.000,231.5631
135178.667,231.5631
135189.333,231.5631
135200.000,231.5631
135210.667,231.5631
135221.333,231.5631
135232.000,0.0000
135242.667,0.0000
135253.333,0.0000
135264.000,0.0000
135274.667,0.0000
135285.333,0.0000
135296.000,0.0000
135306.667,0.0000
135317.333,0.0000
135328.000,231.5631
135338.667,228.9033
135349.333,226.2742
135360.000,224.9709
135370.667,224.9709
135381.333,224.9709
135392.000,227.5850
135402.667,0.0000
135413.333,0.0000
135424.000,0.0000
135434.667,0.0000
135445.333,0.0000
135456.000,0.0000
135466.667,0.0000
135477.333,209.9053
135488.000,211.1213
135498.667,212.3443
135509.333,214.8116
135520.000,228.9033
135530.667,232.9045
135541.333,234.2537
135552.000,235.6107
135562.667,232.9045
135573.333,234.2537
135584.000,235.6107
135594.667,236.9756
135605.333,232.9045
135616.000,230.2294
135626.667,228.9033
135637.333,230.2294
135648.000,231.5631
135658.667,231.5631
135669.333,232.9045
135680.000,232.9045
135690.667,231.5631
135701.333,231.5631
135712.000,0.0000
135722.667,0.0000
135733.333,0.0000
135744.000,200.4263
135754.667,193.5991
135765.333,193.5991
135776.000,194.7206
135786.667,194.7206
135797.333,192.4840
135808.000,217.3076
135818.667,217.3076
135829.333,217.3076
135840.000,214.8116
135850.667,205.1111
135861.333,205.1111
135872.000,203.9297
135882.667,0.0000
135893.333,0.0000
135904.000,0.0000
135914.667,0.0000
135925.333,0.0000
135936.000,0.0000
135946.667,0.0000
135957.333,0.0000
135968.000,0.0000
135978.667,0.0000
135989.333,0.0000
136000.000,0.0000
136010.667,0.0000
136021.333,0.0000
136032.000,0.0000
136042.667,190.2731
136053.333,194.7206
136064.000,199.2719
136074.667,201.5874
136085.333,203.9297
136096.000,205.1111
136106.667,207.4943
136117.333,208.6963
136128.000,211.1213
136138.667,212.3443
136149.333,212.3443
136160.000,211.1213
136170.667,209.9053
136181.333,208.6963
136192.000,206.2992
136202.667,205.1111
136213.333,0.0000
136224.000,0.0000
136234.667,0.0000
136245.333,0.0000
136256.000,0.0000
136266.667,0.0000
136277.333,0.0000
136288.000,207.4943
136298.667,207.4943
136309.333,208.6963
136320.000,216.0560
136330.667,217.3076
136341.333,217.3076
136352.000,218.5664
136362.667,0.0000
136373.333,0.0000
136384.000,0.0000
136394.667,0.0000
136405.333,253.9842
136416.000,251.0669
136426.667,245.3325
136437.333,252.5213
136448.000,253.9842
136458.667,256.9353
136469.333,258.4237
136480.000,258.4237
136490.667,258.4237
136501.333,258.4237
136512.000,256.9353
136522.667,256.9353
136533.333,255.4555
136544.000,253.9842
136554.667,252.5213
136565.333,251.0669
136576.000,249.6209
136586.667,246.7537
136597.333,246.7537
136608.000,243.9195
136618.667,245.3325
136629.333,245.3325
136640.000,243.9195
136650.667,242.5147
136661.333,239.7291
136672.000,239.7291
136682.667,238.3484
136693.333,238.3484
136704.000,236.9756
136714.667,235.6107
136725.333,235.6107
136736.000,234.2537
136746.667,232.9045
136757.333,232.9045
136768.000,230.2294
136778.667,228.9033
136789.333,224.9709
136800.000,221.1061
136810.667,224.9709
136821.333,230.2294
136832.000,223.6752
136842.667,213.5744
136853.333,211.1213
136864.000,208.6963
136874.667,206.2992
136885.333,205.1111
136896.000,206.2992
136906.667,208.6963
136917.333,209.9053
136928.000,211.1213
136938.667,211.1213
136949.333,211.1213
136960.000,211.1213
136970.667,209.9053
136981.333,205.1111
136992.000,198.1242
137002.667,192.4840
137013.333,194.7206
137024.000,172.4771
137034.667,173.4763
137045.333,172.4771
137056.000,174.4812
137066.667,175.4920
137077.333,175.4920
137088.000,175.4920
137098.667,174.4812
137109.333,174.4812
137120.000,174.4812
137130.667,175.4920
137141.333,175.4920
137152.000,176.5086
137162.667,177.5311
137173.333,177.5311
137184.000,177.5311
137194.667,175.4920
137205.333,174.4812
137216.000,174.4812
137226.667,175.4920
137237.333,176.5086
137248.000,177.5311
137258.667,179.5939
137269.333,181.6807
137280.000,185.9273
137290.667,189.1772
137301.333,192.4840
137312.000,196.9831
137322.667,200.4263
137333.333,203.9297
137344.000,207.4943
137354.667,209.9053
137365.333,211.1213
137376.000,212.3443
137386.667,211.1213
137397.333,211.1213
137408.000,209.9053
137418.667,208.6963
137429.333,207.4943
137440.000,205.1111
137450.667,203.9297
137461.333,203.9297
137472.000,205.1111
137482.667,211.1213
137493.333,212.3443
137504.000,209.9053
137514.667,208.6963
137525.333,207.4943
137536.000,207.4943
137546.667,208.6963
137557.333,208.6963
137568.000,208.6963
137578.667,208.6963
137589.333,209.9053
137600.000,208.6963
137610.667,208.6963
137621.333,206.2992
137632.000,205.1111
137642.667,201.5874
137653.333,196.9831
137664.000,192.4840
137674.667,192.4840
137685.333,184.8564
137696.000,183.7917
137706.667,183.7917
137717.333,181.6807
137728.000,179.5939
137738.667,176.5086
137749.333,173.4763
137760.000,167.5671
137770.667,164.6884
137781.333,165.6424
137792.000,171.4838
137802.667,173.4763
137813.333,174.4812
137824.000,175.4920
137834.667,180.6343
137845.333,179.5939
137856.000,0.0000
137866.667,0.0000
137877.333,0.0000
137888.000,0.0000
137898.667,0.0000
137909.333,0.0000
137920.000,0.0000
137930.667,0.0000
137941.333,0.0000
137952.000,0.0000
137962.667,185.9273
137973.333,185.9273
137984.000,200.4263
137994.667,200.4263
138005.333,201.5874
138016.000,203.9297
138026.667,205.1111
138037.333,205.1111
138048.000,206.2992
138058.667,206.2992
138069.333,207.4943
138080.000,207.4943
138090.667,208.6963
138101.333,209.9053
138112.000,211.1213
138122.667,212.3443
138133.333,212.3443
138144.000,211.1213
138154.667,209.9053
138165.333,209.9053
138176.000,208.6963
138186.667,207.4943
138197.333,206.2992
138208.000,203.9297
138218.667,203.9297
138229.333,203.9297
138240.000,203.9297
138250.667,205.1111
138261.333,205.1111
138272.000,205.1111
138282.667,206.2992
138293.333,206.2992
138304.000,206.2992
138314.667,206.2992
138325.333,206.2992
138336.000,206.2992
138346.667,206.2992
138357.333,206.2992
138368.000,206.2992
138378.667,207.4943
138389.333,207.4943
138400.000,207.4943
138410.667,208.6963
138421.333,208.6963
138432.000,209.9053
138442.667,209.9053
138453.333,209.9053
138464.000,211.1213
138474.667,211.1213
138485.333,211.1213
138496.000,211.1213
138506.667,212.3443
138517.333,213.5744
138528.000,213.5744
138538.667,212.3443
138549.333,211.1213
138560.000,209.9053
138570.667,207.4943
138581.333,205.1111
138592.000,203.9297
138602.667,203.9297
138613.333,205.1111
138624.000,207.4943
138634.667,209.9053
138645.333,212.3443
138656.000,214.8116
138666.667,216.0560
138677.333,217.3076
138688.000,214.8116
138698.667,208.6963
138709.333,202.7552
138720.000,199.2719
138730.667,199.2719
138741.333,199.2719
138752.000,201.5874
138762.667,205.1111
138773.333,207.4943
138784.000,207.4943
138794.667,207.4943
138805.333,206.2992
138816.000,202.7552
138826.667,199.2719
138837.333,194.7206
138848.000,193.5991
138858.667,191.3754
138869.333,190.2731
138880.000,187.0044
138890.667,185.9273
138901.333,185.9273
138912.000,185.9273
138922.667,189.1772
138933.333,212.3443
138944.000,211.1213
138954.667,209.9053
138965.333,209.9053
138976.000,207.4943
138986.667,0.0000
138997.333,0.0000
139008.000,0.0000
139018.667,0.0000
139029.333,0.0000
139040.000,0.0000
139050.667,0.0000
139061.333,0.0000
139072.000,0.0000
139082.667,0.0000
139093.333,0.0000
139104.000,0.0000
139114.667,0.0000
139125.333,0.0000
139136.000,0.0000
139146.667,0.0000
139157.333,0.0000
139168.000,206.2992
139178.667,203.9297
139189.333,202.7552
139200.000,202.7552
139210.667,201.5874
139221.333,200.4263
139232.000,200.4263
139242.667,199.2719
139253.333,200.4263
139264.000,200.4263
139274.667,201.5874
139285.333,0.0000
139296.000,0.0000
139306.667,0.0000
139317.333,0.0000
139328.000,0.0000
139338.667,0.0000
139349.333,0.0000
139360.000,0.0000
139370.667,0.0000
139381.333,0.0000
139392.000,0.0000
139402.667,0.0000
139413.333,0.0000
139424.000,0.0000
139434.667,178.5595
139445.333,177.5311
139456.000,177.5311
139466.667,172.4771
139477.333,172.4771
139488.000,172.4771
139498.667,166.6019
139509.333,173.4763
139520.000,160.9269
139530.667,145.0354
139541.333,144.2001
139552.000,157.2513
139562.667,0.0000
139573.333,0.0000
139584.000,0.0000
139594.667,0.0000
139605.333,0.0000
139616.000,0.0000
139626.667,0.0000
139637.333,0.0000
139648.000,0.0000
139658.667,0.0000
139669.333,0.0000
139680.000,0.0000
139690.667,0.0000
139701.333,0.0000
139712.000,0.0000
139722.667,0.0000
139733.333,0.0000
139744.000,0.0000
139754.667,0.0000
139765.333,0.0000
139776.000,0.0000
139786.667,0.0000
139797.333,0.0000
139808.000,0.0000
139818.667,0.0000
139829.333,0.0000
139840.000,0.0000
139850.667,0.0000
139861.333,0.0000
139872.000,0.0000
139882.667,0.0000
139893.333,335.1341
139904.000,333.2039
139914.667,335.1341
139925.333,335.1341
139936.000,335.1341
139946.667,337.0755
139957.333,337.0755
139968.000,339.0282
139978.667,339.0282
139989.333,340.9922
140000.000,340.9922
140010.667,342.9675
140021.333,342.9675
140032.000,344.9543
140042.667,344.9543
140053.333,344.9543
140064.000,346.9526
140074.667,346.9526
140085.333,346.9526
140096.000,346.9526
140106.667,344.9543
140117.333,344.9543
140128.000,344.9543
140138.667,346.9526
140149.333,346.9526
140160.000,348.9625
140170.667,350.9840
140181.333,350.9840
140192.000,350.9840
140202.667,350.9840
140213.333,350.9840
140224.000,346.9526
140234.667,346.9526
140245.333,346.9526
140256.000,357.1191
140266.667,0.0000
140277.333,0.0000
140288.000,0.0000
140298.667,0.0000
140309.333,0.0000
140320.000,0.0000
140330.667,0.0000
140341.333,339.0282
140352.000,339.0282
140362.667,335.1341
140373.333,335.1341
140384.000,335.1341
140394.667,335.1341
140405.333,335.1341
140416.000,337.0755
140426.667,340.9922
140437.333,340.9922
140448.000,344.9543
140458.667,344.9543
140469.333,346.9526
140480.000,346.9526
140490.667,346.9526
140501.333,348.9625
140512.000,350.9840
140522.667,350.9840
140533.333,350.9840
140544.000,353.0172
140554.667,353.0172
140565.333,355.0622
140576.000,353.0172
140586.667,353.0172
140597.333,353.0172
140608.000,353.0172
140618.667,353.0172
140629.333,353.0172
140640.000,350.9840
140650.667,348.9625
140661.333,346.9526
140672.000,342.9675
140682.667,340.9922
140693.333,339.0282
140704.000,340.9922
140714.667,344.9543
140725.333,346.9526
140736.000,350.9840
140746.667,355.0622
140757.333,355.0622
140768.000,357.1191
140778.667,357.1191
140789.333,357.1191
140800.000,355.0622
140810.667,353.0172
140821.333,353.0172
140832.000,353.0172
140842.667,353.0172
140853.333,353.0172
140864.000,350.9840
140874.667,350.9840
140885.333,339.0282
140896.000,340.9922
140906.667,0.0000
140917.333,0.0000
140928.000,0.0000
140938.667,0.0000
140949.333,0.0000
140960.000,0.0000
140970.667,0.0000
140981.333,0.0000
140992.000,342.9675
141002.667,333.2039
141013.333,316.3245
141024.000,316.3245
141034.667,314.5026
141045.333,314.5026
141056.000,314.5026
141066.667,316.3245
141077.333,316.3245
141088.000,318.1569
141098.667,318.1569
141109.333,318.1569
141120.000,320.0000
141130.667,320.0000
141141.333,321.8537
141152.000,321.8537
141162.667,323.7182
141173.333,325.5935
141184.000,329.3767
141194.667,337.0755
141205.333,342.9675
141216.000,346.9526
141226.667,348.9625
141237.333,350.9840
141248.000,350.9840
141258.667,348.9625
141269.333,348.9625
141280.000,348.9625
141290.667,348.9625
141301.333,348.9625
141312.000,346.9526
141322.667,344.9543
141333.333,344.9543
141344.000,342.9675
141354.667,337.0755
141365.333,329.3767
141376.000,329.3767
141386.667,331.2848
141397.333,337.0755
141408.000,312.6912
141418.667,309.0996
141429.333,307.3193
141440.000,309.0996
141450.667,309.0996
141461.333,310.8902
141472.000,312.6912
141482.667,314.5026
141493.333,314.5026
141504.000,316.3245
141514.667,316.3245
141525.333,314.5026
141536.000,314.5026
141546.667,314.5026
141557.333,314.5026
141568.000,312.6912
141578.667,312.6912
141589.333,312.6912
141600.000,312.6912
141610.667,312.6912
141621.333,312.6912
141632.000,312.6912
141642.667,312.6912
141653.333,310.8902
141664.000,310.8902
141674.667,310.8902
141685.333,309.0996
141696.000,309.0996
141706.667,310.8902
141717.333,310.8902
141728.000,312.6912
141738.667,312.6912
141749.333,314.5026
141760.000,312.6912
141770.667,312.6912
141781.333,310.8902
141792.000,309.0996
141802.667,307.3193
141813.333,309.0996
141824.000,309.0996
141834.667,310.8902
141845.333,312.6912
141856.000,316.3245
141866.667,318.1569
141877.333,316.3245
141888.000,314.5026
141898.667,309.0996
141909.333,305.5493
141920.000,302.0398
141930.667,302.0398
141941.333,302.0398
141952.000,305.5493
141962.667,309.0996
141973.333,312.6912
141984.000,318.1569
141994.667,316.3245
142005.333,310.8902
142016.000,0.0000
142026.667,0.0000
142037.333,0.0000
142048.000,0.0000
142058.667,0.0000
142069.333,0.0000
142080.000,0.0000
142090.667,0.0000
142101.333,235.6107
142112.000,235.6107
142122.667,235.6107
142133.333,234.2537
142144.000,232.9045
142154.667,231.5631
142165.333,231.5631
142176.000,230.2294
142186.667,236.9756
142197.333,236.9756
142208.000,236.9756
142218.667,236.9756
142229.333,236.9756
142240.000,238.3484
142250.667,241.1179
142261.333,242.5147
142272.000,243.9195
142282.667,249.6209
142293.333,261.4265
142304.000,264.4641
142314.667,265.9961
142325.333,267.5370
142336.000,267.5370
142346.667,267.5370
142357.333,267.5370
142368.000,265.9961
142378.667,265.9961
142389.333,264.4641
142400.000,264.4641
142410.667,264.4641
142421.333,264.4641
142432.000,264.4641
142442.667,264.4641
142453.333,264.4641
142464.000,264.4641
142474.667,264.4641
142485.333,262.9409
142496.000,262.9409
142506.667,264.4641
142517.333,262.9409
142528.000,262.9409
142538.667,261.4265
142549.333,261.4265
142560.000,261.4265
142570.667,261.4265
142581.333,261.4265
142592.000,262.9409
142602.667,262.9409
142613.333,262.9409
142624.000,264.4641
142634.667,264.4641
142645.333,264.4641
142656.000,264.4641
142666.667,262.9409
142677.333,262.9409
142688.000,264.4641
142698.667,267.5370
142709.333,270.6457
142720.000,272.2135
142730.667,273.7904
142741.333,273.7904
142752.000,275.3765
142762.667,275.3765
142773.333,275.3765
142784.000,275.3765
142794.667,275.3765
142805.333,275.3765
142816.000,275.3765
142826.667,275.3765
142837.333,275.3765
142848.000,275.3765
142858.667,275.3765
142869.333,275.3765
142880.000,275.3765
142890.667,275.3765
142901.333,276.9717
142912.000,276.9717
142922.667,276.9717
142933.333,278.5762
142944.000,278.5762
142954.667,276.9717
142965.333,275.3765
142976.000,253.9842
142986.667,246.7537
142997.333,239.7291
143008.000,238.3484
143018.667,0.0000
143029.333,0.0000
143040.000,272.2135
143050.667,276.9717
143061.333,280.1900
143072.000,283.4456
143082.667,286.7391
143093.333,291.7512
143104.000,288.4001
143114.667,285.0876
143125.333,283.4456
143136.000,280.1900
143146.667,278.5762
143157.333,278.5762
143168.000,278.5762
143178.667,278.5762
143189.333,276.9717
143200.000,275.3765
143210.667,272.2135
143221.333,0.0000
143232.000,0.0000
143242.667,0.0000
143253.333,0.0000
143264.000,0.0000
143274.667,0.0000
143285.333,0.0000
143296.000,0.0000
143306.667,0.0000
143317.333,0.0000
143328.000,0.0000
143338.667,0.0000
143349.333,0.0000
143360.000,248.1832
143370.667,253.9842
143381.333,258.4237
143392.000,264.4641
143402.667,278.5762
143413.333,288.4001
143424.000,291.7512
143434.667,295.1412
143445.333,295.1412
143456.000,298.5706
143466.667,298.5706
143477.333,300.3002
143488.000,302.0398
143498.667,302.0398
143509.333,303.7895
143520.000,303.7895
143530.667,303.7895
143541.333,305.5493
143552.000,307.3193
143562.667,307.3193
143573.333,309.0996
143584.000,310.8902
143594.667,310.8902
143605.333,312.6912
143616.000,312.6912
143626.667,312.6912
143637.333,310.8902
143648.000,310.8902
143658.667,310.8902
143669.333,309.0996
143680.000,309.0996
143690.667,307.3193
143701.333,307.3193
143712.000,309.0996
143722.667,309.0996
143733.333,310.8902
143744.000,312.6912
143754.667,312.6912
143765.333,310.8902
143776.000,305.5493
143786.667,305.5493
143797.333,310.8902
143808.000,314.5026
143818.667,318.1569
143829.333,318.1569
143840.000,318.1569
143850.667,316.3245
143861.333,314.5026
143872.000,314.5026
143882.667,314.5026
143893.333,314.5026
143904.000,314.5026
143914.667,316.3245
143925.333,316.3245
143936.000,316.3245
143946.667,316.3245
143957.333,316.3245
143968.000,316.3245
143978.667,316.3245
143989.333,314.5026
144000.000,314.5026
144010.667,312.6912
144021.333,312.6912
144032.000,310.8902
144042.667,307.3193
144053.333,305.5493
144064.000,303.7895
144074.667,302.0398
144085.333,303.7895
144096.000,303.7895
144106.667,309.0996
144117.333,310.8902
144128.000,310.8902
144138.667,312.6912
144149.333,312.6912
144160.000,307.3193
144170.667,0.0000
144181.333,0.0000
144192.000,0.0000
144202.667,0.0000
144213.333,305.5493
144224.000,302.0398
144234.667,305.5493
144245.333,307.3193
144256.000,309.0996
144266.667,307.3193
144277.333,309.0996
144288.000,309.0996
144298.667,309.0996
144309.333,310.8902
144320.000,310.8902
144330.667,312.6912
144341.333,314.5026
144352.000,316.3245
144362.667,314.5026
144373.333,309.0996
144384.000,305.5493
144394.667,302.0398
144405.333,298.5706
144416.000,307.3193
144426.667,305.5493
144437.333,309.0996
144448.000,0.0000
144458.667,0.0000
144469.333,0.0000
144480.000,252.5213
144490.667,253.9842
144501.333,255.4555
144512.000,255.4555
144522.667,255.4555
144533.333,256.9353
144544.000,256.9353
144554.667,259.9208
144565.333,261.4265
144576.000,261.4265
144586.667,262.9409
144597.333,264.4641
144608.000,265.9961
144618.667,269.0869
144629.333,272.2135
144640.000,275.3765
144650.667,290.0708
144661.333,300.3002
144672.000,305.5493
144682.667,309.0996
144693.333,310.8902
144704.000,312.6912
144714.667,312.6912
144725.333,312.6912
144736.000,312.6912
144746.667,310.8902
144757.333,310.8902
144768.000,310.8902
144778.667,307.3193
144789.333,312.6912
144800.000,309.0996
144810.667,307.3193
144821.333,305.5493
144832.000,307.3193
144842.667,288.4001
144853.333,0.0000
144864.000,0.0000
144874.667,0.0000
144885.333,0.0000
144896.000,0.0000
144906.667,216.0560
144917.333,223.6752
144928.000,238.3484
144938.667,249.6209
144949.333,256.9353
144960.000,262.9409
144970.667,267.5370
144981.333,269.0869
144992.000,269.0869
145002.667,267.5370
145013.333,264.4641
145024.000,264.4641
145034.667,262.9409
145045.333,262.9409
145056.000,262.9409
145066.667,262.9409
145077.333,262.9409
145088.000,262.9409
145098.667,262.9409
145109.333,262.9409
145120.000,264.4641
145130.667,262.9409
145141.333,262.9409
145152.000,261.4265
145162.667,259.9208
145173.333,259.9208
145184.000,261.4265
145194.667,261.4265
145205.333,262.9409
145216.000,265.9961
145226.667,267.5370
145237.333,269.0869
145248.000,269.0869
145258.667,267.5370
145269.333,267.5370
145280.000,267.5370
145290.667,267.5370
145301.333,267.5370
145312.000,265.9961
145322.667,262.9409
145333.333,261.4265
145344.000,264.4641
145354.667,265.9961
145365.333,269.0869
145376.000,270.6457
145386.667,270.6457
145397.333,270.6457
145408.000,269.0869
145418.667,267.5370
145429.333,265.9961
145440.000,262.9409
145450.667,261.4265
145461.333,262.9409
145472.000,0.0000
145482.667,0.0000
145493.333,0.0000
145504.000,0.0000
145514.667,0.0000
145525.333,0.0000
145536.000,0.0000
145546.667,0.0000
145557.333,175.4920
145568.000,175.4920
145578.667,170.4961
145589.333,170.4961
145600.000,169.5141
145610.667,168.5378
145621.333,168.5378
145632.000,0.0000
145642.667,0.0000
145653.333,0.0000
145664.000,0.0000
145674.667,0.0000
145685.333,0.0000
145696.000,0.0000
145706.667,0.0000
145717.333,0.0000
145728.000,0.0000
145738.667,0.0000
145749.333,0.0000
145760.000,0.0000
145770.667,0.0000
145781.333,0.0000
145792.000,0.0000
145802.667,0.0000
145813.333,0.0000
145824.000,0.0000
145834.667,203.9297
145845.333,203.9297
145856.000,201.5874
145866.667,199.2719
145877.333,196.9831
145888.000,195.8486
145898.667,194.7206
145909.333,194.7206
145920.000,196.9831
145930.667,198.1242
145941.333,198.1242
145952.000,198.1242
145962.667,198.1242
145973.333,198.1242
145984.000,196.9831
145994.667,194.7206
146005.333,193.5991
146016.000,191.3754
146026.667,191.3754
146037.333,192.4840
146048.000,192.4840
146058.667,193.5991
146069.333,193.5991
146080.000,193.5991
146090.667,194.7206
146101.333,194.7206
146112.000,194.7206
146122.667,194.7206
146133.333,194.7206
146144.000,194.7206
146154.667,195.8486
146165.333,199.2719
146176.000,202.7552
146186.667,206.2992
146197.333,208.6963
146208.000,209.9053
146218.667,208.6963
146229.333,208.6963
146240.000,207.4943
146250.667,206.2992
146261.333,206.2992
146272.000,207.4943
146282.667,208.6963
146293.333,209.9053
146304.000,209.9053
146314.667,208.6963
146325.333,208.6963
146336.000,207.4943
146346.667,207.4943
146357.333,207.4943
146368.000,207.4943
146378.667,207.4943
146389.333,207.4943
146400.000,206.2992
146410.667,206.2992
146421.333,206.2992
146432.000,206.2992
146442.667,206.2992
146453.333,206.2992
146464.000,207.4943
146474.667,207.4943
146485.333,207.4943
146496.000,208.6963
146506.667,208.6963
146517.333,208.6963
146528.000,209.9053
146538.667,209.9053
146549.333,209.9053
146560.000,206.2992
146570.667,205.1111
146581.333,205.1111
146592.000,203.9297
146602.667,202.7552
146613.333,202.7552
146624.000,180.6343
146634.667,161.8591
146645.333,160.0000
146656.000,160.0000
146666.667,157.2513
146677.333,0.0000
146688.000,0.0000
146698.667,0.0000
146709.333,0.0000
146720.000,0.0000
146730.667,0.0000
146741.333,0.0000
146752.000,0.0000
146762.667,0.0000
146773.333,0.0000
146784.000,0.0000
146794.667,0.0000
146805.333,0.0000
146816.000,350.9840
146826.667,355.0622
146837.333,346.9526
146848.000,346.9526
146858.667,346.9526
146869.333,348.9625
146880.000,348.9625
146890.667,350.9840
146901.333,348.9625
146912.000,348.9625
146922.667,346.9526
146933.333,346.9526
146944.000,344.9543
146954.667,344.9543
146965.333,344.9543
146976.000,344.9543
146986.667,344.9543
146997.333,344.9543
147008.000,346.9526
147018.667,346.9526
147029.333,346.9526
147040.000,346.9526
147050.667,346.9526
147061.333,346.9526
147072.000,344.9543
147082.667,346.9526
147093.333,346.9526
147104.000,346.9526
147114.667,348.9625
147125.333,348.9625
147136.000,348.9625
147146.667,348.9625
147157.333,346.9526
147168.000,344.9543
147178.667,342.9675
147189.333,342.9675
147200.000,342.9675
147210.667,342.9675
147221.333,342.9675
147232.000,344.9543
147242.667,348.9625
147253.333,350.9840
147264.000,350.9840
147274.667,348.9625
147285.333,348.9625
147296.000,346.9526
147306.667,344.9543
147317.333,342.9675
147328.000,342.9675
147338.667,340.9922
147349.333,339.0282
147360.000,339.0282
147370.667,339.0282
147381.333,340.9922
147392.000,339.0282
147402.667,339.0282
147413.333,340.9922
147424.000,342.9675
147434.667,344.9543
147445.333,346.9526
147456.000,348.9625
147466.667,350.9840
147477.333,353.0172
147488.000,353.0172
147498.667,350.9840
147509.333,350.9840
147520.000,348.9625
147530.667,348.9625
147541.333,348.9625
147552.000,346.9526
147562.667,346.9526
147573.333,344.9543
147584.000,342.9675
147594.667,342.9675
147605.333,342.9675
147616.000,342.9675
147626.667,340.9922
147637.333,342.9675
147648.000,346.9526
147658.667,348.9625
147669.333,350.9840
147680.000,348.9625
147690.667,350.9840
147701.333,355.0622
147712.000,353.0172
147722.667,353.0172
147733.333,350.9840
147744.000,350.9840
147754.667,350.9840
147765.333,350.9840
147776.000,350.9840
147786.667,350.9840
147797.333,350.9840
147808.000,353.0172
147818.667,350.9840
147829.333,350.9840
147840.000,346.9526
147850.667,344.9543
147861.333,340.9922
147872.000,337.0755
147882.667,327.4796
147893.333,323.7182
147904.000,323.7182
147914.667,325.5935
147925.333,323.7182
147936.000,323.7182
147946.667,320.0000
147957.333,318.1569
147968.000,316.3245
147978.667,314.5026
147989.333,312.6912
148000.000,310.8902
148010.667,309.0996
148021.333,307.3193
148032.000,307.3193
148042.667,307.3193
148053.333,307.3193
148064.000,307.3193
148074.667,309.0996
148085.333,310.8902
148096.000,312.6912
148106.667,318.1569
148117.333,325.5935
148128.000,335.1341
148138.667,344.9543
148149.333,346.9526
148160.000,348.9625
148170.667,348.9625
148181.333,348.9625
148192.000,346.9526
148202.667,342.9675
148213.333,340.9922
148224.000,337.0755
148234.667,335.1341
148245.333,333.2039
148256.000,331.2848
148266.667,318.1569
148277.333,318.1569
148288.000,316.3245
148298.667,0.0000
148309.333,0.0000
148320.000,0.0000
148330.667,0.0000
148341.333,0.0000
148352.000,0.0000
148362.667,0.0000
148373.333,0.0000
148384.000,0.0000
148394.667,0.0000
148405.333,0.0000
148416.000,0.0000
148426.667,0.0000
148437.333,0.0000
148448.000,0.0000
148458.667,0.0000
148469.333,0.0000
148480.000,625.3824
148490.667,621.7804
148501.333,618.1993
148512.000,618.1993
148522.667,621.7804
148533.333,621.7804
148544.000,621.7804
148554.667,621.7804
148565.333,621.7804
148576.000,621.7804
148586.667,621.7804
148597.333,621.7804
148608.000,621.7804
148618.667,625.3824
148629.333,625.3824
148640.000,629.0052
148650.667,629.0052
148661.333,632.6490
148672.000,629.0052
148682.667,629.0052
148693.333,625.3824
148704.000,625.3824
148714.667,621.7804
148725.333,621.7804
148736.000,621.7804
148746.667,625.3824
148757.333,625.3824
148768.000,625.3824
148778.667,636.3139
148789.333,640.0000
148800.000,643.7075
148810.667,640.0000
148821.333,636.3139
148832.000,636.3139
148842.667,632.6490
148853.333,625.3824
148864.000,625.3824
148874.667,625.3824
148885.333,625.3824
148896.000,625.3824
148906.667,629.0052
148917.333,625.3824
148928.000,618.1993
148938.667,614.6387
148949.333,604.0796
148960.000,0.0000
148970.667,0.0000
148981.333,0.0000
148992.000,0.0000
149002.667,0.0000
149013.333,0.0000
149024.000,0.0000
149034.667,0.0000
149045.333,223.6752
149056.000,224.9709
149066.667,219.8326
149077.333,218.5664
149088.000,216.0560
149098.667,216.0560
149109.333,216.0560
149120.000,219.8326
149130.667,219.8326
149141.333,0.0000
149152.000,0.0000
149162.667,0.0000
149173.333,0.0000
149184.000,0.0000
149194.667,0.0000
149205.333,0.0000
149216.000,0.0000
149226.667,0.0000
149237.333,0.0000
149248.000,0.0000
149258.667,0.0000
149269.333,0.0000
149280.000,0.0000
149290.667,0.0000
149301.333,0.0000
149312.000,264.4641
149322.667,265.9961
149333.333,264.4641
149344.000,262.9409
149354.667,259.9208
149365.333,258.4237
149376.000,258.4237
149386.667,258.4237
149397.333,258.4237
149408.000,258.4237
149418.667,258.4237
149429.333,258.4237
149440.000,258.4237
149450.667,258.4237
149461.333,256.9353
149472.000,255.4555
149482.667,255.4555
149493.333,255.4555
149504.000,256.9353
149514.667,258.4237
149525.333,259.9208
149536.000,261.4265
149546.667,261.4265
149557.333,261.4265
149568.000,261.4265
149578.667,261.4265
149589.333,261.4265
149600.000,261.4265
149610.667,261.4265
149621.333,261.4265
149632.000,262.9409
149642.667,264.4641
149653.333,267.5370
149664.000,272.2135
149674.667,278.5762
149685.333,281.8131
149696.000,281.8131
149706.667,281.8131
149717.333,281.8131
149728.000,278.5762
149738.667,272.2135
149749.333,270.6457
149760.000,270.6457
149770.667,272.2135
149781.333,275.3765
149792.000,280.1900
149802.667,285.0876
149813.333,285.0876
149824.000,283.4456
149834.667,281.8131
149845.333,280.1900
149856.000,276.9717
149866.667,276.9717
149877.333,275.3765
149888.000,278.5762
149898.667,278.5762
149909.333,278.5762
149920.000,278.5762
149930.667,278.5762
149941.333,280.1900
149952.000,281.8131
149962.667,272.2135
149973.333,272.2135
149984.000,280.1900
149994.667,281.8131
150005.333,286.7391
150016.000,288.4001
150026.667,285.0876
150037.333,285.0876
150048.000,288.4001
150058.667,290.0708
150069.333,295.1412
150080.000,0.0000
150090.667,0.0000
150101.333,0.0000
150112.000,0.0000
150122.667,0.0000
150133.333,0.0000
150144.000,0.0000
150154.667,150.1501
150165.333,151.8947
150176.000,152.7747
150186.667,153.6597
150197.333,155.4451
150208.000,156.3456
150218.667,169.5141
150229.333,172.4771
150240.000,177.5311
150250.667,0.0000
150261.333,216.0560
150272.000,224.9709
150282.667,235.6107
150293.333,248.1832
150304.000,259.9208
150314.667,288.4001
150325.333,296.8509
150336.000,300.3002
150346.667,309.0996
150357.333,316.3245
150368.000,318.1569
150378.667,320.0000
150389.333,278.5762
150400.000,293.4413
150410.667,0.0000
150421.333,0.0000
150432.000,0.0000
150442.667,0.0000
150453.333,0.0000
150464.000,0.0000
150474.667,0.0000
150485.333,0.0000
150496.000,0.0000
150506.667,0.0000
150517.333,0.0000
150528.000,0.0000
150538.667,0.0000
150549.333,293.4413
150560.000,276.9717
150570.667,272.2135
150581.333,270.6457
150592.000,267.5370
150602.667,265.9961
150613.333,264.4641
150624.000,264.4641
150634.667,264.4641
150645.333,264.4641
150656.000,264.4641
150666.667,264.4641
150677.333,264.4641
150688.000,265.9961
150698.667,267.5370
150709.333,267.5370
150720.000,269.0869
150730.667,270.6457
150741.333,273.7904
150752.000,278.5762
150762.667,290.0708
150773.333,296.8509
150784.000,298.5706
150794.667,300.3002
150805.333,303.7895
150816.000,307.3193
150826.667,309.0996
150837.333,310.8902
150848.000,312.6912
150858.667,312.6912
150869.333,312.6912
150880.000,312.6912
150890.667,312.6912
150901.333,312.6912
150912.000,312.6912
150922.667,310.8902
150933.333,310.8902
150944.000,310.8902
150954.667,310.8902
150965.333,310.8902
150976.000,310.8902
150986.667,312.6912
150997.333,312.6912
151008.000,312.6912
151018.667,312.6912
151029.333,312.6912
151040.000,312.6912
151050.667,312.6912
151061.333,312.6912
151072.000,312.6912
151082.667,312.6912
151093.333,310.8902
151104.000,307.3193
151114.667,305.5493
151125.333,305.5493
151136.000,307.3193
151146.667,310.8902
151157.333,310.8902
151168.000,310.8902
151178.667,314.5026
151189.333,318.1569
151200.000,318.1569
151210.667,318.1569
151221.333,316.3245
151232.000,314.5026
151242.667,314.5026
151253.333,312.6912
151264.000,310.8902
151274.667,307.3193
151285.333,305.5493
151296.000,305.5493
151306.667,303.7895
151317.333,303.7895
151328.000,302.0398
151338.667,300.3002
151349.333,335.1341
151360.000,333.2039
151370.667,312.6912
151381.333,0.0000
151392.000,0.0000
151402.667,0.0000
151413.333,0.0000
151424.000,0.0000
151434.667,0.0000
151445.333,0.0000
151456.000,0.0000
151466.667,270.6457
151477.333,269.0869
151488.000,265.9961
151498.667,264.4641
151509.333,262.9409
151520.000,261.4265
151530.667,261.4265
151541.333,259.9208
151552.000,259.9208
151562.667,259.9208
151573.333,261.4265
151584.000,262.9409
151594.667,264.4641
151605.333,265.9961
151616.000,270.6457
151626.667,276.9717
151637.333,298.5706
151648.000,305.5493
151658.667,310.8902
151669.333,314.5026
151680.000,314.5026
151690.667,314.5026
151701.333,312.6912
151712.000,309.0996
151722.667,307.3193
151733.333,305.5493
151744.000,305.5493
151754.667,0.0000
151765.333,0.0000
151776.000,0.0000
151786.667,0.0000
151797.333,0.0000
151808.000,0.0000
151818.667,0.0000
151829.333,249.6209
151840.000,264.4641
151850.667,261.4265
151861.333,259.9208
151872.000,259.9208
151882.667,259.9208
151893.333,259.9208
151904.000,259.9208
151914.667,259.9208
151925.333,259.9208
151936.000,261.4265
151946.667,261.4265
151957.333,261.4265
151968.000,262.9409
151978.667,262.9409
151989.333,262.9409
152000.000,262.9409
152010.667,261.4265
152021.333,261.4265
152032.000,261.4265
152042.667,261.4265
152053.333,259.9208
152064.000,259.9208
152074.667,258.4237
152085.333,258.4237
152096.000,258.4237
152106.667,259.9208
152117.333,259.9208
152128.000,259.9208
152138.667,259.9208
152149.333,259.9208
152160.000,259.9208
152170.667,259.9208
152181.333,258.4237
152192.000,255.4555
152202.667,252.5213
152213.333,251.0669
152224.000,245.3325
152234.667,242.5147
152245.333,235.6107
152256.000,227.5850
152266.667,222.3869
152277.333,218.5664
152288.000,216.0560
152298.667,212.3443
152309.333,206.2992
152320.000,201.5874
152330.667,195.8486
152341.333,192.4840
152352.000,189.1772
152362.667,185.9273
152373.333,182.7332
152384.000,180.6343
152394.667,177.5311
152405.333,174.4812
152416.000,172.4771
152426.667,171.4838
152437.333,169.5141
152448.000,169.5141
152458.667,170.4961
152469.333,172.4771
152480.000,174.4812
152490.667,176.5086
152501.333,177.5311
152512.000,177.5311
152522.667,176.5086
152533.333,175.4920
152544.000,174.4812
152554.667,174.4812
152565.333,163.7398
152576.000,152.7747
152586.667,0.0000
152597.333,0.0000
152608.000,0.0000
152618.667,0.0000
152629.333,0.0000
152640.000,0.0000
152650.667,0.0000
152661.333,0.0000
152672.000,0.0000
152682.667,0.0000
152693.333,203.9297
152704.000,194.7206
152714.667,193.5991
152725.333,196.9831
152736.000,198.1242
152746.667,198.1242
152757.333,198.1242
152768.000,198.1242
152778.667,198.1242
152789.333,196.9831
152800.000,196.9831
152810.667,195.8486
152821.333,195.8486
152832.000,195.8486
152842.667,194.7206
152853.333,194.7206
152864.000,195.8486
152874.667,196.9831
152885.333,198.1242
152896.000,198.1242
152906.667,198.1242
152917.333,196.9831
152928.000,196.9831
152938.667,195.8486
152949.333,194.7206
152960.000,194.7206
152970.667,195.8486
152981.333,196.9831
152992.000,196.9831
153002.667,196.9831
153013.333,196.9831
153024.000,196.9831
153034.667,195.8486
153045.333,195.8486
153056.000,196.9831
153066.667,196.9831
153077.333,198.1242
153088.000,199.2719
153098.667,201.5874
153109.333,203.9297
153120.000,206.2992
153130.667,206.2992
153141.333,207.4943
153152.000,207.4943
153162.667,207.4943
153173.333,206.2992
153184.000,205.1111
153194.667,203.9297
153205.333,200.4263
153216.000,199.2719
153226.667,200.4263
153237.333,203.9297
153248.000,206.2992
153258.667,207.4943
153269.333,209.9053
153280.000,211.1213
153290.667,209.9053
153301.333,209.9053
153312.000,208.6963
153322.667,206.2992
153333.333,203.9297
153344.000,206.2992
153354.667,0.0000
153365.333,0.0000
153376.000,0.0000
153386.667,0.0000
153397.333,0.0000
153408.000,206.2992
153418.667,206.2992
153429.333,205.1111
153440.000,206.2992
153450.667,206.2992
153461.333,211.1213
153472.000,211.1213
153482.667,211.1213
153493.333,209.9053
153504.000,209.9053
153514.667,209.9053
153525.333,208.6963
153536.000,207.4943
153546.667,206.2992
153557.333,198.1242
153568.000,187.0044
153578.667,183.7917
153589.333,182.7332
153600.000,189.1772
153610.667,203.9297
153621.333,0.0000
153632.000,0.0000
153642.667,0.0000
153653.333,0.0000
153664.000,0.0000
153674.667,0.0000
153685.333,0.0000
153696.000,0.0000
153706.667,0.0000
153717.333,0.0000
153728.000,0.0000
153738.667,0.0000
153749.333,0.0000
153760.000,321.8537
153770.667,323.7182
153781.333,329.3767
153792.000,333.2039
153802.667,335.1341
153813.333,335.1341
153824.000,337.0755
153834.667,335.1341
153845.333,335.1341
153856.000,333.2039
153866.667,333.2039
153877.333,337.0755
153888.000,342.9675
153898.667,344.9543
153909.333,344.9543
153920.000,346.9526
153930.667,346.9526
153941.333,348.9625
153952.000,348.9625
153962.667,346.9526
153973.333,342.9675
153984.000,339.0282
153994.667,337.0755
154005.333,331.2848
154016.000,327.4796
154026.667,323.7182
154037.333,321.8537
154048.000,320.0000
154058.667,320.0000
154069.333,0.0000
154080.000,0.0000
154090.667,0.0000
154101.333,0.0000
154112.000,0.0000
154122.667,0.0000
154133.333,0.0000
154144.000,0.0000
154154.667,0.0000
154165.333,0.0000
154176.000,0.0000
154186.667,0.0000
154197.333,0.0000
154208.000,0.0000
154218.667,0.0000
154229.333,0.0000
154240.000,0.0000
154250.667,0.0000
154261.333,344.9543
154272.000,344.9543
154282.667,342.9675
154293.333,340.9922
154304.000,340.9922
154314.667,340.9922
154325.333,342.9675
154336.000,346.9526
154346.667,348.9625
154357.333,350.9840
154368.000,353.0172
154378.667,353.0172
154389.333,353.0172
154400.000,350.9840
154410.667,350.9840
154421.333,350.9840
154432.000,348.9625
154442.667,350.9840
154453.333,350.9840
154464.000,353.0172
154474.667,353.0172
154485.333,353.0172
154496.000,353.0172
154506.667,350.9840
154517.333,346.9526
154528.000,344.9543
154538.667,342.9675
154549.333,342.9675
154560.000,342.9675
154570.667,340.9922
154581.333,339.0282
154592.000,339.0282
154602.667,340.9922
154613.333,344.9543
154624.000,348.9625
154634.667,350.9840
154645.333,350.9840
154656.000,350.9840
154666.667,350.9840
154677.333,350.9840
154688.000,350.9840
154698.667,353.0172
154709.333,353.0172
154720.000,353.0172
154730.667,350.9840
154741.333,348.9625
154752.000,346.9526
154762.667,344.9543
154773.333,342.9675
154784.000,340.9922
154794.667,337.0755
154805.333,337.0755
154816.000,337.0755
154826.667,335.1341
154837.333,331.2848
154848.000,353.0172
154858.667,374.0087
154869.333,0.0000
154880.000,0.0000
154890.667,350.9840
154901.333,314.5026
154912.000,312.6912
154922.667,309.0996
154933.333,307.3193
154944.000,305.5493
154954.667,305.5493
154965.333,309.0996
154976.000,312.6912
154986.667,314.5026
154997.333,316.3245
155008.000,318.1569
155018.667,318.1569
155029.333,318.1569
155040.000,318.1569
155050.667,318.1569
155061.333,318.1569
155072.000,323.7182
155082.667,335.1341
155093.333,339.0282
155104.000,340.9922
155114.667,342.9675
155125.333,344.9543
155136.000,344.9543
155146.667,344.9543
155157.333,344.9543
155168.000,344.9543
155178.667,344.9543
155189.333,346.9526
155200.000,346.9526
155210.667,348.9625
155221.333,346.9526
155232.000,346.9526
155242.667,344.9543
155253.333,342.9675
155264.000,340.9922
155274.667,340.9922
155285.333,342.9675
155296.000,344.9543
155306.667,344.9543
155317.333,344.9543
155328.000,348.9625
155338.667,0.0000
155349.333,0.0000
155360.000,0.0000
155370.667,0.0000
155381.333,0.0000
155392.000,0.0000
155402.667,0.0000
155413.333,0.0000
155424.000,369.7129
155434.667,384.9680
155445.333,393.9662
155456.000,393.9662
155466.667,393.9662
155477.333,393.9662
155488.000,393.9662
155498.667,391.6971
155509.333,391.6971
155520.000,391.6971
155530.667,391.6971
155541.333,391.6971
155552.000,393.9662
155562.667,393.9662
155573.333,393.9662
155584.000,393.9662
155594.667,393.9662
155605.333,393.9662
155616.000,393.9662
155626.667,396.2484
155637.333,396.2484
155648.000,396.2484
155658.667,396.2484
155669.333,396.2484
155680.000,396.2484
155690.667,396.2484
155701.333,393.9662
155712.000,391.6971
155722.667,387.1981
155733.333,391.6971
155744.000,398.5439
155754.667,403.1747
155765.333,405.5103
155776.000,407.8594
155786.667,405.5103
155797.333,405.5103
155808.000,403.1747
155818.667,400.8526
155829.333,398.5439
155840.000,396.2484
155850.667,396.2484
155861.333,393.9662
155872.000,396.2484
155882.667,396.2484
155893.333,405.5103
155904.000,405.5103
155914.667,400.8526
155925.333,410.2221
155936.000,384.9680
155946.667,0.0000
155957.333,0.0000
155968.000,0.0000
155978.667,0.0000
155989.333,0.0000
156000.000,0.0000
156010.667,0.0000
156021.333,0.0000
156032.000,0.0000
156042.667,0.0000
156053.333,0.0000
156064.000,0.0000
156074.667,0.0000
156085.333,0.0000
156096.000,391.6971
156106.667,405.5103
156117.333,396.2484
156128.000,393.9662
156138.667,384.9680
156149.333,374.0087
156160.000,380.5463
156170.667,384.9680
156181.333,389.4411
156192.000,396.2484
156202.667,398.5439
156213.333,400.8526
156224.000,400.8526
156234.667,403.1747
156245.333,400.8526
156256.000,400.8526
156266.667,400.8526
156277.333,398.5439
156288.000,398.5439
156298.667,398.5439
156309.333,398.5439
156320.000,398.5439
156330.667,398.5439
156341.333,398.5439
156352.000,398.5439
156362.667,398.5439
156373.333,398.5439
156384.000,398.5439
156394.667,398.5439
156405.333,398.5439
156416.000,396.2484
156426.667,393.9662
156437.333,391.6971
156448.000,389.4411
156458.667,391.6971
156469.333,393.9662
156480.000,393.9662
156490.667,398.5439
156501.333,403.1747
156512.000,407.8594
156522.667,417.3927
156533.333,419.8106
156544.000,422.2425
156554.667,422.2425
156565.333,419.8106
156576.000,417.3927
156586.667,410.2221
156597.333,400.8526
156608.000,393.9662
156618.667,391.6971
156629.333,393.9662
156640.000,396.2484
156650.667,403.1747
156661.333,405.5103
156672.000,414.9887
156682.667,439.6652
156693.333,442.2121
156704.000,439.6652
156714.667,439.6652
156725.333,427.1488
156736.000,427.1488
156746.667,422.2425
156757.333,419.8106
156768.000,424.6886
156778.667,419.8106
156789.333,412.5985
156800.000,410.2221
156810.667,412.5985
156821.333,414.9887
156832.000,407.8594
156842.667,407.8594
156853.333,405.5103
156864.000,405.5103
156874.667,407.8594
156885.333,412.5985
156896.000,376.1753
156906.667,365.4663
156917.333,369.7129
156928.000,0.0000
156938.667,0.0000
156949.333,0.0000
156960.000,0.0000
156970.667,0.0000
156981.333,0.0000
156992.000,0.0000
157002.667,0.0000
157013.333,0.0000
157024.000,0.0000
157034.667,0.0000
157045.333,0.0000
157056.000,0.0000
157066.667,0.0000
157077.333,0.0000
157088.000,0.0000
157098.667,0.0000
157109.333,307.3193
157120.000,309.0996
157130.667,310.8902
157141.333,312.6912
157152.000,312.6912
157162.667,310.8902
157173.333,309.0996
157184.000,305.5493
157194.667,305.5493
157205.333,300.3002
157216.000,298.5706
157226.667,298.5706
157237.333,298.5706
157248.000,300.3002
157258.667,300.3002
157269.333,302.0398
157280.000,309.0996
157290.667,310.8902
157301.333,310.8902
157312.000,310.8902
157322.667,309.0996
157333.333,309.0996
157344.000,309.0996
157354.667,310.8902
157365.333,314.5026
157376.000,316.3245
157386.667,316.3245
157397.333,318.1569
157408.000,318.1569
157418.667,320.0000
157429.333,320.0000
157440.000,320.0000
157450.667,318.1569
157461.333,316.3245
157472.000,312.6912
157482.667,305.5493
157493.333,298.5706
157504.000,295.1412
157514.667,291.7512
157525.333,285.0876
157536.000,281.8131
157546.667,281.8131
157557.333,0.0000
157568.000,0.0000
157578.667,0.0000
157589.333,0.0000
157600.000,0.0000
157610.667,0.0000
157621.333,0.0000
157632.000,0.0000
157642.667,0.0000
157653.333,0.0000
157664.000,0.0000
157674.667,0.0000
157685.333,0.0000
157696.000,0.0000
157706.667,0.0000
157717.333,0.0000
157728.000,0.0000
157738.667,305.5493
157749.333,309.0996
157760.000,309.0996
157770.667,309.0996
157781.333,309.0996
157792.000,310.8902
157802.667,314.5026
157813.333,316.3245
157824.000,316.3245
157834.667,316.3245
157845.333,316.3245
157856.000,314.5026
157866.667,314.5026
157877.333,314.5026
157888.000,314.5026
157898.667,314.5026
157909.333,314.5026
157920.000,314.5026
157930.667,312.6912
157941.333,312.6912
157952.000,310.8902
157962.667,305.5493
157973.333,300.3002
157984.000,298.5706
157994.667,296.8509
158005.333,283.4456
158016.000,281.8131
158026.667,316.3245
158037.333,316.3245
158048.000,314.5026
158058.667,316.3245
158069.333,314.5026
158080.000,314.5026
158090.667,314.5026
158101.333,314.5026
158112.000,314.5026
158122.667,283.4456
158133.333,290.0708
158144.000,293.4413
158154.667,305.5493
158165.333,312.6912
158176.000,316.3245
158186.667,316.3245
158197.333,316.3245
158208.000,316.3245
158218.667,316.3245
158229.333,316.3245
158240.000,316.3245
158250.667,316.3245
158261.333,314.5026
158272.000,312.6912
158282.667,312.6912
158293.333,310.8902
158304.000,309.0996
158314.667,307.3193
158325.333,305.5493
158336.000,302.0398
158346.667,298.5706
158357.333,283.4456
158368.000,281.8131
158378.667,280.1900
158389.333,280.1900
158400.000,278.5762
158410.667,276.9717
158421.333,275.3765
158432.000,275.3765
158442.667,276.9717
158453.333,276.9717
158464.000,276.9717
158474.667,276.9717
158485.333,276.9717
158496.000,276.9717
158506.667,275.3765
158517.333,275.3765
158528.000,273.7904
158538.667,275.3765
158549.333,278.5762
158560.000,280.1900
158570.667,281.8131
158581.333,281.8131
158592.000,281.8131
158602.667,280.1900
158613.333,278.5762
158624.000,276.9717
158634.667,275.3765
158645.333,273.7904
158656.000,273.7904
158666.667,275.3765
158677.333,276.9717
158688.000,278.5762
158698.667,278.5762
158709.333,280.1900
158720.000,280.1900
158730.667,278.5762
158741.333,278.5762
158752.000,283.4456
158762.667,281.8131
158773.333,278.5762
158784.000,280.1900
158794.667,270.6457
158805.333,0.0000
158816.000,0.0000
158826.667,0.0000
158837.333,0.0000
158848.000,0.0000
158858.667,0.0000
158869.333,288.4001
158880.000,285.0876
158890.667,285.0876
158901.333,283.4456
158912.000,281.8131
158922.667,280.1900
158933.333,278.5762
158944.000,276.9717
158954.667,275.3765
158965.333,275.3765
158976.000,273.7904
158986.667,273.7904
158997.333,273.7904
159008.000,272.2135
159018.667,269.0869
159029.333,267.5370
159040.000,265.9961
159050.667,264.4641
159061.333,264.4641
159072.000,262.9409
159082.667,261.4265
159093.333,259.9208
159104.000,261.4265
159114.667,261.4265
159125.333,262.9409
159136.000,262.9409
159146.667,262.9409
159157.333,264.4641
159168.000,264.4641
159178.667,262.9409
159189.333,259.9208
159200.000,259.9208
159210.667,258.4237
159221.333,258.4237
159232.000,256.9353
159242.667,259.9208
159253.333,262.9409
159264.000,265.9961
159274.667,265.9961
159285.333,265.9961
159296.000,264.4641
159306.667,262.9409
159317.333,259.9208
159328.000,258.4237
159338.667,258.4237
159349.333,256.9353
159360.000,256.9353
159370.667,256.9353
159381.333,258.4237
159392.000,259.9208
159402.667,264.4641
159413.333,265.9961
159424.000,267.5370
159434.667,267.5370
159445.333,265.9961
159456.000,264.4641
159466.667,262.9409
159477.333,261.4265
159488.000,259.9208
159498.667,261.4265
159509.333,265.9961
159520.000,275.3765
159530.667,275.3765
159541.333,273.7904
159552.000,269.0869
159562.667,267.5370
159573.333,265.9961
159584.000,265.9961
159594.667,261.4265
159605.333,258.4237
159616.000,259.9208
159626.667,259.9208
159637.333,261.4265
159648.000,262.9409
159658.667,267.5370
159669.333,269.0869
159680.000,265.9961
159690.667,264.4641
159701.333,262.9409
159712.000,262.9409
159722.667,262.9409
159733.333,261.4265
159744.000,259.9208
159754.667,258.4237
159765.333,256.9353
159776.000,255.4555
159786.667,255.4555
159797.333,255.4555
159808.000,253.9842
159818.667,252.5213
159829.333,249.6209
159840.000,248.1832
159850.667,243.9195
159861.333,241.1179
159872.000,236.9756
159882.667,231.5631
159893.333,227.5850
159904.000,217.3076
159914.667,0.0000
159925.333,0.0000
159936.000,0.0000
159946.667,0.0000
159957.333,0.0000
159968.000,0.0000
159978.667,0.0000
159989.333,265.9961
160000.000,259.9208
160010.667,256.9353
160021.333,253.9842
160032.000,246.7537
160042.667,243.9195
160053.333,241.1179
160064.000,239.7291
160074.667,239.7291
160085.333,239.7291
160096.000,242.5147
160106.667,0.0000
160117.333,0.0000
160128.000,0.0000
160138.667,0.0000
160149.333,0.0000
160160.000,0.0000
160170.667,0.0000
160181.333,0.0000
160192.000,0.0000
160202.667,0.0000
160213.333,0.0000
160224.000,0.0000
160234.667,0.0000
160245.333,0.0000
160256.000,174.4812
160266.667,168.5378
160277.333,160.9269
160288.000,156.3456
160298.667,157.2513
160309.333,174.4812
160320.000,191.3754
160330.667,199.2719
160341.333,214.8116
160352.000,221.1061
160362.667,224.9709
160373.333,241.1179
160384.000,249.6209
160394.667,252.5213
160405.333,253.9842
160416.000,258.4237
160426.667,261.4265
160437.333,261.4265
160448.000,262.9409
160458.667,264.4641
160469.333,264.4641
160480.000,264.4641
160490.667,262.9409
160501.333,259.9208
160512.000,259.9208
160522.667,252.5213
160533.333,253.9842
160544.000,253.9842
160554.667,256.9353
160565.333,256.9353
160576.000,258.4237
160586.667,259.9208
160597.333,259.9208
160608.000,262.9409
160618.667,262.9409
160629.333,261.4265
160640.000,262.9409
160650.667,262.9409
160661.333,262.9409
160672.000,262.9409
160682.667,261.4265
160693.333,261.4265
160704.000,261.4265
160714.667,259.9208
160725.333,259.9208
160736.000,259.9208
160746.667,258.4237
160757.333,258.4237
160768.000,258.4237
160778.667,258.4237
160789.333,258.4237
160800.000,259.9208
160810.667,259.9208
160821.333,261.4265
160832.000,261.4265
160842.667,261.4265
160853.333,261.4265
160864.000,259.9208
160874.667,261.4265
160885.333,261.4265
160896.000,262.9409
160906.667,262.9409
160917.333,262.9409
160928.000,262.9409
160938.667,264.4641
160949.333,262.9409
160960.000,259.9208
160970.667,258.4237
160981.333,255.4555
160992.000,253.9842
161002.667,252.5213
161013.333,256.9353
161024.000,258.4237
161034.667,259.9208
161045.333,259.9208
161056.000,259.9208
161066.667,259.9208
161077.333,261.4265
161088.000,261.4265
161098.667,261.4265
161109.333,261.4265
161120.000,261.4265
161130.667,261.4265
161141.333,261.4265
161152.000,261.4265
161162.667,261.4265
161173.333,261.4265
161184.000,261.4265
161194.667,261.4265
161205.333,261.4265
161216.000,262.9409
161226.667,262.9409
161237.333,262.9409
161248.000,262.9409
161258.667,262.9409
161269.333,261.4265
161280.000,261.4265
161290.667,261.4265
161301.333,261.4265
161312.000,261.4265
161322.667,261.4265
161333.333,261.4265
161344.000,261.4265
161354.667,261.4265
161365.333,261.4265
161376.000,261.4265
161386.667,259.9208
161397.333,259.9208
161408.000,259.9208
161418.667,261.4265
161429.333,261.4265
161440.000,261.4265
161450.667,261.4265
161461.333,261.4265
161472.000,261.4265
161482.667,262.9409
161493.333,264.4641
161504.000,264.4641
161514.667,265.9961
161525.333,267.5370
161536.000,267.5370
161546.667,269.0869
161557.333,269.0869
161568.000,267.5370
161578.667,264.4641
161589.333,262.9409
161600.000,262.9409
161610.667,262.9409
161621.333,264.4641
161632.000,265.9961
161642.667,267.5370
161653.333,267.5370
161664.000,269.0869
161674.667,265.9961
161685.333,264.4641
161696.000,261.4265
161706.667,261.4265
161717.333,262.9409
161728.000,264.4641
161738.667,265.9961
161749.333,267.5370
161760.000,267.5370
161770.667,267.5370
161781.333,267.5370
161792.000,267.5370
161802.667,267.5370
161813.333,269.0869
161824.000,273.7904
161834.667,280.1900
161845.333,280.1900
161856.000,281.8131
161866.667,281.8131
161877.333,281.8131
161888.000,281.8131
161898.667,280.1900
161909.333,278.5762
161920.000,278.5762
161930.667,276.9717
161941.333,275.3765
161952.000,273.7904
161962.667,273.7904
161973.333,272.2135
161984.000,270.6457
161994.667,272.2135
162005.333,267.5370
162016.000,0.0000
162026.667,0.0000
162037.333,0.0000
162048.000,0.0000
162058.667,0.0000
162069.333,0.0000
162080.000,0.0000
162090.667,0.0000
162101.333,0.0000
162112.000,0.0000
162122.667,0.0000
162133.333,0.0000
162144.000,0.0000
162154.667,0.0000
162165.333,0.0000
162176.000,0.0000
162186.667,0.0000
162197.333,0.0000
162208.000,0.0000
162218.667,0.0000
162229.333,0.0000
162240.000,0.0000
162250.667,221.1061
162261.333,226.2742
162272.000,226.2742
162282.667,227.5850
162293.333,228.9033
162304.000,231.5631
162314.667,232.9045
162325.333,235.6107
162336.000,235.6107
162346.667,234.2537
162357.333,234.2537
162368.000,234.2537
162378.667,234.2537
162389.333,232.9045
162400.000,232.9045
162410.667,232.9045
162421.333,232.9045
162432.000,234.2537
162442.667,232.9045
162453.333,232.9045
162464.000,232.9045
162474.667,232.9045
162485.333,231.5631
162496.000,231.5631
162506.667,232.9045
162517.333,232.9045
162528.000,232.9045
162538.667,231.5631
162549.333,231.5631
162560.000,230.2294
162570.667,230.2294
162581.333,230.2294
162592.000,230.2294
162602.667,230.2294
162613.333,230.2294
162624.000,230.2294
162634.667,231.5631
162645.333,232.9045
162656.000,232.9045
162666.667,234.2537
162677.333,234.2537
162688.000,234.2537
162698.667,234.2537
162709.333,232.9045
162720.000,232.9045
162730.667,232.9045
162741.333,232.9045
162752.000,232.9045
162762.667,231.5631
162773.333,232.9045
162784.000,232.9045
162794.667,234.2537
162805.333,234.2537
162816.000,234.2537
162826.667,234.2537
162837.333,232.9045
162848.000,228.9033
162858.667,227.5850
162869.333,228.9033
162880.000,231.5631
162890.667,235.6107
162901.333,239.7291
162912.000,242.5147
162922.667,245.3325
162933.333,242.5147
162944.000,239.7291
162954.667,235.6107
162965.333,231.5631
162976.000,227.5850
162986.667,226.2742
162997.333,227.5850
163008.000,232.9045
163018.667,241.1179
163029.333,243.9195
163040.000,246.7537
163050.667,246.7537
163061.333,245.3325
163072.000,243.9195
163082.667,239.7291
163093.333,234.2537
163104.000,230.2294
163114.667,230.2294
163125.333,230.2294
163136.000,231.5631
163146.667,232.9045
163157.333,234.2537
163168.000,235.6107
163178.667,236.9756
163189.333,238.3484
163200.000,239.7291
163210.667,241.1179
163221.333,242.5147
163232.000,242.5147
163242.667,243.9195
163253.333,242.5147
163264.000,242.5147
163274.667,243.9195
163285.333,243.9195
163296.000,243.9195
163306.667,243.9195
163317.333,239.7291
163328.000,222.3869
163338.667,223.6752
163349.333,224.9709
163360.000,231.5631
163370.667,231.5631
163381.333,0.0000
163392.000,0.0000
163402.667,0.0000
163413.333,0.0000
163424.000,0.0000
163434.667,0.0000
163445.333,0.0000
163456.000,0.0000
163466.667,249.6209
163477.333,249.6209
163488.000,251.0669
163498.667,234.2537
163509.333,228.9033
163520.000,228.9033
163530.667,226.2742
163541.333,224.9709
163552.000,227.5850
163562.667,0.0000
163573.333,0.0000
163584.000,0.0000
163594.667,201.5874
163605.333,203.9297
163616.000,205.1111
163626.667,206.2992
163637.333,208.6963
163648.000,205.1111
163658.667,209.9053
163669.333,212.3443
163680.000,213.5744
163690.667,213.5744
163701.333,212.3443
163712.000,209.9053
163722.667,0.0000
163733.333,0.0000
163744.000,0.0000
163754.667,0.0000
163765.333,0.0000
163776.000,0.0000
163786.667,0.0000
163797.333,0.0000
163808.000,239.7291
163818.667,238.3484
163829.333,238.3484
163840.000,239.7291
163850.667,241.1179
163861.333,241.1179
163872.000,241.1179
163882.667,239.7291
163893.333,0.0000
163904.000,0.0000
163914.667,0.0000
163925.333,0.0000
163936.000,0.0000
163946.667,0.0000
163957.333,0.0000
163968.000,0.0000
163978.667,0.0000
163989.333,202.7552
164000.000,201.5874
164010.667,203.9297
164021.333,206.2992
164032.000,208.6963
164042.667,211.1213
164053.333,209.9053
164064.000,209.9053
164074.667,209.9053
164085.333,0.0000
164096.000,0.0000
164106.667,0.0000
164117.333,0.0000
164128.000,0.0000
164138.667,0.0000
164149.333,0.0000
164160.000,0.0000
164170.667,0.0000
164181.333,0.0000
164192.000,0.0000
164202.667,212.3443
164213.333,205.1111
164224.000,201.5874
164234.667,200.4263
164245.333,202.7552
164256.000,203.9297
164266.667,206.2992
164277.333,208.6963
164288.000,208.6963
164298.667,208.6963
164309.333,206.2992
164320.000,206.2992
164330.667,205.1111
164341.333,203.9297
164352.000,202.7552
164362.667,201.5874
164373.333,199.2719
164384.000,198.1242
164394.667,196.9831
164405.333,194.7206
164416.000,193.5991
164426.667,192.4840
164437.333,191.3754
164448.000,192.4840
164458.667,198.1242
164469.333,200.4263
164480.000,199.2719
164490.667,196.9831
164501.333,194.7206
164512.000,193.5991
164522.667,192.4840
164533.333,191.3754
164544.000,191.3754
164554.667,191.3754
164565.333,191.3754
164576.000,191.3754
164586.667,192.4840
164597.333,192.4840
164608.000,192.4840
164618.667,193.5991
164629.333,193.5991
164640.000,193.5991
164650.667,194.7206
164661.333,195.8486
164672.000,195.8486
164682.667,196.9831
164693.333,196.9831
164704.000,194.7206
164714.667,193.5991
164725.333,191.3754
164736.000,189.1772
164746.667,188.0877
164757.333,189.1772
164768.000,193.5991
164778.667,196.9831
164789.333,199.2719
164800.000,203.9297
164810.667,208.6963
164821.333,206.2992
164832.000,203.9297
164842.667,201.5874
164853.333,200.4263
164864.000,196.9831
164874.667,195.8486
164885.333,196.9831
164896.000,198.1242
164906.667,200.4263
164917.333,205.1111
164928.000,209.9053
164938.667,209.9053
164949.333,209.9053
164960.000,207.4943
164970.667,203.9297
164981.333,199.2719
164992.000,194.7206
165002.667,191.3754
165013.333,189.1772
165024.000,188.0877
165034.667,189.1772
165045.333,192.4840
165056.000,195.8486
165066.667,198.1242
165077.333,203.9297
165088.000,213.5744
165098.667,223.6752
165109.333,239.7291
165120.000,245.3325
165130.667,251.0669
165141.333,256.9353
165152.000,259.9208
165162.667,261.4265
165173.333,261.4265
165184.000,261.4265
165194.667,262.9409
165205.333,261.4265
165216.000,261.4265
165226.667,258.4237
165237.333,258.4237
165248.000,256.9353
165258.667,255.4555
165269.333,253.9842
165280.000,252.5213
165290.667,249.6209
165301.333,246.7537
165312.000,243.9195
165322.667,241.1179
165333.333,238.3484
165344.000,234.2537
165354.667,228.9033
165365.333,226.2742
165376.000,223.6752
165386.667,219.8326
165397.333,216.0560
165408.000,213.5744
165418.667,211.1213
165429.333,205.1111
165440.000,202.7552
165450.667,200.4263
165461.333,198.1242
165472.000,198.1242
165482.667,173.4763
165493.333,172.4771
165504.000,192.4840
165514.667,202.7552
165525.333,206.2992
165536.000,207.4943
165546.667,195.8486
165557.333,192.4840
165568.000,191.3754
165578.667,191.3754
165589.333,192.4840
165600.000,193.5991
165610.667,193.5991
165621.333,194.7206
165632.000,196.9831
165642.667,198.1242
165653.333,199.2719
165664.000,200.4263
165674.667,200.4263
165685.333,200.4263
165696.000,200.4263
165706.667,200.4263
165717.333,199.2719
165728.000,199.2719
165738.667,200.4263
165749.333,201.5874
165760.000,203.9297
165770.667,205.1111
165781.333,206.2992
165792.000,206.2992
165802.667,207.4943
165813.333,207.4943
165824.000,206.2992
165834.667,206.2992
165845.333,205.1111
165856.000,205.1111
165866.667,206.2992
165877.333,206.2992
165888.000,206.2992
165898.667,206.2992
165909.333,207.4943
165920.000,207.4943
165930.667,207.4943
165941.333,207.4943
165952.000,208.6963
165962.667,208.6963
165973.333,208.6963
165984.000,208.6963
165994.667,208.6963
166005.333,207.4943
166016.000,206.2992
166026.667,206.2992
166037.333,206.2992
166048.000,205.1111
166058.667,206.2992
166069.333,206.2992
166080.000,207.4943
166090.667,207.4943
166101.333,207.4943
166112.000,208.6963
166122.667,208.6963
166133.333,207.4943
166144.000,207.4943
166154.667,208.6963
166165.333,208.6963
166176.000,208.6963
166186.667,208.6963
166197.333,208.6963
166208.000,208.6963
166218.667,208.6963
166229.333,208.6963
166240.000,207.4943
166250.667,207.4943
166261.333,206.2992
166272.000,206.2992
166282.667,207.4943
166293.333,207.4943
166304.000,208.6963
166314.667,209.9053
166325.333,209.9053
166336.000,209.9053
166346.667,209.9053
166357.333,209.9053
166368.000,208.6963
166378.667,209.9053
166389.333,208.6963
166400.000,208.6963
166410.667,208.6963
166421.333,207.4943
166432.000,207.4943
166442.667,207.4943
166453.333,207.4943
166464.000,209.9053
166474.667,211.1213
166485.333,211.1213
166496.000,212.3443
166506.667,212.3443
166517.333,212.3443
166528.000,211.1213
166538.667,208.6963
166549.333,207.4943
166560.000,206.2992
166570.667,205.1111
166581.333,203.9297
166592.000,203.9297
166602.667,205.1111
166613.333,206.2992
166624.000,206.2992
166634.667,207.4943
166645.333,208.6963
166656.000,207.4943
166666.667,206.2992
166677.333,203.9297
166688.000,201.5874
166698.667,199.2719
166709.333,199.2719
166720.000,201.5874
166730.667,205.1111
166741.333,208.6963
166752.000,211.1213
166762.667,213.5744
166773.333,214.8116
166784.000,216.0560
166794.667,214.8116
166805.333,212.3443
166816.000,208.6963
166826.667,205.1111
166837.333,203.9297
166848.000,203.9297
166858.667,206.2992
166869.333,208.6963
166880.000,212.3443
166890.667,214.8116
166901.333,217.3076
166912.000,218.5664
166922.667,221.1061
166933.333,222.3869
166944.000,222.3869
166954.667,221.1061
166965.333,221.1061
166976.000,221.1061
166986.667,219.8326
166997.333,216.0560
167008.000,214.8116
167018.667,212.3443
167029.333,0.0000
167040.000,0.0000
167050.667,0.0000
167061.333,0.0000
167072.000,0.0000
167082.667,214.8116
167093.333,214.8116
167104.000,213.5744
167114.667,213.5744
167125.333,213.5744
167136.000,207.4943
167146.667,214.8116
167157.333,213.5744
167168.000,214.8116
167178.667,216.0560
167189.333,216.0560
167200.000,216.0560
167210.667,216.0560
167221.333,216.0560
167232.000,216.0560
167242.667,206.2992
167253.333,205.1111
167264.000,202.7552
167274.667,205.1111
167285.333,205.1111
167296.000,201.5874
167306.667,201.5874
167317.333,0.0000
167328.000,0.0000
167338.667,0.0000
167349.333,211.1213
167360.000,208.6963
167370.667,208.6963
167381.333,209.9053
167392.000,212.3443
167402.667,213.5744
167413.333,213.5744
167424.000,213.5744
167434.667,209.9053
167445.333,207.4943
167456.000,207.4943
167466.667,208.6963
167477.333,208.6963
167488.000,209.9053
167498.667,208.6963
167509.333,207.4943
167520.000,207.4943
167530.667,207.4943
167541.333,208.6963
167552.000,207.4943
167562.667,207.4943
167573.333,208.6963
167584.000,209.9053
167594.667,209.9053
167605.333,209.9053
167616.000,209.9053
167626.667,209.9053
167637.333,208.6963
167648.000,211.1213
167658.667,208.6963
167669.333,209.9053
167680.000,211.1213
167690.667,208.6963
167701.333,209.9053
167712.000,206.2992
167722.667,207.4943
167733.333,209.9053
167744.000,205.1111
167754.667,235.6107
167765.333,235.6107
167776.000,231.5631
167786.667,221.1061
167797.333,221.1061
167808.000,221.1061
167818.667,219.8326
167829.333,217.3076
167840.000,217.3076
167850.667,217.3076
167861.333,217.3076
167872.000,218.5664
167882.667,222.3869
167893.333,222.3869
167904.000,223.6752
167914.667,221.1061
167925.333,222.3869
167936.000,222.3869
167946.667,222.3869
167957.333,221.1061
167968.000,0.0000
167978.667,0.0000
167989.333,0.0000
168000.000,223.6752
168010.667,217.3076
168021.333,218.5664
168032.000,217.3076
168042.667,218.5664
168053.333,221.1061
168064.000,222.3869
168074.667,224.9709
168085.333,226.2742
168096.000,224.9709
168106.667,226.2742
168117.333,223.6752
168128.000,221.1061
168138.667,221.1061
168149.333,221.1061
168160.000,222.3869
168170.667,0.0000
168181.333,0.0000
168192.000,0.0000
168202.667,0.0000
168213.333,0.0000
168224.000,0.0000
168234.667,0.0000
168245.333,0.0000
168256.000,0.0000
168266.667,0.0000
168277.333,0.0000
168288.000,0.0000
168298.667,0.0000
168309.333,0.0000
168320.000,0.0000
168330.667,0.0000
168341.333,0.0000
168352.000,0.0000
168362.667,0.0000
168373.333,0.0000
168384.000,0.0000
168394.667,0.0000
168405.333,0.0000
168416.000,0.0000
168426.667,0.0000
168437.333,0.0000
168448.000,0.0000
168458.667,0.0000
168469.333,0.0000
168480.000,0.0000
168490.667,0.0000
168501.333,0.0000
168512.000,0.0000
168522.667,0.0000
168533.333,0.0000
168544.000,0.0000
168554.667,0.0000
168565.333,0.0000
168576.000,0.0000
168586.667,0.0000
168597.333,0.0000
168608.000,0.0000
168618.667,0.0000
168629.333,0.0000
168640.000,0.0000
168650.667,0.0000
168661.333,0.0000
168672.000,0.0000
168682.667,0.0000
168693.333,0.0000
168704.000,0.0000
168714.667,0.0000
168725.333,0.0000
168736.000,0.0000
168746.667,0.0000
168757.333,0.0000
168768.000,0.0000
168778.667,0.0000
168789.333,0.0000
168800.000,0.0000
168810.667,0.0000
168821.333,0.0000
168832.000,0.0000
168842.667,0.0000
168853.333,0.0000
168864.000,0.0000
168874.667,0.0000
168885.333,0.0000
168896.000,0.0000
168906.667,0.0000
168917.333,0.0000
168928.000,0.0000
168938.667,0.0000
168949.333,0.0000
168960.000,0.0000
168970.667,0.0000
168981.333,0.0000
168992.000,0.0000
169002.667,0.0000
169013.333,0.0000
169024.000,0.0000
169034.667,0.0000
169045.333,0.0000
169056.000,0.0000
169066.667,0.0000
169077.333,0.0000
169088.000,0.0000
169098.667,0.0000
169109.333,0.0000
169120.000,0.0000
169130.667,0.0000
169141.333,0.0000
169152.000,0.0000
169162.667,0.0000
169173.333,0.0000
169184.000,0.0000
169194.667,0.0000
169205.333,0.0000
169216.000,0.0000
169226.667,0.0000
169237.333,0.0000
169248.000,88.7656
169258.667,89.7970
169269.333,89.7970
169280.000,90.8404
169290.667,88.7656
169301.333,94.0438
169312.000,88.7656
169322.667,91.3666
169333.333,88.7656
169344.000,88.7656
169354.667,88.7656
169365.333,90.3172
169376.000,88.7656
169386.667,88.7656
169397.333,80.4634
169408.000,0.0000
169418.667,0.0000
169429.333,0.0000
169440.000,0.0000
169450.667,90.3172
169461.333,90.8404
169472.000,95.6877
169482.667,96.7995
169493.333,95.6877
169504.000,95.6877
169514.667,95.1366
169525.333,94.5886
169536.000,91.8959
169546.667,91.3666
169557.333,91.3666
169568.000,88.7656
169578.667,88.7656
169589.333,88.7656
169600.000,90.3172
169610.667,82.3442
169621.333,81.3984
169632.000,87.2406
169642.667,87.7460
169653.333,87.7460
169664.000,0.0000
169674.667,0.0000
169685.333,0.0000
169696.000,0.0000
169706.667,0.0000
169717.333,0.0000
169728.000,0.0000
169738.667,0.0000
169749.333,0.0000
169760.000,0.0000
169770.667,0.0000
169781.333,0.0000
169792.000,0.0000
169802.667,0.0000
169813.333,87.2406
169824.000,87.2406
169834.667,87.2406
169845.333,87.7460
169856.000,87.7460
169866.667,87.7460
169877.333,87.7460
169888.000,87.7460
169898.667,88.7656
169909.333,89.7970
169920.000,88.2543
169930.667,89.7970
169941.333,88.7656
169952.000,91.8959
169962.667,91.8959
169973.333,92.4282
169984.000,91.3666
169994.667,96.2420
170005.333,90.8404
170016.000,89.2798
170026.667,89.2798
170037.333,88.2543
170048.000,89.2798
170058.667,89.2798
170069.333,89.2798
170080.000,0.0000
170090.667,0.0000
170101.333,0.0000
170112.000,0.0000
170122.667,0.0000
170133.333,0.0000
170144.000,0.0000
170154.667,0.0000
170165.333,0.0000
170176.000,0.0000
170186.667,0.0000
170197.333,0.0000
170208.000,0.0000
170218.667,0.0000
170229.333,0.0000
170240.000,0.0000
170250.667,0.0000
170261.333,0.0000
170272.000,0.0000
170282.667,0.0000
170293.333,0.0000
170304.000,0.0000
170314.667,0.0000
170325.333,0.0000
170336.000,0.0000
170346.667,0.0000
170357.333,0.0000
170368.000,0.0000
170378.667,0.0000
170389.333,0.0000
170400.000,0.0000
170410.667,0.0000
170421.333,0.0000
170432.000,0.0000
170442.667,0.0000
170453.333,0.0000
170464.000,0.0000
170474.667,0.0000
170485.333,0.0000
170496.000,0.0000
170506.667,0.0000
170517.333,0.0000
170528.000,0.0000
170538.667,0.0000
170549.333,0.0000
170560.000,0.0000
170570.667,0.0000
170581.333,0.0000
170592.000,0.0000
170602.667,0.0000
170613.333,0.0000
170624.000,0.0000
170634.667,0.0000
170645.333,0.0000
170656.000,0.0000
170666.667,0.0000
170677.333,0.0000
170688.000,0.0000
170698.667,0.0000
170709.333,0.0000
170720.000,0.0000
170730.667,0.0000
170741.333,0.0000
170752.000,0.0000
170762.667,0.0000
170773.333,0.0000
170784.000,0.0000
170794.667,0.0000
170805.333,0.0000
170816.000,0.0000
170826.667,0.0000
170837.333,0.0000
170848.000,0.0000
170858.667,0.0000
170869.333,0.0000
170880.000,0.0000
170890.667,0.0000
170901.333,0.0000
170912.000,0.0000
170922.667,0.0000
170933.333,0.0000
170944.000,0.0000
170954.667,0.0000
170965.333,0.0000
170976.000,0.0000
170986.667,0.0000
170997.333,0.0000
171008.000,0.0000
171018.667,0.0000
171029.333,0.0000
171040.000,0.0000
171050.667,0.0000
171061.333,0.0000
171072.000,0.0000
171082.667,0.0000
171093.333,0.0000
171104.000,0.0000
171114.667,137.6882
171125.333,138.4858
171136.000,133.7685
171146.667,133.7685
171157.333,139.2881
171168.000,140.0950
171178.667,140.0950
171189.333,139.2881
171200.000,137.6882
171210.667,137.6882
171221.333,138.4858
171232.000,137.6882
171242.667,139.2881
171253.333,140.0950
171264.000,140.0950
171274.667,139.2881
171285.333,137.6882
171296.000,137.6882
171306.667,137.6882
171317.333,139.2881
171328.000,0.0000
171338.667,0.0000
171349.333,0.0000
171360.000,0.0000
171370.667,0.0000
171381.333,0.0000
171392.000,0.0000
171402.667,0.0000
171413.333,137.6882
171424.000,137.6882
171434.667,137.6882
171445.333,140.0950
171456.000,137.6882
171466.667,142.5438
171477.333,136.1067
171488.000,139.2881
171498.667,139.2881
171509.333,139.2881
171520.000,139.2881
171530.667,139.2881
171541.333,137.6882
171552.000,137.6882
171562.667,137.6882
171573.333,0.0000
171584.000,0.0000
171594.667,0.0000
171605.333,136.8952
171616.000,136.8952
171626.667,136.8952
171637.333,137.6882
171648.000,137.6882
171658.667,138.4858
171669.333,138.4858
171680.000,138.4858
171690.667,138.4858
171701.333,138.4858
171712.000,137.6882
171722.667,137.6882
171733.333,137.6882
171744.000,136.8952
171754.667,136.1067
171765.333,137.6882
171776.000,137.6882
171786.667,137.6882
171797.333,137.6882
171808.000,140.0950
171818.667,139.2881
171829.333,138.4858
171840.000,139.2881
171850.667,139.2881
171861.333,139.2881
171872.000,139.2881
171882.667,137.6882
171893.333,137.6882
171904.000,136.8952
171914.667,132.9981
171925.333,136.8952
171936.000,132.9981
171946.667,135.3228
171957.333,135.3228
171968.000,138.4858
171978.667,139.2881
171989.333,139.2881
172000.000,138.4858
172010.667,0.0000
172021.333,0.0000
172032.000,0.0000
172042.667,0.0000
172053.333,0.0000
172064.000,0.0000
172074.667,0.0000
172085.333,0.0000
172096.000,0.0000
172106.667,0.0000
172117.333,0.0000
172128.000,0.0000
172138.667,0.0000
172149.333,0.0000
172160.000,0.0000
172170.667,0.0000
172181.333,0.0000
172192.000,0.0000
172202.667,0.0000
172213.333,0.0000
172224.000,0.0000
172234.667,137.6882
172245.333,137.6882
172256.000,139.2881
172266.667,138.4858
172277.333,138.4858
172288.000,138.4858
172298.667,138.4858
172309.333,138.4858
172320.000,137.6882
172330.667,136.8952
172341.333,0.0000
172352.000,139.2881
172362.667,140.9065
172373.333,142.5438
172384.000,139.2881
172394.667,138.4858
172405.333,138.4858
172416.000,139.2881
172426.667,139.2881
172437.333,137.6882
172448.000,137.6882
172458.667,137.6882
172469.333,138.4858
172480.000,138.4858
172490.667,138.4858
172501.333,138.4858
172512.000,139.2881
172522.667,139.2881
172533.333,0.0000
172544.000,139.2881
172554.667,139.2881
172565.333,139.2881
172576.000,139.2881
172586.667,139.2881
172597.333,137.6882
172608.000,137.6882
172618.667,137.6882
172629.333,139.2881
172640.000,139.2881
172650.667,142.5438
172661.333,144.2001
172672.000,140.0950
172682.667,140.0950
172693.333,140.9065
172704.000,138.4858
172714.667,138.4858
172725.333,138.4858
172736.000,139.2881
172746.667,138.4858
172757.333,138.4858
172768.000,140.0950
172778.667,138.4858
172789.333,138.4858
172800.000,134.5434
172810.667,136.8952
172821.333,135.3228
172832.000,0.0000
172842.667,0.0000
172853.333,0.0000
172864.000,0.0000
172874.667,0.0000
172885.333,0.0000
172896.000,0.0000
172906.667,0.0000
172917.333,0.0000
172928.000,0.0000
172938.667,0.0000
172949.333,0.0000
172960.000,0.0000
172970.667,0.0000
172981.333,0.0000
172992.000,0.0000
173002.667,0.0000
173013.333,0.0000
173024.000,0.0000
173034.667,0.0000
173045.333,0.0000
173056.000,0.0000
173066.667,0.0000
173077.333,0.0000
173088.000,0.0000
173098.667,0.0000
173109.333,0.0000
173120.000,0.0000
173130.667,0.0000
173141.333,0.0000
173152.000,0.0000
173162.667,0.0000
173173.333,0.0000
173184.000,0.0000
173194.667,0.0000
173205.333,0.0000
173216.000,0.0000
173226.667,0.0000
173237.333,0.0000
173248.000,0.0000
173258.667,0.0000
173269.333,0.0000
173280.000,0.0000
173290.667,0.0000
173301.333,0.0000
173312.000,0.0000
173322.667,0.0000
173333.333,0.0000
173344.000,0.0000
173354.667,0.0000
173365.333,0.0000
173376.000,0.0000
173386.667,0.0000
173397.333,0.0000
173408.000,0.0000
173418.667,0.0000
173429.333,0.0000
173440.000,0.0000
173450.667,0.0000
173461.333,0.0000
173472.000,0.0000
173482.667,0.0000
173493.333,0.0000
173504.000,0.0000
173514.667,0.0000
173525.333,0.0000
173536.000,0.0000
173546.667,0.0000
173557.333,0.0000
173568.000,0.0000
173578.667,0.0000
173589.333,0.0000
173600.000,0.0000
173610.667,0.0000
173621.333,0.0000
173632.000,0.0000
173642.667,0.0000
173653.333,0.0000
173664.000,0.0000
173674.667,0.0000
173685.333,0.0000
173696.000,0.0000
173706.667,0.0000
173717.333,0.0000
173728.000,0.0000
173738.667,0.0000
173749.333,0.0000
173760.000,0.0000
173770.667,0.0000
173781.333,0.0000
173792.000,0.0000
173802.667,0.0000
173813.333,0.0000
173824.000,0.0000
173834.667,0.0000
173845.333,0.0000
173856.000,0.0000
173866.667,0.0000
173877.333,0.0000
173888.000,0.0000
173898.667,0.0000
173909.333,0.0000
173920.000,0.0000
173930.667,0.0000
173941.333,0.0000
173952.000,0.0000
173962.667,0.0000
173973.333,0.0000
173984.000,0.0000
173994.667,0.0000
174005.333,0.0000
174016.000,0.0000
174026.667,0.0000
174037.333,0.0000
174048.000,0.0000
174058.667,0.0000
174069.333,0.0000
174080.000,0.0000
174090.667,0.0000
174101.333,0.0000
174112.000,0.0000
174122.667,0.0000
174133.333,0.0000
174144.000,0.0000
174154.667,0.0000
174165.333,0.0000
174176.000,0.0000
174186.667,0.0000
174197.333,0.0000
174208.000,0.0000
174218.667,0.0000
174229.333,0.0000
174240.000,0.0000
174250.667,0.0000
174261.333,0.0000
174272.000,0.0000
174282.667,0.0000
174293.333,0.0000
174304.000,0.0000
174314.667,0.0000
174325.333,0.0000
174336.000,0.0000
174346.667,0.0000
174357.333,0.0000
174368.000,0.0000
174378.667,0.0000
174389.333,0.0000
174400.000,0.0000
174410.667,0.0000
174421.333,0.0000
174432.000,0.0000
174442.667,0.0000
174453.333,0.0000
174464.000,0.0000
174474.667,0.0000
174485.333,0.0000
174496.000,0.0000
174506.667,0.0000
174517.333,0.0000
174528.000,0.0000
174538.667,0.0000
174549.333,0.0000
174560.000,0.0000
174570.667,0.0000
174581.333,0.0000
174592.000,0.0000
174602.667,0.0000
174613.333,0.0000
174624.000,0.0000
174634.667,0.0000
174645.333,0.0000
174656.000,0.0000
174666.667,0.0000
174677.333,0.0000
174688.000,0.0000
174698.667,0.0000
174709.333,0.0000
174720.000,0.0000
174730.667,0.0000
174741.333,0.0000
174752.000,0.0000
174762.667,0.0000
174773.333,0.0000
174784.000,0.0000
174794.667,0.0000
174805.333,0.0000
174816.000,0.0000
174826.667,0.0000
174837.333,0.0000
174848.000,0.0000
174858.667,0.0000
174869.333,0.0000
174880.000,0.0000
174890.667,0.0000
174901.333,0.0000
174912.000,0.0000
174922.667,0.0000
174933.333,0.0000
174944.000,0.0000
174954.667,0.0000
174965.333,0.0000
174976.000,0.0000
174986.667,0.0000
174997.333,0.0000
175008.000,0.0000
175018.667,0.0000
175029.333,0.0000
175040.000,0.0000
175050.667,0.0000
175061.333,0.0000
175072.000,0.0000
175082.667,0.0000
175093.333,0.0000
175104.000,0.0000
175114.667,0.0000
175125.333,0.0000
175136.000,0.0000
175146.667,0.0000
175157.333,0.0000
175168.000,0.0000
175178.667,0.0000
175189.333,0.0000
175200.000,0.0000
175210.667,0.0000
175221.333,0.0000
175232.000,0.0000
175242.667,0.0000
175253.333,0.0000
175264.000,0.0000
175274.667,0.0000
175285.333,0.0000
175296.000,0.0000
175306.667,0.0000
175317.333,0.0000
175328.000,0.0000
175338.667,0.0000
175349.333,0.0000
175360.000,0.0000
175370.667,0.0000
175381.333,0.0000
175392.000,0.0000
175402.667,0.0000
175413.333,0.0000
175424.000,0.0000
175434.667,0.0000
175445.333,0.0000
175456.000,0.0000
175466.667,0.0000
175477.333,0.0000
175488.000,0.0000
175498.667,0.0000
175509.333,0.0000
175520.000,0.0000
175530.667,0.0000
175541.333,0.0000
175552.000,0.0000
175562.667,0.0000
175573.333,0.0000
175584.000,0.0000
175594.667,0.0000
175605.333,0.0000
175616.000,0.0000
175626.667,0.0000
175637.333,138.4858
175648.000,137.6882
175658.667,137.6882
175669.333,138.4858
175680.000,137.6882
175690.667,137.6882
175701.333,137.6882
175712.000,138.4858
175722.667,137.6882
175733.333,137.6882
175744.000,137.6882
175754.667,136.8952
175765.333,133.7685
175776.000,134.5434
175786.667,133.7685
175797.333,136.1067
175808.000,137.6882
175818.667,137.6882
175829.333,137.6882
175840.000,136.1067
175850.667,133.7685
175861.333,137.6882
175872.000,136.8952
175882.667,136.8952
175893.333,135.3228
175904.000,135.3228
175914.667,134.5434
175925.333,136.8952
175936.000,136.8952
175946.667,136.8952
175957.333,136.8952
175968.000,136.8952
175978.667,137.6882
175989.333,137.6882
176000.000,137.6882
176010.667,137.6882
176021.333,137.6882
176032.000,136.1067
176042.667,137.6882
176053.333,137.6882
176064.000,137.6882
176074.667,136.8952
176085.333,137.6882
176096.000,139.2881
176106.667,139.2881
176117.333,137.6882
176128.000,137.6882
176138.667,0.0000
176149.333,0.0000
176160.000,0.0000
176170.667,0.0000
176181.333,0.0000
176192.000,0.0000
176202.667,0.0000
176213.333,0.0000
176224.000,0.0000
176234.667,0.0000
176245.333,0.0000
176256.000,0.0000
176266.667,0.0000
176277.333,0.0000
176288.000,0.0000
176298.667,0.0000
176309.333,0.0000
176320.000,0.0000
176330.667,0.0000
176341.333,0.0000
176352.000,0.0000
176362.667,0.0000
176373.333,0.0000
176384.000,0.0000
176394.667,0.0000
176405.333,0.0000
176416.000,0.0000
176426.667,0.0000
176437.333,0.0000
176448.000,0.0000
176458.667,0.0000
176469.333,0.0000
176480.000,0.0000
176490.667,0.0000
176501.333,0.0000
176512.000,0.0000
176522.667,0.0000
176533.333,0.0000
176544.000,0.0000
176554.667,0.0000
176565.333,0.0000
176576.000,0.0000
176586.667,0.0000
176597.333,0.0000
176608.000,0.0000
176618.667,0.0000
176629.333,0.0000
176640.000,0.0000
176650.667,0.0000
176661.333,0.0000
176672.000,0.0000
176682.667,0.0000
176693.333,0.0000
176704.000,0.0000
176714.667,0.0000
176725.333,0.0000
176736.000,0.0000
176746.667,0.0000
176757.333,0.0000
176768.000,0.0000
176778.667,0.0000
176789.333,0.0000
176800.000,0.0000
176810.667,0.0000
176821.333,0.0000
176832.000,0.0000
176842.667,0.0000
176853.333,0.0000
176864.000,0.0000
176874.667,0.0000
176885.333,0.0000
176896.000,0.0000
176906.667,0.0000
176917.333,0.0000
176928.000,0.0000
176938.667,0.0000
176949.333,0.0000
176960.000,0.0000
176970.667,0.0000
176981.333,0.0000
176992.000,0.0000
177002.667,0.0000
177013.333,0.0000
177024.000,0.0000
177034.667,0.0000
177045.333,0.0000
177056.000,0.0000
177066.667,0.0000
177077.333,0.0000
177088.000,0.0000
177098.667,0.0000
177109.333,0.0000
177120.000,0.0000
177130.667,0.0000
177141.333,0.0000
177152.000,0.0000
177162.667,0.0000
177173.333,0.0000
177184.000,0.0000
177194.667,0.0000
177205.333,0.0000
177216.000,0.0000
177226.667,0.0000
177237.333,0.0000
177248.000,0.0000
177258.667,0.0000
177269.333,0.0000
177280.000,0.0000
177290.667,0.0000
177301.333,0.0000
177312.000,0.0000
177322.667,0.0000
177333.333,0.0000
177344.000,0.0000
177354.667,0.0000
177365.333,0.0000
177376.000,0.0000
177386.667,0.0000
177397.333,0.0000
177408.000,0.0000
177418.667,0.0000
177429.333,0.0000
177440.000,0.0000
177450.667,0.0000
177461.333,0.0000
177472.000,0.0000
177482.667,0.0000
177493.333,0.0000
177504.000,0.0000
177514.667,0.0000
177525.333,0.0000
177536.000,0.0000
177546.667,0.0000
177557.333,0.0000
177568.000,0.0000
177578.667,0.0000
177589.333,0.0000
177600.000,0.0000
177610.667,0.0000
177621.333,0.0000
177632.000,0.0000
177642.667,0.0000
177653.333,0.0000
177664.000,0.0000
177674.667,0.0000
177685.333,0.0000
177696.000,0.0000
177706.667,0.0000
177717.333,0.0000
177728.000,0.0000
177738.667,0.0000
177749.333,0.0000
177760.000,0.0000
177770.667,0.0000
177781.333,0.0000
177792.000,0.0000
177802.667,0.0000
177813.333,0.0000
177824.000,0.0000
177834.667,0.0000
177845.333,0.0000
177856.000,0.0000
177866.667,0.0000
177877.333,0.0000
177888.000,0.0000
177898.667,0.0000
177909.333,0.0000
177920.000,0.0000
177930.667,0.0000
177941.333,0.0000
177952.000,0.0000
177962.667,0.0000
177973.333,0.0000
177984.000,0.0000
177994.667,0.0000
178005.333,0.0000
178016.000,0.0000
178026.667,0.0000
178037.333,0.0000
178048.000,0.0000
178058.667,0.0000
178069.333,0.0000
178080.000,0.0000
178090.667,0.0000
178101.333,0.0000
178112.000,0.0000
178122.667,0.0000
178133.333,0.0000
178144.000,0.0000
178154.667,0.0000
178165.333,0.0000
178176.000,0.0000
178186.667,0.0000
178197.333,0.0000
178208.000,0.0000
178218.667,0.0000
178229.333,0.0000
178240.000,0.0000
178250.667,0.0000
178261.333,0.0000
178272.000,0.0000
178282.667,0.0000
178293.333,0.0000
178304.000,0.0000
178314.667,0.0000
178325.333,0.0000
178336.000,0.0000
178346.667,525.8818
178357.333,531.9923
178368.000,528.9282
178378.667,525.8818
178389.333,528.9282
178400.000,528.9282
178410.667,522.8529
178421.333,519.8415
178432.000,516.8475
178442.667,516.8475
178453.333,516.8475
178464.000,522.8529
178474.667,525.8818
178485.333,525.8818
178496.000,525.8818
178506.667,519.8415
178517.333,513.8706
178528.000,510.9110
178538.667,513.8706
178549.333,0.0000
178560.000,0.0000
178570.667,0.0000
178581.333,0.0000
178592.000,0.0000
178602.667,0.0000
178613.333,0.0000
178624.000,0.0000
178634.667,0.0000
178645.333,0.0000
178656.000,0.0000
178666.667,0.0000
178677.333,0.0000
178688.000,0.0000
178698.667,0.0000
178709.333,0.0000
178720.000,0.0000
178730.667,0.0000
178741.333,0.0000
178752.000,0.0000
178762.667,0.0000
178773.333,0.0000
178784.000,0.0000
178794.667,0.0000
178805.333,0.0000
178816.000,0.0000
178826.667,0.0000
178837.333,0.0000
178848.000,0.0000
178858.667,0.0000
178869.333,0.0000
178880.000,0.0000
178890.667,0.0000
178901.333,0.0000
178912.000,0.0000
178922.667,0.0000
178933.333,0.0000
178944.000,0.0000
178954.667,0.0000
178965.333,0.0000
178976.000,0.0000
178986.667,0.0000
178997.333,0.0000
179008.000,0.0000
179018.667,0.0000
179029.333,0.0000
179040.000,0.0000
179050.667,0.0000
179061.333,0.0000
179072.000,0.0000
179082.667,0.0000
179093.333,0.0000
179104.000,0.0000
179114.667,0.0000
179125.333,0.0000
179136.000,0.0000
179146.667,0.0000
179157.333,0.0000
179168.000,0.0000
179178.667,0.0000
179189.333,0.0000
179200.000,0.0000
179210.667,0.0000
179221.333,0.0000
179232.000,0.0000
179242.667,0.0000
179253.333,0.0000
179264.000,678.0564
179274.667,678.0564
179285.333,670.2682
179296.000,666.4078
179306.667,670.2682
179317.333,678.0564
179328.000,681.9843
179338.667,685.9350
179349.333,685.9350
179360.000,685.9350
179370.667,689.9086
179381.333,0.0000
179392.000,0.0000
179402.667,0.0000
179413.333,0.0000
179424.000,0.0000
179434.667,0.0000
179445.333,0.0000
179456.000,0.0000
179466.667,0.0000
179477.333,0.0000
179488.000,0.0000
179498.667,0.0000
179509.333,0.0000
179520.000,0.0000
179530.667,0.0000
179541.333,0.0000
179552.000,0.0000
179562.667,0.0000
179573.333,0.0000
179584.000,0.0000
179594.667,0.0000
179605.333,0.0000
179616.000,0.0000
179626.667,0.0000
179637.333,0.0000
179648.000,0.0000
179658.667,0.0000
179669.333,0.0000
179680.000,0.0000
179690.667,0.0000
179701.333,0.0000
179712.000,0.0000
179722.667,0.0000
179733.333,0.0000
179744.000,0.0000
179754.667,0.0000
179765.333,0.0000
179776.000,0.0000
179786.667,0.0000
179797.333,0.0000
179808.000,0.0000
179818.667,0.0000
179829.333,0.0000
179840.000,0.0000
179850.667,0.0000
179861.333,0.0000
179872.000,706.0344
179882.667,706.0344
179893.333,706.0344
179904.000,706.0344
179914.667,706.0344
179925.333,701.9680
179936.000,693.9052
179946.667,689.9086
179957.333,689.9086
179968.000,689.9086
179978.667,693.9052
179989.333,701.9680
180000.000,697.9249
180010.667,718.3757
180021.333,730.9327
180032.000,0.0000
180042.667,0.0000
180053.333,0.0000
180064.000,0.0000
180074.667,0.0000
180085.333,0.0000
180096.000,522.8529
180106.667,505.0427
180117.333,513.8706
180128.000,510.9110
180138.667,516.8475
180149.333,522.8529
180160.000,522.8529
180170.667,522.8529
180181.333,522.8529
180192.000,522.8529
180202.667,522.8529
180213.333,522.8529
180224.000,522.8529
180234.667,516.8475
180245.333,519.8415
180256.000,519.8415
180266.667,525.8818
180277.333,528.9282
180288.000,531.9923
180298.667,538.1737
180309.333,547.5808
180320.000,566.8912
180330.667,580.1417
180341.333,583.5024
180352.000,590.2824
180362.667,590.2824
180373.333,597.1411
180384.000,604.0796
180394.667,611.0986
180405.333,611.0986
180416.000,607.5790
180426.667,604.0796
180437.333,600.6003
180448.000,600.6003
180458.667,604.0796
180469.333,607.5790
180480.000,607.5790
180490.667,604.0796
180501.333,607.5790
180512.000,618.1993
180522.667,632.6490
180533.333,643.7075
180544.000,651.1870
180554.667,651.1870
180565.333,651.1870
180576.000,0.0000
180586.667,0.0000
180597.333,0.0000
180608.000,400.8526
180618.667,403.1747
180629.333,405.5103
180640.000,405.5103
180650.667,405.5103
180661.333,407.8594
180672.000,407.8594
180682.667,410.2221
180693.333,412.5985
180704.000,412.5985
180714.667,412.5985
180725.333,410.2221
180736.000,410.2221
180746.667,410.2221
180757.333,410.2221
180768.000,410.2221
180778.667,410.2221
180789.333,410.2221
180800.000,414.9887
180810.667,414.9887
180821.333,414.9887
180832.000,417.3927
180842.667,417.3927
180853.333,417.3927
180864.000,417.3927
180874.667,417.3927
180885.333,417.3927
180896.000,419.8106
180906.667,417.3927
180917.333,417.3927
180928.000,414.9887
180938.667,414.9887
180949.333,414.9887
180960.000,414.9887
180970.667,414.9887
180981.333,412.5985
180992.000,412.5985
181002.667,412.5985
181013.333,412.5985
181024.000,412.5985
181034.667,412.5985
181045.333,414.9887
181056.000,417.3927
181066.667,417.3927
181077.333,417.3927
181088.000,417.3927
181098.667,417.3927
181109.333,417.3927
181120.000,417.3927
181130.667,414.9887
181141.333,414.9887
181152.000,412.5985
181162.667,412.5985
181173.333,412.5985
181184.000,410.2221
181194.667,410.2221
181205.333,405.5103
181216.000,400.8526
181226.667,398.5439
181237.333,398.5439
181248.000,398.5439
181258.667,396.2484
181269.333,398.5439
181280.000,398.5439
181290.667,398.5439
181301.333,400.8526
181312.000,400.8526
181322.667,398.5439
181333.333,398.5439
181344.000,396.2484
181354.667,396.2484
181365.333,393.9662
181376.000,396.2484
181386.667,393.9662
181397.333,391.6971
181408.000,389.4411
181418.667,382.7508
181429.333,378.3545
181440.000,0.0000
181450.667,0.0000
181461.333,0.0000
181472.000,0.0000
181482.667,0.0000
181493.333,735.1669
181504.000,730.9327
181514.667,722.5372
181525.333,718.3757
181536.000,714.2382
181546.667,718.3757
181557.333,718.3757
181568.000,718.3757
181578.667,718.3757
181589.333,714.2382
181600.000,710.1245
181610.667,701.9680
181621.333,706.0344
181632.000,706.0344
181642.667,710.1245
181653.333,710.1245
181664.000,714.2382
181674.667,714.2382
181685.333,714.2382
181696.000,710.1245
181706.667,710.1245
181717.333,714.2382
181728.000,710.1245
181738.667,710.1245
181749.333,714.2382
181760.000,718.3757
181770.667,722.5372
181781.333,730.9327
181792.000,718.3757
181802.667,718.3757
181813.333,714.2382
181824.000,710.1245
181834.667,714.2382
181845.333,718.3757
181856.000,718.3757
181866.667,710.1245
181877.333,706.0344
181888.000,701.9680
181898.667,701.9680
181909.333,701.9680
181920.000,706.0344
181930.667,706.0344
181941.333,706.0344
181952.000,701.9680
181962.667,706.0344
181973.333,710.1245
181984.000,710.1245
181994.667,710.1245
182005.333,701.9680
182016.000,701.9680
182026.667,697.9249
182037.333,701.9680
182048.000,706.0344
182058.667,706.0344
182069.333,701.9680
182080.000,701.9680
182090.667,701.9680
182101.333,706.0344
182112.000,706.0344
182122.667,701.9680
182133.333,701.9680
182144.000,701.9680
182154.667,701.9680
182165.333,701.9680
182176.000,697.9249
182186.667,701.9680
182197.333,0.0000
182208.000,0.0000
182218.667,0.0000
182229.333,0.0000
182240.000,706.0344
182250.667,701.9680
182261.333,697.9249
182272.000,697.9249
182282.667,693.9052
182293.333,697.9249
182304.000,0.0000
182314.667,0.0000
182325.333,0.0000
182336.000,706.0344
182346.667,701.9680
182357.333,701.9680
182368.000,697.9249
182378.667,697.9249
182389.333,697.9249
182400.000,697.9249
182410.667,697.9249
182421.333,693.9052
182432.000,693.9052
182442.667,689.9086
182453.333,689.9086
182464.000,681.9843
182474.667,678.0564
182485.333,681.9843
182496.000,693.9052
182506.667,697.9249
182517.333,697.9249
182528.000,697.9249
182538.667,697.9249
182549.333,697.9249
182560.000,697.9249
182570.667,697.9249
182581.333,693.9052
182592.000,693.9052
182602.667,693.9052
182613.333,693.9052
182624.000,693.9052
182634.667,697.9249
182645.333,697.9249
182656.000,697.9249
182666.667,701.9680
182677.333,697.9249
182688.000,697.9249
182698.667,693.9052
182709.333,693.9052
182720.000,693.9052
182730.667,693.9052
182741.333,697.9249
182752.000,697.9249
182762.667,697.9249
182773.333,701.9680
182784.000,697.9249
182794.667,697.9249
182805.333,693.9052
182816.000,693.9052
182826.667,697.9249
182837.333,701.9680
182848.000,697.9249
182858.667,697.9249
182869.333,697.9249
182880.000,697.9249
182890.667,697.9249
182901.333,697.9249
182912.000,701.9680
182922.667,697.9249
182933.333,697.9249
182944.000,693.9052
182954.667,697.9249
182965.333,697.9249
182976.000,701.9680
182986.667,697.9249
182997.333,697.9249
183008.000,697.9249
183018.667,693.9052
183029.333,693.9052
183040.000,693.9052
183050.667,693.9052
183061.333,697.9249
183072.000,697.9249
183082.667,697.9249
183093.333,697.9249
183104.000,693.9052
183114.667,685.9350
183125.333,685.9350
183136.000,685.9350
183146.667,685.9350
183157.333,678.0564
183168.000,674.1511
183178.667,666.4078
183189.333,651.1870
183200.000,640.0000
183210.667,636.3139
183221.333,636.3139
183232.000,640.0000
183242.667,643.7075
183253.333,640.0000
183264.000,636.3139
183274.667,636.3139
183285.333,636.3139
183296.000,640.0000
183306.667,640.0000
183317.333,632.6490
183328.000,632.6490
183338.667,636.3139
183349.333,647.4364
183360.000,654.9593
183370.667,666.4078
183381.333,666.4078
183392.000,651.1870
183402.667,651.1870
183413.333,654.9593
183424.000,654.9593
183434.667,651.1870
183445.333,643.7075
183456.000,636.3139
183466.667,636.3139
183477.333,640.0000
183488.000,647.4364
183498.667,647.4364
183509.333,647.4364
183520.000,640.0000
183530.667,640.0000
183541.333,636.3139
183552.000,636.3139
183562.667,621.7804
183573.333,600.6003
183584.000,597.1411
183594.667,611.0986
183605.333,0.0000
183616.000,0.0000
183626.667,0.0000
183637.333,0.0000
183648.000,544.4270
183658.667,538.1737
183669.333,541.2913
183680.000,535.0741
183690.667,535.0741
183701.333,528.9282
183712.000,531.9923
183722.667,538.1737
183733.333,553.9434
183744.000,576.8003
183754.667,590.2824
183765.333,557.1524
183776.000,560.3799
183786.667,566.8912
183797.333,573.4782
183808.000,586.8826
183818.667,600.6003
183829.333,611.0986
183840.000,614.6387
183850.667,614.6387
183861.333,618.1993
183872.000,621.7804
183882.667,618.1993
183893.333,621.7804
183904.000,621.7804
183914.667,621.7804
183925.333,625.3824
183936.000,629.0052
183946.667,636.3139
183957.333,636.3139
183968.000,643.7075
183978.667,651.1870
183989.333,662.5696
184000.000,670.2682
184010.667,685.9350
184021.333,693.9052
184032.000,701.9680
184042.667,697.9249
184053.333,681.9843
184064.000,674.1511
184074.667,681.9843
184085.333,685.9350
184096.000,697.9249
184106.667,0.0000
184117.333,0.0000
184128.000,0.0000
184138.667,0.0000
184149.333,0.0000
184160.000,0.0000
184170.667,0.0000
184181.333,0.0000
184192.000,0.0000
184202.667,0.0000
184213.333,0.0000
184224.000,0.0000
184234.667,407.8594
184245.333,407.8594
184256.000,407.8594
184266.667,405.5103
184277.333,405.5103
184288.000,407.8594
184298.667,412.5985
184309.333,412.5985
184320.000,412.5985
184330.667,412.5985
184341.333,412.5985
184352.000,414.9887
184362.667,412.5985
184373.333,412.5985
184384.000,412.5985
184394.667,412.5985
184405.333,412.5985
184416.000,412.5985
184426.667,412.5985
184437.333,412.5985
184448.000,414.9887
184458.667,414.9887
184469.333,414.9887
184480.000,412.5985
184490.667,412.5985
184501.333,412.5985
184512.000,412.5985
184522.667,412.5985
184533.333,412.5985
184544.000,414.9887
184554.667,414.9887
184565.333,414.9887
184576.000,414.9887
184586.667,412.5985
184597.333,412.5985
184608.000,412.5985
184618.667,412.5985
184629.333,410.2221
184640.000,410.2221
184650.667,410.2221
184661.333,405.5103
184672.000,396.2484
184682.667,393.9662
184693.333,393.9662
184704.000,391.6971
184714.667,389.4411
184725.333,389.4411
184736.000,387.1981
184746.667,389.4411
184757.333,389.4411
184768.000,389.4411
184778.667,391.6971
184789.333,389.4411
184800.000,391.6971
184810.667,389.4411
184821.333,389.4411
184832.000,389.4411
184842.667,387.1981
184853.333,384.9680
184864.000,382.7508
184874.667,380.5463
184885.333,0.0000
184896.000,0.0000
184906.667,0.0000
184917.333,0.0000
184928.000,678.0564
184938.667,674.1511
184949.333,670.2682
184960.000,670.2682
184970.667,662.5696
184981.333,647.4364
184992.000,643.7075
185002.667,632.6490
185013.333,632.6490
185024.000,640.0000
185034.667,640.0000
185045.333,640.0000
185056.000,636.3139
185066.667,636.3139
185077.333,636.3139
185088.000,640.0000
185098.667,640.0000
185109.333,636.3139
185120.000,636.3139
185130.667,632.6490
185141.333,636.3139
185152.000,651.1870
185162.667,666.4078
185173.333,678.0564
185184.000,658.7534
185194.667,643.7075
185205.333,647.4364
185216.000,662.5696
185226.667,674.1511
185237.333,674.1511
185248.000,674.1511
185258.667,654.9593
185269.333,640.0000
185280.000,647.4364
185290.667,651.1870
185301.333,643.7075
185312.000,629.0052
185322.667,621.7804
185333.333,621.7804
185344.000,621.7804
185354.667,621.7804
185365.333,621.7804
185376.000,618.1993
185386.667,618.1993
185397.333,621.7804
185408.000,621.7804
185418.667,618.1993
185429.333,621.7804
185440.000,618.1993
185450.667,621.7804
185461.333,629.0052
185472.000,625.3824
185482.667,625.3824
185493.333,621.7804
185504.000,614.6387
185514.667,614.6387
185525.333,614.6387
185536.000,618.1993
185546.667,618.1993
185557.333,621.7804
185568.000,621.7804
185578.667,629.0052
185589.333,629.0052
185600.000,625.3824
185610.667,625.3824
185621.333,625.3824
185632.000,629.0052
185642.667,632.6490
185653.333,640.0000
185664.000,640.0000
185674.667,629.0052
185685.333,625.3824
185696.000,625.3824
185706.667,625.3824
185717.333,625.3824
185728.000,625.3824
185738.667,629.0052
185749.333,629.0052
185760.000,629.0052
185770.667,632.6490
185781.333,632.6490
185792.000,629.0052
185802.667,629.0052
185813.333,629.0052
185824.000,625.3824
185834.667,629.0052
185845.333,636.3139
185856.000,643.7075
185866.667,632.6490
185877.333,629.0052
185888.000,629.0052
185898.667,629.0052
185909.333,625.3824
185920.000,625.3824
185930.667,625.3824
185941.333,625.3824
185952.000,625.3824
185962.667,625.3824
185973.333,625.3824
185984.000,625.3824
185994.667,621.7804
186005.333,625.3824
186016.000,625.3824
186026.667,629.0052
186037.333,629.0052
186048.000,629.0052
186058.667,629.0052
186069.333,632.6490
186080.000,636.3139
186090.667,636.3139
186101.333,632.6490
186112.000,632.6490
186122.667,632.6490
186133.333,629.0052
186144.000,629.0052
186154.667,629.0052
186165.333,625.3824
186176.000,625.3824
186186.667,629.0052
186197.333,625.3824
186208.000,625.3824
186218.667,625.3824
186229.333,625.3824
186240.000,625.3824
186250.667,629.0052
186261.333,629.0052
186272.000,625.3824
186282.667,625.3824
186293.333,629.0052
186304.000,629.0052
186314.667,629.0052
186325.333,625.3824
186336.000,625.3824
186346.667,625.3824
186357.333,629.0052
186368.000,629.0052
186378.667,632.6490
186389.333,632.6490
186400.000,632.6490
186410.667,629.0052
186421.333,629.0052
186432.000,625.3824
186442.667,625.3824
186453.333,625.3824
186464.000,621.7804
186474.667,621.7804
186485.333,625.3824
186496.000,621.7804
186506.667,621.7804
186517.333,618.1993
186528.000,618.1993
186538.667,614.6387
186549.333,618.1993
186560.000,621.7804
186570.667,621.7804
186581.333,618.1993
186592.000,614.6387
186602.667,611.0986
186613.333,604.0796
186624.000,600.6003
186634.667,586.8826
186645.333,580.1417
186656.000,580.1417
186666.667,597.1411
186677.333,597.1411
186688.000,590.2824
186698.667,580.1417
186709.333,560.3799
186720.000,566.8912
186730.667,580.1417
186741.333,590.2824
186752.000,600.6003
186762.667,604.0796
186773.333,604.0796
186784.000,600.6003
186794.667,604.0796
186805.333,611.0986
186816.000,614.6387
186826.667,618.1993
186837.333,618.1993
186848.000,621.7804
186858.667,625.3824
186869.333,625.3824
186880.000,629.0052
186890.667,625.3824
186901.333,625.3824
186912.000,625.3824
186922.667,625.3824
186933.333,621.7804
186944.000,625.3824
186954.667,621.7804
186965.333,625.3824
186976.000,625.3824
186986.667,621.7804
186997.333,621.7804
187008.000,611.0986
187018.667,597.1411
187029.333,586.8826
187040.000,586.8826
187050.667,586.8826
187061.333,590.2824
187072.000,600.6003
187082.667,607.5790
187093.333,604.0796
187104.000,570.1752
187114.667,541.2913
187125.333,535.0741
187136.000,535.0741
187146.667,535.0741
187157.333,538.1737
187168.000,544.4270
187178.667,544.4270
187189.333,544.4270
187200.000,544.4270
187210.667,535.0741
187221.333,531.9923
187232.000,531.9923
187242.667,531.9923
187253.333,538.1737
187264.000,553.9434
187274.667,560.3799
187285.333,570.1752
187296.000,570.1752
187306.667,573.4782
187317.333,580.1417
187328.000,586.8826
187338.667,597.1411
187349.333,604.0796
187360.000,607.5790
187370.667,607.5790
187381.333,607.5790
187392.000,604.0796
187402.667,604.0796
187413.333,604.0796
187424.000,604.0796
187434.667,604.0796
187445.333,604.0796
187456.000,607.5790
187466.667,614.6387
187477.333,629.0052
187488.000,632.6490
187498.667,636.3139
187509.333,636.3139
187520.000,632.6490
187530.667,632.6490
187541.333,0.0000
187552.000,0.0000
187562.667,0.0000
187573.333,403.1747
187584.000,405.5103
187594.667,405.5103
187605.333,405.5103
187616.000,405.5103
187626.667,407.8594
187637.333,407.8594
187648.000,410.2221
187658.667,412.5985
187669.333,412.5985
187680.000,410.2221
187690.667,410.2221
187701.333,410.2221
187712.000,410.2221
187722.667,410.2221
187733.333,410.2221
187744.000,412.5985
187754.667,412.5985
187765.333,414.9887
187776.000,414.9887
187786.667,414.9887
187797.333,417.3927
187808.000,417.3927
187818.667,417.3927
187829.333,417.3927
187840.000,417.3927
187850.667,417.3927
187861.333,417.3927
187872.000,414.9887
187882.667,414.9887
187893.333,414.9887
187904.000,414.9887
187914.667,414.9887
187925.333,414.9887
187936.000,412.5985
187946.667,412.5985
187957.333,412.5985
187968.000,412.5985
187978.667,412.5985
187989.333,412.5985
188000.000,414.9887
188010.667,414.9887
188021.333,417.3927
188032.000,417.3927
188042.667,417.3927
188053.333,417.3927
188064.000,419.8106
188074.667,417.3927
188085.333,417.3927
188096.000,414.9887
188106.667,414.9887
188117.333,412.5985
188128.000,412.5985
188138.667,410.2221
188149.333,407.8594
188160.000,405.5103
188170.667,400.8526
188181.333,398.5439
188192.000,396.2484
188202.667,393.9662
188213.333,393.9662
188224.000,393.9662
188234.667,393.9662
188245.333,396.2484
188256.000,396.2484
188266.667,396.2484
188277.333,398.5439
188288.000,396.2484
188298.667,396.2484
188309.333,393.9662
188320.000,393.9662
188330.667,396.2484
188341.333,393.9662
188352.000,391.6971
188362.667,389.4411
188373.333,382.7508
188384.000,378.3545
188394.667,0.0000
188405.333,0.0000
188416.000,0.0000
188426.667,0.0000
188437.333,0.0000
188448.000,722.5372
188458.667,718.3757
188469.333,718.3757
188480.000,714.2382
188490.667,714.2382
188501.333,710.1245
188512.000,714.2382
188522.667,714.2382
188533.333,714.2382
188544.000,710.1245
188554.667,710.1245
188565.333,706.0344
188576.000,710.1245
188586.667,714.2382
188597.333,714.2382
188608.000,714.2382
188618.667,710.1245
188629.333,710.1245
188640.000,710.1245
188650.667,714.2382
188661.333,710.1245
188672.000,714.2382
188682.667,714.2382
188693.333,710.1245
188704.000,718.3757
188714.667,726.7228
188725.333,735.1669
188736.000,743.7092
188746.667,722.5372
188757.333,718.3757
188768.000,722.5372
188778.667,718.3757
188789.333,722.5372
188800.000,722.5372
188810.667,718.3757
188821.333,710.1245
188832.000,706.0344
188842.667,706.0344
188853.333,701.9680
188864.000,701.9680
188874.667,701.9680
188885.333,706.0344
188896.000,701.9680
188906.667,701.9680
188917.333,697.9249
188928.000,697.9249
188938.667,701.9680
188949.333,706.0344
188960.000,701.9680
188970.667,701.9680
188981.333,701.9680
188992.000,706.0344
189002.667,706.0344
189013.333,706.0344
189024.000,701.9680
189034.667,701.9680
189045.333,706.0344
189056.000,706.0344
189066.667,706.0344
189077.333,706.0344
189088.000,701.9680
189098.667,701.9680
189109.333,701.9680
189120.000,701.9680
189130.667,701.9680
189141.333,697.9249
189152.000,0.0000
189162.667,0.0000
189173.333,0.0000
189184.000,701.9680
189194.667,701.9680
189205.333,701.9680
189216.000,697.9249
189226.667,697.9249
189237.333,697.9249
189248.000,693.9052
189258.667,697.9249
189269.333,706.0344
189280.000,701.9680
189290.667,706.0344
189301.333,706.0344
189312.000,697.9249
189322.667,697.9249
189333.333,697.9249
189344.000,697.9249
189354.667,697.9249
189365.333,697.9249
189376.000,701.9680
189386.667,697.9249
189397.333,697.9249
189408.000,706.0344
189418.667,706.0344
189429.333,718.3757
189440.000,714.2382
189450.667,706.0344
189461.333,701.9680
189472.000,701.9680
189482.667,701.9680
189493.333,697.9249
189504.000,697.9249
189514.667,697.9249
189525.333,697.9249
189536.000,697.9249
189546.667,693.9052
189557.333,697.9249
189568.000,693.9052
189578.667,693.9052
189589.333,697.9249
189600.000,701.9680
189610.667,706.0344
189621.333,697.9249
189632.000,697.9249
189642.667,693.9052
189653.333,693.9052
189664.000,693.9052
189674.667,693.9052
189685.333,693.9052
189696.000,693.9052
189706.667,697.9249
189717.333,701.9680
189728.000,701.9680
189738.667,701.9680
189749.333,697.9249
189760.000,697.9249
189770.667,697.9249
189781.333,693.9052
189792.000,697.9249
189802.667,697.9249
189813.333,693.9052
189824.000,693.9052
189834.667,693.9052
189845.333,697.9249
189856.000,697.9249
189866.667,697.9249
189877.333,697.9249
189888.000,697.9249
189898.667,693.9052
189909.333,693.9052
189920.000,697.9249
189930.667,697.9249
189941.333,697.9249
189952.000,697.9249
189962.667,697.9249
189973.333,697.9249
189984.000,697.9249
189994.667,693.9052
190005.333,697.9249
190016.000,697.9249
190026.667,697.9249
190037.333,697.9249
190048.000,697.9249
190058.667,693.9052
190069.333,685.9350
190080.000,685.9350
190090.667,685.9350
190101.333,685.9350
190112.000,681.9843
190122.667,678.0564
190133.333,670.2682
190144.000,654.9593
190154.667,640.0000
190165.333,632.6490
190176.000,632.6490
190186.667,636.3139
190197.333,640.0000
190208.000,640.0000
190218.667,640.0000
190229.333,636.3139
190240.000,632.6490
190250.667,632.6490
190261.333,629.0052
190272.000,629.0052
190282.667,629.0052
190293.333,632.6490
190304.000,640.0000
190314.667,651.1870
190325.333,666.4078
190336.000,674.1511
190346.667,674.1511
190357.333,670.2682
190368.000,662.5696
190378.667,654.9593
190389.333,651.1870
190400.000,651.1870
190410.667,651.1870
190421.333,654.9593
190432.000,666.4078
190442.667,674.1511
190453.333,678.0564
190464.000,678.0564
190474.667,670.2682
190485.333,666.4078
190496.000,651.1870
190506.667,636.3139
190517.333,632.6490
190528.000,629.0052
190538.667,625.3824
190549.333,593.7018
190560.000,547.5808
190570.667,550.7529
190581.333,563.6262
190592.000,583.5024
190602.667,563.6262
190613.333,557.1524
190624.000,547.5808
190634.667,544.4270
190645.333,544.4270
190656.000,535.0741
190666.667,538.1737
190677.333,544.4270
190688.000,557.1524
190698.667,618.1993
190709.333,611.0986
190720.000,573.4782
190730.667,570.1752
190741.333,573.4782
190752.000,580.1417
190762.667,590.2824
190773.333,597.1411
190784.000,604.0796
190794.667,611.0986
190805.333,614.6387
190816.000,618.1993
190826.667,621.7804
190837.333,621.7804
190848.000,625.3824
190858.667,625.3824
190869.333,625.3824
190880.000,629.0052
190890.667,629.0052
190901.333,632.6490
190912.000,632.6490
190922.667,632.6490
190933.333,640.0000
190944.000,654.9593
190954.667,662.5696
190965.333,670.2682
190976.000,689.9086
190986.667,701.9680
190997.333,706.0344
191008.000,710.1245
191018.667,681.9843
191029.333,685.9350
191040.000,685.9350
191050.667,685.9350
191061.333,0.0000
191072.000,0.0000
191082.667,0.0000
191093.333,0.0000
191104.000,0.0000
191114.667,0.0000
191125.333,0.0000
191136.000,0.0000
191146.667,0.0000
191157.333,0.0000
191168.000,0.0000
191178.667,407.8594
191189.333,407.8594
191200.000,407.8594
191210.667,407.8594
191221.333,407.8594
191232.000,407.8594
191242.667,410.2221
191253.333,410.2221
191264.000,412.5985
191274.667,412.5985
191285.333,412.5985
191296.000,412.5985
191306.667,412.5985
191317.333,412.5985
191328.000,412.5985
191338.667,412.5985
191349.333,412.5985
191360.000,412.5985
191370.667,412.5985
191381.333,412.5985
191392.000,412.5985
191402.667,414.9887
191413.333,414.9887
191424.000,414.9887
191434.667,414.9887
191445.333,412.5985
191456.000,412.5985
191466.667,414.9887
191477.333,414.9887
191488.000,414.9887
191498.667,414.9887
191509.333,414.9887
191520.000,414.9887
191530.667,414.9887
191541.333,414.9887
191552.000,414.9887
191562.667,412.5985
191573.333,412.5985
191584.000,410.2221
191594.667,410.2221
191605.333,407.8594
191616.000,0.0000
191626.667,0.0000
191637.333,0.0000
191648.000,0.0000
191658.667,787.9324
191669.333,787.9324
191680.000,783.3943
191690.667,778.8822
191701.333,783.3943
191712.000,783.3943
191722.667,787.9324
191733.333,792.4969
191744.000,797.0878
191754.667,806.3495
191765.333,801.7052
191776.000,801.7052
191786.667,797.0878
191797.333,783.3943
191808.000,774.3962
191818.667,769.9360
191829.333,765.5015
191840.000,752.3507
191850.667,710.1245
191861.333,697.9249
191872.000,681.9843
191882.667,678.0564
191893.333,678.0564
191904.000,681.9843
191914.667,693.9052
191925.333,685.9350
191936.000,666.4078
191946.667,658.7534
191957.333,640.0000
191968.000,636.3139
191978.667,643.7075
191989.333,640.0000
192000.000,636.3139
192010.667,632.6490
192021.333,629.0052
192032.000,629.0052
192042.667,629.0052
192053.333,629.0052
192064.000,629.0052
192074.667,629.0052
192085.333,629.0052
192096.000,629.0052
192106.667,636.3139
192117.333,640.0000
192128.000,636.3139
192138.667,629.0052
192149.333,629.0052
192160.000,632.6490
192170.667,636.3139
192181.333,643.7075
192192.000,640.0000
192202.667,640.0000
192213.333,636.3139
192224.000,640.0000
192234.667,647.4364
192245.333,647.4364
192256.000,636.3139
192266.667,625.3824
192277.333,618.1993
192288.000,625.3824
192298.667,625.3824
192309.333,629.0052
192320.000,625.3824
192330.667,621.7804
192341.333,621.7804
192352.000,625.3824
192362.667,632.6490
192373.333,625.3824
192384.000,629.0052
192394.667,629.0052
192405.333,625.3824
192416.000,621.7804
192426.667,621.7804
192437.333,618.1993
192448.000,618.1993
192458.667,614.6387
192469.333,614.6387
192480.000,614.6387
192490.667,618.1993
192501.333,618.1993
192512.000,618.1993
192522.667,621.7804
192533.333,621.7804
192544.000,625.3824
192554.667,629.0052
192565.333,625.3824
192576.000,621.7804
192586.667,621.7804
192597.333,618.1993
192608.000,621.7804
192618.667,621.7804
192629.333,621.7804
192640.000,621.7804
192650.667,625.3824
192661.333,625.3824
192672.000,625.3824
192682.667,625.3824
192693.333,629.0052
192704.000,625.3824
192714.667,629.0052
192725.333,629.0052
192736.000,629.0052
192746.667,629.0052
192757.333,625.3824
192768.000,625.3824
192778.667,625.3824
192789.333,625.3824
192800.000,625.3824
192810.667,621.7804
192821.333,625.3824
192832.000,625.3824
192842.667,629.0052
192853.333,629.0052
192864.000,625.3824
192874.667,625.3824
192885.333,625.3824
192896.000,625.3824
192906.667,625.3824
192917.333,625.3824
192928.000,625.3824
192938.667,625.3824
192949.333,625.3824
192960.000,625.3824
192970.667,625.3824
192981.333,625.3824
192992.000,629.0052
193002.667,629.0052
193013.333,632.6490
193024.000,632.6490
193034.667,632.6490
193045.333,632.6490
193056.000,636.3139
193066.667,632.6490
193077.333,632.6490
193088.000,632.6490
193098.667,632.6490
193109.333,629.0052
193120.000,629.0052
193130.667,629.0052
193141.333,629.0052
193152.000,632.6490
193162.667,629.0052
193173.333,629.0052
193184.000,625.3824
193194.667,629.0052
193205.333,632.6490
193216.000,629.0052
193226.667,629.0052
193237.333,629.0052
193248.000,629.0052
193258.667,629.0052
193269.333,625.3824
193280.000,625.3824
193290.667,625.3824
193301.333,625.3824
193312.000,625.3824
193322.667,629.0052
193333.333,629.0052
193344.000,632.6490
193354.667,629.0052
193365.333,629.0052
193376.000,629.0052
193386.667,629.0052
193397.333,625.3824
193408.000,625.3824
193418.667,625.3824
193429.333,625.3824
193440.000,625.3824
193450.667,625.3824
193461.333,621.7804
193472.000,621.7804
193482.667,618.1993
193493.333,618.1993
193504.000,618.1993
193514.667,625.3824
193525.333,625.3824
193536.000,621.7804
193546.667,618.1993
193557.333,611.0986
193568.000,604.0796
193578.667,597.1411
193589.333,597.1411
193600.000,593.7018
193610.667,583.5024
193621.333,583.5024
193632.000,583.5024
193642.667,583.5024
193653.333,580.1417
193664.000,570.1752
193674.667,580.1417
193685.333,590.2824
193696.000,590.2824
193706.667,586.8826
193717.333,580.1417
193728.000,566.8912
193738.667,573.4782
193749.333,590.2824
193760.000,607.5790
193770.667,611.0986
193781.333,614.6387
193792.000,618.1993
193802.667,618.1993
193813.333,625.3824
193824.000,629.0052
193834.667,625.3824
193845.333,621.7804
193856.000,621.7804
193866.667,618.1993
193877.333,614.6387
193888.000,614.6387
193898.667,611.0986
193909.333,611.0986
193920.000,614.6387
193930.667,618.1993
193941.333,618.1993
193952.000,618.1993
193962.667,621.7804
193973.333,614.6387
193984.000,614.6387
193994.667,618.1993
194005.333,618.1993
194016.000,621.7804
194026.667,614.6387
194037.333,604.0796
194048.000,590.2824
194058.667,597.1411
194069.333,593.7018
194080.000,586.8826
194090.667,576.8003
194101.333,563.6262
194112.000,547.5808
194122.667,531.9923
194133.333,525.8818
194144.000,522.8529
194154.667,522.8529
194165.333,522.8529
194176.000,525.8818
194186.667,528.9282
194197.333,528.9282
194208.000,535.0741
194218.667,541.2913
194229.333,553.9434
194240.000,570.1752
194250.667,580.1417
194261.333,580.1417
194272.000,583.5024
194282.667,590.2824
194293.333,604.0796
194304.000,611.0986
194314.667,611.0986
194325.333,607.5790
194336.000,607.5790
194346.667,604.0796
194357.333,600.6003
194368.000,604.0796
194378.667,607.5790
194389.333,607.5790
194400.000,607.5790
194410.667,607.5790
194421.333,611.0986
194432.000,632.6490
194442.667,647.4364
194453.333,654.9593
194464.000,666.4078
194474.667,0.0000
194485.333,0.0000
194496.000,0.0000
194506.667,0.0000
194517.333,398.5439
194528.000,403.1747
194538.667,403.1747
194549.333,405.5103
194560.000,405.5103
194570.667,407.8594
194581.333,407.8594
194592.000,410.2221
194602.667,410.2221
194613.333,412.5985
194624.000,412.5985
194634.667,410.2221
194645.333,410.2221
194656.000,410.2221
194666.667,410.2221
194677.333,410.2221
194688.000,410.2221
194698.667,410.2221
194709.333,412.5985
194720.000,412.5985
194730.667,414.9887
194741.333,414.9887
194752.000,417.3927
194762.667,417.3927
194773.333,417.3927
194784.000,417.3927
194794.667,417.3927
194805.333,417.3927
194816.000,417.3927
194826.667,414.9887
194837.333,414.9887
194848.000,414.9887
194858.667,414.9887
194869.333,414.9887
194880.000,414.9887
194890.667,414.9887
194901.333,412.5985
194912.000,412.5985
194922.667,412.5985
194933.333,412.5985
194944.000,412.5985
194954.667,414.9887
194965.333,417.3927
194976.000,417.3927
194986.667,417.3927
194997.333,417.3927
195008.000,417.3927
195018.667,419.8106
195029.333,417.3927
195040.000,417.3927
195050.667,414.9887
195061.333,414.9887
195072.000,412.5985
195082.667,412.5985
195093.333,410.2221
195104.000,407.8594
195114.667,403.1747
195125.333,398.5439
195136.000,396.2484
195146.667,393.9662
195157.333,393.9662
195168.000,393.9662
195178.667,393.9662
195189.333,393.9662
195200.000,393.9662
195210.667,393.9662
195221.333,396.2484
195232.000,396.2484
195242.667,393.9662
195253.333,393.9662
195264.000,393.9662
195274.667,393.9662
195285.333,393.9662
195296.000,393.9662
195306.667,391.6971
195317.333,389.4411
195328.000,382.7508
195338.667,374.0087
195349.333,367.5835
195360.000,365.4663
195370.667,363.3614
195381.333,359.1879
195392.000,361.2686
195402.667,359.1879
195413.333,357.1191
195424.000,357.1191
195434.667,0.0000
195445.333,0.0000
195456.000,0.0000
195466.667,0.0000
195477.333,0.0000
195488.000,0.0000
195498.667,0.0000
195509.333,0.0000
195520.000,0.0000
195530.667,0.0000
195541.333,335.1341
195552.000,337.0755
195562.667,357.1191
195573.333,344.9543
195584.000,342.9675
195594.667,342.9675
195605.333,342.9675
195616.000,342.9675
195626.667,342.9675
195637.333,344.9543
195648.000,344.9543
195658.667,342.9675
195669.333,342.9675
195680.000,342.9675
195690.667,342.9675
195701.333,342.9675
195712.000,342.9675
195722.667,344.9543
195733.333,344.9543
195744.000,344.9543
195754.667,344.9543
195765.333,344.9543
195776.000,344.9543
195786.667,344.9543
195797.333,344.9543
195808.000,346.9526
195818.667,346.9526
195829.333,348.9625
195840.000,346.9526
195850.667,346.9526
195861.333,346.9526
195872.000,348.9625
195882.667,346.9526
195893.333,344.9543
195904.000,342.9675
195914.667,0.0000
195925.333,0.0000
195936.000,0.0000
195946.667,0.0000
195957.333,0.0000
195968.000,0.0000
195978.667,0.0000
195989.333,344.9543
196000.000,342.9675
196010.667,339.0282
196021.333,337.0755
196032.000,335.1341
196042.667,335.1341
196053.333,335.1341
196064.000,337.0755
196074.667,340.9922
196085.333,342.9675
196096.000,342.9675
196106.667,344.9543
196117.333,344.9543
196128.000,346.9526
196138.667,346.9526
196149.333,346.9526
196160.000,348.9625
196170.667,350.9840
196181.333,350.9840
196192.000,350.9840
196202.667,353.0172
196213.333,353.0172
196224.000,353.0172
196234.667,353.0172
196245.333,353.0172
196256.000,353.0172
196266.667,353.0172
196277.333,350.9840
196288.000,350.9840
196298.667,348.9625
196309.333,346.9526
196320.000,344.9543
196330.667,342.9675
196341.333,340.9922
196352.000,339.0282
196362.667,342.9675
196373.333,344.9543
196384.000,348.9625
196394.667,353.0172
196405.333,355.0622
196416.000,355.0622
196426.667,355.0622
196437.333,355.0622
196448.000,355.0622
196458.667,353.0172
196469.333,353.0172
196480.000,353.0172
196490.667,350.9840
196501.333,350.9840
196512.000,348.9625
196522.667,346.9526
196533.333,348.9625
196544.000,361.2686
196554.667,361.2686
196565.333,339.0282
196576.000,339.0282
196586.667,339.0282
196597.333,339.0282
196608.000,0.0000
196618.667,0.0000
196629.333,340.9922
196640.000,339.0282
196650.667,355.0622
196661.333,337.0755
196672.000,318.1569
196682.667,316.3245
196693.333,316.3245
196704.000,314.5026
196714.667,314.5026
196725.333,316.3245
196736.000,316.3245
196746.667,316.3245
196757.333,316.3245
196768.000,318.1569
196778.667,320.0000
196789.333,321.8537
196800.000,321.8537
196810.667,323.7182
196821.333,325.5935
196832.000,331.2848
196842.667,335.1341
196853.333,340.9922
196864.000,346.9526
196874.667,348.9625
196885.333,350.9840
196896.000,350.9840
196906.667,350.9840
196917.333,348.9625
196928.000,348.9625
196938.667,348.9625
196949.333,346.9526
196960.000,346.9526
196970.667,346.9526
196981.333,344.9543
196992.000,344.9543
197002.667,342.9675
197013.333,335.1341
197024.000,337.0755
197034.667,337.0755
197045.333,0.0000
197056.000,0.0000
197066.667,318.1569
197077.333,312.6912
197088.000,312.6912
197098.667,310.8902
197109.333,310.8902
197120.000,312.6912
197130.667,314.5026
197141.333,316.3245
197152.000,316.3245
197162.667,314.5026
197173.333,314.5026
197184.000,314.5026
197194.667,314.5026
197205.333,314.5026
197216.000,312.6912
197226.667,312.6912
197237.333,312.6912
197248.000,312.6912
197258.667,312.6912
197269.333,312.6912
197280.000,312.6912
197290.667,312.6912
197301.333,312.6912
197312.000,310.8902
197322.667,310.8902
197333.333,310.8902
197344.000,309.0996
197354.667,310.8902
197365.333,310.8902
197376.000,310.8902
197386.667,312.6912
197397.333,314.5026
197408.000,314.5026
197418.667,314.5026
197429.333,312.6912
197440.000,310.8902
197450.667,309.0996
197461.333,309.0996
197472.000,309.0996
197482.667,310.8902
197493.333,310.8902
197504.000,314.5026
197514.667,316.3245
197525.333,316.3245
197536.000,314.5026
197546.667,310.8902
197557.333,307.3193
197568.000,303.7895
197578.667,302.0398
197589.333,300.3002
197600.000,298.5706
197610.667,0.0000
197621.333,0.0000
197632.000,0.0000
197642.667,0.0000
197653.333,0.0000
197664.000,0.0000
197674.667,0.0000
197685.333,0.0000
197696.000,0.0000
197706.667,0.0000
197717.333,0.0000
197728.000,0.0000
197738.667,0.0000
197749.333,0.0000
197760.000,205.1111
197770.667,205.1111
197781.333,205.1111
197792.000,205.1111
197802.667,205.1111
197813.333,228.9033
197824.000,228.9033
197834.667,228.9033
197845.333,236.9756
197856.000,246.7537
197866.667,246.7537
197877.333,246.7537
197888.000,243.9195
197898.667,228.9033
197909.333,235.6107
197920.000,238.3484
197930.667,241.1179
197941.333,251.0669
197952.000,262.9409
197962.667,265.9961
197973.333,267.5370
197984.000,267.5370
197994.667,269.0869
198005.333,267.5370
198016.000,267.5370
198026.667,265.9961
198037.333,264.4641
198048.000,264.4641
198058.667,265.9961
198069.333,265.9961
198080.000,265.9961
198090.667,264.4641
198101.333,264.4641
198112.000,264.4641
198122.667,264.4641
198133.333,264.4641
198144.000,265.9961
198154.667,265.9961
198165.333,264.4641
198176.000,262.9409
198186.667,262.9409
198197.333,261.4265
198208.000,261.4265
198218.667,261.4265
198229.333,261.4265
198240.000,261.4265
198250.667,262.9409
198261.333,262.9409
198272.000,264.4641
198282.667,264.4641
198293.333,264.4641
198304.000,264.4641
198314.667,262.9409
198325.333,262.9409
198336.000,264.4641
198346.667,267.5370
198357.333,270.6457
198368.000,272.2135
198378.667,272.2135
198389.333,273.7904
198400.000,275.3765
198410.667,275.3765
198421.333,275.3765
198432.000,275.3765
198442.667,275.3765
198453.333,275.3765
198464.000,276.9717
198474.667,275.3765
198485.333,275.3765
198496.000,275.3765
198506.667,275.3765
198517.333,275.3765
198528.000,275.3765
198538.667,275.3765
198549.333,275.3765
198560.000,276.9717
198570.667,276.9717
198581.333,278.5762
198592.000,278.5762
198602.667,276.9717
198613.333,270.6457
198624.000,264.4641
198634.667,255.4555
198645.333,253.9842
198656.000,0.0000
198666.667,0.0000
198677.333,0.0000
198688.000,0.0000
198698.667,0.0000
198709.333,0.0000
198720.000,0.0000
198730.667,0.0000
198741.333,0.0000
198752.000,0.0000
198762.667,0.0000
198773.333,0.0000
198784.000,0.0000
198794.667,0.0000
198805.333,0.0000
198816.000,0.0000
198826.667,0.0000
198837.333,0.0000
198848.000,0.0000
198858.667,0.0000
198869.333,0.0000
198880.000,0.0000
198890.667,0.0000
198901.333,0.0000
198912.000,0.0000
198922.667,0.0000
198933.333,0.0000
198944.000,0.0000
198954.667,0.0000
198965.333,0.0000
198976.000,0.0000
198986.667,0.0000
198997.333,0.0000
199008.000,0.0000
199018.667,252.5213
199029.333,255.4555
199040.000,259.9208
199050.667,275.3765
199061.333,285.0876
199072.000,293.4413
199082.667,295.1412
199093.333,296.8509
199104.000,296.8509
199114.667,298.5706
199125.333,300.3002
199136.000,300.3002
199146.667,302.0398
199157.333,302.0398
199168.000,303.7895
199178.667,303.7895
199189.333,305.5493
199200.000,307.3193
199210.667,307.3193
199221.333,309.0996
199232.000,309.0996
199242.667,310.8902
199253.333,310.8902
199264.000,310.8902
199274.667,310.8902
199285.333,310.8902
199296.000,310.8902
199306.667,310.8902
199317.333,309.0996
199328.000,309.0996
199338.667,307.3193
199349.333,307.3193
199360.000,307.3193
199370.667,309.0996
199381.333,310.8902
199392.000,310.8902
199402.667,310.8902
199413.333,310.8902
199424.000,309.0996
199434.667,307.3193
199445.333,314.5026
199456.000,314.5026
199466.667,318.1569
199477.333,316.3245
199488.000,316.3245
199498.667,316.3245
199509.333,314.5026
199520.000,314.5026
199530.667,314.5026
199541.333,314.5026
199552.000,316.3245
199562.667,316.3245
199573.333,318.1569
199584.000,318.1569
199594.667,318.1569
199605.333,318.1569
199616.000,316.3245
199626.667,316.3245
199637.333,314.5026
199648.000,314.5026
199658.667,312.6912
199669.333,312.6912
199680.000,310.8902
199690.667,309.0996
199701.333,305.5493
199712.000,303.7895
199722.667,302.0398
199733.333,302.0398
199744.000,303.7895
199754.667,305.5493
199765.333,310.8902
199776.000,310.8902
199786.667,310.8902
199797.333,312.6912
199808.000,310.8902
199818.667,310.8902
199829.333,309.0996
199840.000,307.3193
199850.667,307.3193
199861.333,305.5493
199872.000,305.5493
199882.667,309.0996
199893.333,309.0996
199904.000,309.0996
199914.667,310.8902
199925.333,309.0996
199936.000,307.3193
199946.667,307.3193
199957.333,307.3193
199968.000,309.0996
199978.667,310.8902
199989.333,312.6912
200000.000,314.5026
200010.667,314.5026
200021.333,310.8902
200032.000,309.0996
200042.667,305.5493
200053.333,300.3002
200064.000,0.0000
200074.667,0.0000
200085.333,0.0000
200096.000,0.0000
200106.667,0.0000
200117.333,261.4265
200128.000,258.4237
200138.667,256.9353
200149.333,256.9353
200160.000,256.9353
200170.667,256.9353
200181.333,256.9353
200192.000,259.9208
200202.667,261.4265
200213.333,261.4265
200224.000,0.0000
200234.667,0.0000
200245.333,0.0000
200256.000,270.6457
200266.667,269.0869
200277.333,270.6457
200288.000,270.6457
200298.667,273.7904
200309.333,298.5706
200320.000,305.5493
200330.667,307.3193
200341.333,310.8902
200352.000,310.8902
200362.667,310.8902
200373.333,310.8902
200384.000,310.8902
200394.667,310.8902
200405.333,310.8902
200416.000,310.8902
200426.667,309.0996
200437.333,307.3193
200448.000,307.3193
200458.667,307.3193
200469.333,310.8902
200480.000,310.8902
200490.667,309.0996
200501.333,307.3193
200512.000,309.0996
200522.667,305.5493
200533.333,296.8509
200544.000,0.0000
200554.667,0.0000
200565.333,242.5147
200576.000,248.1832
200586.667,256.9353
200597.333,258.4237
200608.000,262.9409
200618.667,264.4641
200629.333,267.5370
200640.000,267.5370
200650.667,265.9961
200661.333,264.4641
200672.000,262.9409
200682.667,262.9409
200693.333,262.9409
200704.000,262.9409
200714.667,262.9409
200725.333,262.9409
200736.000,262.9409
200746.667,262.9409
200757.333,264.4641
200768.000,264.4641
200778.667,264.4641
200789.333,262.9409
200800.000,262.9409
200810.667,261.4265
200821.333,259.9208
200832.000,261.4265
200842.667,261.4265
200853.333,261.4265
200864.000,262.9409
200874.667,264.4641
200885.333,267.5370
200896.000,269.0869
200906.667,269.0869
200917.333,267.5370
200928.000,267.5370
200938.667,267.5370
200949.333,265.9961
200960.000,265.9961
200970.667,262.9409
200981.333,258.4237
200992.000,258.4237
201002.667,259.9208
201013.333,262.9409
201024.000,267.5370
201034.667,269.0869
201045.333,269.0869
201056.000,269.0869
201066.667,269.0869
201077.333,267.5370
201088.000,265.9961
201098.667,262.9409
201109.333,255.4555
201120.000,262.9409
201130.667,262.9409
201141.333,0.0000
201152.000,0.0000
201162.667,0.0000
201173.333,0.0000
201184.000,0.0000
201194.667,0.0000
201205.333,0.0000
201216.000,0.0000
201226.667,0.0000
201237.333,0.0000
201248.000,0.0000
201258.667,0.0000
201269.333,0.0000
201280.000,0.0000
201290.667,0.0000
201301.333,0.0000
201312.000,0.0000
201322.667,0.0000
201333.333,0.0000
201344.000,0.0000
201354.667,0.0000
201365.333,0.0000
201376.000,0.0000
201386.667,0.0000
201397.333,0.0000
201408.000,0.0000
201418.667,0.0000
201429.333,0.0000
201440.000,0.0000
201450.667,0.0000
201461.333,0.0000
201472.000,201.5874
201482.667,202.7552
201493.333,202.7552
201504.000,201.5874
201514.667,199.2719
201525.333,196.9831
201536.000,195.8486
201546.667,194.7206
201557.333,195.8486
201568.000,196.9831
201578.667,198.1242
201589.333,199.2719
201600.000,199.2719
201610.667,198.1242
201621.333,198.1242
201632.000,196.9831
201642.667,196.9831
201653.333,195.8486
201664.000,193.5991
201674.667,193.5991
201685.333,192.4840
201696.000,193.5991
201706.667,193.5991
201717.333,193.5991
201728.000,193.5991
201738.667,194.7206
201749.333,194.7206
201760.000,194.7206
201770.667,194.7206
201781.333,194.7206
201792.000,194.7206
201802.667,194.7206
201813.333,195.8486
201824.000,198.1242
201834.667,202.7552
201845.333,206.2992
201856.000,208.6963
201866.667,208.6963
201877.333,207.4943
201888.000,206.2992
201898.667,206.2992
201909.333,207.4943
201920.000,207.4943
201930.667,208.6963
201941.333,208.6963
201952.000,208.6963
201962.667,208.6963
201973.333,208.6963
201984.000,208.6963
201994.667,208.6963
202005.333,207.4943
202016.000,207.4943
202026.667,207.4943
202037.333,207.4943
202048.000,206.2992
202058.667,206.2992
202069.333,0.0000
202080.000,0.0000
202090.667,0.0000
202101.333,0.0000
202112.000,0.0000
202122.667,396.2484
202133.333,393.9662
202144.000,393.9662
202154.667,393.9662
202165.333,393.9662
202176.000,393.9662
202186.667,393.9662
202197.333,396.2484
202208.000,396.2484
202218.667,393.9662
202229.333,393.9662
202240.000,396.2484
202250.667,396.2484
202261.333,391.6971
202272.000,389.4411
202282.667,382.7508
202293.333,376.1753
202304.000,363.3614
202314.667,357.1191
202325.333,355.0622
202336.000,355.0622
202346.667,0.0000
202357.333,0.0000
202368.000,0.0000
202378.667,0.0000
202389.333,355.0622
202400.000,355.0622
202410.667,357.1191
202421.333,357.1191
202432.000,361.2686
202442.667,363.3614
202453.333,363.3614
202464.000,355.0622
202474.667,348.9625
202485.333,346.9526
202496.000,344.9543
202506.667,346.9526
202517.333,346.9526
202528.000,348.9625
202538.667,350.9840
202549.333,350.9840
202560.000,348.9625
202570.667,348.9625
202581.333,346.9526
202592.000,346.9526
202602.667,344.9543
202613.333,344.9543
202624.000,344.9543
202634.667,344.9543
202645.333,344.9543
202656.000,346.9526
202666.667,346.9526
202677.333,346.9526
202688.000,346.9526
202698.667,346.9526
202709.333,346.9526
202720.000,346.9526
202730.667,346.9526
202741.333,346.9526
202752.000,346.9526
202762.667,348.9625
202773.333,348.9625
202784.000,348.9625
202794.667,348.9625
202805.333,346.9526
202816.000,344.9543
202826.667,344.9543
202837.333,342.9675
202848.000,342.9675
202858.667,340.9922
202869.333,342.9675
202880.000,344.9543
202890.667,348.9625
202901.333,348.9625
202912.000,350.9840
202922.667,350.9840
202933.333,350.9840
202944.000,348.9625
202954.667,346.9526
202965.333,344.9543
202976.000,340.9922
202986.667,340.9922
202997.333,340.9922
203008.000,340.9922
203018.667,340.9922
203029.333,340.9922
203040.000,340.9922
203050.667,340.9922
203061.333,340.9922
203072.000,342.9675
203082.667,342.9675
203093.333,346.9526
203104.000,348.9625
203114.667,350.9840
203125.333,353.0172
203136.000,353.0172
203146.667,353.0172
203157.333,350.9840
203168.000,350.9840
203178.667,348.9625
203189.333,346.9526
203200.000,346.9526
203210.667,346.9526
203221.333,344.9543
203232.000,344.9543
203242.667,342.9675
203253.333,342.9675
203264.000,342.9675
203274.667,342.9675
203285.333,342.9675
203296.000,348.9625
203306.667,350.9840
203317.333,350.9840
203328.000,348.9625
203338.667,348.9625
203349.333,355.0622
203360.000,355.0622
203370.667,353.0172
203381.333,353.0172
203392.000,350.9840
203402.667,350.9840
203413.333,350.9840
203424.000,350.9840
203434.667,350.9840
203445.333,350.9840
203456.000,350.9840
203466.667,350.9840
203477.333,350.9840
203488.000,348.9625
203498.667,346.9526
203509.333,342.9675
203520.000,340.9922
203530.667,337.0755
203541.333,333.2039
203552.000,327.4796
203562.667,329.3767
203573.333,327.4796
203584.000,325.5935
203594.667,323.7182
203605.333,320.0000
203616.000,318.1569
203626.667,314.5026
203637.333,312.6912
203648.000,310.8902
203658.667,309.0996
203669.333,309.0996
203680.000,309.0996
203690.667,307.3193
203701.333,309.0996
203712.000,310.8902
203722.667,314.5026
203733.333,327.4796
203744.000,335.1341
203754.667,335.1341
203765.333,337.0755
203776.000,337.0755
203786.667,342.9675
203797.333,346.9526
203808.000,348.9625
203818.667,348.9625
203829.333,348.9625
203840.000,346.9526
203850.667,344.9543
203861.333,340.9922
203872.000,339.0282
203882.667,339.0282
203893.333,337.0755
203904.000,333.2039
203914.667,344.9543
203925.333,348.9625
203936.000,353.0172
203946.667,355.0622
203957.333,0.0000
203968.000,0.0000
203978.667,0.0000
203989.333,0.0000
204000.000,0.0000
204010.667,0.0000
204021.333,0.0000
204032.000,0.0000
204042.667,0.0000
204053.333,0.0000
204064.000,0.0000
204074.667,0.0000
204085.333,0.0000
204096.000,0.0000
204106.667,0.0000
204117.333,0.0000
204128.000,0.0000
204138.667,629.0052
204149.333,629.0052
204160.000,625.3824
204170.667,625.3824
204181.333,625.3824
204192.000,625.3824
204202.667,621.7804
204213.333,621.7804
204224.000,621.7804
204234.667,621.7804
204245.333,621.7804
204256.000,621.7804
204266.667,621.7804
204277.333,625.3824
204288.000,629.0052
204298.667,629.0052
204309.333,632.6490
204320.000,632.6490
204330.667,629.0052
204341.333,629.0052
204352.000,625.3824
204362.667,625.3824
204373.333,625.3824
204384.000,625.3824
204394.667,629.0052
204405.333,629.0052
204416.000,629.0052
204426.667,632.6490
204437.333,632.6490
204448.000,632.6490
204458.667,636.3139
204469.333,632.6490
204480.000,632.6490
204490.667,621.7804
204501.333,621.7804
204512.000,618.1993
204522.667,621.7804
204533.333,621.7804
204544.000,625.3824
204554.667,625.3824
204565.333,625.3824
204576.000,614.6387
204586.667,607.5790
204597.333,597.1411
204608.000,590.2824
204618.667,593.7018
204629.333,597.1411
204640.000,522.8529
204650.667,507.9683
204661.333,505.0427
204672.000,516.8475
204682.667,541.2913
204693.333,580.1417
204704.000,600.6003
204714.667,607.5790
204725.333,618.1993
204736.000,621.7804
204746.667,621.7804
204757.333,621.7804
204768.000,618.1993
204778.667,611.0986
204789.333,0.0000
204800.000,0.0000
204810.667,0.0000
204821.333,0.0000
204832.000,0.0000
204842.667,0.0000
204853.333,0.0000
204864.000,0.0000
204874.667,0.0000
204885.333,0.0000
204896.000,0.0000
204906.667,0.0000
204917.333,0.0000
204928.000,0.0000
204938.667,0.0000
204949.333,0.0000
204960.000,0.0000
204970.667,267.5370
204981.333,265.9961
204992.000,262.9409
205002.667,259.9208
205013.333,258.4237
205024.000,258.4237
205034.667,256.9353
205045.333,256.9353
205056.000,256.9353
205066.667,256.9353
205077.333,256.9353
205088.000,256.9353
205098.667,258.4237
205109.333,258.4237
205120.000,256.9353
205130.667,256.9353
205141.333,255.4555
205152.000,256.9353
205162.667,258.4237
205173.333,259.9208
205184.000,259.9208
205194.667,259.9208
205205.333,261.4265
205216.000,261.4265
205226.667,261.4265
205237.333,261.4265
205248.000,261.4265
205258.667,261.4265
205269.333,261.4265
205280.000,261.4265
205290.667,262.9409
205301.333,264.4641
205312.000,265.9961
205322.667,270.6457
205333.333,281.8131
205344.000,281.8131
205354.667,283.4456
205365.333,281.8131
205376.000,280.1900
205386.667,273.7904
205397.333,270.6457
205408.000,270.6457
205418.667,272.2135
205429.333,275.3765
205440.000,280.1900
205450.667,283.4456
205461.333,283.4456
205472.000,283.4456
205482.667,281.8131
205493.333,278.5762
205504.000,275.3765
205514.667,270.6457
205525.333,270.6457
205536.000,0.0000
205546.667,0.0000
205557.333,0.0000
205568.000,0.0000
205578.667,0.0000
205589.333,389.4411
205600.000,389.4411
205610.667,387.1981
205621.333,389.4411
205632.000,389.4411
205642.667,389.4411
205653.333,389.4411
205664.000,387.1981
205674.667,387.1981
205685.333,387.1981
205696.000,389.4411
205706.667,387.1981
205717.333,384.9680
205728.000,382.7508
205738.667,0.0000
205749.333,0.0000
205760.000,0.0000
205770.667,0.0000
205781.333,0.0000
205792.000,0.0000
205802.667,0.0000
205813.333,0.0000
205824.000,0.0000
205834.667,0.0000
205845.333,0.0000
205856.000,0.0000
205866.667,0.0000
205877.333,0.0000
205888.000,0.0000
205898.667,0.0000
205909.333,0.0000
205920.000,0.0000
205930.667,0.0000
205941.333,0.0000
205952.000,249.6209
205962.667,264.4641
205973.333,283.4456
205984.000,291.7512
205994.667,309.0996
206005.333,309.0996
206016.000,309.0996
206026.667,309.0996
206037.333,307.3193
206048.000,305.5493
206058.667,0.0000
206069.333,0.0000
206080.000,0.0000
206090.667,0.0000
206101.333,0.0000
206112.000,0.0000
206122.667,0.0000
206133.333,0.0000
206144.000,0.0000
206154.667,0.0000
206165.333,0.0000
206176.000,0.0000
206186.667,0.0000
206197.333,296.8509
206208.000,264.4641
206218.667,264.4641
206229.333,264.4641
206240.000,262.9409
206250.667,261.4265
206261.333,259.9208
206272.000,256.9353
206282.667,255.4555
206293.333,255.4555
206304.000,255.4555
206314.667,256.9353
206325.333,256.9353
206336.000,258.4237
206346.667,262.9409
206357.333,267.5370
206368.000,270.6457
206378.667,272.2135
206389.333,273.7904
206400.000,276.9717
206410.667,281.8131
206421.333,291.7512
206432.000,295.1412
206442.667,298.5706
206453.333,300.3002
206464.000,302.0398
206474.667,303.7895
206485.333,305.5493
206496.000,305.5493
206506.667,307.3193
206517.333,307.3193
206528.000,307.3193
206538.667,307.3193
206549.333,307.3193
206560.000,307.3193
206570.667,309.0996
206581.333,309.0996
206592.000,309.0996
206602.667,309.0996
206613.333,309.0996
206624.000,310.8902
206634.667,310.8902
206645.333,310.8902
206656.000,310.8902
206666.667,310.8902
206677.333,309.0996
206688.000,309.0996
206698.667,309.0996
206709.333,309.0996
206720.000,309.0996
206730.667,310.8902
206741.333,309.0996
206752.000,307.3193
206762.667,309.0996
206773.333,309.0996
206784.000,309.0996
206794.667,310.8902
206805.333,310.8902
206816.000,310.8902
206826.667,310.8902
206837.333,312.6912
206848.000,312.6912
206858.667,314.5026
206869.333,314.5026
206880.000,314.5026
206890.667,312.6912
206901.333,310.8902
206912.000,309.0996
206922.667,307.3193
206933.333,303.7895
206944.000,302.0398
206954.667,302.0398
206965.333,316.3245
206976.000,320.0000
206986.667,312.6912
206997.333,314.5026
207008.000,0.0000
207018.667,0.0000
207029.333,0.0000
207040.000,0.0000
207050.667,0.0000
207061.333,0.0000
207072.000,0.0000
207082.667,0.0000
207093.333,267.5370
207104.000,264.4641
207114.667,264.4641
207125.333,262.9409
207136.000,261.4265
207146.667,255.4555
207157.333,252.5213
207168.000,249.6209
207178.667,249.6209
207189.333,249.6209
207200.000,252.5213
207210.667,253.9842
207221.333,255.4555
207232.000,258.4237
207242.667,261.4265
207253.333,264.4641
207264.000,275.3765
207274.667,283.4456
207285.333,286.7391
207296.000,303.7895
207306.667,310.8902
207317.333,314.5026
207328.000,314.5026
207338.667,314.5026
207349.333,312.6912
207360.000,309.0996
207370.667,307.3193
207381.333,303.7895
207392.000,303.7895
207402.667,303.7895
207413.333,305.5493
207424.000,312.6912
207434.667,0.0000
207445.333,0.0000
207456.000,0.0000
207466.667,0.0000
207477.333,0.0000
207488.000,278.5762
207498.667,276.9717
207509.333,262.9409
207520.000,261.4265
207530.667,261.4265
207541.333,259.9208
207552.000,259.9208
207562.667,259.9208
207573.333,259.9208
207584.000,261.4265
207594.667,261.4265
207605.333,261.4265
207616.000,262.9409
207626.667,262.9409
207637.333,262.9409
207648.000,262.9409
207658.667,261.4265
207669.333,261.4265
207680.000,261.4265
207690.667,259.9208
207701.333,259.9208
207712.000,259.9208
207722.667,259.9208
207733.333,258.4237
207744.000,258.4237
207754.667,259.9208
207765.333,259.9208
207776.000,259.9208
207786.667,259.9208
207797.333,259.9208
207808.000,259.9208
207818.667,259.9208
207829.333,258.4237
207840.000,256.9353
207850.667,253.9842
207861.333,251.0669
207872.000,246.7537
207882.667,242.5147
207893.333,239.7291
207904.000,232.9045
207914.667,224.9709
207925.333,219.8326
207936.000,217.3076
207946.667,214.8116
207957.333,209.9053
207968.000,201.5874
207978.667,198.1242
207989.333,194.7206
208000.000,189.1772
208010.667,187.0044
208021.333,183.7917
208032.000,181.6807
208042.667,179.5939
208053.333,176.5086
208064.000,174.4812
208074.667,172.4771
208085.333,170.4961
208096.000,169.5141
208106.667,169.5141
208117.333,171.4838
208128.000,174.4812
208138.667,176.5086
208149.333,177.5311
208160.000,181.6807
208170.667,181.6807
208181.333,178.5595
208192.000,174.4812
208202.667,0.0000
208213.333,0.0000
208224.000,0.0000
208234.667,0.0000
208245.333,0.0000
208256.000,0.0000
208266.667,0.0000
208277.333,0.0000
208288.000,0.0000
208298.667,0.0000
208309.333,0.0000
208320.000,0.0000
208330.667,0.0000
208341.333,0.0000
208352.000,0.0000
208362.667,0.0000
208373.333,0.0000
208384.000,0.0000
208394.667,195.8486
208405.333,196.9831
208416.000,198.1242
208426.667,199.2719
208437.333,200.4263
208448.000,199.2719
208458.667,196.9831
208469.333,195.8486
208480.000,194.7206
208490.667,194.7206
208501.333,194.7206
208512.000,194.7206
208522.667,196.9831
208533.333,198.1242
208544.000,198.1242
208554.667,198.1242
208565.333,198.1242
208576.000,198.1242
208586.667,196.9831
208597.333,195.8486
208608.000,194.7206
208618.667,194.7206
208629.333,195.8486
208640.000,195.8486
208650.667,196.9831
208661.333,196.9831
208672.000,196.9831
208682.667,196.9831
208693.333,195.8486
208704.000,196.9831
208714.667,196.9831
208725.333,198.1242
208736.000,198.1242
208746.667,200.4263
208757.333,203.9297
208768.000,205.1111
208778.667,206.2992
208789.333,207.4943
208800.000,207.4943
208810.667,207.4943
208821.333,207.4943
208832.000,206.2992
208842.667,205.1111
208853.333,203.9297
208864.000,200.4263
208874.667,203.9297
208885.333,205.1111
208896.000,206.2992
208906.667,207.4943
208917.333,208.6963
208928.000,209.9053
208938.667,211.1213
208949.333,209.9053
208960.000,208.6963
208970.667,207.4943
208981.333,206.2992
208992.000,206.2992
209002.667,206.2992
209013.333,205.1111
209024.000,0.0000
209034.667,0.0000
209045.333,0.0000
209056.000,0.0000
209066.667,0.0000
209077.333,396.2484
209088.000,396.2484
209098.667,393.9662
209109.333,393.9662
209120.000,393.9662
209130.667,393.9662
209141.333,393.9662
209152.000,393.9662
209162.667,393.9662
209173.333,393.9662
209184.000,393.9662
209194.667,393.9662
209205.333,396.2484
209216.000,393.9662
209226.667,391.6971
209237.333,0.0000
209248.000,0.0000
209258.667,0.0000
209269.333,0.0000
209280.000,718.3757
209290.667,718.3757
209301.333,718.3757
209312.000,722.5372
209322.667,726.7228
209333.333,730.9327
209344.000,726.7228
209354.667,722.5372
209365.333,722.5372
209376.000,718.3757
209386.667,710.1245
209397.333,697.9249
209408.000,693.9052
209418.667,693.9052
209429.333,0.0000
209440.000,0.0000
209450.667,0.0000
209461.333,0.0000
209472.000,0.0000
209482.667,0.0000
209493.333,689.9086
209504.000,674.1511
209514.667,674.1511
209525.333,670.2682
209536.000,678.0564
209546.667,685.9350
209557.333,689.9086
209568.000,693.9052
209578.667,701.9680
209589.333,701.9680
209600.000,710.1245
209610.667,706.0344
209621.333,685.9350
209632.000,681.9843
209642.667,678.0564
209653.333,670.2682
209664.000,666.4078
209674.667,658.7534
209685.333,658.7534
209696.000,670.2682
209706.667,701.9680
209717.333,718.3757
209728.000,718.3757
209738.667,0.0000
209749.333,0.0000
209760.000,0.0000
209770.667,0.0000
209781.333,0.0000
209792.000,0.0000
209802.667,0.0000
209813.333,0.0000
209824.000,0.0000
209834.667,0.0000
209845.333,0.0000
209856.000,0.0000
209866.667,0.0000
209877.333,344.9543
209888.000,344.9543
209898.667,344.9543
209909.333,342.9675
209920.000,342.9675
209930.667,342.9675
209941.333,342.9675
209952.000,342.9675
209962.667,342.9675
209973.333,342.9675
209984.000,344.9543
209994.667,346.9526
210005.333,348.9625
210016.000,350.9840
210026.667,350.9840
210037.333,348.9625
210048.000,348.9625
210058.667,348.9625
210069.333,348.9625
210080.000,348.9625
210090.667,348.9625
210101.333,350.9840
210112.000,350.9840
210122.667,353.0172
210133.333,353.0172
210144.000,353.0172
210154.667,350.9840
210165.333,348.9625
210176.000,346.9526
210186.667,344.9543
210197.333,342.9675
210208.000,342.9675
210218.667,342.9675
210229.333,342.9675
210240.000,342.9675
210250.667,342.9675
210261.333,344.9543
210272.000,346.9526
210282.667,350.9840
210293.333,353.0172
210304.000,353.0172
210314.667,350.9840
210325.333,350.9840
210336.000,350.9840
210346.667,350.9840
210357.333,353.0172
210368.000,353.0172
210378.667,350.9840
210389.333,348.9625
210400.000,346.9526
210410.667,344.9543
210421.333,342.9675
210432.000,340.9922
210442.667,339.0282
210453.333,337.0755
210464.000,337.0755
210474.667,337.0755
210485.333,339.0282
210496.000,350.9840
210506.667,348.9625
210517.333,348.9625
210528.000,348.9625
210538.667,348.9625
210549.333,346.9526
210560.000,340.9922
210570.667,325.5935
210581.333,310.8902
210592.000,307.3193
210602.667,307.3193
210613.333,309.0996
210624.000,310.8902
210634.667,314.5026
210645.333,316.3245
210656.000,316.3245
210666.667,318.1569
210677.333,320.0000
210688.000,320.0000
210698.667,321.8537
210709.333,323.7182
210720.000,325.5935
210730.667,335.1341
210741.333,339.0282
210752.000,340.9922
210762.667,342.9675
210773.333,342.9675
210784.000,344.9543
210794.667,344.9543
210805.333,344.9543
210816.000,344.9543
210826.667,344.9543
210837.333,346.9526
210848.000,346.9526
210858.667,346.9526
210869.333,346.9526
210880.000,346.9526
210890.667,346.9526
210901.333,346.9526
210912.000,346.9526
210922.667,348.9625
210933.333,346.9526
210944.000,344.9543
210954.667,344.9543
210965.333,342.9675
210976.000,340.9922
210986.667,0.0000
210997.333,0.0000
211008.000,0.0000
211018.667,0.0000
211029.333,0.0000
211040.000,0.0000
211050.667,0.0000
211061.333,0.0000
211072.000,0.0000
211082.667,355.0622
211093.333,361.2686
211104.000,378.3545
211114.667,389.4411
211125.333,391.6971
211136.000,391.6971
211146.667,391.6971
211157.333,391.6971
211168.000,391.6971
211178.667,391.6971
211189.333,391.6971
211200.000,393.9662
211210.667,393.9662
211221.333,393.9662
211232.000,393.9662
211242.667,393.9662
211253.333,393.9662
211264.000,393.9662
211274.667,393.9662
211285.333,396.2484
211296.000,396.2484
211306.667,396.2484
211317.333,396.2484
211328.000,396.2484
211338.667,396.2484
211349.333,393.9662
211360.000,391.6971
211370.667,389.4411
211381.333,389.4411
211392.000,396.2484
211402.667,398.5439
211413.333,403.1747
211424.000,405.5103
211434.667,405.5103
211445.333,405.5103
211456.000,405.5103
211466.667,400.8526
211477.333,400.8526
211488.000,400.8526
211498.667,400.8526
211509.333,0.0000
211520.000,0.0000
211530.667,0.0000
211541.333,0.0000
211552.000,0.0000
211562.667,0.0000
211573.333,0.0000
211584.000,0.0000
211594.667,0.0000
211605.333,0.0000
211616.000,0.0000
211626.667,0.0000
211637.333,0.0000
211648.000,0.0000
211658.667,0.0000
211669.333,0.0000
211680.000,0.0000
211690.667,0.0000
211701.333,0.0000
211712.000,0.0000
211722.667,0.0000
211733.333,0.0000
211744.000,0.0000
211754.667,0.0000
211765.333,0.0000
211776.000,0.0000
211786.667,0.0000
211797.333,0.0000
211808.000,0.0000
211818.667,353.0172
211829.333,380.5463
211840.000,382.7508
211850.667,389.4411
211861.333,393.9662
211872.000,396.2484
211882.667,403.1747
211893.333,403.1747
211904.000,400.8526
211914.667,400.8526
211925.333,398.5439
211936.000,396.2484
211946.667,396.2484
211957.333,396.2484
211968.000,396.2484
211978.667,396.2484
211989.333,398.5439
212000.000,396.2484
212010.667,396.2484
212021.333,398.5439
212032.000,398.5439
212042.667,398.5439
212053.333,398.5439
212064.000,398.5439
212074.667,398.5439
212085.333,396.2484
212096.000,391.6971
212106.667,391.6971
212117.333,389.4411
212128.000,391.6971
212138.667,393.9662
212149.333,396.2484
212160.000,403.1747
212170.667,410.2221
212181.333,417.3927
212192.000,422.2425
212202.667,422.2425
212213.333,422.2425
212224.000,419.8106
212234.667,417.3927
212245.333,410.2221
212256.000,405.5103
212266.667,393.9662
212277.333,384.9680
212288.000,380.5463
212298.667,384.9680
212309.333,391.6971
212320.000,407.8594
212330.667,434.6152
212341.333,444.7738
212352.000,447.3504
212362.667,434.6152
212373.333,422.2425
212384.000,419.8106
212394.667,417.3927
212405.333,414.9887
212416.000,412.5985
212426.667,412.5985
212437.333,410.2221
212448.000,410.2221
212458.667,407.8594
212469.333,407.8594
212480.000,407.8594
212490.667,398.5439
212501.333,393.9662
212512.000,391.6971
212522.667,391.6971
212533.333,391.6971
212544.000,389.4411
212554.667,389.4411
212565.333,389.4411
212576.000,387.1981
212586.667,387.1981
212597.333,387.1981
212608.000,387.1981
212618.667,387.1981
212629.333,387.1981
212640.000,387.1981
212650.667,391.6971
212661.333,391.6971
212672.000,0.0000
212682.667,0.0000
212693.333,0.0000
212704.000,0.0000
212714.667,0.0000
212725.333,0.0000
212736.000,0.0000
212746.667,0.0000
212757.333,309.0996
212768.000,309.0996
212778.667,310.8902
212789.333,312.6912
212800.000,314.5026
212810.667,314.5026
212821.333,312.6912
212832.000,310.8902
212842.667,309.0996
212853.333,307.3193
212864.000,307.3193
212874.667,309.0996
212885.333,309.0996
212896.000,305.5493
212906.667,305.5493
212917.333,305.5493
212928.000,309.0996
212938.667,309.0996
212949.333,310.8902
212960.000,309.0996
212970.667,309.0996
212981.333,307.3193
212992.000,307.3193
213002.667,309.0996
213013.333,312.6912
213024.000,316.3245
213034.667,316.3245
213045.333,318.1569
213056.000,318.1569
213066.667,318.1569
213077.333,318.1569
213088.000,320.0000
213098.667,318.1569
213109.333,316.3245
213120.000,312.6912
213130.667,309.0996
213141.333,303.7895
213152.000,300.3002
213162.667,298.5706
213173.333,296.8509
213184.000,296.8509
213194.667,291.7512
213205.333,296.8509
213216.000,0.0000
213226.667,0.0000
213237.333,0.0000
213248.000,0.0000
213258.667,0.0000
213269.333,0.0000
213280.000,0.0000
213290.667,0.0000
213301.333,0.0000
213312.000,0.0000
213322.667,0.0000
213333.333,0.0000
213344.000,0.0000
213354.667,0.0000
213365.333,305.5493
213376.000,316.3245
213386.667,305.5493
213397.333,307.3193
213408.000,307.3193
213418.667,309.0996
213429.333,309.0996
213440.000,310.8902
213450.667,312.6912
213461.333,314.5026
213472.000,316.3245
213482.667,316.3245
213493.333,316.3245
213504.000,314.5026
213514.667,314.5026
213525.333,314.5026
213536.000,314.5026
213546.667,314.5026
213557.333,312.6912
213568.000,312.6912
213578.667,312.6912
213589.333,312.6912
213600.000,310.8902
213610.667,309.0996
213621.333,303.7895
213632.000,302.0398
213642.667,302.0398
213653.333,305.5493
213664.000,310.8902
213674.667,310.8902
213685.333,312.6912
213696.000,314.5026
213706.667,314.5026
213717.333,316.3245
213728.000,316.3245
213738.667,314.5026
213749.333,314.5026
213760.000,312.6912
213770.667,310.8902
213781.333,310.8902
213792.000,312.6912
213802.667,312.6912
213813.333,314.5026
213824.000,314.5026
213834.667,314.5026
213845.333,312.6912
213856.000,314.5026
213866.667,314.5026
213877.333,316.3245
213888.000,316.3245
213898.667,316.3245
213909.333,316.3245
213920.000,314.5026
213930.667,312.6912
213941.333,312.6912
213952.000,310.8902
213962.667,307.3193
213973.333,305.5493
213984.000,303.7895
213994.667,300.3002
214005.333,290.0708
214016.000,283.4456
214026.667,281.8131
214037.333,280.1900
214048.000,278.5762
214058.667,278.5762
214069.333,276.9717
214080.000,275.3765
214090.667,276.9717
214101.333,276.9717
214112.000,276.9717
214122.667,276.9717
214133.333,278.5762
214144.000,278.5762
214154.667,278.5762
214165.333,276.9717
214176.000,276.9717
214186.667,276.9717
214197.333,278.5762
214208.000,280.1900
214218.667,280.1900
214229.333,281.8131
214240.000,281.8131
214250.667,280.1900
214261.333,280.1900
214272.000,278.5762
214282.667,275.3765
214293.333,275.3765
214304.000,273.7904
214314.667,275.3765
214325.333,275.3765
214336.000,278.5762
214346.667,278.5762
214357.333,280.1900
214368.000,280.1900
214378.667,280.1900
214389.333,285.0876
214400.000,293.4413
214410.667,296.8509
214421.333,296.8509
214432.000,295.1412
214442.667,0.0000
214453.333,0.0000
214464.000,0.0000
214474.667,0.0000
214485.333,0.0000
214496.000,0.0000
214506.667,261.4265
214517.333,262.9409
214528.000,267.5370
214538.667,283.4456
214549.333,283.4456
214560.000,283.4456
214570.667,280.1900
214581.333,278.5762
214592.000,276.9717
214602.667,273.7904
214613.333,273.7904
214624.000,273.7904
214634.667,273.7904
214645.333,272.2135
214656.000,272.2135
214666.667,270.6457
214677.333,269.0869
214688.000,265.9961
214698.667,264.4641
214709.333,262.9409
214720.000,262.9409
214730.667,261.4265
214741.333,261.4265
214752.000,259.9208
214762.667,261.4265
214773.333,261.4265
214784.000,262.9409
214794.667,262.9409
214805.333,262.9409
214816.000,262.9409
214826.667,262.9409
214837.333,261.4265
214848.000,259.9208
214858.667,258.4237
214869.333,258.4237
214880.000,256.9353
214890.667,258.4237
214901.333,259.9208
214912.000,262.9409
214922.667,264.4641
214933.333,264.4641
214944.000,264.4641
214954.667,262.9409
214965.333,261.4265
214976.000,258.4237
214986.667,258.4237
214997.333,256.9353
215008.000,256.9353
215018.667,256.9353
215029.333,258.4237
215040.000,259.9208
215050.667,261.4265
215061.333,264.4641
215072.000,265.9961
215082.667,267.5370
215093.333,265.9961
215104.000,264.4641
215114.667,262.9409
215125.333,261.4265
215136.000,261.4265
215146.667,0.0000
215157.333,0.0000
215168.000,0.0000
215178.667,0.0000
215189.333,0.0000
215200.000,541.2913
215210.667,538.1737
215221.333,535.0741
215232.000,535.0741
215242.667,531.9923
215253.333,525.8818
215264.000,0.0000
215274.667,0.0000
215285.333,525.8818
215296.000,528.9282
215306.667,538.1737
215317.333,547.5808
215328.000,557.1524
215338.667,570.1752
215349.333,590.2824
215360.000,586.8826
215370.667,573.4782
215381.333,522.8529
215392.000,519.8415
215402.667,519.8415
215413.333,516.8475
215424.000,510.9110
215434.667,507.9683
215445.333,507.9683
215456.000,510.9110
215466.667,507.9683
215477.333,502.1338
215488.000,499.2417
215498.667,493.5075
215509.333,487.8390
215520.000,479.4583
215530.667,465.8090
215541.333,455.1699
215552.000,442.2121
215562.667,432.1120
215573.333,427.1488
215584.000,424.6886
215594.667,0.0000
215605.333,0.0000
215616.000,0.0000
215626.667,0.0000
215637.333,0.0000
215648.000,0.0000
215658.667,0.0000
215669.333,479.4583
215680.000,482.2357
215690.667,482.2357
215701.333,485.0293
215712.000,487.8390
215722.667,490.6651
215733.333,496.3663
215744.000,496.3663
215754.667,496.3663
215765.333,493.5075
215776.000,490.6651
215786.667,493.5075
215797.333,493.5075
215808.000,455.1699
215818.667,455.1699
215829.333,455.1699
215840.000,452.5483
215850.667,449.9419
215861.333,0.0000
215872.000,0.0000
215882.667,0.0000
215893.333,0.0000
215904.000,0.0000
215914.667,0.0000
215925.333,0.0000
215936.000,0.0000
215946.667,0.0000
215957.333,184.8564
215968.000,192.4840
215978.667,196.9831
215989.333,202.7552
216000.000,213.5744
216010.667,223.6752
216021.333,235.6107
216032.000,245.3325
216042.667,248.1832
216053.333,252.5213
216064.000,256.9353
216074.667,259.9208
216085.333,259.9208
216096.000,261.4265
216106.667,262.9409
216117.333,262.9409
216128.000,262.9409
216138.667,262.9409
216149.333,262.9409
216160.000,261.4265
216170.667,256.9353
216181.333,253.9842
216192.000,256.9353
216202.667,258.4237
216213.333,258.4237
216224.000,258.4237
216234.667,258.4237
216245.333,258.4237
216256.000,258.4237
216266.667,258.4237
216277.333,259.9208
216288.000,261.4265
216298.667,261.4265
216309.333,261.4265
216320.000,261.4265
216330.667,261.4265
216341.333,261.4265
216352.000,261.4265
216362.667,261.4265
216373.333,259.9208
216384.000,258.4237
216394.667,258.4237
216405.333,258.4237
216416.000,256.9353
216426.667,256.9353
216437.333,256.9353
216448.000,258.4237
216458.667,259.9208
216469.333,261.4265
216480.000,261.4265
216490.667,261.4265
216501.333,261.4265
216512.000,259.9208
216522.667,259.9208
216533.333,261.4265
216544.000,261.4265
216554.667,262.9409
216565.333,262.9409
216576.000,264.4641
216586.667,264.4641
216597.333,264.4641
216608.000,261.4265
216618.667,256.9353
216629.333,255.4555
216640.000,253.9842
216650.667,253.9842
216661.333,253.9842
216672.000,256.9353
216682.667,258.4237
216693.333,259.9208
216704.000,259.9208
216714.667,259.9208
216725.333,259.9208
216736.000,259.9208
216746.667,259.9208
216757.333,261.4265
216768.000,261.4265
216778.667,261.4265
216789.333,261.4265
216800.000,261.4265
216810.667,261.4265
216821.333,261.4265
216832.000,261.4265
216842.667,261.4265
216853.333,261.4265
216864.000,261.4265
216874.667,261.4265
216885.333,262.9409
216896.000,262.9409
216906.667,262.9409
216917.333,261.4265
216928.000,261.4265
216938.667,261.4265
216949.333,261.4265
216960.000,261.4265
216970.667,261.4265
216981.333,261.4265
216992.000,261.4265
217002.667,262.9409
217013.333,262.9409
217024.000,261.4265
217034.667,261.4265
217045.333,259.9208
217056.000,259.9208
217066.667,261.4265
217077.333,261.4265
217088.000,261.4265
217098.667,261.4265
217109.333,261.4265
217120.000,261.4265
217130.667,262.9409
217141.333,262.9409
217152.000,264.4641
217162.667,265.9961
217173.333,265.9961
217184.000,265.9961
217194.667,267.5370
217205.333,265.9961
217216.000,265.9961
217226.667,264.4641
217237.333,264.4641
217248.000,264.4641
217258.667,264.4641
217269.333,265.9961
217280.000,265.9961
217290.667,265.9961
217301.333,265.9961
217312.000,265.9961
217322.667,265.9961
217333.333,264.4641
217344.000,262.9409
217354.667,262.9409
217365.333,262.9409
217376.000,264.4641
217386.667,265.9961
217397.333,265.9961
217408.000,267.5370
217418.667,267.5370
217429.333,267.5370
217440.000,267.5370
217450.667,269.0869
217461.333,269.0869
217472.000,272.2135
217482.667,278.5762
217493.333,280.1900
217504.000,281.8131
217514.667,281.8131
217525.333,281.8131
217536.000,281.8131
217546.667,280.1900
217557.333,280.1900
217568.000,278.5762
217578.667,276.9717
217589.333,275.3765
217600.000,273.7904
217610.667,273.7904
217621.333,272.2135
217632.000,270.6457
217642.667,270.6457
217653.333,270.6457
217664.000,264.4641
217674.667,273.7904
217685.333,273.7904
217696.000,273.7904
217706.667,273.7904
217717.333,0.0000
217728.000,0.0000
217738.667,0.0000
217749.333,0.0000
217760.000,0.0000
217770.667,0.0000
217781.333,0.0000
217792.000,0.0000
217802.667,0.0000
217813.333,0.0000
217824.000,0.0000
217834.667,0.0000
217845.333,182.7332
217856.000,182.7332
217866.667,182.7332
217877.333,183.7917
217888.000,190.2731
217898.667,200.4263
217909.333,207.4943
217920.000,216.0560
217930.667,222.3869
217941.333,227.5850
217952.000,228.9033
217962.667,230.2294
217973.333,232.9045
217984.000,234.2537
217994.667,232.9045
218005.333,232.9045
218016.000,232.9045
218026.667,232.9045
218037.333,232.9045
218048.000,232.9045
218058.667,232.9045
218069.333,232.9045
218080.000,232.9045
218090.667,232.9045
218101.333,232.9045
218112.000,231.5631
218122.667,231.5631
218133.333,231.5631
218144.000,231.5631
218154.667,231.5631
218165.333,232.9045
218176.000,232.9045
218186.667,231.5631
218197.333,231.5631
218208.000,230.2294
218218.667,230.2294
218229.333,230.2294
218240.000,230.2294
218250.667,230.2294
218261.333,230.2294
218272.000,230.2294
218282.667,231.5631
218293.333,231.5631
218304.000,232.9045
218314.667,232.9045
218325.333,234.2537
218336.000,234.2537
218346.667,234.2537
218357.333,234.2537
218368.000,232.9045
218378.667,232.9045
218389.333,232.9045
218400.000,232.9045
218410.667,232.9045
218421.333,232.9045
218432.000,232.9045
218442.667,234.2537
218453.333,234.2537
218464.000,234.2537
218474.667,234.2537
218485.333,232.9045
218496.000,231.5631
218506.667,228.9033
218517.333,228.9033
218528.000,230.2294
218538.667,232.9045
218549.333,236.9756
218560.000,241.1179
218570.667,243.9195
218581.333,243.9195
218592.000,241.1179
218602.667,236.9756
218613.333,232.9045
218624.000,228.9033
218634.667,226.2742
218645.333,226.2742
218656.000,230.2294
218666.667,234.2537
218677.333,239.7291
218688.000,242.5147
218698.667,245.3325
218709.333,245.3325
218720.000,243.9195
218730.667,241.1179
218741.333,238.3484
218752.000,232.9045
218762.667,230.2294
218773.333,227.5850
218784.000,228.9033
218794.667,230.2294
218805.333,232.9045
218816.000,236.9756
218826.667,238.3484
218837.333,241.1179
218848.000,238.3484
218858.667,239.7291
218869.333,238.3484
218880.000,234.2537
218890.667,230.2294
218901.333,230.2294
218912.000,235.6107
218922.667,241.1179
218933.333,239.7291
218944.000,236.9756
218954.667,234.2537
218965.333,232.9045
218976.000,232.9045
218986.667,231.5631
218997.333,232.9045
219008.000,232.9045
219018.667,243.9195
219029.333,243.9195
219040.000,243.9195
219050.667,0.0000
219061.333,0.0000
219072.000,0.0000
219082.667,0.0000
219093.333,232.9045
219104.000,239.7291
219114.667,241.1179
219125.333,242.5147
219136.000,243.9195
219146.667,241.1179
219157.333,239.7291
219168.000,241.1179
219178.667,212.3443
219189.333,219.8326
219200.000,219.8326
219210.667,0.0000
219221.333,0.0000
219232.000,205.1111
219242.667,201.5874
219253.333,202.7552
219264.000,205.1111
219274.667,206.2992
219285.333,207.4943
219296.000,206.2992
219306.667,206.2992
219317.333,207.4943
219328.000,207.4943
219338.667,211.1213
219349.333,211.1213
219360.000,211.1213
219370.667,209.9053
219381.333,209.9053
219392.000,208.6963
219402.667,212.3443
219413.333,213.5744
219424.000,232.9045
219434.667,238.3484
219445.333,241.1179
219456.000,241.1179
219466.667,239.7291
219477.333,238.3484
219488.000,238.3484
219498.667,241.1179
219509.333,242.5147
219520.000,242.5147
219530.667,242.5147
219541.333,239.7291
219552.000,0.0000
219562.667,0.0000
219573.333,0.0000
219584.000,0.0000
219594.667,0.0000
219605.333,0.0000
219616.000,0.0000
219626.667,0.0000
219637.333,0.0000
219648.000,202.7552
219658.667,202.7552
219669.333,206.2992
219680.000,207.4943
219690.667,209.9053
219701.333,211.1213
219712.000,211.1213
219722.667,209.9053
219733.333,209.9053
219744.000,0.0000
219754.667,0.0000
219765.333,0.0000
219776.000,0.0000
219786.667,0.0000
219797.333,0.0000
219808.000,0.0000
219818.667,0.0000
219829.333,0.0000
219840.000,179.5939
219850.667,171.4838
219861.333,179.5939
219872.000,180.6343
219882.667,183.7917
219893.333,192.4840
219904.000,201.5874
219914.667,205.1111
219925.333,207.4943
219936.000,208.6963
219946.667,208.6963
219957.333,208.6963
219968.000,207.4943
219978.667,206.2992
219989.333,203.9297
220000.000,202.7552
220010.667,201.5874
220021.333,199.2719
220032.000,198.1242
220042.667,195.8486
220053.333,194.7206
220064.000,193.5991
220074.667,192.4840
220085.333,192.4840
220096.000,192.4840
220106.667,195.8486
220117.333,201.5874
220128.000,200.4263
220138.667,198.1242
220149.333,195.8486
220160.000,192.4840
220170.667,192.4840
220181.333,191.3754
220192.000,190.2731
220202.667,190.2731
220213.333,190.2731
220224.000,191.3754
220234.667,192.4840
220245.333,192.4840
220256.000,192.4840
220266.667,192.4840
220277.333,192.4840
220288.000,193.5991
220298.667,193.5991
220309.333,194.7206
220320.000,195.8486
220330.667,196.9831
220341.333,196.9831
220352.000,195.8486
220362.667,194.7206
220373.333,192.4840
220384.000,190.2731
220394.667,188.0877
220405.333,188.0877
220416.000,190.2731
220426.667,194.7206
220437.333,196.9831
220448.000,202.7552
220458.667,207.4943
220469.333,209.9053
220480.000,206.2992
220490.667,202.7552
220501.333,201.5874
220512.000,198.1242
220522.667,196.9831
220533.333,195.8486
220544.000,196.9831
220554.667,199.2719
220565.333,202.7552
220576.000,208.6963
220586.667,211.1213
220597.333,211.1213
220608.000,208.6963
220618.667,205.1111
220629.333,201.5874
220640.000,198.1242
220650.667,193.5991
220661.333,190.2731
220672.000,188.0877
220682.667,188.0877
220693.333,190.2731
220704.000,195.8486
220714.667,200.4263
220725.333,206.2992
220736.000,212.3443
220746.667,217.3076
220757.333,224.9709
220768.000,239.7291
220778.667,249.6209
220789.333,253.9842
220800.000,258.4237
220810.667,259.9208
220821.333,261.4265
220832.000,261.4265
220842.667,262.9409
220853.333,261.4265
220864.000,261.4265
220874.667,261.4265
220885.333,258.4237
220896.000,256.9353
220906.667,255.4555
220917.333,253.9842
220928.000,252.5213
220938.667,251.0669
220949.333,248.1832
220960.000,243.9195
220970.667,241.1179
220981.333,238.3484
220992.000,235.6107
221002.667,231.5631
221013.333,227.5850
221024.000,223.6752
221034.667,221.1061
221045.333,217.3076
221056.000,213.5744
221066.667,211.1213
221077.333,207.4943
221088.000,202.7552
221098.667,201.5874
221109.333,198.1242
221120.000,196.9831
221130.667,171.4838
221141.333,167.5671
221152.000,159.0785
221162.667,147.5706
221173.333,146.7206
221184.000,0.0000
221194.667,0.0000
221205.333,191.3754
221216.000,190.2731
221226.667,190.2731
221237.333,192.4840
221248.000,192.4840
221258.667,194.7206
221269.333,194.7206
221280.000,195.8486
221290.667,196.9831
221301.333,198.1242
221312.000,200.4263
221322.667,201.5874
221333.333,201.5874
221344.000,200.4263
221354.667,200.4263
221365.333,199.2719
221376.000,199.2719
221386.667,200.4263
221397.333,202.7552
221408.000,205.1111
221418.667,205.1111
221429.333,206.2992
221440.000,206.2992
221450.667,206.2992
221461.333,206.2992
221472.000,205.1111
221482.667,205.1111
221493.333,205.1111
221504.000,205.1111
221514.667,206.2992
221525.333,206.2992
221536.000,206.2992
221546.667,206.2992
221557.333,207.4943
221568.000,207.4943
221578.667,208.6963
221589.333,208.6963
221600.000,208.6963
221610.667,208.6963
221621.333,208.6963
221632.000,208.6963
221642.667,207.4943
221653.333,207.4943
221664.000,206.2992
221674.667,206.2992
221685.333,205.1111
221696.000,205.1111
221706.667,205.1111
221717.333,205.1111
221728.000,206.2992
221738.667,207.4943
221749.333,207.4943
221760.000,207.4943
221770.667,207.4943
221781.333,207.4943
221792.000,207.4943
221802.667,207.4943
221813.333,207.4943
221824.000,208.6963
221834.667,208.6963
221845.333,208.6963
221856.000,209.9053
221866.667,209.9053
221877.333,208.6963
221888.000,208.6963
221898.667,207.4943
221909.333,207.4943
221920.000,207.4943
221930.667,207.4943
221941.333,207.4943
221952.000,208.6963
221962.667,209.9053
221973.333,211.1213
221984.000,211.1213
221994.667,211.1213
222005.333,209.9053
222016.000,209.9053
222026.667,208.6963
222037.333,209.9053
222048.000,209.9053
222058.667,208.6963
222069.333,207.4943
222080.000,207.4943
222090.667,206.2992
222101.333,207.4943
222112.000,208.6963
222122.667,209.9053
222133.333,211.1213
222144.000,211.1213
222154.667,212.3443
222165.333,212.3443
222176.000,212.3443
222186.667,211.1213
222197.333,208.6963
222208.000,207.4943
222218.667,205.1111
222229.333,203.9297
222240.000,203.9297
222250.667,203.9297
222261.333,205.1111
222272.000,206.2992
222282.667,207.4943
222293.333,208.6963
222304.000,208.6963
222314.667,206.2992
222325.333,203.9297
222336.000,201.5874
222346.667,200.4263
222357.333,199.2719
222368.000,199.2719
222378.667,202.7552
222389.333,207.4943
222400.000,209.9053
222410.667,212.3443
222421.333,214.8116
222432.000,216.0560
222442.667,216.0560
222453.333,213.5744
222464.000,208.6963
222474.667,206.2992
222485.333,203.9297
222496.000,203.9297
222506.667,203.9297
222517.333,207.4943
222528.000,209.9053
222538.667,214.8116
222549.333,218.5664
222560.000,219.8326
222570.667,221.1061
222581.333,221.1061
222592.000,221.1061
222602.667,221.1061
222613.333,222.3869
222624.000,221.1061
222634.667,217.3076
222645.333,214.8116
222656.000,214.8116
222666.667,213.5744
222677.333,198.1242
222688.000,209.9053
222698.667,196.9831
222709.333,196.9831
222720.000,199.2719
222730.667,198.1242
222741.333,213.5744
222752.000,213.5744
222762.667,213.5744
222773.333,213.5744
222784.000,212.3443
222794.667,217.3076
222805.333,218.5664
222816.000,219.8326
222826.667,218.5664
222837.333,217.3076
222848.000,216.0560
222858.667,216.0560
222869.333,216.0560
222880.000,214.8116
222890.667,213.5744
222901.333,211.1213
222912.000,209.9053
222922.667,206.2992
222933.333,203.9297
222944.000,206.2992
222954.667,207.4943
222965.333,209.9053
222976.000,213.5744
222986.667,213.5744
222997.333,214.8116
223008.000,214.8116
223018.667,216.0560
223029.333,223.6752
223040.000,223.6752
223050.667,223.6752
223061.333,224.9709
223072.000,227.5850
223082.667,212.3443
223093.333,213.5744
223104.000,213.5744
223114.667,0.0000
223125.333,0.0000
223136.000,0.0000
223146.667,0.0000
223157.333,0.0000
223168.000,0.0000
223178.667,0.0000
223189.333,0.0000
223200.000,0.0000
223210.667,0.0000
223221.333,0.0000
223232.000,0.0000
223242.667,0.0000
223253.333,0.0000
223264.000,0.0000
223274.667,0.0000
223285.333,0.0000
223296.000,0.0000
223306.667,0.0000
223317.333,0.0000
223328.000,0.0000
223338.667,0.0000
223349.333,0.0000
223360.000,0.0000
223370.667,0.0000
223381.333,0.0000
223392.000,0.0000
223402.667,0.0000
223413.333,86.2386
223424.000,86.7381
223434.667,86.7381
223445.333,86.7381
223456.000,87.2406
223466.667,87.2406
223477.333,87.2406
223488.000,87.2406
223498.667,87.2406
223509.333,87.2406
223520.000,87.2406
223530.667,87.2406
223541.333,87.2406
223552.000,86.7381
223562.667,86.7381
223573.333,86.7381
223584.000,86.7381
223594.667,0.0000
223605.333,0.0000
223616.000,0.0000
223626.667,0.0000
223637.333,0.0000
223648.000,0.0000
223658.667,0.0000
223669.333,0.0000
223680.000,0.0000
223690.667,0.0000
223701.333,0.0000
223712.000,0.0000
223722.667,0.0000
223733.333,0.0000
223744.000,0.0000
223754.667,0.0000
223765.333,0.0000
223776.000,0.0000
223786.667,0.0000
223797.333,86.2386
223808.000,86.2386
223818.667,87.2406
223829.333,87.7460
223840.000,88.2543
223850.667,88.2543
223861.333,88.7656
223872.000,88.7656
223882.667,88.7656
223893.333,88.2543
223904.000,87.7460
223914.667,87.7460
223925.333,87.2406
223936.000,87.2406
223946.667,86.7381
223957.333,86.7381
223968.000,0.0000
223978.667,0.0000
223989.333,0.0000
224000.000,0.0000
224010.667,0.0000
224021.333,0.0000
224032.000,0.0000
224042.667,0.0000
224053.333,0.0000
224064.000,0.0000
224074.667,0.0000
224085.333,0.0000
224096.000,0.0000
224106.667,0.0000
224117.333,0.0000
224128.000,0.0000
224138.667,0.0000
224149.333,0.0000
224160.000,0.0000
224170.667,0.0000
224181.333,0.0000
224192.000,0.0000
224202.667,0.0000
224213.333,0.0000
224224.000,0.0000
224234.667,0.0000
224245.333,0.0000
224256.000,0.0000
224266.667,0.0000
224277.333,0.0000
224288.000,0.0000
224298.667,0.0000
224309.333,0.0000
224320.000,0.0000
224330.667,0.0000
224341.333,0.0000
224352.000,0.0000
224362.667,0.0000
224373.333,0.0000
224384.000,0.0000
224394.667,0.0000
224405.333,0.0000
224416.000,0.0000
224426.667,0.0000
224437.333,0.0000
224448.000,0.0000
224458.667,0.0000
224469.333,0.0000
224480.000,0.0000
224490.667,0.0000
224501.333,0.0000
224512.000,0.0000
224522.667,0.0000
224533.333,0.0000
224544.000,0.0000
224554.667,0.0000
224565.333,0.0000
224576.000,0.0000
224586.667,0.0000
224597.333,0.0000
224608.000,0.0000
224618.667,0.0000
224629.333,0.0000
224640.000,0.0000
224650.667,0.0000
224661.333,0.0000
224672.000,0.0000
224682.667,0.0000
224693.333,0.0000
224704.000,0.0000
224714.667,0.0000
224725.333,0.0000
224736.000,0.0000
224746.667,0.0000
224757.333,0.0000
224768.000,88.2543
224778.667,88.2543
224789.333,88.2543
224800.000,88.2543
224810.667,88.2543
224821.333,87.7460
224832.000,87.7460
224842.667,87.7460
224853.333,87.7460
224864.000,87.7460
224874.667,87.7460
224885.333,87.7460
224896.000,88.2543
224906.667,88.2543
224917.333,88.7656
224928.000,88.7656
224938.667,88.7656
224949.333,88.7656
224960.000,88.7656
224970.667,88.7656
224981.333,88.7656
224992.000,88.7656
225002.667,0.0000
225013.333,0.0000
225024.000,0.0000
225034.667,0.0000
225045.333,0.0000
225056.000,0.0000
225066.667,0.0000
225077.333,0.0000
225088.000,0.0000
225098.667,0.0000
225109.333,0.0000
225120.000,0.0000
225130.667,0.0000
225141.333,0.0000
225152.000,0.0000
225162.667,0.0000
225173.333,0.0000
225184.000,0.0000
225194.667,0.0000
225205.333,0.0000
225216.000,0.0000
225226.667,0.0000
225237.333,0.0000
225248.000,0.0000
225258.667,0.0000
225269.333,0.0000
225280.000,0.0000
225290.667,0.0000
225301.333,0.0000
225312.000,0.0000
225322.667,0.0000
225333.333,0.0000
225344.000,0.0000
225354.667,0.0000
225365.333,0.0000
225376.000,0.0000
225386.667,0.0000
225397.333,0.0000
225408.000,0.0000
225418.667,0.0000
225429.333,0.0000
225440.000,0.0000
225450.667,0.0000
225461.333,0.0000
225472.000,91.8959
225482.667,91.8959
225493.333,93.5022
225504.000,94.0438
225514.667,94.0438
225525.333,93.5022
225536.000,93.5022
225546.667,93.5022
225557.333,93.5022
225568.000,93.5022
225578.667,93.5022
225589.333,91.8959
225600.000,91.8959
225610.667,91.8959
225621.333,91.8959
225632.000,91.8959
225642.667,91.8959
225653.333,0.0000
225664.000,0.0000
225674.667,0.0000
225685.333,0.0000
225696.000,0.0000
225706.667,0.0000
225717.333,0.0000
225728.000,0.0000
225738.667,0.0000
225749.333,0.0000
225760.000,0.0000
225770.667,0.0000
225781.333,0.0000
225792.000,0.0000
225802.667,0.0000
225813.333,0.0000
225824.000,0.0000
225834.667,0.0000
225845.333,0.0000
225856.000,0.0000
225866.667,0.0000
225877.333,0.0000
225888.000,0.0000
225898.667,0.0000
225909.333,0.0000
225920.000,0.0000
225930.667,0.0000
225941.333,0.0000
225952.000,0.0000
225962.667,0.0000
225973.333,0.0000
225984.000,0.0000
225994.667,0.0000
226005.333,0.0000
226016.000,0.0000
226026.667,0.0000
226037.333,0.0000
226048.000,0.0000
226058.667,0.0000
226069.333,0.0000
226080.000,0.0000
226090.667,0.0000
226101.333,0.0000
226112.000,0.0000
226122.667,0.0000
226133.333,0.0000
226144.000,0.0000
226154.667,0.0000
226165.333,0.0000
226176.000,0.0000
226186.667,0.0000
226197.333,0.0000
226208.000,0.0000
226218.667,0.0000
226229.333,0.0000
226240.000,0.0000
226250.667,0.0000
226261.333,0.0000
226272.000,0.0000
226282.667,0.0000
226293.333,0.0000
226304.000,0.0000
226314.667,0.0000
226325.333,0.0000
226336.000,0.0000
226346.667,0.0000
226357.333,0.0000
226368.000,0.0000
226378.667,0.0000
226389.333,0.0000
226400.000,0.0000
226410.667,0.0000
226421.333,0.0000
226432.000,0.0000
226442.667,0.0000
226453.333,0.0000
226464.000,0.0000
226474.667,0.0000
226485.333,0.0000
226496.000,0.0000
226506.667,0.0000
226517.333,0.0000
226528.000,0.0000
226538.667,0.0000
226549.333,0.0000
226560.000,0.0000
226570.667,0.0000
226581.333,0.0000
226592.000,0.0000
226602.667,0.0000
226613.333,0.0000
226624.000,0.0000
226634.667,0.0000
226645.333,0.0000
226656.000,0.0000
226666.667,0.0000
226677.333,0.0000
226688.000,0.0000
226698.667,0.0000
226709.333,0.0000
226720.000,0.0000
226730.667,0.0000
226741.333,0.0000
226752.000,0.0000
226762.667,0.0000
226773.333,0.0000
226784.000,0.0000
226794.667,0.0000
226805.333,0.0000
226816.000,0.0000
226826.667,0.0000
226837.333,0.0000
226848.000,0.0000
226858.667,0.0000
226869.333,0.0000
226880.000,0.0000
226890.667,0.0000
226901.333,0.0000
226912.000,0.0000
226922.667,0.0000
226933.333,0.0000
226944.000,0.0000
226954.667,0.0000
226965.333,0.0000
226976.000,0.0000
226986.667,0.0000
226997.333,0.0000
227008.000,0.0000
227018.667,0.0000
227029.333,0.0000
227040.000,0.0000
227050.667,0.0000
227061.333,0.0000
227072.000,0.0000
227082.667,0.0000
227093.333,0.0000
227104.000,0.0000
227114.667,0.0000
227125.333,0.0000
227136.000,0.0000
227146.667,0.0000
227157.333,0.0000
227168.000,0.0000
227178.667,0.0000
227189.333,0.0000
227200.000,0.0000
227210.667,0.0000
227221.333,0.0000
227232.000,0.0000
227242.667,0.0000
227253.333,0.0000
227264.000,0.0000
227274.667,0.0000
227285.333,0.0000
227296.000,0.0000
227306.667,0.0000
227317.333,0.0000
227328.000,0.0000
227338.667,0.0000
227349.333,0.0000
227360.000,0.0000
227370.667,0.0000
227381.333,0.0000
227392.000,0.0000
227402.667,0.0000
227413.333,0.0000
227424.000,0.0000
227434.667,0.0000
227445.333,0.0000
227456.000,0.0000
227466.667,0.0000
227477.333,0.0000
227488.000,0.0000
227498.667,0.0000
227509.333,0.0000
227520.000,0.0000
227530.667,0.0000
227541.333,0.0000
227552.000,0.0000
227562.667,0.0000
227573.333,0.0000
227584.000,0.0000
227594.667,0.0000
227605.333,0.0000
227616.000,0.0000
227626.667,0.0000
227637.333,0.0000
227648.000,0.0000
227658.667,0.0000
227669.333,0.0000
227680.000,0.0000
227690.667,0.0000
227701.333,0.0000
227712.000,0.0000
227722.667,0.0000
227733.333,0.0000
227744.000,0.0000
227754.667,0.0000
227765.333,0.0000
227776.000,0.0000
227786.667,0.0000
227797.333,0.0000
227808.000,0.0000
227818.667,0.0000
227829.333,0.0000
227840.000,0.0000
227850.667,0.0000
227861.333,0.0000
227872.000,0.0000
227882.667,0.0000
227893.333,0.0000
227904.000,0.0000
227914.667,0.0000
227925.333,0.0000
227936.000,0.0000
227946.667,0.0000
227957.333,0.0000
227968.000,0.0000
227978.667,0.0000
227989.333,0.0000
228000.000,0.0000
228010.667,0.0000
228021.333,0.0000
228032.000,0.0000
228042.667,479.4583
228053.333,473.9512
228064.000,468.5074
228074.667,468.5074
228085.333,465.8090
228096.000,465.8090
228106.667,468.5074
228117.333,471.2215
228128.000,468.5074
228138.667,465.8090
228149.333,468.5074
228160.000,468.5074
228170.667,465.8090
228181.333,463.1262
228192.000,468.5074
228202.667,468.5074
228213.333,473.9512
228224.000,476.6968
228234.667,473.9512
228245.333,471.2215
228256.000,457.8067
228266.667,444.7738
228277.333,437.1329
228288.000,434.6152
228298.667,427.1488
228309.333,419.8106
228320.000,424.6886
228330.667,432.1120
228341.333,442.2121
228352.000,447.3504
228362.667,449.9419
228373.333,455.1699
228384.000,457.8067
228394.667,476.6968
228405.333,473.9512
228416.000,482.2357
228426.667,482.2357
228437.333,437.1329
228448.000,437.1329
228458.667,434.6152
228469.333,412.5985
228480.000,405.5103
228490.667,414.9887
228501.333,0.0000
228512.000,0.0000
228522.667,0.0000
228533.333,0.0000
228544.000,0.0000
228554.667,0.0000
228565.333,0.0000
228576.000,0.0000
228586.667,0.0000
228597.333,0.0000
228608.000,0.0000
228618.667,0.0000
228629.333,0.0000
228640.000,0.0000
228650.667,0.0000
228661.333,0.0000
228672.000,0.0000
228682.667,0.0000
228693.333,173.4763
228704.000,173.4763
228714.667,174.4812
228725.333,174.4812
228736.000,174.4812
228746.667,174.4812
228757.333,174.4812
228768.000,174.4812
228778.667,174.4812
228789.333,174.4812
228800.000,174.4812
228810.667,172.4771
228821.333,173.4763
228832.000,172.4771
228842.667,173.4763
228853.333,172.4771
228864.000,173.4763
228874.667,172.4771
228885.333,173.4763
228896.000,172.4771
228906.667,172.4771
228917.333,171.4838
228928.000,0.0000
228938.667,0.0000
228949.333,0.0000
228960.000,0.0000
228970.667,0.0000
228981.333,0.0000
228992.000,0.0000
229002.667,0.0000
229013.333,382.7508
229024.000,389.4411
229034.667,387.1981
229045.333,384.9680
229056.000,384.9680
229066.667,380.5463
229077.333,374.0087
229088.000,371.8546
229098.667,380.5463
229109.333,384.9680
229120.000,417.3927
229130.667,419.8106
229141.333,419.8106
229152.000,417.3927
229162.667,0.0000
229173.333,0.0000
229184.000,0.0000
229194.667,0.0000
229205.333,0.0000
229216.000,0.0000
229226.667,0.0000
229237.333,0.0000
229248.000,0.0000
229258.667,0.0000
229269.333,0.0000
229280.000,0.0000
229290.667,0.0000
229301.333,0.0000
229312.000,424.6886
229322.667,384.9680
229333.333,382.7508
229344.000,380.5463
229354.667,378.3545
229365.333,378.3545
229376.000,376.1753
229386.667,376.1753
229397.333,376.1753
229408.000,374.0087
229418.667,371.8546
229429.333,369.7129
229440.000,369.7129
229450.667,374.0087
229461.333,376.1753
229472.000,376.1753
229482.667,376.1753
229493.333,376.1753
229504.000,376.1753
229514.667,376.1753
229525.333,376.1753
229536.000,376.1753
229546.667,378.3545
229557.333,378.3545
229568.000,384.9680
229578.667,387.1981
229589.333,389.4411
229600.000,389.4411
229610.667,387.1981
229621.333,384.9680
229632.000,429.6232
229642.667,429.6232
229653.333,424.6886
229664.000,422.2425
229674.667,422.2425
229685.333,422.2425
229696.000,380.5463
229706.667,424.6886
229717.333,427.1488
229728.000,427.1488
229738.667,429.6232
229749.333,387.1981
229760.000,387.1981
229770.667,389.4411
229781.333,387.1981
229792.000,384.9680
229802.667,384.9680
229813.333,384.9680
229824.000,389.4411
229834.667,393.9662
229845.333,391.6971
229856.000,393.9662
229866.667,363.3614
229877.333,378.3545
229888.000,396.2484
229898.667,382.7508
229909.333,382.7508
229920.000,382.7508
229930.667,382.7508
229941.333,369.7129
229952.000,369.7129
229962.667,367.5835
229973.333,367.5835
229984.000,365.4663
229994.667,369.7129
230005.333,371.8546
230016.000,374.0087
230026.667,417.3927
230037.333,414.9887
230048.000,414.9887
230058.667,417.3927
230069.333,414.9887
230080.000,412.5985
230090.667,412.5985
230101.333,403.1747
230112.000,405.5103
230122.667,405.5103
230133.333,405.5103
230144.000,363.3614
230154.667,363.3614
230165.333,0.0000
230176.000,0.0000
230186.667,0.0000
230197.333,0.0000
230208.000,0.0000
230218.667,0.0000
230229.333,0.0000
230240.000,0.0000
230250.667,0.0000
230261.333,0.0000
230272.000,0.0000
230282.667,0.0000
230293.333,0.0000
230304.000,0.0000
230314.667,0.0000
230325.333,0.0000
230336.000,0.0000
230346.667,0.0000
230357.333,0.0000
230368.000,86.2386
230378.667,86.7381
230389.333,86.7381
230400.000,86.7381
230410.667,87.2406
230421.333,87.2406
230432.000,87.2406
230442.667,87.2406
230453.333,87.2406
230464.000,87.2406
230474.667,87.2406
230485.333,87.2406
230496.000,87.2406
230506.667,86.7381
230517.333,86.7381
230528.000,86.7381
230538.667,86.7381
230549.333,0.0000
230560.000,0.0000
230570.667,0.0000
230581.333,0.0000
230592.000,0.0000
230602.667,0.0000
230613.333,0.0000
230624.000,0.0000
230634.667,0.0000
230645.333,0.0000
230656.000,0.0000
230666.667,0.0000
230677.333,0.0000
230688.000,0.0000
230698.667,0.0000
230709.333,0.0000
230720.000,0.0000
230730.667,0.0000
230741.333,0.0000
230752.000,0.0000
230762.667,0.0000
230773.333,0.0000
230784.000,0.0000
230794.667,0.0000
230805.333,0.0000
230816.000,0.0000
230826.667,0.0000
230837.333,0.0000
230848.000,0.0000
230858.667,0.0000
230869.333,0.0000
230880.000,0.0000
230890.667,0.0000
230901.333,0.0000
230912.000,0.0000
230922.667,0.0000
230933.333,0.0000
230944.000,0.0000
230954.667,0.0000
230965.333,0.0000
230976.000,0.0000
230986.667,0.0000
230997.333,0.0000
231008.000,0.0000
231018.667,0.0000
231029.333,0.0000
231040.000,0.0000
231050.667,0.0000
231061.333,0.0000
231072.000,0.0000
231082.667,0.0000
231093.333,0.0000
231104.000,0.0000
231114.667,0.0000
231125.333,0.0000
231136.000,0.0000
231146.667,0.0000
231157.333,0.0000
231168.000,0.0000
231178.667,0.0000
231189.333,0.0000
231200.000,0.0000
231210.667,0.0000
231221.333,0.0000
231232.000,0.0000
231242.667,0.0000
231253.333,0.0000
231264.000,0.0000
231274.667,0.0000
231285.333,0.0000
231296.000,0.0000
231306.667,0.0000
231317.333,0.0000
231328.000,0.0000
231338.667,0.0000
231349.333,0.0000
231360.000,0.0000
231370.667,0.0000
231381.333,0.0000
231392.000,0.0000
231402.667,0.0000
231413.333,0.0000
231424.000,0.0000
231434.667,0.0000
231445.333,0.0000
231456.000,0.0000
231466.667,0.0000
231477.333,0.0000
231488.000,0.0000
231498.667,0.0000
231509.333,0.0000
231520.000,0.0000
231530.667,0.0000
231541.333,0.0000
231552.000,0.0000
231562.667,0.0000
231573.333,0.0000
231584.000,0.0000
231594.667,0.0000
231605.333,0.0000
231616.000,0.0000
231626.667,0.0000
231637.333,0.0000
231648.000,0.0000
231658.667,0.0000
231669.333,0.0000
231680.000,0.0000
231690.667,0.0000
231701.333,0.0000
231712.000,0.0000
231722.667,0.0000
231733.333,0.0000
231744.000,0.0000
231754.667,0.0000
231765.333,0.0000
231776.000,0.0000
231786.667,0.0000
231797.333,0.0000
231808.000,0.0000
231818.667,0.0000
231829.333,0.0000
231840.000,0.0000
231850.667,0.0000
231861.333,0.0000
231872.000,0.0000
231882.667,0.0000
231893.333,0.0000
231904.000,0.0000
231914.667,0.0000
231925.333,0.0000
231936.000,0.0000
231946.667,0.0000
231957.333,0.0000
231968.000,0.0000
231978.667,0.0000
231989.333,0.0000
232000.000,0.0000
232010.667,0.0000
232021.333,0.0000
232032.000,0.0000
232042.667,0.0000
232053.333,0.0000
232064.000,0.0000
232074.667,0.0000
232085.333,0.0000
232096.000,0.0000
232106.667,0.0000
232117.333,0.0000
232128.000,0.0000
232138.667,0.0000
232149.333,0.0000
232160.000,0.0000
232170.667,0.0000
232181.333,0.0000
232192.000,0.0000
232202.667,0.0000
232213.333,0.0000
232224.000,0.0000
232234.667,0.0000
232245.333,0.0000
232256.000,0.0000
232266.667,0.0000
232277.333,0.0000
232288.000,0.0000
232298.667,0.0000
232309.333,0.0000
232320.000,0.0000
232330.667,0.0000
232341.333,0.0000
232352.000,0.0000
232362.667,0.0000
232373.333,0.0000
232384.000,0.0000
232394.667,0.0000
232405.333,0.0000
232416.000,0.0000
232426.667,0.0000
232437.333,0.0000
232448.000,0.0000
232458.667,0.0000
232469.333,0.0000
232480.000,93.5022
232490.667,93.5022
232501.333,93.5022
232512.000,93.5022
232522.667,94.0438
232533.333,93.5022
232544.000,91.8959
232554.667,91.8959
232565.333,91.8959
232576.000,91.8959
232586.667,91.8959
232597.333,91.8959
232608.000,91.8959
232618.667,91.8959
232629.333,91.8959
232640.000,91.8959
232650.667,91.8959
232661.333,91.8959
232672.000,91.8959
232682.667,94.0438
232693.333,0.0000
232704.000,0.0000
232714.667,0.0000
232725.333,0.0000
232736.000,0.0000
232746.667,0.0000
232757.333,0.0000
232768.000,0.0000
232778.667,0.0000
232789.333,0.0000
232800.000,0.0000
232810.667,0.0000
232821.333,0.0000
232832.000,0.0000
232842.667,0.0000
232853.333,0.0000
232864.000,0.0000
232874.667,0.0000
232885.333,0.0000
232896.000,0.0000
232906.667,0.0000
232917.333,91.3666
232928.000,91.3666
232938.667,91.8959
232949.333,91.8959
232960.000,91.8959
232970.667,91.8959
232981.333,91.8959
232992.000,91.8959
233002.667,91.8959
233013.333,91.8959
233024.000,91.8959
233034.667,91.8959
233045.333,91.8959
233056.000,91.8959
233066.667,91.8959
233077.333,91.3666
233088.000,91.8959
233098.667,91.8959
233109.333,91.8959
233120.000,91.3666
233130.667,91.3666
233141.333,91.3666
233152.000,91.8959
233162.667,91.8959
233173.333,91.8959
233184.000,91.8959
233194.667,91.8959
233205.333,91.8959
233216.000,0.0000
233226.667,0.0000
233237.333,0.0000
233248.000,0.0000
233258.667,0.0000
233269.333,0.0000
233280.000,0.0000
233290.667,0.0000
233301.333,0.0000
233312.000,0.0000
233322.667,0.0000
233333.333,0.0000
233344.000,0.0000
233354.667,0.0000
233365.333,0.0000
233376.000,0.0000
233386.667,0.0000
233397.333,0.0000
233408.000,0.0000
233418.667,0.0000
233429.333,0.0000
233440.000,0.0000
233450.667,0.0000
233461.333,0.0000
233472.000,0.0000
233482.667,0.0000
233493.333,0.0000
233504.000,0.0000
233514.667,91.8959
233525.333,91.8959
233536.000,91.8959
233546.667,91.8959
233557.333,91.8959
233568.000,91.8959
233578.667,91.8959
233589.333,91.8959
233600.000,91.8959
233610.667,91.8959
233621.333,91.8959
233632.000,91.8959
233642.667,91.8959
233653.333,91.8959
233664.000,91.8959
233674.667,91.8959
233685.333,91.8959
233696.000,91.8959
233706.667,91.8959
233717.333,91.8959
233728.000,91.8959
233738.667,91.8959
233749.333,91.8959
233760.000,91.8959
233770.667,92.4282
233781.333,0.0000
233792.000,0.0000
233802.667,0.0000
233813.333,0.0000
233824.000,0.0000
233834.667,0.0000
233845.333,0.0000
233856.000,0.0000
233866.667,0.0000
233877.333,0.0000
233888.000,0.0000
233898.667,0.0000
233909.333,0.0000
233920.000,0.0000
233930.667,0.0000
233941.333,0.0000
233952.000,0.0000
233962.667,0.0000
233973.333,0.0000
233984.000,0.0000
233994.667,0.0000
234005.333,0.0000
234016.000,0.0000
234026.667,0.0000
234037.333,0.0000
234048.000,0.0000
234058.667,0.0000
234069.333,0.0000
234080.000,0.0000
234090.667,0.0000
234101.333,0.0000
234112.000,0.0000
234122.667,0.0000
234133.333,0.0000
234144.000,0.0000
234154.667,0.0000
234165.333,0.0000
234176.000,0.0000
234186.667,0.0000
234197.333,0.0000
234208.000,0.0000
234218.667,0.0000
234229.333,0.0000
234240.000,0.0000
234250.667,0.0000
234261.333,0.0000
234272.000,0.0000
234282.667,0.0000
234293.333,0.0000
234304.000,0.0000
234314.667,0.0000
234325.333,0.0000
234336.000,0.0000
234346.667,0.0000
234357.333,0.0000
234368.000,0.0000
234378.667,0.0000
234389.333,0.0000
234400.000,0.0000
234410.667,0.0000
234421.333,0.0000
234432.000,0.0000
234442.667,0.0000
234453.333,0.0000
234464.000,0.0000
234474.667,0.0000
234485.333,0.0000
234496.000,0.0000
234506.667,0.0000
234517.333,0.0000
234528.000,0.0000
234538.667,0.0000
234549.333,0.0000
234560.000,0.0000
234570.667,0.0000
234581.333,0.0000
234592.000,0.0000
234602.667,0.0000
234613.333,0.0000
234624.000,0.0000
234634.667,0.0000
234645.333,0.0000
234656.000,0.0000
234666.667,0.0000
234677.333,0.0000
234688.000,0.0000
234698.667,0.0000
234709.333,0.0000
234720.000,0.0000
234730.667,0.0000
234741.333,0.0000
234752.000,0.0000
234762.667,0.0000
234773.333,0.0000
234784.000,0.0000
234794.667,0.0000
234805.333,0.0000
234816.000,0.0000
234826.667,0.0000
234837.333,0.0000
234848.000,0.0000
234858.667,0.0000
234869.333,0.0000
234880.000,0.0000
234890.667,0.0000
234901.333,0.0000
234912.000,0.0000
234922.667,510.9110
234933.333,496.3663
234944.000,479.4583
234954.667,482.2357
234965.333,482.2357
234976.000,479.4583
234986.667,479.4583
234997.333,476.6968
235008.000,468.5074
235018.667,465.8090
235029.333,468.5074
235040.000,468.5074
235050.667,468.5074
235061.333,471.2215
235072.000,471.2215
235082.667,468.5074
235093.333,463.1262
235104.000,463.1262
235114.667,460.4587
235125.333,463.1262
235136.000,463.1262
235146.667,463.1262
235157.333,463.1262
235168.000,468.5074
235178.667,471.2215
235189.333,471.2215
235200.000,471.2215
235210.667,468.5074
235221.333,452.5483
235232.000,444.7738
235242.667,437.1329
235253.333,429.6232
235264.000,424.6886
235274.667,424.6886
235285.333,434.6152
235296.000,444.7738
235306.667,449.9419
235317.333,449.9419
235328.000,455.1699
235338.667,455.1699
235349.333,465.8090
235360.000,0.0000
235370.667,0.0000
235381.333,0.0000
235392.000,0.0000
235402.667,0.0000
235413.333,0.0000
235424.000,0.0000
235434.667,0.0000
235445.333,0.0000
235456.000,0.0000
235466.667,0.0000
235477.333,0.0000
235488.000,0.0000
235498.667,0.0000
235509.333,0.0000
235520.000,0.0000
235530.667,0.0000
235541.333,0.0000
235552.000,0.0000
235562.667,0.0000
235573.333,0.0000
235584.000,0.0000
235594.667,0.0000
235605.333,0.0000
235616.000,0.0000
235626.667,0.0000
235637.333,0.0000
235648.000,172.4771
235658.667,173.4763
235669.333,173.4763
235680.000,173.4763
235690.667,174.4812
235701.333,175.4920
235712.000,174.4812
235722.667,174.4812
235733.333,174.4812
235744.000,173.4763
235754.667,175.4920
235765.333,173.4763
235776.000,0.0000
235786.667,0.0000
235797.333,0.0000
235808.000,0.0000
235818.667,0.0000
235829.333,0.0000
235840.000,0.0000
235850.667,0.0000
235861.333,0.0000
235872.000,0.0000
235882.667,0.0000
235893.333,0.0000
235904.000,0.0000
235914.667,0.0000
235925.333,0.0000
235936.000,0.0000
235946.667,0.0000
235957.333,0.0000
235968.000,387.1981
235978.667,393.9662
235989.333,391.6971
236000.000,387.1981
236010.667,387.1981
236021.333,382.7508
236032.000,380.5463
236042.667,380.5463
236053.333,380.5463
236064.000,384.9680
236074.667,424.6886
236085.333,387.1981
236096.000,422.2425
236106.667,419.8106
236117.333,0.0000
236128.000,0.0000
236138.667,0.0000
236149.333,0.0000
236160.000,0.0000
236170.667,0.0000
236181.333,0.0000
236192.000,0.0000
236202.667,0.0000
236213.333,0.0000
236224.000,0.0000
236234.667,0.0000
236245.333,0.0000
236256.000,424.6886
236266.667,422.2425
236277.333,384.9680
236288.000,384.9680
236298.667,384.9680
236309.333,384.9680
236320.000,382.7508
236330.667,417.3927
236341.333,380.5463
236352.000,380.5463
236362.667,380.5463
236373.333,384.9680
236384.000,422.2425
236394.667,424.6886
236405.333,382.7508
236416.000,380.5463
236426.667,378.3545
236437.333,378.3545
236448.000,378.3545
236458.667,378.3545
236469.333,378.3545
236480.000,378.3545
236490.667,378.3545
236501.333,380.5463
236512.000,380.5463
236522.667,427.1488
236533.333,387.1981
236544.000,389.4411
236554.667,434.6152
236565.333,434.6152
236576.000,432.1120
236586.667,429.6232
236597.333,427.1488
236608.000,424.6886
236618.667,417.3927
236629.333,419.8106
236640.000,419.8106
236650.667,424.6886
236661.333,424.6886
236672.000,427.1488
236682.667,382.7508
236693.333,384.9680
236704.000,387.1981
236714.667,387.1981
236725.333,387.1981
236736.000,387.1981
236746.667,384.9680
236757.333,387.1981
236768.000,387.1981
236778.667,429.6232
236789.333,393.9662
236800.000,391.6971
236810.667,391.6971
236821.333,363.3614
236832.000,359.1879
236842.667,361.2686
236853.333,361.2686
236864.000,363.3614
236874.667,365.4663
236885.333,367.5835
236896.000,365.4663
236906.667,369.7129
236917.333,374.0087
236928.000,378.3545
236938.667,380.5463
236949.333,371.8546
236960.000,369.7129
236970.667,369.7129
236981.333,0.0000
236992.000,0.0000
237002.667,0.0000
237013.333,0.0000
237024.000,0.0000
237034.667,0.0000
237045.333,0.0000
237056.000,0.0000
237066.667,0.0000
237077.333,0.0000
237088.000,0.0000
237098.667,0.0000
237109.333,0.0000
237120.000,0.0000
237130.667,0.0000
237141.333,0.0000
237152.000,0.0000
237162.667,0.0000
237173.333,0.0000
237184.000,0.0000
237194.667,0.0000
237205.333,0.0000
237216.000,0.0000
237226.667,0.0000
237237.333,0.0000
237248.000,0.0000
237258.667,0.0000
237269.333,0.0000
237280.000,0.0000
237290.667,0.0000
237301.333,0.0000
237312.000,0.0000
237322.667,86.2386
237333.333,86.7381
237344.000,86.7381
237354.667,86.7381
237365.333,87.2406
237376.000,87.2406
237386.667,87.2406
237397.333,87.2406
237408.000,87.2406
237418.667,87.2406
237429.333,87.2406
237440.000,87.2406
237450.667,87.2406
237461.333,86.7381
237472.000,86.7381
237482.667,86.7381
237493.333,86.7381
237504.000,0.0000
237514.667,0.0000
237525.333,0.0000
237536.000,0.0000
237546.667,0.0000
237557.333,0.0000
237568.000,0.0000
237578.667,0.0000
237589.333,0.0000
237600.000,0.0000
237610.667,0.0000
237621.333,0.0000
237632.000,0.0000
237642.667,0.0000
237653.333,0.0000
237664.000,0.0000
237674.667,0.0000
237685.333,0.0000
237696.000,0.0000
237706.667,0.0000
237717.333,0.0000
237728.000,0.0000
237738.667,0.0000
237749.333,0.0000
237760.000,0.0000
237770.667,0.0000
237781.333,0.0000
237792.000,0.0000
237802.667,0.0000
237813.333,0.0000
237824.000,0.0000
237834.667,0.0000
237845.333,0.0000
237856.000,0.0000
237866.667,0.0000
237877.333,0.0000
237888.000,0.0000
237898.667,0.0000
237909.333,0.0000
237920.000,0.0000
237930.667,0.0000
237941.333,0.0000
237952.000,0.0000
237962.667,0.0000
237973.333,0.0000
237984.000,0.0000
237994.667,0.0000
238005.333,0.0000
238016.000,0.0000
238026.667,0.0000
238037.333,0.0000
238048.000,0.0000
238058.667,0.0000
238069.333,0.0000
238080.000,0.0000
238090.667,0.0000
238101.333,0.0000
238112.000,0.0000
238122.667,0.0000
238133.333,0.0000
238144.000,0.0000
238154.667,0.0000
238165.333,0.0000
238176.000,0.0000
238186.667,0.0000
238197.333,0.0000
238208.000,0.0000
238218.667,0.0000
238229.333,0.0000
238240.000,0.0000
238250.667,0.0000
238261.333,0.0000
238272.000,0.0000
238282.667,0.0000
238293.333,0.0000
238304.000,0.0000
238314.667,0.0000
238325.333,0.0000
238336.000,0.0000
238346.667,0.0000
238357.333,0.0000
238368.000,0.0000
238378.667,0.0000
238389.333,0.0000
238400.000,0.0000
238410.667,0.0000
238421.333,0.0000
238432.000,0.0000
238442.667,0.0000
238453.333,0.0000
238464.000,0.0000
238474.667,0.0000
238485.333,0.0000
238496.000,0.0000
238506.667,0.0000
238517.333,0.0000
238528.000,0.0000
238538.667,0.0000
238549.333,0.0000
238560.000,0.0000
238570.667,0.0000
238581.333,0.0000
238592.000,0.0000
238602.667,0.0000
238613.333,0.0000
238624.000,0.0000
238634.667,0.0000
238645.333,0.0000
238656.000,0.0000
238666.667,0.0000
238677.333,0.0000
238688.000,0.0000
238698.667,88.2543
238709.333,88.2543
238720.000,88.2543
238730.667,88.2543
238741.333,88.2543
238752.000,87.7460
238762.667,87.7460
238773.333,87.7460
238784.000,87.7460
238794.667,87.7460
238805.333,88.2543
238816.000,88.2543
238826.667,0.0000
238837.333,0.0000
238848.000,0.0000
238858.667,0.0000
238869.333,0.0000
238880.000,0.0000
238890.667,0.0000
238901.333,0.0000
238912.000,0.0000
238922.667,0.0000
238933.333,0.0000
238944.000,0.0000
238954.667,0.0000
238965.333,0.0000
238976.000,0.0000
238986.667,0.0000
238997.333,0.0000
239008.000,0.0000
239018.667,0.0000
239029.333,0.0000
239040.000,0.0000
239050.667,0.0000
239061.333,0.0000
239072.000,0.0000
239082.667,0.0000
239093.333,0.0000
239104.000,0.0000
239114.667,0.0000
239125.333,0.0000
239136.000,0.0000
239146.667,0.0000
239157.333,0.0000
239168.000,0.0000
239178.667,0.0000
239189.333,0.0000
239200.000,0.0000
239210.667,0.0000
239221.333,0.0000
239232.000,0.0000
239242.667,0.0000
239253.333,0.0000
239264.000,0.0000
239274.667,0.0000
239285.333,0.0000
239296.000,0.0000
239306.667,0.0000
239317.333,0.0000
239328.000,0.0000
239338.667,0.0000
239349.333,0.0000
239360.000,0.0000
239370.667,0.0000
239381.333,0.0000
239392.000,0.0000
239402.667,0.0000
239413.333,0.0000
239424.000,0.0000
239434.667,0.0000
239445.333,0.0000
239456.000,0.0000
239466.667,0.0000
239477.333,0.0000
239488.000,0.0000
239498.667,0.0000
239509.333,0.0000
239520.000,0.0000
239530.667,0.0000
239541.333,0.0000
239552.000,0.0000
239562.667,0.0000
239573.333,0.0000
239584.000,0.0000
239594.667,0.0000
239605.333,0.0000
239616.000,0.0000
239626.667,0.0000
239637.333,0.0000
239648.000,0.0000
239658.667,0.0000
239669.333,0.0000
239680.000,0.0000
239690.667,0.0000
239701.333,0.0000
239712.000,0.0000
239722.667,0.0000
239733.333,0.0000
239744.000,0.0000
239754.667,0.0000
239765.333,0.0000
239776.000,0.0000
239786.667,0.0000
239797.333,0.0000
239808.000,0.0000
239818.667,0.0000
239829.333,0.0000
239840.000,0.0000
239850.667,0.0000
239861.333,0.0000
239872.000,0.0000
239882.667,0.0000
239893.333,0.0000
239904.000,0.0000
239914.667,0.0000
239925.333,0.0000
239936.000,0.0000
239946.667,0.0000
239957.333,0.0000
239968.000,0.0000
239978.667,0.0000
239989.333,0.0000
240000.000,0.0000
240010.667,0.0000
240021.333,0.0000
240032.000,0.0000
240042.667,0.0000
240053.333,0.0000
240064.000,0.0000
240074.667,0.0000
240085.333,0.0000
240096.000,0.0000
240106.667,0.0000
240117.333,0.0000
240128.000,0.0000
240138.667,0.0000
240149.333,0.0000
240160.000,0.0000
240170.667,0.0000
240181.333,0.0000
240192.000,0.0000
240202.667,0.0000
240213.333,0.0000
240224.000,0.0000
240234.667,0.0000
240245.333,0.0000
240256.000,0.0000
240266.667,0.0000
240277.333,0.0000
240288.000,0.0000
240298.667,0.0000
240309.333,0.0000
240320.000,0.0000
240330.667,0.0000
240341.333,0.0000
240352.000,0.0000
240362.667,0.0000
240373.333,0.0000
240384.000,0.0000
240394.667,0.0000
240405.333,0.0000
240416.000,0.0000
240426.667,0.0000
240437.333,0.0000
240448.000,0.0000
240458.667,0.0000
240469.333,0.0000
240480.000,0.0000
240490.667,0.0000
240501.333,0.0000
240512.000,0.0000
240522.667,0.0000
240533.333,0.0000
240544.000,0.0000
240554.667,0.0000
240565.333,0.0000
240576.000,0.0000
240586.667,0.0000
240597.333,0.0000
240608.000,0.0000
240618.667,0.0000
240629.333,0.0000
240640.000,0.0000
240650.667,0.0000
240661.333,0.0000
240672.000,0.0000
240682.667,0.0000
240693.333,0.0000
240704.000,0.0000
240714.667,0.0000
240725.333,0.0000
240736.000,0.0000
240746.667,0.0000
240757.333,0.0000
240768.000,0.0000
240778.667,0.0000
240789.333,0.0000
240800.000,0.0000
240810.667,0.0000
240821.333,0.0000
240832.000,0.0000
240842.667,0.0000
240853.333,0.0000
240864.000,0.0000
240874.667,0.0000
240885.333,0.0000
240896.000,0.0000
240906.667,0.0000
240917.333,0.0000
240928.000,0.0000
240938.667,0.0000
240949.333,0.0000
240960.000,0.0000
240970.667,0.0000
240981.333,0.0000
240992.000,0.0000
241002.667,0.0000
241013.333,0.0000
241024.000,0.0000
241034.667,0.0000
241045.333,0.0000
241056.000,0.0000
241066.667,0.0000
241077.333,0.0000
241088.000,0.0000
241098.667,0.0000
241109.333,0.0000
241120.000,0.0000
241130.667,0.0000
241141.333,0.0000
241152.000,0.0000
241162.667,0.0000
241173.333,0.0000
241184.000,0.0000
241194.667,0.0000
241205.333,0.0000
241216.000,0.0000
241226.667,0.0000
241237.333,0.0000
241248.000,0.0000
241258.667,0.0000
241269.333,0.0000
241280.000,0.0000
241290.667,0.0000
241301.333,0.0000
241312.000,0.0000
241322.667,0.0000
241333.333,0.0000
241344.000,0.0000
241354.667,0.0000
241365.333,0.0000
241376.000,0.0000
241386.667,0.0000
241397.333,0.0000
241408.000,0.0000
241418.667,0.0000
241429.333,0.0000
241440.000,0.0000
241450.667,0.0000
241461.333,0.0000
241472.000,0.0000
241482.667,0.0000
241493.333,0.0000
241504.000,0.0000
241514.667,0.0000
241525.333,0.0000
241536.000,0.0000
241546.667,0.0000
241557.333,0.0000
241568.000,0.0000
241578.667,0.0000
241589.333,0.0000
241600.000,0.0000
241610.667,0.0000
241621.333,0.0000
241632.000,0.0000
241642.667,0.0000
241653.333,0.0000
241664.000,0.0000
241674.667,0.0000
241685.333,0.0000
241696.000,0.0000
241706.667,0.0000
241717.333,0.0000
241728.000,0.0000
241738.667,0.0000
241749.333,0.0000
241760.000,0.0000
241770.667,0.0000
241781.333,0.0000
241792.000,0.0000
241802.667,0.0000
241813.333,0.0000
241824.000,0.0000
241834.667,0.0000
241845.333,0.0000
241856.000,0.0000
241866.667,0.0000
241877.333,0.0000
241888.000,0.0000
241898.667,0.0000
241909.333,0.0000
241920.000,0.0000
241930.667,0.0000
241941.333,0.0000
241952.000,0.0000
241962.667,0.0000
241973.333,0.0000
241984.000,0.0000
241994.667,0.0000
242005.333,0.0000
242016.000,0.0000
242026.667,0.0000
242037.333,0.0000
242048.000,0.0000
242058.667,0.0000
242069.333,0.0000
242080.000,0.0000
242090.667,0.0000
242101.333,0.0000
