timestamp_ms,frequency_hz
0.000,0.0000
10.667,0.0000
21.333,0.0000
32.000,0.0000
42.667,0.0000
53.333,0.0000
64.000,0.0000
74.667,0.0000
85.333,0.0000
96.000,0.0000
106.667,0.0000
117.333,0.0000
128.000,0.0000
138.667,0.0000
149.333,0.0000
160.000,0.0000
170.667,0.0000
181.333,0.0000
192.000,0.0000
202.667,0.0000
213.333,0.0000
224.000,0.0000
234.667,280.1900
245.333,281.8131
256.000,288.4001
266.667,298.5706
277.333,303.7895
288.000,307.3193
298.667,310.8902
309.333,310.8902
320.000,312.6912
330.667,312.6912
341.333,310.8902
352.000,310.8902
362.667,310.8902
373.333,310.8902
384.000,310.8902
394.667,310.8902
405.333,310.8902
416.000,310.8902
426.667,310.8902
437.333,310.8902
448.000,312.6912
458.667,312.6912
469.333,312.6912
480.000,314.5026
490.667,318.1569
501.333,329.3767
512.000,327.4796
522.667,327.4796
533.333,327.4796
544.000,327.4796
554.667,329.3767
565.333,329.3767
576.000,329.3767
586.667,329.3767
597.333,329.3767
608.000,329.3767
618.667,329.3767
629.333,329.3767
640.000,329.3767
650.667,329.3767
661.333,329.3767
672.000,329.3767
682.667,331.2848
693.333,331.2848
704.000,331.2848
714.667,331.2848
725.333,329.3767
736.000,329.3767
746.667,327.4796
757.333,325.5935
768.000,346.9526
778.667,359.1879
789.333,361.2686
800.000,365.4663
810.667,367.5835
821.333,369.7129
832.000,369.7129
842.667,371.8546
853.333,369.7129
864.000,369.7129
874.667,369.7129
885.333,369.7129
896.000,369.7129
906.667,369.7129
917.333,369.7129
928.000,369.7129
938.667,0.0000
949.333,310.8902
960.000,310.8902
970.667,309.0996
981.333,310.8902
992.000,312.6912
1002.667,0.0000
1013.333,0.0000
1024.000,0.0000
1034.667,482.2357
1045.333,487.8390
1056.000,490.6651
1066.667,496.3663
1077.333,499.2417
1088.000,499.2417
1098.667,499.2417
1109.333,499.2417
1120.000,499.2417
1130.667,499.2417
1141.333,496.3663
1152.000,496.3663
1162.667,493.5075
1173.333,493.5075
1184.000,493.5075
1194.667,490.6651
1205.333,493.5075
1216.000,493.5075
1226.667,493.5075
1237.333,496.3663
1248.000,496.3663
1258.667,496.3663
1269.333,496.3663
1280.000,496.3663
1290.667,493.5075
1301.333,496.3663
1312.000,496.3663
1322.667,502.1338
1333.333,510.9110
1344.000,522.8529
1354.667,535.0741
1365.333,544.4270
1376.000,550.7529
1386.667,553.9434
1397.333,557.1524
1408.000,557.1524
1418.667,557.1524
1429.333,557.1524
1440.000,553.9434
1450.667,553.9434
1461.333,553.9434
1472.000,553.9434
1482.667,557.1524
1493.333,557.1524
1504.000,553.9434
1514.667,553.9434
1525.333,553.9434
1536.000,553.9434
1546.667,553.9434
1557.333,553.9434
1568.000,553.9434
1578.667,553.9434
1589.333,553.9434
1600.000,553.9434
1610.667,553.9434
1621.333,553.9434
1632.000,553.9434
1642.667,553.9434
1653.333,553.9434
1664.000,553.9434
1674.667,553.9434
1685.333,550.7529
1696.000,544.4270
1706.667,550.7529
1717.333,550.7529
1728.000,0.0000
1738.667,0.0000
1749.333,0.0000
1760.000,0.0000
1770.667,0.0000
1781.333,0.0000
1792.000,0.0000
1802.667,0.0000
1813.333,0.0000
1824.000,0.0000
1834.667,0.0000
1845.333,553.9434
1856.000,516.8475
1866.667,507.9683
1877.333,502.1338
1888.000,496.3663
1898.667,493.5075
1909.333,493.5075
1920.000,493.5075
1930.667,493.5075
1941.333,493.5075
1952.000,493.5075
1962.667,493.5075
1973.333,493.5075
1984.000,493.5075
1994.667,493.5075
2005.333,493.5075
2016.000,493.5075
2026.667,496.3663
2037.333,496.3663
2048.000,493.5075
2058.667,493.5075
2069.333,493.5075
2080.000,493.5075
2090.667,493.5075
2101.333,493.5075
2112.000,493.5075
2122.667,493.5075
2133.333,493.5075
2144.000,493.5075
2154.667,493.5075
2165.333,493.5075
2176.000,493.5075
2186.667,493.5075
2197.333,496.3663
2208.000,496.3663
2218.667,496.3663
2229.333,496.3663
2240.000,496.3663
2250.667,490.6651
2261.333,490.6651
2272.000,499.2417
2282.667,493.5075
2293.333,493.5075
2304.000,0.0000
2314.667,0.0000
2325.333,0.0000
2336.000,0.0000
2346.667,0.0000
2357.333,0.0000
2368.000,0.0000
2378.667,0.0000
2389.333,0.0000
2400.000,455.1699
2410.667,463.1262
2421.333,468.5074
2432.000,471.2215
2442.667,471.2215
2453.333,473.9512
2464.000,476.6968
2474.667,482.2357
2485.333,485.0293
2496.000,490.6651
2506.667,493.5075
2517.333,496.3663
2528.000,496.3663
2538.667,496.3663
2549.333,496.3663
2560.000,496.3663
2570.667,496.3663
2581.333,493.5075
2592.000,493.5075
2602.667,493.5075
2613.333,493.5075
2624.000,493.5075
2634.667,493.5075
2645.333,493.5075
2656.000,493.5075
2666.667,487.8390
2677.333,485.0293
2688.000,473.9512
2698.667,468.5074
2709.333,463.1262
2720.000,460.4587
2730.667,457.8067
2741.333,457.8067
2752.000,457.8067
2762.667,460.4587
2773.333,463.1262
2784.000,463.1262
2794.667,465.8090
2805.333,465.8090
2816.000,465.8090
2826.667,465.8090
2837.333,465.8090
2848.000,465.8090
2858.667,460.4587
2869.333,460.4587
2880.000,452.5483
2890.667,442.2121
2901.333,432.1120
2912.000,384.9680
2922.667,0.0000
2933.333,0.0000
2944.000,0.0000
2954.667,0.0000
2965.333,357.1191
2976.000,355.0622
2986.667,361.2686
2997.333,361.2686
3008.000,365.4663
3018.667,367.5835
3029.333,367.5835
3040.000,367.5835
3050.667,367.5835
3061.333,369.7129
3072.000,369.7129
3082.667,369.7129
3093.333,369.7129
3104.000,367.5835
3114.667,367.5835
3125.333,365.4663
3136.000,365.4663
3146.667,369.7129
3157.333,369.7129
3168.000,369.7129
3178.667,369.7129
3189.333,369.7129
3200.000,0.0000
3210.667,0.0000
3221.333,365.4663
3232.000,335.1341
3242.667,331.2848
3253.333,331.2848
3264.000,331.2848
3274.667,331.2848
3285.333,331.2848
3296.000,329.3767
3306.667,327.4796
3317.333,327.4796
3328.000,327.4796
3338.667,327.4796
3349.333,327.4796
3360.000,327.4796
3370.667,329.3767
3381.333,329.3767
3392.000,329.3767
3402.667,331.2848
3413.333,331.2848
3424.000,331.2848
3434.667,331.2848
3445.333,329.3767
3456.000,329.3767
3466.667,329.3767
3477.333,329.3767
3488.000,329.3767
3498.667,329.3767
3509.333,329.3767
3520.000,329.3767
3530.667,329.3767
3541.333,329.3767
3552.000,329.3767
3562.667,329.3767
3573.333,329.3767
3584.000,329.3767
3594.667,329.3767
3605.333,329.3767
3616.000,329.3767
3626.667,329.3767
3637.333,329.3767
3648.000,329.3767
3658.667,329.3767
3669.333,329.3767
3680.000,329.3767
3690.667,329.3767
3701.333,329.3767
3712.000,329.3767
3722.667,329.3767
3733.333,329.3767
3744.000,329.3767
3754.667,331.2848
3765.333,331.2848
3776.000,333.2039
3786.667,333.2039
3797.333,335.1341
3808.000,335.1341
3818.667,333.2039
3829.333,329.3767
3840.000,329.3767
3850.667,327.4796
3861.333,327.4796
3872.000,331.2848
3882.667,331.2848
3893.333,333.2039
3904.000,333.2039
3914.667,0.0000
3925.333,0.0000
3936.000,0.0000
3946.667,0.0000
3957.333,327.4796
3968.000,329.3767
3978.667,331.2848
3989.333,331.2848
4000.000,331.2848
4010.667,0.0000
4021.333,0.0000
4032.000,0.0000
4042.667,0.0000
4053.333,302.0398
4064.000,302.0398
4074.667,305.5493
4085.333,309.0996
4096.000,312.6912
4106.667,320.0000
4117.333,325.5935
4128.000,329.3767
4138.667,331.2848
4149.333,331.2848
4160.000,333.2039
4170.667,331.2848
4181.333,331.2848
4192.000,329.3767
4202.667,329.3767
4213.333,329.3767
4224.000,329.3767
4234.667,329.3767
4245.333,329.3767
4256.000,329.3767
4266.667,329.3767
4277.333,329.3767
4288.000,329.3767
4298.667,329.3767
4309.333,329.3767
4320.000,331.2848
4330.667,333.2039
4341.333,335.1341
4352.000,335.1341
4362.667,333.2039
4373.333,331.2848
4384.000,329.3767
4394.667,327.4796
4405.333,327.4796
4416.000,327.4796
4426.667,329.3767
4437.333,333.2039
4448.000,333.2039
4458.667,333.2039
4469.333,333.2039
4480.000,331.2848
4490.667,329.3767
4501.333,325.5935
4512.000,321.8537
4522.667,316.3245
4533.333,310.8902
4544.000,307.3193
4554.667,303.7895
4565.333,300.3002
4576.000,295.1412
4586.667,290.0708
4597.333,290.0708
4608.000,295.1412
4618.667,300.3002
4629.333,305.5493
4640.000,309.0996
4650.667,316.3245
4661.333,321.8537
4672.000,325.5935
4682.667,325.5935
4693.333,327.4796
4704.000,327.4796
4714.667,327.4796
4725.333,327.4796
4736.000,329.3767
4746.667,329.3767
4757.333,327.4796
4768.000,327.4796
4778.667,329.3767
4789.333,329.3767
4800.000,329.3767
4810.667,329.3767
4821.333,329.3767
4832.000,325.5935
4842.667,323.7182
4853.333,320.0000
4864.000,314.5026
4874.667,310.8902
4885.333,309.0996
4896.000,309.0996
4906.667,309.0996
4917.333,309.0996
4928.000,310.8902
4938.667,312.6912
4949.333,312.6912
4960.000,312.6912
4970.667,312.6912
4981.333,312.6912
4992.000,312.6912
5002.667,310.8902
5013.333,310.8902
5024.000,309.0996
5034.667,307.3193
5045.333,0.0000
5056.000,234.2537
5066.667,224.9709
5077.333,214.8116
5088.000,209.9053
5098.667,208.6963
5109.333,214.8116
5120.000,221.1061
5130.667,232.9045
5141.333,245.3325
5152.000,248.1832
5162.667,248.1832
5173.333,248.1832
5184.000,246.7537
5194.667,246.7537
5205.333,246.7537
5216.000,246.7537
5226.667,246.7537
5237.333,246.7537
5248.000,246.7537
5258.667,246.7537
5269.333,246.7537
5280.000,246.7537
5290.667,246.7537
5301.333,245.3325
5312.000,231.5631
5322.667,241.1179
5333.333,248.1832
5344.000,0.0000
5354.667,0.0000
5365.333,0.0000
5376.000,0.0000
5386.667,0.0000
5397.333,0.0000
5408.000,272.2135
5418.667,272.2135
5429.333,283.4456
5440.000,285.0876
5450.667,288.4001
5461.333,290.0708
5472.000,295.1412
5482.667,298.5706
5493.333,300.3002
5504.000,302.0398
5514.667,303.7895
5525.333,310.8902
5536.000,316.3245
5546.667,320.0000
5557.333,321.8537
5568.000,325.5935
5578.667,329.3767
5589.333,331.2848
5600.000,331.2848
5610.667,331.2848
5621.333,331.2848
5632.000,331.2848
5642.667,331.2848
5653.333,329.3767
5664.000,329.3767
5674.667,329.3767
5685.333,329.3767
5696.000,329.3767
5706.667,329.3767
5717.333,329.3767
5728.000,329.3767
5738.667,329.3767
5749.333,331.2848
5760.000,331.2848
5770.667,331.2848
5781.333,329.3767
5792.000,329.3767
5802.667,329.3767
5813.333,327.4796
5824.000,327.4796
5834.667,327.4796
5845.333,329.3767
5856.000,329.3767
5866.667,329.3767
5877.333,329.3767
5888.000,329.3767
5898.667,327.4796
5909.333,327.4796
5920.000,318.1569
5930.667,314.5026
5941.333,305.5493
5952.000,307.3193
5962.667,312.6912
5973.333,312.6912
5984.000,312.6912
5994.667,310.8902
6005.333,309.0996
6016.000,309.0996
6026.667,310.8902
6037.333,310.8902
6048.000,310.8902
6058.667,310.8902
6069.333,310.8902
6080.000,310.8902
6090.667,310.8902
6101.333,310.8902
6112.000,310.8902
6122.667,310.8902
6133.333,310.8902
6144.000,310.8902
6154.667,310.8902
6165.333,310.8902
6176.000,310.8902
6186.667,310.8902
6197.333,310.8902
6208.000,310.8902
6218.667,310.8902
6229.333,309.0996
6240.000,309.0996
6250.667,309.0996
6261.333,310.8902
6272.000,310.8902
6282.667,310.8902
6293.333,312.6912
6304.000,312.6912
6314.667,310.8902
6325.333,312.6912
6336.000,298.5706
6346.667,0.0000
6357.333,0.0000
6368.000,0.0000
6378.667,0.0000
6389.333,0.0000
6400.000,0.0000
6410.667,0.0000
6421.333,0.0000
6432.000,0.0000
6442.667,329.3767
6453.333,321.8537
6464.000,321.8537
6474.667,316.3245
6485.333,314.5026
6496.000,281.8131
6506.667,280.1900
6517.333,280.1900
6528.000,278.5762
6538.667,278.5762
6549.333,278.5762
6560.000,278.5762
6570.667,278.5762
6581.333,276.9717
6592.000,276.9717
6602.667,276.9717
6613.333,276.9717
6624.000,276.9717
6634.667,276.9717
6645.333,276.9717
6656.000,276.9717
6666.667,276.9717
6677.333,276.9717
6688.000,276.9717
6698.667,276.9717
6709.333,278.5762
6720.000,278.5762
6730.667,278.5762
6741.333,276.9717
6752.000,275.3765
6762.667,275.3765
6773.333,275.3765
6784.000,275.3765
6794.667,276.9717
6805.333,276.9717
6816.000,276.9717
6826.667,276.9717
6837.333,276.9717
6848.000,276.9717
6858.667,276.9717
6869.333,276.9717
6880.000,276.9717
6890.667,276.9717
6901.333,276.9717
6912.000,276.9717
6922.667,276.9717
6933.333,276.9717
6944.000,276.9717
6954.667,278.5762
6965.333,278.5762
6976.000,278.5762
6986.667,278.5762
6997.333,278.5762
7008.000,278.5762
7018.667,276.9717
7029.333,275.3765
7040.000,270.6457
7050.667,265.9961
7061.333,253.9842
7072.000,243.9195
7082.667,242.5147
7093.333,242.5147
7104.000,243.9195
7114.667,245.3325
7125.333,245.3325
7136.000,245.3325
7146.667,246.7537
7157.333,246.7537
7168.000,246.7537
7178.667,248.1832
7189.333,248.1832
7200.000,248.1832
7210.667,248.1832
7221.333,248.1832
7232.000,248.1832
7242.667,248.1832
7253.333,246.7537
7264.000,241.1179
7274.667,230.2294
7285.333,224.9709
7296.000,227.5850
7306.667,239.7291
7317.333,269.0869
7328.000,265.9961
7338.667,265.9961
7349.333,265.9961
7360.000,269.0869
7370.667,275.3765
7381.333,278.5762
7392.000,280.1900
7402.667,281.8131
7413.333,281.8131
7424.000,286.7391
7434.667,291.7512
7445.333,302.0398
7456.000,310.8902
7466.667,316.3245
7477.333,316.3245
7488.000,314.5026
7498.667,312.6912
7509.333,310.8902
7520.000,309.0996
7530.667,309.0996
7541.333,309.0996
7552.000,310.8902
7562.667,310.8902
7573.333,310.8902
7584.000,309.0996
7594.667,307.3193
7605.333,303.7895
7616.000,281.8131
7626.667,272.2135
7637.333,267.5370
7648.000,259.9208
7658.667,258.4237
7669.333,261.4265
7680.000,264.4641
7690.667,265.9961
7701.333,273.7904
7712.000,275.3765
7722.667,276.9717
7733.333,276.9717
7744.000,276.9717
7754.667,276.9717
7765.333,276.9717
7776.000,276.9717
7786.667,276.9717
7797.333,276.9717
7808.000,276.9717
7818.667,278.5762
7829.333,278.5762
7840.000,276.9717
7850.667,276.9717
7861.333,276.9717
7872.000,276.9717
7882.667,276.9717
7893.333,278.5762
7904.000,278.5762
7914.667,278.5762
7925.333,278.5762
7936.000,278.5762
7946.667,278.5762
7957.333,278.5762
7968.000,278.5762
7978.667,278.5762
7989.333,280.1900
8000.000,280.1900
8010.667,281.8131
8021.333,281.8131
8032.000,281.8131
8042.667,280.1900
8053.333,276.9717
8064.000,275.3765
8074.667,273.7904
8085.333,273.7904
8096.000,276.9717
8106.667,280.1900
8117.333,285.0876
8128.000,288.4001
8138.667,290.0708
8149.333,288.4001
8160.000,285.0876
8170.667,280.1900
8181.333,278.5762
8192.000,275.3765
8202.667,275.3765
8213.333,275.3765
8224.000,278.5762
8234.667,280.1900
8245.333,280.1900
8256.000,280.1900
8266.667,278.5762
8277.333,276.9717
8288.000,276.9717
8298.667,276.9717
8309.333,276.9717
8320.000,276.9717
8330.667,276.9717
8341.333,276.9717
8352.000,276.9717
8362.667,276.9717
8373.333,276.9717
8384.000,275.3765
8394.667,275.3765
8405.333,0.0000
8416.000,0.0000
8426.667,0.0000
8437.333,0.0000
8448.000,270.6457
8458.667,273.7904
8469.333,276.9717
8480.000,278.5762
8490.667,280.1900
8501.333,281.8131
8512.000,285.0876
8522.667,288.4001
8533.333,290.0708
8544.000,303.7895
8554.667,305.5493
8565.333,316.3245
8576.000,316.3245
8586.667,314.5026
8597.333,309.0996
8608.000,307.3193
8618.667,305.5493
8629.333,0.0000
8640.000,0.0000
8650.667,0.0000
8661.333,0.0000
8672.000,0.0000
8682.667,0.0000
8693.333,0.0000
8704.000,0.0000
8714.667,0.0000
8725.333,0.0000
8736.000,0.0000
8746.667,0.0000
8757.333,0.0000
8768.000,0.0000
8778.667,0.0000
8789.333,0.0000
8800.000,272.2135
8810.667,273.7904
8821.333,275.3765
8832.000,275.3765
8842.667,275.3765
8853.333,275.3765
8864.000,276.9717
8874.667,276.9717
8885.333,276.9717
8896.000,0.0000
8906.667,0.0000
8917.333,0.0000
8928.000,0.0000
8938.667,0.0000
8949.333,251.0669
8960.000,264.4641
8970.667,272.2135
8981.333,281.8131
8992.000,291.7512
9002.667,298.5706
9013.333,303.7895
9024.000,307.3193
9034.667,309.0996
9045.333,309.0996
9056.000,307.3193
9066.667,307.3193
9077.333,307.3193
9088.000,309.0996
9098.667,309.0996
9109.333,310.8902
9120.000,310.8902
9130.667,310.8902
9141.333,310.8902
9152.000,310.8902
9162.667,310.8902
9173.333,309.0996
9184.000,309.0996
9194.667,309.0996
9205.333,310.8902
9216.000,312.6912
9226.667,316.3245
9237.333,325.5935
9248.000,331.2848
9258.667,335.1341
9269.333,337.0755
9280.000,337.0755
9290.667,335.1341
9301.333,333.2039
9312.000,331.2848
9322.667,331.2848
9333.333,329.3767
9344.000,327.4796
9354.667,327.4796
9365.333,327.4796
9376.000,327.4796
9386.667,329.3767
9397.333,329.3767
9408.000,331.2848
9418.667,331.2848
9429.333,329.3767
9440.000,329.3767
9450.667,327.4796
9461.333,327.4796
9472.000,327.4796
9482.667,320.0000
9493.333,325.5935
9504.000,363.3614
9514.667,371.8546
9525.333,371.8546
9536.000,371.8546
9546.667,371.8546
9557.333,371.8546
9568.000,369.7129
9578.667,369.7129
9589.333,369.7129
9600.000,367.5835
9610.667,367.5835
9621.333,367.5835
9632.000,367.5835
9642.667,367.5835
9653.333,365.4663
9664.000,363.3614
9674.667,0.0000
9685.333,0.0000
9696.000,0.0000
9706.667,0.0000
9717.333,0.0000
9728.000,0.0000
9738.667,0.0000
9749.333,0.0000
9760.000,485.0293
9770.667,485.0293
9781.333,487.8390
9792.000,493.5075
9802.667,493.5075
9813.333,493.5075
9824.000,493.5075
9834.667,493.5075
9845.333,493.5075
9856.000,493.5075
9866.667,493.5075
9877.333,493.5075
9888.000,493.5075
9898.667,493.5075
9909.333,496.3663
9920.000,496.3663
9930.667,493.5075
9941.333,493.5075
9952.000,493.5075
9962.667,493.5075
9973.333,493.5075
9984.000,493.5075
9994.667,493.5075
10005.333,493.5075
10016.000,496.3663
10026.667,499.2417
10037.333,502.1338
10048.000,507.9683
10058.667,519.8415
10069.333,535.0741
10080.000,541.2913
10090.667,547.5808
10101.333,550.7529
10112.000,553.9434
10122.667,553.9434
10133.333,553.9434
10144.000,553.9434
10154.667,557.1524
10165.333,557.1524
10176.000,557.1524
10186.667,557.1524
10197.333,557.1524
10208.000,557.1524
10218.667,553.9434
10229.333,553.9434
10240.000,553.9434
10250.667,553.9434
10261.333,553.9434
10272.000,553.9434
10282.667,553.9434
10293.333,553.9434
10304.000,553.9434
10314.667,553.9434
10325.333,553.9434
10336.000,553.9434
10346.667,553.9434
10357.333,553.9434
10368.000,547.5808
10378.667,538.1737
10389.333,525.8818
10400.000,525.8818
10410.667,507.9683
10421.333,510.9110
10432.000,476.6968
10442.667,0.0000
10453.333,0.0000
10464.000,0.0000
10474.667,0.0000
10485.333,0.0000
10496.000,0.0000
10506.667,0.0000
10517.333,0.0000
10528.000,0.0000
10538.667,0.0000
10549.333,0.0000
10560.000,0.0000
10570.667,0.0000
10581.333,490.6651
10592.000,490.6651
10602.667,487.8390
10613.333,485.0293
10624.000,485.0293
10634.667,487.8390
10645.333,490.6651
10656.000,490.6651
10666.667,490.6651
10677.333,490.6651
10688.000,490.6651
10698.667,490.6651
10709.333,490.6651
10720.000,493.5075
10730.667,493.5075
10741.333,493.5075
10752.000,496.3663
10762.667,496.3663
10773.333,493.5075
10784.000,493.5075
10794.667,493.5075
10805.333,493.5075
10816.000,496.3663
10826.667,496.3663
10837.333,496.3663
10848.000,496.3663
10858.667,496.3663
10869.333,496.3663
10880.000,496.3663
10890.667,496.3663
10901.333,496.3663
10912.000,496.3663
10922.667,496.3663
10933.333,496.3663
10944.000,496.3663
10954.667,493.5075
10965.333,493.5075
10976.000,493.5075
10986.667,493.5075
10997.333,493.5075
11008.000,493.5075
11018.667,490.6651
11029.333,490.6651
11040.000,490.6651
11050.667,487.8390
11061.333,487.8390
11072.000,485.0293
11082.667,485.0293
11093.333,485.0293
11104.000,516.8475
11114.667,485.0293
11125.333,485.0293
11136.000,485.0293
11146.667,485.0293
11157.333,487.8390
11168.000,490.6651
11178.667,493.5075
11189.333,496.3663
11200.000,496.3663
11210.667,493.5075
11221.333,493.5075
11232.000,493.5075
11242.667,493.5075
11253.333,493.5075
11264.000,493.5075
11274.667,493.5075
11285.333,493.5075
11296.000,493.5075
11306.667,493.5075
11317.333,493.5075
11328.000,493.5075
11338.667,493.5075
11349.333,490.6651
11360.000,490.6651
11370.667,490.6651
11381.333,476.6968
11392.000,471.2215
11402.667,471.2215
11413.333,468.5074
11424.000,468.5074
11434.667,463.1262
11445.333,460.4587
11456.000,460.4587
11466.667,460.4587
11477.333,460.4587
11488.000,463.1262
11498.667,463.1262
11509.333,465.8090
11520.000,465.8090
11530.667,465.8090
11541.333,465.8090
11552.000,465.8090
11562.667,465.8090
11573.333,465.8090
11584.000,465.8090
11594.667,465.8090
11605.333,463.1262
11616.000,460.4587
11626.667,455.1699
11637.333,449.9419
11648.000,444.7738
11658.667,391.6971
11669.333,378.3545
11680.000,374.0087
11690.667,374.0087
11701.333,371.8546
11712.000,369.7129
11722.667,369.7129
11733.333,371.8546
11744.000,371.8546
11754.667,371.8546
11765.333,369.7129
11776.000,369.7129
11786.667,0.0000
11797.333,0.0000
11808.000,0.0000
11818.667,0.0000
11829.333,0.0000
11840.000,0.0000
11850.667,0.0000
11861.333,0.0000
11872.000,0.0000
11882.667,0.0000
11893.333,0.0000
11904.000,0.0000
11914.667,348.9625
11925.333,333.2039
11936.000,337.0755
11946.667,337.0755
11957.333,335.1341
11968.000,331.2848
11978.667,331.2848
11989.333,331.2848
12000.000,329.3767
12010.667,329.3767
12021.333,329.3767
12032.000,329.3767
12042.667,329.3767
12053.333,329.3767
12064.000,329.3767
12074.667,329.3767
12085.333,329.3767
12096.000,329.3767
12106.667,329.3767
12117.333,329.3767
12128.000,329.3767
12138.667,327.4796
12149.333,327.4796
12160.000,327.4796
12170.667,327.4796
12181.333,327.4796
12192.000,327.4796
12202.667,327.4796
12213.333,327.4796
12224.000,327.4796
12234.667,327.4796
12245.333,327.4796
12256.000,329.3767
12266.667,329.3767
12277.333,329.3767
12288.000,329.3767
12298.667,329.3767
12309.333,329.3767
12320.000,329.3767
12330.667,327.4796
12341.333,329.3767
12352.000,329.3767
12362.667,329.3767
12373.333,329.3767
12384.000,329.3767
12394.667,329.3767
12405.333,329.3767
12416.000,329.3767
12426.667,329.3767
12437.333,329.3767
12448.000,329.3767
12458.667,329.3767
12469.333,329.3767
12480.000,329.3767
12490.667,329.3767
12501.333,329.3767
12512.000,329.3767
12522.667,329.3767
12533.333,329.3767
12544.000,329.3767
12554.667,327.4796
12565.333,327.4796
12576.000,327.4796
12586.667,327.4796
12597.333,327.4796
12608.000,325.5935
12618.667,323.7182
12629.333,321.8537
12640.000,318.1569
12650.667,318.1569
12661.333,323.7182
12672.000,325.5935
12682.667,327.4796
12693.333,327.4796
12704.000,331.2848
12714.667,335.1341
12725.333,0.0000
12736.000,0.0000
12746.667,300.3002
12757.333,305.5493
12768.000,307.3193
12778.667,312.6912
12789.333,320.0000
12800.000,325.5935
12810.667,329.3767
12821.333,331.2848
12832.000,331.2848
12842.667,329.3767
12853.333,329.3767
12864.000,327.4796
12874.667,327.4796
12885.333,327.4796
12896.000,329.3767
12906.667,329.3767
12917.333,329.3767
12928.000,329.3767
12938.667,329.3767
12949.333,329.3767
12960.000,329.3767
12970.667,329.3767
12981.333,329.3767
12992.000,327.4796
13002.667,327.4796
13013.333,329.3767
13024.000,331.2848
13034.667,335.1341
13045.333,335.1341
13056.000,337.0755
13066.667,335.1341
13077.333,331.2848
13088.000,325.5935
13098.667,323.7182
13109.333,321.8537
13120.000,321.8537
13130.667,323.7182
13141.333,327.4796
13152.000,329.3767
13162.667,335.1341
13173.333,335.1341
13184.000,335.1341
13194.667,331.2848
13205.333,327.4796
13216.000,321.8537
13226.667,316.3245
13237.333,310.8902
13248.000,302.0398
13258.667,295.1412
13269.333,288.4001
13280.000,288.4001
13290.667,302.0398
13301.333,309.0996
13312.000,316.3245
13322.667,320.0000
13333.333,325.5935
13344.000,327.4796
13354.667,327.4796
13365.333,329.3767
13376.000,327.4796
13386.667,327.4796
13397.333,325.5935
13408.000,327.4796
13418.667,327.4796
13429.333,327.4796
13440.000,329.3767
13450.667,331.2848
13461.333,331.2848
13472.000,333.2039
13482.667,333.2039
13493.333,333.2039
13504.000,333.2039
13514.667,333.2039
13525.333,331.2848
13536.000,329.3767
13546.667,327.4796
13557.333,325.5935
13568.000,321.8537
13578.667,320.0000
13589.333,316.3245
13600.000,314.5026
13610.667,312.6912
13621.333,310.8902
13632.000,310.8902
13642.667,309.0996
13653.333,309.0996
13664.000,307.3193
13674.667,307.3193
13685.333,307.3193
13696.000,307.3193
13706.667,309.0996
13717.333,309.0996
13728.000,309.0996
13738.667,309.0996
13749.333,310.8902
13760.000,312.6912
13770.667,312.6912
13781.333,310.8902
13792.000,309.0996
13802.667,307.3193
13813.333,303.7895
13824.000,296.8509
13834.667,0.0000
13845.333,246.7537
13856.000,246.7537
13866.667,246.7537
13877.333,246.7537
13888.000,246.7537
13898.667,246.7537
13909.333,246.7537
13920.000,246.7537
13930.667,248.1832
13941.333,248.1832
13952.000,242.5147
13962.667,228.9033
13973.333,221.1061
13984.000,221.1061
13994.667,222.3869
14005.333,0.0000
14016.000,0.0000
14026.667,0.0000
14037.333,0.0000
14048.000,0.0000
14058.667,0.0000
14069.333,0.0000
14080.000,264.4641
14090.667,265.9961
14101.333,269.0869
14112.000,285.0876
14122.667,293.4413
14133.333,296.8509
14144.000,302.0398
14154.667,305.5493
14165.333,309.0996
14176.000,310.8902
14186.667,312.6912
14197.333,312.6912
14208.000,316.3245
14218.667,318.1569
14229.333,320.0000
14240.000,323.7182
14250.667,327.4796
14261.333,329.3767
14272.000,329.3767
14282.667,329.3767
14293.333,329.3767
14304.000,327.4796
14314.667,329.3767
14325.333,329.3767
14336.000,329.3767
14346.667,329.3767
14357.333,329.3767
14368.000,329.3767
14378.667,329.3767
14389.333,331.2848
14400.000,331.2848
14410.667,331.2848
14421.333,331.2848
14432.000,331.2848
14442.667,329.3767
14453.333,329.3767
14464.000,331.2848
14474.667,331.2848
14485.333,331.2848
14496.000,331.2848
14506.667,329.3767
14517.333,329.3767
14528.000,329.3767
14538.667,329.3767
14549.333,329.3767
14560.000,329.3767
14570.667,329.3767
14581.333,327.4796
14592.000,325.5935
14602.667,318.1569
14613.333,293.4413
14624.000,285.0876
14634.667,278.5762
14645.333,272.2135
14656.000,272.2135
14666.667,276.9717
14677.333,281.8131
14688.000,285.0876
14698.667,285.0876
14709.333,283.4456
14720.000,280.1900
14730.667,280.1900
14741.333,280.1900
14752.000,281.8131
14762.667,283.4456
14773.333,0.0000
14784.000,309.0996
14794.667,310.8902
14805.333,312.6912
14816.000,314.5026
14826.667,314.5026
14837.333,314.5026
14848.000,314.5026
14858.667,312.6912
14869.333,310.8902
14880.000,309.0996
14890.667,309.0996
14901.333,309.0996
14912.000,309.0996
14922.667,309.0996
14933.333,309.0996
14944.000,309.0996
14954.667,310.8902
14965.333,310.8902
14976.000,310.8902
14986.667,310.8902
14997.333,310.8902
15008.000,310.8902
15018.667,310.8902
15029.333,310.8902
15040.000,310.8902
15050.667,310.8902
15061.333,312.6912
15072.000,312.6912
15082.667,312.6912
15093.333,310.8902
15104.000,310.8902
15114.667,285.0876
15125.333,280.1900
15136.000,278.5762
15146.667,275.3765
15157.333,272.2135
15168.000,270.6457
15178.667,269.0869
15189.333,270.6457
15200.000,278.5762
15210.667,278.5762
15221.333,276.9717
15232.000,276.9717
15242.667,276.9717
15253.333,276.9717
15264.000,276.9717
15274.667,276.9717
15285.333,276.9717
15296.000,276.9717
15306.667,276.9717
15317.333,276.9717
15328.000,276.9717
15338.667,276.9717
15349.333,276.9717
15360.000,276.9717
15370.667,276.9717
15381.333,276.9717
15392.000,276.9717
15402.667,276.9717
15413.333,276.9717
15424.000,276.9717
15434.667,276.9717
15445.333,276.9717
15456.000,276.9717
15466.667,276.9717
15477.333,276.9717
15488.000,276.9717
15498.667,276.9717
15509.333,276.9717
15520.000,276.9717
15530.667,276.9717
15541.333,276.9717
15552.000,276.9717
15562.667,276.9717
15573.333,276.9717
15584.000,276.9717
15594.667,276.9717
15605.333,276.9717
15616.000,276.9717
15626.667,276.9717
15637.333,278.5762
15648.000,278.5762
15658.667,278.5762
15669.333,278.5762
15680.000,276.9717
15690.667,273.7904
15701.333,272.2135
15712.000,270.6457
15722.667,267.5370
15733.333,265.9961
15744.000,259.9208
15754.667,246.7537
15765.333,246.7537
15776.000,246.7537
15786.667,246.7537
15797.333,246.7537
15808.000,246.7537
15818.667,246.7537
15829.333,246.7537
15840.000,246.7537
15850.667,246.7537
15861.333,246.7537
15872.000,248.1832
15882.667,248.1832
15893.333,248.1832
15904.000,248.1832
15914.667,246.7537
15925.333,245.3325
15936.000,224.9709
15946.667,223.6752
15957.333,224.9709
15968.000,206.2992
15978.667,205.1111
15989.333,0.0000
16000.000,0.0000
16010.667,264.4641
16021.333,265.9961
16032.000,267.5370
16042.667,270.6457
16053.333,275.3765
16064.000,278.5762
16074.667,280.1900
16085.333,281.8131
16096.000,283.4456
16106.667,290.0708
16117.333,298.5706
16128.000,307.3193
16138.667,310.8902
16149.333,312.6912
16160.000,312.6912
16170.667,309.0996
16181.333,307.3193
16192.000,307.3193
16202.667,307.3193
16213.333,309.0996
16224.000,312.6912
16234.667,312.6912
16245.333,314.5026
16256.000,312.6912
16266.667,312.6912
16277.333,310.8902
16288.000,307.3193
16298.667,309.0996
16309.333,314.5026
16320.000,314.5026
16330.667,316.3245
16341.333,316.3245
16352.000,0.0000
16362.667,0.0000
16373.333,286.7391
16384.000,286.7391
16394.667,267.5370
16405.333,272.2135
16416.000,273.7904
16426.667,273.7904
16437.333,275.3765
16448.000,275.3765
16458.667,273.7904
16469.333,273.7904
16480.000,275.3765
16490.667,275.3765
16501.333,276.9717
16512.000,276.9717
16522.667,278.5762
16533.333,278.5762
16544.000,278.5762
16554.667,278.5762
16565.333,278.5762
16576.000,278.5762
16586.667,278.5762
16597.333,278.5762
16608.000,276.9717
16618.667,276.9717
16629.333,276.9717
16640.000,276.9717
16650.667,276.9717
16661.333,278.5762
16672.000,278.5762
16682.667,278.5762
16693.333,278.5762
16704.000,276.9717
16714.667,276.9717
16725.333,276.9717
16736.000,276.9717
16746.667,276.9717
16757.333,281.8131
16768.000,288.4001
16778.667,293.4413
16789.333,296.8509
16800.000,298.5706
16810.667,296.8509
16821.333,290.0708
16832.000,285.0876
16842.667,281.8131
16853.333,276.9717
16864.000,275.3765
16874.667,278.5762
16885.333,280.1900
16896.000,281.8131
16906.667,283.4456
16917.333,283.4456
16928.000,283.4456
16938.667,283.4456
16949.333,281.8131
16960.000,281.8131
16970.667,283.4456
16981.333,281.8131
16992.000,280.1900
17002.667,280.1900
17013.333,278.5762
17024.000,276.9717
17034.667,276.9717
17045.333,275.3765
17056.000,276.9717
17066.667,280.1900
17077.333,280.1900
17088.000,280.1900
17098.667,278.5762
17109.333,276.9717
17120.000,276.9717
17130.667,276.9717
17141.333,276.9717
17152.000,276.9717
17162.667,278.5762
17173.333,276.9717
17184.000,276.9717
17194.667,276.9717
17205.333,276.9717
17216.000,276.9717
17226.667,275.3765
17237.333,275.3765
17248.000,275.3765
17258.667,275.3765
17269.333,273.7904
17280.000,276.9717
17290.667,276.9717
17301.333,276.9717
17312.000,276.9717
17322.667,276.9717
17333.333,276.9717
17344.000,278.5762
17354.667,278.5762
17365.333,0.0000
17376.000,0.0000
17386.667,0.0000
17397.333,0.0000
17408.000,0.0000
17418.667,0.0000
17429.333,0.0000
17440.000,0.0000
17450.667,0.0000
17461.333,0.0000
17472.000,0.0000
17482.667,0.0000
17493.333,0.0000
17504.000,0.0000
17514.667,0.0000
17525.333,0.0000
17536.000,0.0000
17546.667,0.0000
17557.333,0.0000
17568.000,0.0000
17578.667,0.0000
17589.333,0.0000
17600.000,0.0000
17610.667,0.0000
17621.333,0.0000
17632.000,0.0000
17642.667,0.0000
17653.333,0.0000
17664.000,0.0000
17674.667,0.0000
17685.333,0.0000
17696.000,0.0000
17706.667,0.0000
17717.333,0.0000
17728.000,0.0000
17738.667,321.8537
17749.333,305.5493
17760.000,291.7512
17770.667,290.0708
17781.333,291.7512
17792.000,303.7895
17802.667,320.0000
17813.333,331.2848
17824.000,309.0996
17834.667,344.9543
17845.333,346.9526
17856.000,312.6912
17866.667,312.6912
17877.333,276.9717
17888.000,275.3765
17898.667,267.5370
17909.333,269.0869
17920.000,0.0000
17930.667,0.0000
17941.333,226.2742
17952.000,227.5850
17962.667,235.6107
17973.333,236.9756
17984.000,238.3484
17994.667,239.7291
18005.333,242.5147
18016.000,245.3325
18026.667,246.7537
18037.333,246.7537
18048.000,248.1832
18058.667,248.1832
18069.333,248.1832
18080.000,248.1832
18090.667,248.1832
18101.333,248.1832
18112.000,246.7537
18122.667,246.7537
18133.333,246.7537
18144.000,246.7537
18154.667,246.7537
18165.333,246.7537
18176.000,246.7537
18186.667,246.7537
18197.333,246.7537
18208.000,248.1832
18218.667,248.1832
18229.333,249.6209
18240.000,251.0669
18250.667,251.0669
18261.333,251.0669
18272.000,251.0669
18282.667,251.0669
18293.333,0.0000
18304.000,0.0000
18314.667,0.0000
18325.333,0.0000
18336.000,0.0000
18346.667,0.0000
18357.333,0.0000
18368.000,0.0000
18378.667,0.0000
18389.333,0.0000
18400.000,0.0000
18410.667,0.0000
18421.333,246.7537
18432.000,246.7537
18442.667,246.7537
18453.333,248.1832
18464.000,246.7537
18474.667,243.9195
18485.333,239.7291
18496.000,239.7291
18506.667,242.5147
18517.333,245.3325
18528.000,248.1832
18538.667,249.6209
18549.333,251.0669
18560.000,251.0669
18570.667,249.6209
18581.333,248.1832
18592.000,246.7537
18602.667,246.7537
18613.333,246.7537
18624.000,246.7537
18634.667,246.7537
18645.333,246.7537
18656.000,246.7537
18666.667,246.7537
18677.333,246.7537
18688.000,246.7537
18698.667,246.7537
18709.333,245.3325
18720.000,245.3325
18730.667,243.9195
18741.333,242.5147
18752.000,242.5147
18762.667,280.1900
18773.333,276.9717
18784.000,275.3765
18794.667,275.3765
18805.333,269.0869
18816.000,248.1832
18826.667,241.1179
18837.333,238.3484
18848.000,236.9756
18858.667,0.0000
18869.333,290.0708
18880.000,300.3002
18890.667,302.0398
18901.333,300.3002
18912.000,295.1412
18922.667,286.7391
18933.333,275.3765
18944.000,264.4641
18954.667,255.4555
18965.333,248.1832
18976.000,278.5762
18986.667,278.5762
18997.333,0.0000
19008.000,0.0000
19018.667,0.0000
19029.333,0.0000
19040.000,0.0000
19050.667,0.0000
19061.333,0.0000
19072.000,0.0000
19082.667,0.0000
19093.333,0.0000
19104.000,0.0000
19114.667,0.0000
19125.333,0.0000
19136.000,0.0000
19146.667,0.0000
19157.333,0.0000
19168.000,0.0000
19178.667,0.0000
19189.333,0.0000
19200.000,245.3325
19210.667,246.7537
19221.333,249.6209
19232.000,251.0669
19242.667,248.1832
19253.333,252.5213
19264.000,258.4237
19274.667,269.0869
19285.333,278.5762
19296.000,290.0708
19306.667,293.4413
19317.333,296.8509
19328.000,298.5706
19338.667,302.0398
19349.333,302.0398
19360.000,303.7895
19370.667,305.5493
19381.333,307.3193
19392.000,310.8902
19402.667,312.6912
19413.333,314.5026
19424.000,331.2848
19434.667,350.9840
19445.333,374.0087
19456.000,374.0087
19466.667,374.0087
19477.333,374.0087
19488.000,371.8546
19498.667,371.8546
19509.333,369.7129
19520.000,369.7129
19530.667,369.7129
19541.333,369.7129
19552.000,367.5835
19562.667,367.5835
19573.333,365.4663
19584.000,365.4663
19594.667,361.2686
19605.333,0.0000
19616.000,0.0000
19626.667,0.0000
19637.333,0.0000
19648.000,0.0000
19658.667,0.0000
19669.333,0.0000
19680.000,0.0000
19690.667,0.0000
19701.333,331.2848
19712.000,339.0282
19722.667,353.0172
19733.333,359.1879
19744.000,365.4663
19754.667,369.7129
19765.333,371.8546
19776.000,371.8546
19786.667,371.8546
19797.333,369.7129
19808.000,369.7129
19818.667,369.7129
19829.333,371.8546
19840.000,374.0087
19850.667,376.1753
19861.333,378.3545
19872.000,376.1753
19882.667,371.8546
19893.333,369.7129
19904.000,367.5835
19914.667,365.4663
19925.333,361.2686
19936.000,367.5835
19946.667,365.4663
19957.333,382.7508
19968.000,0.0000
19978.667,0.0000
19989.333,302.0398
20000.000,302.0398
20010.667,302.0398
20021.333,307.3193
20032.000,310.8902
20042.667,310.8902
20053.333,310.8902
20064.000,310.8902
20074.667,309.0996
20085.333,309.0996
20096.000,309.0996
20106.667,310.8902
20117.333,310.8902
20128.000,310.8902
20138.667,312.6912
20149.333,312.6912
20160.000,312.6912
20170.667,312.6912
20181.333,312.6912
20192.000,310.8902
20202.667,295.1412
20213.333,261.4265
20224.000,253.9842
20234.667,255.4555
20245.333,265.9961
20256.000,275.3765
20266.667,278.5762
20277.333,278.5762
20288.000,278.5762
20298.667,278.5762
20309.333,278.5762
20320.000,278.5762
20330.667,280.1900
20341.333,290.0708
20352.000,296.8509
20362.667,300.3002
20373.333,305.5493
20384.000,307.3193
20394.667,310.8902
20405.333,310.8902
20416.000,307.3193
20426.667,305.5493
20437.333,303.7895
20448.000,298.5706
20458.667,286.7391
20469.333,281.8131
20480.000,280.1900
20490.667,278.5762
20501.333,278.5762
20512.000,276.9717
20522.667,276.9717
20533.333,275.3765
20544.000,275.3765
20554.667,273.7904
20565.333,272.2135
20576.000,272.2135
20586.667,273.7904
20597.333,273.7904
20608.000,275.3765
20618.667,273.7904
20629.333,267.5370
20640.000,265.9961
20650.667,278.5762
20661.333,278.5762
20672.000,278.5762
20682.667,278.5762
20693.333,276.9717
20704.000,276.9717
20714.667,276.9717
20725.333,276.9717
20736.000,276.9717
20746.667,275.3765
20757.333,275.3765
20768.000,275.3765
20778.667,276.9717
20789.333,276.9717
20800.000,276.9717
20810.667,276.9717
20821.333,278.5762
20832.000,280.1900
20842.667,280.1900
20853.333,281.8131
20864.000,283.4456
20874.667,283.4456
20885.333,283.4456
20896.000,281.8131
20906.667,275.3765
20917.333,269.0869
20928.000,265.9961
20938.667,264.4641
20949.333,267.5370
20960.000,272.2135
20970.667,291.7512
20981.333,295.1412
20992.000,303.7895
21002.667,298.5706
21013.333,288.4001
21024.000,288.4001
21034.667,285.0876
21045.333,281.8131
21056.000,281.8131
21066.667,280.1900
21077.333,278.5762
21088.000,278.5762
21098.667,276.9717
21109.333,273.7904
21120.000,273.7904
21130.667,265.9961
21141.333,0.0000
21152.000,0.0000
21162.667,0.0000
21173.333,0.0000
21184.000,0.0000
21194.667,0.0000
21205.333,0.0000
21216.000,0.0000
21226.667,0.0000
21237.333,273.7904
21248.000,273.7904
21258.667,273.7904
21269.333,275.3765
21280.000,276.9717
21290.667,276.9717
21301.333,276.9717
21312.000,276.9717
21322.667,276.9717
21333.333,280.1900
21344.000,0.0000
21354.667,234.2537
21365.333,231.5631
21376.000,230.2294
21386.667,230.2294
21397.333,230.2294
21408.000,206.2992
21418.667,202.7552
21429.333,205.1111
21440.000,0.0000
21450.667,0.0000
21461.333,0.0000
21472.000,325.5935
21482.667,320.0000
21493.333,323.7182
21504.000,325.5935
21514.667,325.5935
21525.333,325.5935
21536.000,325.5935
21546.667,323.7182
21557.333,323.7182
21568.000,323.7182
21578.667,320.0000
21589.333,0.0000
21600.000,0.0000
21610.667,339.0282
21621.333,348.9625
21632.000,359.1879
21642.667,365.4663
21653.333,365.4663
21664.000,365.4663
21674.667,367.5835
21685.333,367.5835
21696.000,367.5835
21706.667,367.5835
21717.333,369.7129
21728.000,369.7129
21738.667,369.7129
21749.333,369.7129
21760.000,369.7129
21770.667,369.7129
21781.333,369.7129
21792.000,369.7129
21802.667,371.8546
21813.333,371.8546
21824.000,374.0087
21834.667,374.0087
21845.333,371.8546
21856.000,371.8546
21866.667,369.7129
21877.333,369.7129
21888.000,369.7129
21898.667,369.7129
21909.333,374.0087
21920.000,374.0087
21930.667,374.0087
21941.333,374.0087
21952.000,371.8546
21962.667,371.8546
21973.333,371.8546
21984.000,371.8546
21994.667,371.8546
22005.333,369.7129
22016.000,369.7129
22026.667,369.7129
22037.333,369.7129
22048.000,369.7129
22058.667,369.7129
22069.333,367.5835
22080.000,365.4663
22090.667,361.2686
22101.333,355.0622
22112.000,344.9543
22122.667,309.0996
22133.333,276.9717
22144.000,281.8131
22154.667,290.0708
22165.333,293.4413
22176.000,302.0398
22186.667,305.5493
22197.333,307.3193
22208.000,309.0996
22218.667,310.8902
22229.333,312.6912
22240.000,312.6912
22250.667,312.6912
22261.333,312.6912
22272.000,312.6912
22282.667,312.6912
22293.333,312.6912
22304.000,312.6912
22314.667,310.8902
22325.333,309.0996
22336.000,305.5493
22346.667,303.7895
22357.333,269.0869
22368.000,0.0000
22378.667,0.0000
22389.333,0.0000
22400.000,0.0000
22410.667,0.0000
22421.333,0.0000
22432.000,0.0000
22442.667,0.0000
22453.333,0.0000
22464.000,0.0000
22474.667,0.0000
22485.333,226.2742
22496.000,219.8326
22506.667,216.0560
22517.333,212.3443
22528.000,208.6963
22538.667,208.6963
22549.333,0.0000
22560.000,0.0000
22570.667,303.7895
22581.333,307.3193
22592.000,310.8902
22602.667,310.8902
22613.333,310.8902
22624.000,309.0996
22634.667,309.0996
22645.333,309.0996
22656.000,309.0996
22666.667,309.0996
22677.333,310.8902
22688.000,309.0996
22698.667,309.0996
22709.333,309.0996
22720.000,309.0996
22730.667,310.8902
22741.333,310.8902
22752.000,310.8902
22762.667,310.8902
22773.333,312.6912
22784.000,312.6912
22794.667,312.6912
22805.333,312.6912
22816.000,312.6912
22826.667,312.6912
22837.333,312.6912
22848.000,310.8902
22858.667,310.8902
22869.333,310.8902
22880.000,309.0996
22890.667,307.3193
22901.333,0.0000
22912.000,0.0000
22922.667,0.0000
22933.333,0.0000
22944.000,0.0000
22954.667,0.0000
22965.333,0.0000
22976.000,0.0000
22986.667,0.0000
22997.333,0.0000
23008.000,0.0000
23018.667,0.0000
23029.333,0.0000
23040.000,0.0000
23050.667,0.0000
23061.333,0.0000
23072.000,0.0000
23082.667,0.0000
23093.333,0.0000
23104.000,0.0000
23114.667,0.0000
23125.333,0.0000
23136.000,0.0000
23146.667,0.0000
23157.333,0.0000
23168.000,310.8902
23178.667,310.8902
23189.333,310.8902
23200.000,309.0996
23210.667,310.8902
23221.333,310.8902
23232.000,0.0000
23242.667,0.0000
23253.333,0.0000
23264.000,0.0000
23274.667,0.0000
23285.333,0.0000
23296.000,0.0000
23306.667,0.0000
23317.333,0.0000
23328.000,0.0000
23338.667,0.0000
23349.333,0.0000
23360.000,0.0000
23370.667,0.0000
23381.333,0.0000
23392.000,0.0000
23402.667,0.0000
23413.333,0.0000
23424.000,0.0000
23434.667,0.0000
23445.333,0.0000
23456.000,0.0000
23466.667,0.0000
23477.333,0.0000
23488.000,0.0000
23498.667,0.0000
23509.333,0.0000
23520.000,202.7552
23530.667,217.3076
23541.333,219.8326
23552.000,223.6752
23562.667,224.9709
23573.333,226.2742
23584.000,217.3076
23594.667,216.0560
23605.333,0.0000
23616.000,0.0000
23626.667,0.0000
23637.333,0.0000
23648.000,0.0000
23658.667,0.0000
23669.333,302.0398
23680.000,307.3193
23690.667,309.0996
23701.333,310.8902
23712.000,312.6912
23722.667,312.6912
23733.333,312.6912
23744.000,312.6912
23754.667,312.6912
23765.333,310.8902
23776.000,310.8902
23786.667,307.3193
23797.333,340.9922
23808.000,357.1191
23818.667,361.2686
23829.333,363.3614
23840.000,365.4663
23850.667,367.5835
23861.333,367.5835
23872.000,367.5835
23882.667,367.5835
23893.333,367.5835
23904.000,367.5835
23914.667,367.5835
23925.333,367.5835
23936.000,367.5835
23946.667,369.7129
23957.333,365.4663
23968.000,357.1191
23978.667,353.0172
23989.333,353.0172
24000.000,346.9526
24010.667,342.9675
24021.333,0.0000
24032.000,318.1569
24042.667,314.5026
24053.333,314.5026
24064.000,337.0755
24074.667,346.9526
24085.333,353.0172
24096.000,361.2686
24106.667,367.5835
24117.333,371.8546
24128.000,371.8546
24138.667,369.7129
24149.333,369.7129
24160.000,367.5835
24170.667,367.5835
24181.333,367.5835
24192.000,369.7129
24202.667,369.7129
24213.333,371.8546
24224.000,376.1753
24234.667,378.3545
24245.333,378.3545
24256.000,378.3545
24266.667,376.1753
24277.333,371.8546
24288.000,369.7129
24298.667,365.4663
24309.333,340.9922
24320.000,325.5935
24330.667,312.6912
24341.333,316.3245
24352.000,316.3245
24362.667,316.3245
24373.333,316.3245
24384.000,314.5026
24394.667,312.6912
24405.333,312.6912
24416.000,312.6912
24426.667,312.6912
24437.333,314.5026
24448.000,314.5026
24458.667,314.5026
24469.333,314.5026
24480.000,314.5026
24490.667,312.6912
24501.333,312.6912
24512.000,310.8902
24522.667,309.0996
24533.333,309.0996
24544.000,307.3193
24554.667,307.3193
24565.333,265.9961
24576.000,262.9409
24586.667,261.4265
24597.333,280.1900
24608.000,281.8131
24618.667,280.1900
24629.333,280.1900
24640.000,280.1900
24650.667,278.5762
24661.333,272.2135
24672.000,0.0000
24682.667,0.0000
24693.333,0.0000
24704.000,0.0000
24714.667,0.0000
24725.333,0.0000
24736.000,0.0000
24746.667,0.0000
24757.333,0.0000
24768.000,0.0000
24778.667,0.0000
24789.333,0.0000
24800.000,0.0000
24810.667,0.0000
24821.333,270.6457
24832.000,270.6457
24842.667,270.6457
24853.333,270.6457
24864.000,272.2135
24874.667,275.3765
24885.333,276.9717
24896.000,276.9717
24906.667,0.0000
24917.333,0.0000
24928.000,0.0000
24938.667,0.0000
24949.333,0.0000
24960.000,0.0000
24970.667,0.0000
24981.333,0.0000
24992.000,0.0000
25002.667,0.0000
25013.333,286.7391
25024.000,285.0876
25034.667,280.1900
25045.333,276.9717
25056.000,275.3765
25066.667,275.3765
25077.333,275.3765
25088.000,275.3765
25098.667,275.3765
25109.333,276.9717
25120.000,276.9717
25130.667,276.9717
25141.333,278.5762
25152.000,280.1900
25162.667,280.1900
25173.333,281.8131
25184.000,283.4456
25194.667,283.4456
25205.333,285.0876
25216.000,290.0708
25226.667,295.1412
25237.333,298.5706
25248.000,298.5706
25258.667,296.8509
25269.333,293.4413
25280.000,288.4001
25290.667,283.4456
25301.333,281.8131
25312.000,288.4001
25322.667,291.7512
25333.333,298.5706
25344.000,302.0398
25354.667,307.3193
25365.333,312.6912
25376.000,305.5493
25386.667,295.1412
25397.333,281.8131
25408.000,270.6457
25418.667,265.9961
25429.333,264.4641
25440.000,269.0869
25450.667,286.7391
25461.333,296.8509
25472.000,300.3002
25482.667,307.3193
25493.333,320.0000
25504.000,331.2848
25514.667,327.4796
25525.333,314.5026
25536.000,312.6912
25546.667,314.5026
25557.333,316.3245
25568.000,316.3245
25578.667,316.3245
25589.333,325.5935
25600.000,325.5935
25610.667,0.0000
25621.333,0.0000
25632.000,0.0000
25642.667,0.0000
25653.333,0.0000
25664.000,0.0000
25674.667,0.0000
25685.333,0.0000
25696.000,0.0000
25706.667,0.0000
25717.333,0.0000
25728.000,0.0000
25738.667,0.0000
25749.333,0.0000
25760.000,0.0000
25770.667,0.0000
25781.333,0.0000
25792.000,0.0000
25802.667,0.0000
25813.333,0.0000
25824.000,0.0000
25834.667,0.0000
25845.333,310.8902
25856.000,309.0996
25866.667,312.6912
25877.333,312.6912
25888.000,312.6912
25898.667,312.6912
25909.333,310.8902
25920.000,309.0996
25930.667,309.0996
25941.333,329.3767
25952.000,342.9675
25962.667,353.0172
25973.333,361.2686
25984.000,363.3614
25994.667,365.4663
26005.333,369.7129
26016.000,371.8546
26026.667,371.8546
26037.333,369.7129
26048.000,367.5835
26058.667,367.5835
26069.333,365.4663
26080.000,365.4663
26090.667,365.4663
26101.333,365.4663
26112.000,365.4663
26122.667,365.4663
26133.333,361.2686
26144.000,353.0172
26154.667,327.4796
26165.333,323.7182
26176.000,0.0000
26186.667,0.0000
26197.333,0.0000
26208.000,0.0000
26218.667,0.0000
26229.333,337.0755
26240.000,350.9840
26250.667,355.0622
26261.333,359.1879
26272.000,361.2686
26282.667,365.4663
26293.333,367.5835
26304.000,369.7129
26314.667,369.7129
26325.333,367.5835
26336.000,367.5835
26346.667,367.5835
26357.333,367.5835
26368.000,369.7129
26378.667,371.8546
26389.333,374.0087
26400.000,376.1753
26410.667,376.1753
26421.333,376.1753
26432.000,376.1753
26442.667,369.7129
26453.333,367.5835
26464.000,369.7129
26474.667,371.8546
26485.333,384.9680
26496.000,410.2221
26506.667,410.2221
26517.333,412.5985
26528.000,412.5985
26538.667,414.9887
26549.333,417.3927
26560.000,419.8106
26570.667,419.8106
26581.333,417.3927
26592.000,414.9887
26602.667,407.8594
26613.333,405.5103
26624.000,403.1747
26634.667,400.8526
26645.333,400.8526
26656.000,0.0000
26666.667,0.0000
26677.333,0.0000
26688.000,0.0000
26698.667,0.0000
26709.333,0.0000
26720.000,0.0000
26730.667,0.0000
26741.333,0.0000
26752.000,0.0000
26762.667,0.0000
26773.333,0.0000
26784.000,0.0000
26794.667,0.0000
26805.333,303.7895
26816.000,320.0000
26826.667,312.6912
26837.333,312.6912
26848.000,312.6912
26858.667,303.7895
26869.333,300.3002
26880.000,303.7895
26890.667,305.5493
26901.333,305.5493
26912.000,303.7895
26922.667,305.5493
26933.333,307.3193
26944.000,309.0996
26954.667,310.8902
26965.333,310.8902
26976.000,310.8902
26986.667,312.6912
26997.333,312.6912
27008.000,312.6912
27018.667,312.6912
27029.333,312.6912
27040.000,310.8902
27050.667,310.8902
27061.333,310.8902
27072.000,310.8902
27082.667,310.8902
27093.333,310.8902
27104.000,309.0996
27114.667,309.0996
27125.333,309.0996
27136.000,309.0996
27146.667,310.8902
27157.333,312.6912
27168.000,316.3245
27178.667,318.1569
27189.333,320.0000
27200.000,321.8537
27210.667,320.0000
27221.333,318.1569
27232.000,309.0996
27242.667,303.7895
27253.333,303.7895
27264.000,303.7895
27274.667,305.5493
27285.333,316.3245
27296.000,318.1569
27306.667,316.3245
27317.333,316.3245
27328.000,314.5026
27338.667,312.6912
27349.333,312.6912
27360.000,310.8902
27370.667,310.8902
27381.333,316.3245
27392.000,318.1569
27402.667,316.3245
27413.333,314.5026
27424.000,314.5026
27434.667,312.6912
27445.333,321.8537
27456.000,320.0000
27466.667,320.0000
27477.333,0.0000
27488.000,0.0000
27498.667,0.0000
27509.333,0.0000
27520.000,0.0000
27530.667,0.0000
27541.333,0.0000
27552.000,0.0000
27562.667,0.0000
27573.333,417.3927
27584.000,417.3927
27594.667,417.3927
27605.333,417.3927
27616.000,414.9887
27626.667,414.9887
27637.333,414.9887
27648.000,412.5985
27658.667,412.5985
27669.333,410.2221
27680.000,0.0000
27690.667,0.0000
27701.333,0.0000
27712.000,0.0000
27722.667,0.0000
27733.333,0.0000
27744.000,0.0000
27754.667,0.0000
27765.333,0.0000
27776.000,0.0000
27786.667,0.0000
27797.333,0.0000
27808.000,0.0000
27818.667,0.0000
27829.333,0.0000
27840.000,0.0000
27850.667,0.0000
27861.333,0.0000
27872.000,0.0000
27882.667,0.0000
27893.333,0.0000
27904.000,0.0000
27914.667,0.0000
27925.333,0.0000
27936.000,0.0000
27946.667,0.0000
27957.333,0.0000
27968.000,0.0000
27978.667,0.0000
27989.333,0.0000
28000.000,0.0000
28010.667,0.0000
28021.333,320.0000
28032.000,314.5026
28042.667,312.6912
28053.333,310.8902
28064.000,310.8902
28074.667,309.0996
28085.333,309.0996
28096.000,310.8902
28106.667,314.5026
28117.333,316.3245
28128.000,327.4796
28138.667,337.0755
28149.333,340.9922
28160.000,342.9675
28170.667,355.0622
28181.333,363.3614
28192.000,365.4663
28202.667,367.5835
28213.333,369.7129
28224.000,369.7129
28234.667,369.7129
28245.333,369.7129
28256.000,367.5835
28266.667,365.4663
28277.333,365.4663
28288.000,361.2686
28298.667,339.0282
28309.333,337.0755
28320.000,0.0000
28330.667,0.0000
28341.333,0.0000
28352.000,0.0000
28362.667,0.0000
28373.333,0.0000
28384.000,0.0000
28394.667,0.0000
28405.333,0.0000
28416.000,0.0000
28426.667,355.0622
28437.333,355.0622
28448.000,363.3614
28458.667,363.3614
28469.333,363.3614
28480.000,365.4663
28490.667,365.4663
28501.333,369.7129
28512.000,371.8546
28522.667,371.8546
28533.333,369.7129
28544.000,369.7129
28554.667,369.7129
28565.333,369.7129
28576.000,369.7129
28586.667,369.7129
28597.333,367.5835
28608.000,363.3614
28618.667,357.1191
28629.333,348.9625
28640.000,344.9543
28650.667,342.9675
28661.333,335.1341
28672.000,310.8902
28682.667,307.3193
28693.333,314.5026
28704.000,314.5026
28714.667,314.5026
28725.333,314.5026
28736.000,314.5026
28746.667,314.5026
28757.333,314.5026
28768.000,314.5026
28778.667,312.6912
28789.333,312.6912
28800.000,310.8902
28810.667,309.0996
28821.333,309.0996
28832.000,309.0996
28842.667,307.3193
28853.333,305.5493
28864.000,303.7895
28874.667,300.3002
28885.333,0.0000
28896.000,0.0000
28906.667,0.0000
28917.333,0.0000
28928.000,0.0000
28938.667,0.0000
28949.333,0.0000
28960.000,0.0000
28970.667,285.0876
28981.333,296.8509
28992.000,295.1412
29002.667,293.4413
29013.333,295.1412
29024.000,293.4413
29034.667,265.9961
29045.333,269.0869
29056.000,273.7904
29066.667,281.8131
29077.333,290.0708
29088.000,295.1412
29098.667,303.7895
29109.333,318.1569
29120.000,327.4796
29130.667,325.5935
29141.333,321.8537
29152.000,312.6912
29162.667,303.7895
29173.333,300.3002
29184.000,296.8509
29194.667,281.8131
29205.333,275.3765
29216.000,275.3765
29226.667,275.3765
29237.333,276.9717
29248.000,276.9717
29258.667,276.9717
29269.333,278.5762
29280.000,278.5762
29290.667,278.5762
29301.333,0.0000
29312.000,0.0000
29322.667,0.0000
29333.333,314.5026
29344.000,312.6912
29354.667,310.8902
29365.333,269.0869
29376.000,300.3002
29386.667,288.4001
29397.333,283.4456
29408.000,278.5762
29418.667,278.5762
29429.333,276.9717
29440.000,276.9717
29450.667,276.9717
29461.333,278.5762
29472.000,278.5762
29482.667,278.5762
29493.333,278.5762
29504.000,278.5762
29514.667,278.5762
29525.333,278.5762
29536.000,276.9717
29546.667,276.9717
29557.333,276.9717
29568.000,275.3765
29578.667,275.3765
29589.333,275.3765
29600.000,273.7904
29610.667,272.2135
29621.333,270.6457
29632.000,267.5370
29642.667,0.0000
29653.333,0.0000
29664.000,0.0000
29674.667,0.0000
29685.333,310.8902
29696.000,309.0996
29706.667,310.8902
29717.333,307.3193
29728.000,0.0000
29738.667,0.0000
29749.333,0.0000
29760.000,0.0000
29770.667,0.0000
29781.333,0.0000
29792.000,0.0000
29802.667,0.0000
29813.333,0.0000
29824.000,0.0000
29834.667,0.0000
29845.333,0.0000
29856.000,0.0000
29866.667,0.0000
29877.333,0.0000
29888.000,0.0000
29898.667,0.0000
29909.333,0.0000
29920.000,0.0000
29930.667,0.0000
29941.333,0.0000
29952.000,0.0000
29962.667,0.0000
29973.333,0.0000
29984.000,0.0000
29994.667,0.0000
30005.333,0.0000
30016.000,0.0000
30026.667,0.0000
30037.333,0.0000
30048.000,0.0000
30058.667,424.6886
30069.333,471.2215
30080.000,479.4583
30090.667,482.2357
30101.333,496.3663
30112.000,507.9683
30122.667,502.1338
30133.333,505.0427
30144.000,502.1338
30154.667,0.0000
30165.333,0.0000
30176.000,0.0000
30186.667,0.0000
30197.333,0.0000
30208.000,0.0000
30218.667,0.0000
30229.333,0.0000
30240.000,0.0000
30250.667,310.8902
30261.333,312.6912
30272.000,314.5026
30282.667,314.5026
30293.333,312.6912
30304.000,310.8902
30314.667,309.0996
30325.333,0.0000
30336.000,309.0996
30346.667,337.0755
30357.333,355.0622
30368.000,359.1879
30378.667,363.3614
30389.333,363.3614
30400.000,365.4663
30410.667,367.5835
30421.333,367.5835
30432.000,369.7129
30442.667,369.7129
30453.333,369.7129
30464.000,367.5835
30474.667,367.5835
30485.333,367.5835
30496.000,367.5835
30506.667,365.4663
30517.333,0.0000
30528.000,0.0000
30538.667,0.0000
30549.333,0.0000
30560.000,0.0000
30570.667,0.0000
30581.333,0.0000
30592.000,0.0000
30602.667,0.0000
30613.333,0.0000
30624.000,361.2686
30634.667,348.9625
30645.333,365.4663
30656.000,365.4663
30666.667,365.4663
30677.333,365.4663
30688.000,365.4663
30698.667,367.5835
30709.333,367.5835
30720.000,367.5835
30730.667,367.5835
30741.333,367.5835
30752.000,369.7129
30762.667,369.7129
30773.333,371.8546
30784.000,374.0087
30794.667,374.0087
30805.333,374.0087
30816.000,367.5835
30826.667,363.3614
30837.333,359.1879
30848.000,357.1191
30858.667,350.9840
30869.333,339.0282
30880.000,337.0755
30890.667,0.0000
30901.333,314.5026
30912.000,314.5026
30922.667,314.5026
30933.333,314.5026
30944.000,312.6912
30954.667,312.6912
30965.333,312.6912
30976.000,312.6912
30986.667,312.6912
30997.333,312.6912
31008.000,312.6912
31018.667,312.6912
31029.333,314.5026
31040.000,314.5026
31050.667,314.5026
31061.333,312.6912
31072.000,0.0000
31082.667,0.0000
31093.333,0.0000
31104.000,0.0000
31114.667,0.0000
31125.333,0.0000
31136.000,0.0000
31146.667,0.0000
31157.333,0.0000
31168.000,0.0000
31178.667,0.0000
31189.333,0.0000
31200.000,0.0000
31210.667,0.0000
31221.333,0.0000
31232.000,0.0000
31242.667,0.0000
31253.333,0.0000
31264.000,0.0000
31274.667,0.0000
31285.333,0.0000
31296.000,316.3245
31306.667,325.5935
31317.333,327.4796
31328.000,323.7182
31338.667,321.8537
31349.333,318.1569
31360.000,314.5026
31370.667,312.6912
31381.333,312.6912
31392.000,312.6912
31402.667,310.8902
31413.333,310.8902
31424.000,310.8902
31434.667,310.8902
31445.333,312.6912
31456.000,312.6912
31466.667,314.5026
31477.333,312.6912
31488.000,312.6912
31498.667,312.6912
31509.333,314.5026
31520.000,320.0000
31530.667,325.5935
31541.333,329.3767
31552.000,331.2848
31562.667,331.2848
31573.333,325.5935
31584.000,314.5026
31594.667,303.7895
31605.333,302.0398
31616.000,302.0398
31626.667,303.7895
31637.333,310.8902
31648.000,342.9675
31658.667,344.9543
31669.333,342.9675
31680.000,339.0282
31690.667,323.7182
31701.333,312.6912
31712.000,305.5493
31722.667,303.7895
31733.333,303.7895
31744.000,307.3193
31754.667,320.0000
31765.333,0.0000
31776.000,0.0000
31786.667,0.0000
31797.333,0.0000
31808.000,0.0000
31818.667,0.0000
31829.333,0.0000
31840.000,0.0000
31850.667,0.0000
31861.333,0.0000
31872.000,0.0000
31882.667,0.0000
31893.333,0.0000
31904.000,0.0000
31914.667,0.0000
31925.333,0.0000
31936.000,0.0000
31946.667,0.0000
31957.333,0.0000
31968.000,0.0000
31978.667,0.0000
31989.333,312.6912
32000.000,312.6912
32010.667,312.6912
32021.333,312.6912
32032.000,312.6912
32042.667,314.5026
32053.333,312.6912
32064.000,321.8537
32074.667,321.8537
32085.333,0.0000
32096.000,0.0000
32106.667,0.0000
32117.333,0.0000
32128.000,0.0000
32138.667,0.0000
32149.333,0.0000
32160.000,0.0000
32170.667,0.0000
32181.333,0.0000
32192.000,0.0000
32202.667,0.0000
32213.333,0.0000
32224.000,0.0000
32234.667,0.0000
32245.333,0.0000
32256.000,0.0000
32266.667,0.0000
32277.333,0.0000
32288.000,0.0000
32298.667,0.0000
32309.333,0.0000
32320.000,223.6752
32330.667,226.2742
32341.333,226.2742
32352.000,230.2294
32362.667,232.9045
32373.333,234.2537
32384.000,249.6209
32394.667,0.0000
32405.333,0.0000
32416.000,0.0000
32426.667,0.0000
32437.333,312.6912
32448.000,318.1569
32458.667,320.0000
32469.333,323.7182
32480.000,329.3767
32490.667,335.1341
32501.333,348.9625
32512.000,371.8546
32522.667,378.3545
32533.333,378.3545
32544.000,378.3545
32554.667,378.3545
32565.333,376.1753
32576.000,374.0087
32586.667,371.8546
32597.333,369.7129
32608.000,369.7129
32618.667,369.7129
32629.333,369.7129
32640.000,369.7129
32650.667,367.5835
32661.333,365.4663
32672.000,363.3614
32682.667,359.1879
32693.333,353.0172
32704.000,0.0000
32714.667,0.0000
32725.333,0.0000
32736.000,0.0000
32746.667,0.0000
32757.333,0.0000
32768.000,0.0000
32778.667,0.0000
32789.333,365.4663
32800.000,363.3614
32810.667,365.4663
32821.333,369.7129
32832.000,371.8546
32842.667,374.0087
32853.333,374.0087
32864.000,374.0087
32874.667,371.8546
32885.333,369.7129
32896.000,369.7129
32906.667,369.7129
32917.333,369.7129
32928.000,371.8546
32938.667,371.8546
32949.333,374.0087
32960.000,374.0087
32970.667,371.8546
32981.333,371.8546
32992.000,369.7129
33002.667,361.2686
33013.333,325.5935
33024.000,316.3245
33034.667,312.6912
33045.333,310.8902
33056.000,307.3193
33066.667,307.3193
33077.333,312.6912
33088.000,312.6912
33098.667,312.6912
33109.333,312.6912
33120.000,312.6912
33130.667,312.6912
33141.333,312.6912
33152.000,310.8902
33162.667,310.8902
33173.333,309.0996
33184.000,309.0996
33194.667,310.8902
33205.333,310.8902
33216.000,312.6912
33226.667,312.6912
33237.333,312.6912
33248.000,312.6912
33258.667,309.0996
33269.333,0.0000
33280.000,0.0000
33290.667,0.0000
33301.333,0.0000
33312.000,0.0000
33322.667,0.0000
33333.333,302.0398
33344.000,302.0398
33354.667,290.0708
33365.333,286.7391
33376.000,283.4456
33386.667,281.8131
33397.333,276.9717
33408.000,269.0869
33418.667,269.0869
33429.333,267.5370
33440.000,261.4265
33450.667,259.9208
33461.333,276.9717
33472.000,302.0398
33482.667,329.3767
33493.333,337.0755
33504.000,337.0755
33514.667,333.2039
33525.333,329.3767
33536.000,325.5935
33546.667,321.8537
33557.333,295.1412
33568.000,280.1900
33578.667,276.9717
33589.333,276.9717
33600.000,275.3765
33610.667,275.3765
33621.333,276.9717
33632.000,275.3765
33642.667,275.3765
33653.333,273.7904
33664.000,0.0000
33674.667,0.0000
33685.333,0.0000
33696.000,0.0000
33706.667,0.0000
33717.333,0.0000
33728.000,0.0000
33738.667,305.5493
33749.333,283.4456
33760.000,283.4456
33770.667,281.8131
33781.333,278.5762
33792.000,276.9717
33802.667,276.9717
33813.333,276.9717
33824.000,276.9717
33834.667,276.9717
33845.333,276.9717
33856.000,276.9717
33866.667,276.9717
33877.333,276.9717
33888.000,275.3765
33898.667,275.3765
33909.333,275.3765
33920.000,275.3765
33930.667,275.3765
33941.333,275.3765
33952.000,275.3765
33962.667,276.9717
33973.333,276.9717
33984.000,278.5762
33994.667,278.5762
34005.333,278.5762
34016.000,278.5762
34026.667,285.0876
34037.333,291.7512
34048.000,293.4413
34058.667,296.8509
34069.333,300.3002
34080.000,303.7895
34090.667,307.3193
34101.333,310.8902
34112.000,312.6912
34122.667,314.5026
34133.333,316.3245
34144.000,318.1569
34154.667,323.7182
34165.333,329.3767
34176.000,333.2039
34186.667,333.2039
34197.333,333.2039
34208.000,331.2848
34218.667,331.2848
34229.333,331.2848
34240.000,331.2848
34250.667,329.3767
34261.333,329.3767
34272.000,329.3767
34282.667,329.3767
34293.333,329.3767
34304.000,329.3767
34314.667,329.3767
34325.333,329.3767
34336.000,329.3767
34346.667,329.3767
34357.333,329.3767
34368.000,329.3767
34378.667,329.3767
34389.333,329.3767
34400.000,329.3767
34410.667,327.4796
34421.333,327.4796
34432.000,327.4796
34442.667,325.5935
34453.333,323.7182
34464.000,321.8537
34474.667,318.1569
34485.333,312.6912
34496.000,310.8902
34506.667,309.0996
34517.333,309.0996
34528.000,309.0996
34538.667,309.0996
34549.333,309.0996
34560.000,309.0996
34570.667,310.8902
34581.333,310.8902
34592.000,310.8902
34602.667,310.8902
34613.333,310.8902
34624.000,310.8902
34634.667,310.8902
34645.333,310.8902
34656.000,310.8902
34666.667,310.8902
34677.333,312.6912
34688.000,312.6912
34698.667,310.8902
34709.333,309.0996
34720.000,307.3193
34730.667,303.7895
34741.333,296.8509
34752.000,0.0000
34762.667,0.0000
34773.333,223.6752
34784.000,219.8326
34794.667,219.8326
34805.333,218.5664
34816.000,230.2294
34826.667,249.6209
34837.333,249.6209
34848.000,249.6209
34858.667,249.6209
34869.333,246.7537
34880.000,245.3325
34890.667,245.3325
34901.333,245.3325
34912.000,245.3325
34922.667,245.3325
34933.333,246.7537
34944.000,246.7537
34954.667,246.7537
34965.333,246.7537
34976.000,248.1832
34986.667,248.1832
34997.333,248.1832
35008.000,249.6209
35018.667,249.6209
35029.333,249.6209
35040.000,249.6209
35050.667,243.9195
35061.333,211.1213
35072.000,199.2719
35082.667,195.8486
35093.333,193.5991
35104.000,0.0000
35114.667,0.0000
35125.333,0.0000
35136.000,303.7895
35146.667,307.3193
35157.333,307.3193
35168.000,307.3193
35178.667,307.3193
35189.333,307.3193
35200.000,309.0996
35210.667,310.8902
35221.333,312.6912
35232.000,318.1569
35242.667,321.8537
35253.333,325.5935
35264.000,327.4796
35274.667,329.3767
35285.333,329.3767
35296.000,329.3767
35306.667,329.3767
35317.333,329.3767
35328.000,329.3767
35338.667,329.3767
35349.333,329.3767
35360.000,329.3767
35370.667,329.3767
35381.333,329.3767
35392.000,329.3767
35402.667,329.3767
35413.333,329.3767
35424.000,329.3767
35434.667,325.5935
35445.333,0.0000
35456.000,0.0000
35466.667,0.0000
35477.333,0.0000
35488.000,0.0000
35498.667,316.3245
35509.333,329.3767
35520.000,329.3767
35530.667,327.4796
35541.333,327.4796
35552.000,325.5935
35562.667,321.8537
35573.333,318.1569
35584.000,316.3245
35594.667,312.6912
35605.333,310.8902
35616.000,309.0996
35626.667,307.3193
35637.333,307.3193
35648.000,307.3193
35658.667,307.3193
35669.333,309.0996
35680.000,309.0996
35690.667,309.0996
35701.333,310.8902
35712.000,310.8902
35722.667,312.6912
35733.333,312.6912
35744.000,312.6912
35754.667,312.6912
35765.333,310.8902
35776.000,309.0996
35786.667,307.3193
35797.333,305.5493
35808.000,0.0000
35818.667,0.0000
35829.333,224.9709
35840.000,212.3443
35850.667,208.6963
35861.333,207.4943
35872.000,206.2992
35882.667,206.2992
35893.333,211.1213
35904.000,0.0000
35914.667,270.6457
35925.333,281.8131
35936.000,281.8131
35946.667,281.8131
35957.333,281.8131
35968.000,280.1900
35978.667,278.5762
35989.333,276.9717
36000.000,275.3765
36010.667,273.7904
36021.333,273.7904
36032.000,273.7904
36042.667,273.7904
36053.333,275.3765
36064.000,275.3765
36074.667,276.9717
36085.333,278.5762
36096.000,280.1900
36106.667,280.1900
36117.333,280.1900
36128.000,280.1900
36138.667,278.5762
36149.333,256.9353
36160.000,246.7537
36170.667,239.7291
36181.333,239.7291
36192.000,245.3325
36202.667,0.0000
36213.333,303.7895
36224.000,307.3193
36234.667,310.8902
36245.333,312.6912
36256.000,312.6912
36266.667,312.6912
36277.333,312.6912
36288.000,310.8902
36298.667,309.0996
36309.333,307.3193
36320.000,307.3193
36330.667,307.3193
36341.333,309.0996
36352.000,309.0996
36362.667,309.0996
36373.333,309.0996
36384.000,309.0996
36394.667,310.8902
36405.333,310.8902
36416.000,310.8902
36426.667,312.6912
36437.333,312.6912
36448.000,314.5026
36458.667,314.5026
36469.333,314.5026
36480.000,312.6912
36490.667,312.6912
36501.333,309.0996
36512.000,307.3193
36522.667,305.5493
36533.333,305.5493
36544.000,309.0996
36554.667,318.1569
36565.333,321.8537
36576.000,323.7182
36586.667,323.7182
36597.333,300.3002
36608.000,298.5706
36618.667,296.8509
36629.333,288.4001
36640.000,285.0876
36650.667,278.5762
36661.333,280.1900
36672.000,285.0876
36682.667,286.7391
36693.333,0.0000
36704.000,0.0000
36714.667,0.0000
36725.333,0.0000
36736.000,0.0000
36746.667,0.0000
36757.333,0.0000
36768.000,0.0000
36778.667,280.1900
36789.333,280.1900
36800.000,280.1900
36810.667,280.1900
36821.333,280.1900
36832.000,280.1900
36842.667,281.8131
36853.333,285.0876
36864.000,290.0708
36874.667,296.8509
36885.333,302.0398
36896.000,305.5493
36906.667,307.3193
36917.333,307.3193
36928.000,307.3193
36938.667,307.3193
36949.333,307.3193
36960.000,309.0996
36970.667,309.0996
36981.333,310.8902
36992.000,310.8902
37002.667,310.8902
37013.333,310.8902
37024.000,312.6912
37034.667,312.6912
37045.333,0.0000
37056.000,246.7537
37066.667,242.5147
37077.333,239.7291
37088.000,239.7291
37098.667,239.7291
37109.333,242.5147
37120.000,239.7291
37130.667,239.7291
37141.333,238.3484
37152.000,239.7291
37162.667,239.7291
37173.333,239.7291
37184.000,0.0000
37194.667,0.0000
37205.333,193.5991
37216.000,196.9831
37226.667,199.2719
37237.333,200.4263
37248.000,203.9297
37258.667,209.9053
37269.333,238.3484
37280.000,243.9195
37290.667,0.0000
37301.333,0.0000
37312.000,0.0000
37322.667,0.0000
37333.333,0.0000
37344.000,0.0000
37354.667,0.0000
37365.333,0.0000
37376.000,0.0000
37386.667,0.0000
37397.333,307.3193
37408.000,309.0996
37418.667,310.8902
37429.333,312.6912
37440.000,312.6912
37450.667,312.6912
37461.333,312.6912
37472.000,312.6912
37482.667,312.6912
37493.333,312.6912
37504.000,312.6912
37514.667,312.6912
37525.333,312.6912
37536.000,312.6912
37546.667,288.4001
37557.333,276.9717
37568.000,293.4413
37578.667,335.1341
37589.333,0.0000
37600.000,0.0000
37610.667,0.0000
37621.333,0.0000
37632.000,0.0000
37642.667,0.0000
37653.333,0.0000
37664.000,353.0172
37674.667,339.0282
37685.333,331.2848
37696.000,339.0282
37706.667,337.0755
37717.333,325.5935
37728.000,321.8537
37738.667,316.3245
37749.333,312.6912
37760.000,310.8902
37770.667,309.0996
37781.333,307.3193
37792.000,307.3193
37802.667,307.3193
37813.333,307.3193
37824.000,309.0996
37834.667,309.0996
37845.333,310.8902
37856.000,310.8902
37866.667,310.8902
37877.333,312.6912
37888.000,312.6912
37898.667,310.8902
37909.333,310.8902
37920.000,309.0996
37930.667,309.0996
37941.333,307.3193
37952.000,0.0000
37962.667,0.0000
37973.333,226.2742
37984.000,224.9709
37994.667,226.2742
38005.333,227.5850
38016.000,230.2294
38026.667,226.2742
38037.333,226.2742
38048.000,228.9033
38058.667,231.5631
38069.333,234.2537
38080.000,234.2537
38090.667,234.2537
38101.333,246.7537
38112.000,283.4456
38122.667,283.4456
38133.333,281.8131
38144.000,281.8131
38154.667,280.1900
38165.333,280.1900
38176.000,276.9717
38186.667,275.3765
38197.333,275.3765
38208.000,275.3765
38218.667,275.3765
38229.333,276.9717
38240.000,278.5762
38250.667,278.5762
38261.333,280.1900
38272.000,280.1900
38282.667,0.0000
38293.333,0.0000
38304.000,0.0000
38314.667,0.0000
38325.333,273.7904
38336.000,273.7904
38346.667,275.3765
38357.333,273.7904
38368.000,275.3765
38378.667,276.9717
38389.333,283.4456
38400.000,283.4456
38410.667,281.8131
38421.333,281.8131
38432.000,276.9717
38442.667,275.3765
38453.333,273.7904
38464.000,275.3765
38474.667,276.9717
38485.333,280.1900
38496.000,281.8131
38506.667,288.4001
38517.333,293.4413
38528.000,0.0000
38538.667,0.0000
38549.333,0.0000
38560.000,0.0000
38570.667,0.0000
38581.333,0.0000
38592.000,0.0000
38602.667,0.0000
38613.333,0.0000
38624.000,0.0000
38634.667,0.0000
38645.333,0.0000
38656.000,0.0000
38666.667,0.0000
38677.333,0.0000
38688.000,0.0000
38698.667,0.0000
38709.333,0.0000
38720.000,0.0000
38730.667,0.0000
38741.333,0.0000
38752.000,0.0000
38762.667,0.0000
38773.333,0.0000
38784.000,0.0000
38794.667,0.0000
38805.333,0.0000
38816.000,0.0000
38826.667,0.0000
38837.333,0.0000
38848.000,0.0000
38858.667,0.0000
38869.333,0.0000
38880.000,239.7291
38890.667,238.3484
38901.333,212.3443
38912.000,211.1213
38922.667,219.8326
38933.333,224.9709
38944.000,253.9842
38954.667,259.9208
38965.333,272.2135
38976.000,276.9717
38986.667,281.8131
38997.333,281.8131
39008.000,283.4456
39018.667,283.4456
39029.333,283.4456
39040.000,283.4456
39050.667,281.8131
39061.333,285.0876
39072.000,286.7391
39082.667,307.3193
39093.333,310.8902
39104.000,310.8902
39114.667,310.8902
39125.333,310.8902
39136.000,309.0996
39146.667,309.0996
39157.333,307.3193
39168.000,307.3193
39178.667,307.3193
39189.333,307.3193
39200.000,310.8902
39210.667,310.8902
39221.333,312.6912
39232.000,312.6912
39242.667,312.6912
39253.333,310.8902
39264.000,310.8902
39274.667,310.8902
39285.333,309.0996
39296.000,307.3193
39306.667,309.0996
39317.333,309.0996
39328.000,309.0996
39338.667,310.8902
39349.333,0.0000
39360.000,0.0000
39370.667,0.0000
39381.333,0.0000
39392.000,0.0000
39402.667,0.0000
39413.333,0.0000
39424.000,0.0000
39434.667,0.0000
39445.333,0.0000
39456.000,290.0708
39466.667,290.0708
39477.333,278.5762
39488.000,276.9717
39498.667,278.5762
39509.333,280.1900
39520.000,278.5762
39530.667,278.5762
39541.333,276.9717
39552.000,276.9717
39562.667,278.5762
39573.333,278.5762
39584.000,281.8131
39594.667,285.0876
39605.333,298.5706
39616.000,303.7895
39626.667,307.3193
39637.333,309.0996
39648.000,310.8902
39658.667,310.8902
39669.333,309.0996
39680.000,309.0996
39690.667,307.3193
39701.333,307.3193
39712.000,307.3193
39722.667,309.0996
39733.333,309.0996
39744.000,310.8902
39754.667,310.8902
39765.333,310.8902
39776.000,312.6912
39786.667,312.6912
39797.333,310.8902
39808.000,309.0996
39818.667,291.7512
39829.333,290.0708
39840.000,288.4001
39850.667,280.1900
39861.333,276.9717
39872.000,0.0000
39882.667,0.0000
39893.333,0.0000
39904.000,331.2848
39914.667,331.2848
39925.333,329.3767
39936.000,323.7182
39946.667,320.0000
39957.333,316.3245
39968.000,312.6912
39978.667,310.8902
39989.333,310.8902
40000.000,310.8902
40010.667,310.8902
40021.333,312.6912
40032.000,310.8902
40042.667,310.8902
40053.333,310.8902
40064.000,310.8902
40074.667,310.8902
40085.333,310.8902
40096.000,310.8902
40106.667,310.8902
40117.333,0.0000
40128.000,0.0000
40138.667,0.0000
40149.333,0.0000
40160.000,0.0000
40170.667,0.0000
40181.333,0.0000
40192.000,0.0000
40202.667,0.0000
40213.333,0.0000
40224.000,0.0000
40234.667,0.0000
40245.333,0.0000
40256.000,0.0000
40266.667,0.0000
40277.333,264.4641
40288.000,281.8131
40298.667,286.7391
40309.333,280.1900
40320.000,280.1900
40330.667,280.1900
40341.333,278.5762
40352.000,276.9717
40362.667,275.3765
40373.333,273.7904
40384.000,273.7904
40394.667,273.7904
40405.333,275.3765
40416.000,276.9717
40426.667,280.1900
40437.333,281.8131
40448.000,280.1900
40458.667,280.1900
40469.333,278.5762
40480.000,278.5762
40490.667,276.9717
40501.333,275.3765
40512.000,275.3765
40522.667,275.3765
40533.333,275.3765
40544.000,276.9717
40554.667,276.9717
40565.333,278.5762
40576.000,278.5762
40586.667,278.5762
40597.333,278.5762
40608.000,278.5762
40618.667,276.9717
40629.333,275.3765
40640.000,275.3765
40650.667,275.3765
40661.333,275.3765
40672.000,278.5762
40682.667,281.8131
40693.333,286.7391
40704.000,0.0000
40714.667,0.0000
40725.333,307.3193
40736.000,309.0996
40746.667,309.0996
40757.333,310.8902
40768.000,312.6912
40778.667,312.6912
40789.333,312.6912
40800.000,312.6912
40810.667,312.6912
40821.333,312.6912
40832.000,0.0000
40842.667,0.0000
40853.333,0.0000
40864.000,0.0000
40874.667,0.0000
40885.333,0.0000
40896.000,0.0000
40906.667,0.0000
40917.333,0.0000
40928.000,0.0000
40938.667,0.0000
40949.333,0.0000
40960.000,0.0000
40970.667,0.0000
40981.333,0.0000
40992.000,0.0000
41002.667,0.0000
41013.333,0.0000
41024.000,0.0000
41034.667,0.0000
41045.333,0.0000
41056.000,235.6107
41066.667,234.2537
41077.333,230.2294
41088.000,228.9033
41098.667,234.2537
41109.333,248.1832
41120.000,280.1900
41130.667,281.8131
41141.333,283.4456
41152.000,281.8131
41162.667,283.4456
41173.333,281.8131
41184.000,281.8131
41194.667,281.8131
41205.333,280.1900
41216.000,281.8131
41226.667,283.4456
41237.333,291.7512
41248.000,296.8509
41258.667,303.7895
41269.333,307.3193
41280.000,310.8902
41290.667,310.8902
41301.333,310.8902
41312.000,309.0996
41322.667,309.0996
41333.333,309.0996
41344.000,309.0996
41354.667,310.8902
41365.333,310.8902
41376.000,310.8902
41386.667,310.8902
41397.333,312.6912
41408.000,312.6912
41418.667,310.8902
41429.333,310.8902
41440.000,309.0996
41450.667,305.5493
41461.333,302.0398
41472.000,307.3193
41482.667,312.6912
41493.333,318.1569
41504.000,316.3245
41514.667,312.6912
41525.333,310.8902
41536.000,310.8902
41546.667,310.8902
41557.333,310.8902
41568.000,309.0996
41578.667,309.0996
41589.333,307.3193
41600.000,0.0000
41610.667,0.0000
41621.333,0.0000
41632.000,0.0000
41642.667,0.0000
41653.333,0.0000
41664.000,0.0000
41674.667,0.0000
41685.333,0.0000
41696.000,276.9717
41706.667,276.9717
41717.333,276.9717
41728.000,276.9717
41738.667,276.9717
41749.333,276.9717
41760.000,278.5762
41770.667,281.8131
41781.333,293.4413
41792.000,300.3002
41802.667,303.7895
41813.333,307.3193
41824.000,310.8902
41834.667,310.8902
41845.333,310.8902
41856.000,310.8902
41866.667,309.0996
41877.333,307.3193
41888.000,307.3193
41898.667,307.3193
41909.333,309.0996
41920.000,309.0996
41930.667,309.0996
41941.333,310.8902
41952.000,310.8902
41962.667,309.0996
41973.333,307.3193
41984.000,302.0398
41994.667,293.4413
42005.333,272.2135
42016.000,258.4237
42026.667,0.0000
42037.333,0.0000
42048.000,303.7895
42058.667,305.5493
42069.333,303.7895
42080.000,309.0996
42090.667,316.3245
42101.333,318.1569
42112.000,316.3245
42122.667,316.3245
42133.333,314.5026
42144.000,310.8902
42154.667,309.0996
42165.333,309.0996
42176.000,309.0996
42186.667,309.0996
42197.333,309.0996
42208.000,309.0996
42218.667,309.0996
42229.333,310.8902
42240.000,310.8902
42250.667,310.8902
42261.333,310.8902
42272.000,310.8902
42282.667,310.8902
42293.333,310.8902
42304.000,310.8902
42314.667,310.8902
42325.333,310.8902
42336.000,309.0996
42346.667,310.8902
42357.333,309.0996
42368.000,309.0996
42378.667,309.0996
42389.333,309.0996
42400.000,307.3193
42410.667,305.5493
42421.333,305.5493
42432.000,303.7895
42442.667,0.0000
42453.333,0.0000
42464.000,0.0000
42474.667,0.0000
42485.333,0.0000
42496.000,335.1341
42506.667,335.1341
42517.333,331.2848
42528.000,327.4796
42538.667,325.5935
42549.333,321.8537
42560.000,0.0000
42570.667,0.0000
42581.333,0.0000
42592.000,273.7904
42602.667,273.7904
42613.333,275.3765
42624.000,276.9717
42634.667,276.9717
42645.333,276.9717
42656.000,276.9717
42666.667,276.9717
42677.333,275.3765
42688.000,275.3765
42698.667,275.3765
42709.333,275.3765
42720.000,276.9717
42730.667,276.9717
42741.333,278.5762
42752.000,278.5762
42762.667,276.9717
42773.333,276.9717
42784.000,276.9717
42794.667,275.3765
42805.333,275.3765
42816.000,276.9717
42826.667,276.9717
42837.333,276.9717
42848.000,276.9717
42858.667,276.9717
42869.333,276.9717
42880.000,276.9717
42890.667,276.9717
42901.333,278.5762
42912.000,278.5762
42922.667,278.5762
42933.333,278.5762
42944.000,278.5762
42954.667,278.5762
42965.333,276.9717
42976.000,276.9717
42986.667,276.9717
42997.333,275.3765
43008.000,275.3765
43018.667,275.3765
43029.333,275.3765
43040.000,276.9717
43050.667,278.5762
43061.333,278.5762
43072.000,280.1900
43082.667,278.5762
43093.333,278.5762
43104.000,275.3765
43114.667,272.2135
43125.333,0.0000
43136.000,0.0000
43146.667,0.0000
43157.333,0.0000
43168.000,0.0000
43178.667,0.0000
43189.333,0.0000
43200.000,0.0000
43210.667,0.0000
43221.333,0.0000
43232.000,0.0000
43242.667,0.0000
43253.333,0.0000
43264.000,283.4456
43274.667,272.2135
43285.333,258.4237
43296.000,235.6107
43306.667,235.6107
43317.333,236.9756
43328.000,235.6107
43338.667,234.2537
43349.333,232.9045
43360.000,232.9045
43370.667,231.5631
43381.333,231.5631
43392.000,230.2294
43402.667,230.2294
43413.333,230.2294
43424.000,230.2294
43434.667,231.5631
43445.333,231.5631
43456.000,232.9045
43466.667,232.9045
43477.333,234.2537
43488.000,234.2537
43498.667,235.6107
43509.333,235.6107
43520.000,235.6107
43530.667,235.6107
43541.333,234.2537
43552.000,231.5631
43562.667,228.9033
43573.333,214.8116
43584.000,219.8326
43594.667,230.2294
43605.333,234.2537
43616.000,234.2537
43626.667,236.9756
43637.333,236.9756
43648.000,236.9756
43658.667,238.3484
43669.333,236.9756
43680.000,236.9756
43690.667,0.0000
43701.333,0.0000
43712.000,0.0000
43722.667,0.0000
43733.333,0.0000
43744.000,0.0000
43754.667,0.0000
43765.333,0.0000
43776.000,0.0000
43786.667,0.0000
43797.333,0.0000
43808.000,0.0000
43818.667,0.0000
43829.333,253.9842
43840.000,241.1179
43850.667,241.1179
43861.333,238.3484
43872.000,235.6107
43882.667,234.2537
43893.333,234.2537
43904.000,232.9045
43914.667,232.9045
43925.333,232.9045
43936.000,232.9045
43946.667,232.9045
43957.333,232.9045
43968.000,234.2537
43978.667,234.2537
43989.333,234.2537
44000.000,234.2537
44010.667,232.9045
44021.333,232.9045
44032.000,232.9045
44042.667,232.9045
44053.333,232.9045
44064.000,231.5631
44074.667,232.9045
44085.333,231.5631
44096.000,232.9045
44106.667,235.6107
44117.333,231.5631
44128.000,232.9045
44138.667,234.2537
44149.333,232.9045
44160.000,234.2537
44170.667,0.0000
44181.333,0.0000
44192.000,0.0000
44202.667,0.0000
44213.333,0.0000
44224.000,0.0000
44234.667,0.0000
44245.333,0.0000
44256.000,0.0000
44266.667,0.0000
44277.333,252.5213
44288.000,251.0669
44298.667,248.1832
44309.333,246.7537
44320.000,245.3325
44330.667,245.3325
44341.333,245.3325
44352.000,245.3325
44362.667,245.3325
44373.333,245.3325
44384.000,246.7537
44394.667,246.7537
44405.333,246.7537
44416.000,246.7537
44426.667,246.7537
44437.333,246.7537
44448.000,248.1832
44458.667,246.7537
44469.333,246.7537
44480.000,245.3325
44490.667,245.3325
44501.333,243.9195
44512.000,243.9195
44522.667,243.9195
44533.333,243.9195
44544.000,242.5147
44554.667,241.1179
44565.333,236.9756
44576.000,234.2537
44586.667,232.9045
44597.333,232.9045
44608.000,232.9045
44618.667,0.0000
44629.333,0.0000
44640.000,0.0000
44650.667,0.0000
44661.333,0.0000
44672.000,0.0000
44682.667,0.0000
44693.333,359.1879
44704.000,367.5835
44714.667,371.8546
44725.333,371.8546
44736.000,371.8546
44746.667,371.8546
44757.333,376.1753
44768.000,378.3545
44778.667,378.3545
44789.333,376.1753
44800.000,374.0087
44810.667,369.7129
44821.333,371.8546
44832.000,376.1753
44842.667,0.0000
44853.333,0.0000
44864.000,0.0000
44874.667,0.0000
44885.333,0.0000
44896.000,0.0000
44906.667,0.0000
44917.333,0.0000
44928.000,0.0000
44938.667,298.5706
44949.333,312.6912
44960.000,314.5026
44970.667,312.6912
44981.333,310.8902
44992.000,310.8902
45002.667,309.0996
45013.333,307.3193
45024.000,307.3193
45034.667,307.3193
45045.333,307.3193
45056.000,307.3193
45066.667,307.3193
45077.333,307.3193
45088.000,309.0996
45098.667,309.0996
45109.333,312.6912
45120.000,314.5026
45130.667,316.3245
45141.333,318.1569
45152.000,320.0000
45162.667,320.0000
45173.333,320.0000
45184.000,318.1569
45194.667,312.6912
45205.333,307.3193
45216.000,305.5493
45226.667,305.5493
45237.333,307.3193
45248.000,310.8902
45258.667,314.5026
45269.333,316.3245
45280.000,316.3245
45290.667,316.3245
45301.333,314.5026
45312.000,312.6912
45322.667,309.0996
45333.333,309.0996
45344.000,307.3193
45354.667,303.7895
45365.333,300.3002
45376.000,296.8509
45386.667,295.1412
45397.333,288.4001
45408.000,278.5762
45418.667,272.2135
45429.333,262.9409
45440.000,246.7537
45450.667,241.1179
45461.333,236.9756
45472.000,0.0000
45482.667,0.0000
45493.333,0.0000
45504.000,0.0000
45514.667,0.0000
45525.333,0.0000
45536.000,156.3456
45546.667,157.2513
45557.333,157.2513
45568.000,157.2513
45578.667,156.3456
45589.333,156.3456
45600.000,155.4451
45610.667,155.4451
45621.333,155.4451
45632.000,155.4451
45642.667,155.4451
45653.333,156.3456
45664.000,156.3456
45674.667,156.3456
45685.333,155.4451
45696.000,154.5498
45706.667,153.6597
45717.333,0.0000
45728.000,0.0000
45738.667,0.0000
45749.333,0.0000
45760.000,0.0000
45770.667,307.3193
45781.333,309.0996
45792.000,309.0996
45802.667,312.6912
45813.333,312.6912
45824.000,310.8902
45834.667,310.8902
45845.333,309.0996
45856.000,0.0000
45866.667,0.0000
45877.333,0.0000
45888.000,0.0000
45898.667,0.0000
45909.333,0.0000
45920.000,0.0000
45930.667,309.0996
45941.333,300.3002
45952.000,300.3002
45962.667,300.3002
45973.333,300.3002
45984.000,300.3002
45994.667,310.8902
46005.333,0.0000
46016.000,281.8131
46026.667,285.0876
46037.333,290.0708
46048.000,302.0398
46058.667,309.0996
46069.333,310.8902
46080.000,312.6912
46090.667,312.6912
46101.333,312.6912
46112.000,312.6912
46122.667,312.6912
46133.333,312.6912
46144.000,312.6912
46154.667,312.6912
46165.333,312.6912
46176.000,312.6912
46186.667,312.6912
46197.333,310.8902
46208.000,310.8902
46218.667,310.8902
46229.333,309.0996
46240.000,309.0996
46250.667,309.0996
46261.333,307.3193
46272.000,305.5493
46282.667,305.5493
46293.333,265.9961
46304.000,245.3325
46314.667,221.1061
46325.333,227.5850
46336.000,227.5850
46346.667,227.5850
46357.333,0.0000
46368.000,0.0000
46378.667,0.0000
46389.333,0.0000
46400.000,0.0000
46410.667,0.0000
46421.333,320.0000
46432.000,320.0000
46442.667,321.8537
46453.333,323.7182
46464.000,321.8537
46474.667,321.8537
46485.333,318.1569
46496.000,316.3245
46506.667,314.5026
46517.333,312.6912
46528.000,310.8902
46538.667,309.0996
46549.333,309.0996
46560.000,309.0996
46570.667,309.0996
46581.333,309.0996
46592.000,310.8902
46602.667,310.8902
46613.333,310.8902
46624.000,310.8902
46634.667,310.8902
46645.333,309.0996
46656.000,309.0996
46666.667,310.8902
46677.333,310.8902
46688.000,310.8902
46698.667,310.8902
46709.333,0.0000
46720.000,0.0000
46730.667,0.0000
46741.333,0.0000
46752.000,0.0000
46762.667,0.0000
46773.333,0.0000
46784.000,0.0000
46794.667,246.7537
46805.333,242.5147
46816.000,241.1179
46826.667,242.5147
46837.333,261.4265
46848.000,278.5762
46858.667,278.5762
46869.333,278.5762
46880.000,276.9717
46890.667,275.3765
46901.333,273.7904
46912.000,273.7904
46922.667,273.7904
46933.333,275.3765
46944.000,0.0000
46954.667,0.0000
46965.333,0.0000
46976.000,0.0000
46986.667,0.0000
46997.333,0.0000
47008.000,0.0000
47018.667,269.0869
47029.333,269.0869
47040.000,269.0869
47050.667,267.5370
47061.333,258.4237
47072.000,256.9353
47082.667,255.4555
47093.333,253.9842
47104.000,253.9842
47114.667,273.7904
47125.333,280.1900
47136.000,280.1900
47146.667,280.1900
47157.333,278.5762
47168.000,276.9717
47178.667,276.9717
47189.333,278.5762
47200.000,280.1900
47210.667,281.8131
47221.333,285.0876
47232.000,288.4001
47242.667,291.7512
47253.333,305.5493
47264.000,309.0996
47274.667,310.8902
47285.333,310.8902
47296.000,310.8902
47306.667,310.8902
47317.333,310.8902
47328.000,310.8902
47338.667,309.0996
47349.333,310.8902
47360.000,309.0996
47370.667,309.0996
47381.333,309.0996
47392.000,309.0996
47402.667,309.0996
47413.333,309.0996
47424.000,309.0996
47434.667,307.3193
47445.333,307.3193
47456.000,305.5493
47466.667,293.4413
47477.333,0.0000
47488.000,0.0000
47498.667,0.0000
47509.333,0.0000
47520.000,0.0000
47530.667,0.0000
47541.333,0.0000
47552.000,0.0000
47562.667,0.0000
47573.333,0.0000
47584.000,0.0000
47594.667,0.0000
47605.333,0.0000
47616.000,0.0000
47626.667,0.0000
47637.333,0.0000
47648.000,0.0000
47658.667,275.3765
47669.333,278.5762
47680.000,280.1900
47690.667,283.4456
47701.333,283.4456
47712.000,283.4456
47722.667,281.8131
47733.333,280.1900
47744.000,281.8131
47754.667,283.4456
47765.333,288.4001
47776.000,295.1412
47786.667,303.7895
47797.333,307.3193
47808.000,309.0996
47818.667,310.8902
47829.333,310.8902
47840.000,310.8902
47850.667,310.8902
47861.333,310.8902
47872.000,312.6912
47882.667,312.6912
47893.333,312.6912
47904.000,312.6912
47914.667,310.8902
47925.333,307.3193
47936.000,296.8509
47946.667,303.7895
47957.333,305.5493
47968.000,309.0996
47978.667,309.0996
47989.333,312.6912
48000.000,312.6912
48010.667,0.0000
48021.333,0.0000
48032.000,0.0000
48042.667,0.0000
48053.333,0.0000
48064.000,0.0000
48074.667,0.0000
48085.333,310.8902
48096.000,305.5493
48106.667,307.3193
48117.333,314.5026
48128.000,314.5026
48138.667,303.7895
48149.333,302.0398
48160.000,298.5706
48170.667,0.0000
48181.333,0.0000
48192.000,290.0708
48202.667,261.4265
48213.333,236.9756
48224.000,261.4265
48234.667,290.0708
48245.333,286.7391
48256.000,285.0876
48266.667,285.0876
48277.333,286.7391
48288.000,290.0708
48298.667,296.8509
48309.333,302.0398
48320.000,307.3193
48330.667,312.6912
48341.333,316.3245
48352.000,318.1569
48362.667,318.1569
48373.333,318.1569
48384.000,316.3245
48394.667,316.3245
48405.333,312.6912
48416.000,312.6912
48426.667,310.8902
48437.333,310.8902
48448.000,310.8902
48458.667,309.0996
48469.333,307.3193
48480.000,307.3193
48490.667,305.5493
48501.333,303.7895
48512.000,303.7895
48522.667,302.0398
48533.333,272.2135
48544.000,241.1179
48554.667,223.6752
48565.333,212.3443
48576.000,211.1213
48586.667,222.3869
48597.333,245.3325
48608.000,0.0000
48618.667,0.0000
48629.333,329.3767
48640.000,327.4796
48650.667,327.4796
48661.333,325.5935
48672.000,321.8537
48682.667,318.1569
48693.333,314.5026
48704.000,312.6912
48714.667,310.8902
48725.333,309.0996
48736.000,309.0996
48746.667,309.0996
48757.333,309.0996
48768.000,309.0996
48778.667,309.0996
48789.333,310.8902
48800.000,310.8902
48810.667,312.6912
48821.333,312.6912
48832.000,312.6912
48842.667,312.6912
48853.333,312.6912
48864.000,312.6912
48874.667,0.0000
48885.333,0.0000
48896.000,0.0000
48906.667,298.5706
48917.333,290.0708
48928.000,280.1900
48938.667,280.1900
48949.333,275.3765
48960.000,262.9409
48970.667,245.3325
48981.333,236.9756
48992.000,227.5850
49002.667,230.2294
49013.333,261.4265
49024.000,269.0869
49034.667,275.3765
49045.333,276.9717
49056.000,276.9717
49066.667,276.9717
49077.333,275.3765
49088.000,273.7904
49098.667,272.2135
49109.333,272.2135
49120.000,273.7904
49130.667,276.9717
49141.333,276.9717
49152.000,278.5762
49162.667,278.5762
49173.333,278.5762
49184.000,0.0000
49194.667,0.0000
49205.333,0.0000
49216.000,0.0000
49226.667,0.0000
49237.333,0.0000
49248.000,0.0000
49258.667,0.0000
49269.333,0.0000
49280.000,0.0000
49290.667,0.0000
49301.333,0.0000
49312.000,0.0000
49322.667,285.0876
49333.333,293.4413
49344.000,288.4001
49354.667,286.7391
49365.333,285.0876
49376.000,280.1900
49386.667,278.5762
49397.333,278.5762
49408.000,280.1900
49418.667,283.4456
49429.333,286.7391
49440.000,290.0708
49450.667,300.3002
49461.333,310.8902
49472.000,312.6912
49482.667,312.6912
49493.333,310.8902
49504.000,310.8902
49514.667,310.8902
49525.333,310.8902
49536.000,309.0996
49546.667,309.0996
49557.333,309.0996
49568.000,309.0996
49578.667,307.3193
49589.333,307.3193
49600.000,307.3193
49610.667,307.3193
49621.333,307.3193
49632.000,307.3193
49642.667,307.3193
49653.333,309.0996
49664.000,312.6912
49674.667,312.6912
49685.333,310.8902
49696.000,310.8902
49706.667,310.8902
49717.333,314.5026
49728.000,0.0000
49738.667,0.0000
49749.333,0.0000
49760.000,0.0000
49770.667,0.0000
49781.333,0.0000
49792.000,0.0000
49802.667,0.0000
49813.333,0.0000
49824.000,0.0000
49834.667,0.0000
49845.333,0.0000
49856.000,0.0000
49866.667,600.6003
49877.333,607.5790
49888.000,621.7804
49898.667,640.0000
49909.333,651.1870
49920.000,654.9593
49930.667,654.9593
49941.333,666.4078
49952.000,670.2682
49962.667,674.1511
49973.333,662.5696
49984.000,654.9593
49994.667,647.4364
50005.333,643.7075
50016.000,640.0000
50026.667,632.6490
50037.333,632.6490
50048.000,629.0052
50058.667,621.7804
50069.333,614.6387
50080.000,614.6387
50090.667,614.6387
50101.333,614.6387
50112.000,0.0000
50122.667,0.0000
50133.333,0.0000
50144.000,0.0000
50154.667,0.0000
50165.333,0.0000
50176.000,0.0000
50186.667,0.0000
50197.333,0.0000
50208.000,0.0000
50218.667,0.0000
50229.333,0.0000
50240.000,0.0000
50250.667,0.0000
50261.333,0.0000
50272.000,0.0000
50282.667,0.0000
50293.333,0.0000
50304.000,0.0000
50314.667,0.0000
50325.333,0.0000
50336.000,0.0000
50346.667,0.0000
50357.333,0.0000
50368.000,0.0000
50378.667,0.0000
50389.333,0.0000
50400.000,0.0000
50410.667,0.0000
50421.333,276.9717
50432.000,278.5762
50442.667,281.8131
50453.333,283.4456
50464.000,285.0876
50474.667,290.0708
50485.333,303.7895
50496.000,307.3193
50506.667,307.3193
50517.333,309.0996
50528.000,310.8902
50538.667,310.8902
50549.333,312.6912
50560.000,310.8902
50570.667,310.8902
50581.333,310.8902
50592.000,310.8902
50602.667,310.8902
50613.333,310.8902
50624.000,310.8902
50634.667,309.0996
50645.333,309.0996
50656.000,309.0996
50666.667,305.5493
50677.333,303.7895
50688.000,265.9961
50698.667,261.4265
50709.333,249.6209
50720.000,249.6209
50730.667,239.7291
50741.333,227.5850
50752.000,242.5147
50762.667,252.5213
50773.333,0.0000
50784.000,295.1412
50794.667,302.0398
50805.333,303.7895
50816.000,307.3193
50826.667,310.8902
50837.333,310.8902
50848.000,309.0996
50858.667,309.0996
50869.333,309.0996
50880.000,309.0996
50890.667,309.0996
50901.333,309.0996
50912.000,310.8902
50922.667,310.8902
50933.333,312.6912
50944.000,312.6912
50954.667,312.6912
50965.333,312.6912
50976.000,312.6912
50986.667,310.8902
50997.333,310.8902
51008.000,310.8902
51018.667,310.8902
51029.333,309.0996
51040.000,309.0996
51050.667,309.0996
51061.333,309.0996
51072.000,309.0996
51082.667,309.0996
51093.333,309.0996
51104.000,305.5493
51114.667,303.7895
51125.333,302.0398
51136.000,305.5493
51146.667,320.0000
51157.333,323.7182
51168.000,331.2848
51178.667,333.2039
51189.333,331.2848
51200.000,331.2848
51210.667,321.8537
51221.333,314.5026
51232.000,302.0398
51242.667,290.0708
51253.333,275.3765
51264.000,272.2135
51274.667,272.2135
51285.333,273.7904
51296.000,275.3765
51306.667,276.9717
51317.333,278.5762
51328.000,278.5762
51338.667,276.9717
51349.333,276.9717
51360.000,275.3765
51370.667,273.7904
51381.333,270.6457
51392.000,236.9756
51402.667,228.9033
51413.333,222.3869
51424.000,221.1061
51434.667,217.3076
51445.333,214.8116
51456.000,0.0000
51466.667,0.0000
51477.333,283.4456
51488.000,281.8131
51498.667,280.1900
51509.333,276.9717
51520.000,275.3765
51530.667,275.3765
51541.333,0.0000
51552.000,0.0000
51562.667,0.0000
51573.333,0.0000
51584.000,0.0000
51594.667,0.0000
51605.333,276.9717
51616.000,276.9717
51626.667,276.9717
51637.333,278.5762
51648.000,278.5762
51658.667,278.5762
51669.333,278.5762
51680.000,278.5762
51690.667,278.5762
51701.333,276.9717
51712.000,276.9717
51722.667,276.9717
51733.333,276.9717
51744.000,276.9717
51754.667,276.9717
51765.333,276.9717
51776.000,276.9717
51786.667,278.5762
51797.333,278.5762
51808.000,278.5762
51818.667,0.0000
51829.333,0.0000
51840.000,0.0000
51850.667,0.0000
51861.333,0.0000
51872.000,0.0000
51882.667,0.0000
51893.333,0.0000
51904.000,138.4858
51914.667,138.4858
51925.333,138.4858
51936.000,138.4858
51946.667,138.4858
51957.333,138.4858
51968.000,138.4858
51978.667,137.6882
51989.333,137.6882
52000.000,137.6882
52010.667,138.4858
52021.333,138.4858
52032.000,139.2881
52042.667,139.2881
52053.333,139.2881
52064.000,138.4858
52074.667,138.4858
52085.333,138.4858
52096.000,138.4858
52106.667,138.4858
52117.333,138.4858
52128.000,138.4858
52138.667,138.4858
52149.333,138.4858
52160.000,138.4858
52170.667,138.4858
52181.333,137.6882
52192.000,136.8952
52202.667,136.8952
52213.333,136.8952
52224.000,138.4858
52234.667,0.0000
52245.333,0.0000
52256.000,0.0000
52266.667,0.0000
52277.333,0.0000
52288.000,0.0000
52298.667,0.0000
52309.333,0.0000
52320.000,0.0000
52330.667,267.5370
52341.333,272.2135
52352.000,273.7904
52362.667,276.9717
52373.333,280.1900
52384.000,281.8131
52394.667,281.8131
52405.333,280.1900
52416.000,278.5762
52426.667,276.9717
52437.333,270.6457
52448.000,270.6457
52458.667,270.6457
52469.333,278.5762
52480.000,281.8131
52490.667,283.4456
52501.333,281.8131
52512.000,0.0000
52522.667,0.0000
52533.333,0.0000
52544.000,0.0000
52554.667,0.0000
52565.333,278.5762
52576.000,278.5762
52586.667,281.8131
52597.333,288.4001
52608.000,302.0398
52618.667,305.5493
52629.333,309.0996
52640.000,310.8902
52650.667,310.8902
52661.333,310.8902
52672.000,310.8902
52682.667,310.8902
52693.333,310.8902
52704.000,310.8902
52714.667,310.8902
52725.333,310.8902
52736.000,310.8902
52746.667,310.8902
52757.333,312.6912
52768.000,312.6912
52778.667,312.6912
52789.333,312.6912
52800.000,312.6912
52810.667,310.8902
52821.333,312.6912
52832.000,329.3767
52842.667,331.2848
52853.333,331.2848
52864.000,331.2848
52874.667,331.2848
52885.333,331.2848
52896.000,329.3767
52906.667,329.3767
52917.333,329.3767
52928.000,329.3767
52938.667,329.3767
52949.333,329.3767
52960.000,327.4796
52970.667,327.4796
52981.333,327.4796
52992.000,329.3767
53002.667,329.3767
53013.333,329.3767
53024.000,331.2848
53034.667,331.2848
53045.333,331.2848
53056.000,331.2848
53066.667,329.3767
53077.333,327.4796
53088.000,327.4796
53098.667,325.5935
53109.333,353.0172
53120.000,361.2686
53130.667,363.3614
53141.333,365.4663
53152.000,369.7129
53162.667,371.8546
53173.333,371.8546
53184.000,369.7129
53194.667,369.7129
53205.333,369.7129
53216.000,369.7129
53226.667,369.7129
53237.333,369.7129
53248.000,369.7129
53258.667,369.7129
53269.333,369.7129
53280.000,359.1879
53290.667,312.6912
53301.333,314.5026
53312.000,314.5026
53322.667,312.6912
53333.333,321.8537
53344.000,0.0000
53354.667,0.0000
53365.333,0.0000
53376.000,479.4583
53386.667,482.2357
53397.333,485.0293
53408.000,493.5075
53418.667,499.2417
53429.333,499.2417
53440.000,499.2417
53450.667,499.2417
53461.333,496.3663
53472.000,496.3663
53482.667,496.3663
53493.333,493.5075
53504.000,493.5075
53514.667,493.5075
53525.333,493.5075
53536.000,493.5075
53546.667,493.5075
53557.333,493.5075
53568.000,493.5075
53578.667,496.3663
53589.333,496.3663
53600.000,496.3663
53610.667,496.3663
53621.333,496.3663
53632.000,496.3663
53642.667,496.3663
53653.333,496.3663
53664.000,499.2417
53674.667,502.1338
53685.333,522.8529
53696.000,535.0741
53706.667,544.4270
53717.333,550.7529
53728.000,557.1524
53738.667,557.1524
53749.333,553.9434
53760.000,553.9434
53770.667,553.9434
53781.333,553.9434
53792.000,553.9434
53802.667,553.9434
53813.333,553.9434
53824.000,557.1524
53834.667,557.1524
53845.333,557.1524
53856.000,557.1524
53866.667,557.1524
53877.333,557.1524
53888.000,557.1524
53898.667,557.1524
53909.333,557.1524
53920.000,557.1524
53930.667,557.1524
53941.333,557.1524
53952.000,557.1524
53962.667,557.1524
53973.333,553.9434
53984.000,553.9434
53994.667,553.9434
54005.333,553.9434
54016.000,550.7529
54026.667,547.5808
54037.333,541.2913
54048.000,541.2913
54058.667,0.0000
54069.333,0.0000
54080.000,0.0000
54090.667,541.2913
54101.333,522.8529
54112.000,519.8415
54122.667,507.9683
54133.333,496.3663
54144.000,496.3663
54154.667,496.3663
54165.333,493.5075
54176.000,487.8390
54186.667,0.0000
54197.333,499.2417
54208.000,502.1338
54218.667,496.3663
54229.333,493.5075
54240.000,493.5075
54250.667,493.5075
54261.333,493.5075
54272.000,493.5075
54282.667,493.5075
54293.333,493.5075
54304.000,493.5075
54314.667,493.5075
54325.333,493.5075
54336.000,493.5075
54346.667,493.5075
54357.333,493.5075
54368.000,493.5075
54378.667,496.3663
54389.333,493.5075
54400.000,493.5075
54410.667,493.5075
54421.333,493.5075
54432.000,493.5075
54442.667,493.5075
54453.333,493.5075
54464.000,493.5075
54474.667,493.5075
54485.333,493.5075
54496.000,493.5075
54506.667,490.6651
54517.333,493.5075
54528.000,493.5075
54538.667,496.3663
54549.333,496.3663
54560.000,496.3663
54570.667,496.3663
54581.333,496.3663
54592.000,0.0000
54602.667,0.0000
54613.333,0.0000
54624.000,0.0000
54634.667,0.0000
54645.333,0.0000
54656.000,0.0000
54666.667,0.0000
54677.333,0.0000
54688.000,0.0000
54698.667,0.0000
54709.333,0.0000
54720.000,0.0000
54730.667,0.0000
54741.333,0.0000
54752.000,460.4587
54762.667,468.5074
54773.333,471.2215
54784.000,471.2215
54794.667,473.9512
54805.333,479.4583
54816.000,482.2357
54826.667,487.8390
54837.333,487.8390
54848.000,490.6651
54858.667,493.5075
54869.333,496.3663
54880.000,496.3663
54890.667,496.3663
54901.333,496.3663
54912.000,493.5075
54922.667,493.5075
54933.333,493.5075
54944.000,493.5075
54954.667,493.5075
54965.333,493.5075
54976.000,493.5075
54986.667,493.5075
54997.333,493.5075
55008.000,490.6651
55018.667,487.8390
55029.333,479.4583
55040.000,471.2215
55050.667,468.5074
55061.333,465.8090
55072.000,465.8090
55082.667,463.1262
55093.333,463.1262
55104.000,463.1262
55114.667,463.1262
55125.333,465.8090
55136.000,465.8090
55146.667,465.8090
55157.333,465.8090
55168.000,465.8090
55178.667,465.8090
55189.333,465.8090
55200.000,463.1262
55210.667,460.4587
55221.333,455.1699
55232.000,452.5483
55242.667,449.9419
55253.333,0.0000
55264.000,0.0000
55274.667,0.0000
55285.333,0.0000
55296.000,0.0000
55306.667,359.1879
55317.333,363.3614
55328.000,365.4663
55338.667,365.4663
55349.333,367.5835
55360.000,369.7129
55370.667,369.7129
55381.333,369.7129
55392.000,369.7129
55402.667,369.7129
55413.333,369.7129
55424.000,369.7129
55434.667,369.7129
55445.333,367.5835
55456.000,365.4663
55466.667,365.4663
55477.333,369.7129
55488.000,374.0087
55498.667,371.8546
55509.333,371.8546
55520.000,369.7129
55530.667,369.7129
55541.333,369.7129
55552.000,371.8546
55562.667,365.4663
55573.333,329.3767
55584.000,327.4796
55594.667,327.4796
55605.333,327.4796
55616.000,327.4796
55626.667,327.4796
55637.333,327.4796
55648.000,327.4796
55658.667,327.4796
55669.333,327.4796
55680.000,329.3767
55690.667,329.3767
55701.333,329.3767
55712.000,331.2848
55722.667,331.2848
55733.333,331.2848
55744.000,331.2848
55754.667,333.2039
55765.333,333.2039
55776.000,335.1341
55786.667,333.2039
55797.333,333.2039
55808.000,333.2039
55818.667,331.2848
55829.333,331.2848
55840.000,331.2848
55850.667,329.3767
55861.333,329.3767
55872.000,329.3767
55882.667,329.3767
55893.333,329.3767
55904.000,329.3767
55914.667,329.3767
55925.333,329.3767
55936.000,329.3767
55946.667,329.3767
55957.333,329.3767
55968.000,329.3767
55978.667,329.3767
55989.333,329.3767
56000.000,329.3767
56010.667,329.3767
56021.333,329.3767
56032.000,329.3767
56042.667,329.3767
56053.333,329.3767
56064.000,329.3767
56074.667,329.3767
56085.333,329.3767
56096.000,329.3767
56106.667,329.3767
56117.333,329.3767
56128.000,329.3767
56138.667,329.3767
56149.333,329.3767
56160.000,329.3767
56170.667,329.3767
56181.333,329.3767
56192.000,329.3767
56202.667,331.2848
56213.333,331.2848
56224.000,331.2848
56234.667,331.2848
56245.333,331.2848
56256.000,331.2848
56266.667,331.2848
56277.333,329.3767
56288.000,325.5935
56298.667,323.7182
56309.333,325.5935
56320.000,323.7182
56330.667,0.0000
56341.333,0.0000
56352.000,0.0000
56362.667,0.0000
56373.333,0.0000
56384.000,310.8902
56394.667,309.0996
56405.333,312.6912
56416.000,314.5026
56426.667,318.1569
56437.333,320.0000
56448.000,321.8537
56458.667,323.7182
56469.333,327.4796
56480.000,327.4796
56490.667,329.3767
56501.333,329.3767
56512.000,329.3767
56522.667,329.3767
56533.333,329.3767
56544.000,329.3767
56554.667,329.3767
56565.333,329.3767
56576.000,329.3767
56586.667,329.3767
56597.333,329.3767
56608.000,329.3767
56618.667,329.3767
56629.333,329.3767
56640.000,331.2848
56650.667,333.2039
56661.333,333.2039
56672.000,335.1341
56682.667,333.2039
56693.333,333.2039
56704.000,331.2848
56714.667,329.3767
56725.333,327.4796
56736.000,325.5935
56746.667,325.5935
56757.333,325.5935
56768.000,327.4796
56778.667,331.2848
56789.333,331.2848
56800.000,331.2848
56810.667,329.3767
56821.333,329.3767
56832.000,327.4796
56842.667,323.7182
56853.333,316.3245
56864.000,314.5026
56874.667,312.6912
56885.333,305.5493
56896.000,303.7895
56906.667,302.0398
56917.333,298.5706
56928.000,291.7512
56938.667,293.4413
56949.333,298.5706
56960.000,302.0398
56970.667,303.7895
56981.333,309.0996
56992.000,320.0000
57002.667,323.7182
57013.333,325.5935
57024.000,329.3767
57034.667,329.3767
57045.333,329.3767
57056.000,327.4796
57066.667,327.4796
57077.333,327.4796
57088.000,327.4796
57098.667,327.4796
57109.333,329.3767
57120.000,329.3767
57130.667,329.3767
57141.333,329.3767
57152.000,329.3767
57162.667,329.3767
57173.333,325.5935
57184.000,321.8537
57194.667,318.1569
57205.333,314.5026
57216.000,310.8902
57226.667,309.0996
57237.333,309.0996
57248.000,309.0996
57258.667,310.8902
57269.333,310.8902
57280.000,310.8902
57290.667,312.6912
57301.333,312.6912
57312.000,314.5026
57322.667,312.6912
57333.333,312.6912
57344.000,310.8902
57354.667,310.8902
57365.333,309.0996
57376.000,309.0996
57386.667,309.0996
57397.333,0.0000
57408.000,0.0000
57418.667,0.0000
57429.333,209.9053
57440.000,213.5744
57450.667,221.1061
57461.333,235.6107
57472.000,236.9756
57482.667,245.3325
57493.333,246.7537
57504.000,246.7537
57514.667,246.7537
57525.333,246.7537
57536.000,246.7537
57546.667,245.3325
57557.333,245.3325
57568.000,246.7537
57578.667,245.3325
57589.333,246.7537
57600.000,246.7537
57610.667,246.7537
57621.333,246.7537
57632.000,246.7537
57642.667,246.7537
57653.333,245.3325
57664.000,248.1832
57674.667,0.0000
57685.333,0.0000
57696.000,0.0000
57706.667,0.0000
57717.333,0.0000
57728.000,0.0000
57738.667,0.0000
57749.333,0.0000
57760.000,276.9717
57770.667,285.0876
57781.333,286.7391
57792.000,288.4001
57802.667,290.0708
57813.333,295.1412
57824.000,298.5706
57834.667,300.3002
57845.333,303.7895
57856.000,309.0996
57866.667,312.6912
57877.333,316.3245
57888.000,318.1569
57898.667,320.0000
57909.333,325.5935
57920.000,329.3767
57930.667,331.2848
57941.333,333.2039
57952.000,333.2039
57962.667,333.2039
57973.333,331.2848
57984.000,331.2848
57994.667,331.2848
58005.333,329.3767
58016.000,329.3767
58026.667,329.3767
58037.333,329.3767
58048.000,329.3767
58058.667,329.3767
58069.333,329.3767
58080.000,329.3767
58090.667,331.2848
58101.333,331.2848
58112.000,331.2848
58122.667,331.2848
58133.333,329.3767
58144.000,329.3767
58154.667,329.3767
58165.333,327.4796
58176.000,329.3767
58186.667,329.3767
58197.333,329.3767
58208.000,329.3767
58218.667,329.3767
58229.333,329.3767
58240.000,329.3767
58250.667,327.4796
58261.333,325.5935
58272.000,296.8509
58282.667,291.7512
58293.333,303.7895
58304.000,316.3245
58314.667,316.3245
58325.333,314.5026
58336.000,312.6912
58346.667,310.8902
58357.333,310.8902
58368.000,310.8902
58378.667,312.6912
58389.333,310.8902
58400.000,310.8902
58410.667,310.8902
58421.333,310.8902
58432.000,310.8902
58442.667,310.8902
58453.333,310.8902
58464.000,310.8902
58474.667,310.8902
58485.333,310.8902
58496.000,310.8902
58506.667,310.8902
58517.333,310.8902
58528.000,310.8902
58538.667,310.8902
58549.333,310.8902
58560.000,310.8902
58570.667,310.8902
58581.333,310.8902
58592.000,310.8902
58602.667,310.8902
58613.333,310.8902
58624.000,310.8902
58634.667,310.8902
58645.333,310.8902
58656.000,310.8902
58666.667,312.6912
58677.333,303.7895
58688.000,285.0876
58698.667,0.0000
58709.333,0.0000
58720.000,0.0000
58730.667,0.0000
58741.333,0.0000
58752.000,0.0000
58762.667,0.0000
58773.333,0.0000
58784.000,0.0000
58794.667,0.0000
58805.333,0.0000
58816.000,0.0000
58826.667,0.0000
58837.333,276.9717
58848.000,278.5762
58858.667,278.5762
58869.333,278.5762
58880.000,278.5762
58890.667,278.5762
58901.333,278.5762
58912.000,278.5762
58922.667,278.5762
58933.333,276.9717
58944.000,276.9717
58954.667,276.9717
58965.333,276.9717
58976.000,276.9717
58986.667,276.9717
58997.333,276.9717
59008.000,276.9717
59018.667,276.9717
59029.333,276.9717
59040.000,278.5762
59050.667,278.5762
59061.333,278.5762
59072.000,276.9717
59082.667,276.9717
59093.333,275.3765
59104.000,275.3765
59114.667,276.9717
59125.333,276.9717
59136.000,276.9717
59146.667,276.9717
59157.333,276.9717
59168.000,276.9717
59178.667,276.9717
59189.333,276.9717
59200.000,276.9717
59210.667,276.9717
59221.333,276.9717
59232.000,276.9717
59242.667,276.9717
59253.333,276.9717
59264.000,276.9717
59274.667,276.9717
59285.333,276.9717
59296.000,278.5762
59306.667,278.5762
59317.333,278.5762
59328.000,278.5762
59338.667,278.5762
59349.333,278.5762
59360.000,276.9717
59370.667,275.3765
59381.333,272.2135
59392.000,246.7537
59402.667,246.7537
59413.333,245.3325
59424.000,245.3325
59434.667,245.3325
59445.333,245.3325
59456.000,246.7537
59466.667,246.7537
59477.333,246.7537
59488.000,246.7537
59498.667,246.7537
59509.333,246.7537
59520.000,246.7537
59530.667,248.1832
59541.333,248.1832
59552.000,248.1832
59562.667,246.7537
59573.333,246.7537
59584.000,246.7537
59594.667,246.7537
59605.333,245.3325
59616.000,239.7291
59626.667,238.3484
59637.333,223.6752
59648.000,0.0000
59658.667,0.0000
59669.333,262.9409
59680.000,267.5370
59690.667,270.6457
59701.333,275.3765
59712.000,276.9717
59722.667,278.5762
59733.333,280.1900
59744.000,281.8131
59754.667,283.4456
59765.333,291.7512
59776.000,298.5706
59786.667,305.5493
59797.333,309.0996
59808.000,312.6912
59818.667,314.5026
59829.333,312.6912
59840.000,310.8902
59850.667,309.0996
59861.333,309.0996
59872.000,309.0996
59882.667,309.0996
59893.333,310.8902
59904.000,310.8902
59914.667,309.0996
59925.333,309.0996
59936.000,305.5493
59946.667,300.3002
59957.333,276.9717
59968.000,272.2135
59978.667,269.0869
59989.333,269.0869
60000.000,270.6457
60010.667,269.0869
60021.333,270.6457
60032.000,272.2135
60042.667,273.7904
60053.333,275.3765
60064.000,276.9717
60074.667,276.9717
60085.333,276.9717
60096.000,276.9717
60106.667,276.9717
60117.333,276.9717
60128.000,276.9717
60138.667,276.9717
60149.333,276.9717
60160.000,276.9717
60170.667,276.9717
60181.333,276.9717
60192.000,276.9717
60202.667,276.9717
60213.333,276.9717
60224.000,276.9717
60234.667,276.9717
60245.333,276.9717
60256.000,278.5762
60266.667,276.9717
60277.333,278.5762
60288.000,276.9717
60298.667,276.9717
60309.333,276.9717
60320.000,276.9717
60330.667,288.4001
60341.333,288.4001
60352.000,288.4001
60362.667,290.0708
60373.333,264.4641
60384.000,264.4641
60394.667,265.9961
60405.333,265.9961
60416.000,265.9961
60426.667,264.4641
60437.333,264.4641
60448.000,264.4641
60458.667,262.9409
60469.333,288.4001
60480.000,288.4001
60490.667,288.4001
60501.333,288.4001
60512.000,288.4001
60522.667,286.7391
60533.333,286.7391
60544.000,283.4456
60554.667,278.5762
60565.333,276.9717
60576.000,276.9717
60586.667,276.9717
60597.333,276.9717
60608.000,276.9717
60618.667,278.5762
60629.333,276.9717
60640.000,278.5762
60650.667,276.9717
60661.333,276.9717
60672.000,278.5762
60682.667,276.9717
60693.333,276.9717
60704.000,276.9717
60714.667,275.3765
60725.333,275.3765
60736.000,275.3765
60746.667,275.3765
60757.333,272.2135
60768.000,276.9717
60778.667,276.9717
60789.333,278.5762
60800.000,278.5762
60810.667,278.5762
60821.333,275.3765
60832.000,276.9717
60842.667,276.9717
60853.333,276.9717
60864.000,280.1900
60874.667,281.8131
60885.333,300.3002
60896.000,303.7895
60906.667,276.9717
60917.333,272.2135
60928.000,273.7904
60938.667,275.3765
60949.333,276.9717
60960.000,278.5762
60970.667,276.9717
60981.333,276.9717
60992.000,275.3765
61002.667,275.3765
61013.333,278.5762
61024.000,276.9717
61034.667,0.0000
61045.333,0.0000
61056.000,0.0000
61066.667,0.0000
61077.333,0.0000
61088.000,0.0000
61098.667,0.0000
61109.333,0.0000
61120.000,0.0000
61130.667,0.0000
61141.333,0.0000
61152.000,0.0000
61162.667,0.0000
61173.333,0.0000
61184.000,0.0000
61194.667,0.0000
61205.333,0.0000
61216.000,0.0000
61226.667,0.0000
61237.333,0.0000
61248.000,0.0000
61258.667,0.0000
61269.333,0.0000
61280.000,0.0000
61290.667,0.0000
61301.333,0.0000
61312.000,0.0000
61322.667,285.0876
61333.333,290.0708
61344.000,295.1412
61354.667,300.3002
61365.333,307.3193
61376.000,307.3193
61386.667,307.3193
61397.333,307.3193
61408.000,307.3193
61418.667,309.0996
61429.333,309.0996
61440.000,309.0996
61450.667,310.8902
61461.333,310.8902
61472.000,310.8902
61482.667,310.8902
61493.333,310.8902
61504.000,310.8902
61514.667,310.8902
61525.333,309.0996
61536.000,309.0996
61546.667,310.8902
61557.333,312.6912
61568.000,318.1569
61578.667,325.5935
61589.333,329.3767
61600.000,333.2039
61610.667,335.1341
61621.333,335.1341
61632.000,335.1341
61642.667,333.2039
61653.333,331.2848
61664.000,331.2848
61674.667,329.3767
61685.333,329.3767
61696.000,329.3767
61706.667,329.3767
61717.333,329.3767
61728.000,329.3767
61738.667,331.2848
61749.333,331.2848
61760.000,331.2848
61770.667,329.3767
61781.333,327.4796
61792.000,0.0000
61802.667,0.0000
61813.333,0.0000
61824.000,327.4796
61834.667,369.7129
61845.333,369.7129
61856.000,369.7129
61866.667,369.7129
61877.333,369.7129
61888.000,369.7129
61898.667,369.7129
61909.333,369.7129
61920.000,369.7129
61930.667,369.7129
61941.333,369.7129
61952.000,369.7129
61962.667,367.5835
61973.333,367.5835
61984.000,367.5835
61994.667,367.5835
62005.333,365.4663
62016.000,0.0000
62026.667,0.0000
62037.333,0.0000
62048.000,0.0000
62058.667,0.0000
62069.333,0.0000
62080.000,0.0000
62090.667,0.0000
62101.333,0.0000
62112.000,502.1338
62122.667,496.3663
62133.333,493.5075
62144.000,493.5075
62154.667,493.5075
62165.333,493.5075
62176.000,493.5075
62186.667,496.3663
62197.333,496.3663
62208.000,493.5075
62218.667,493.5075
62229.333,493.5075
62240.000,493.5075
62250.667,493.5075
62261.333,493.5075
62272.000,493.5075
62282.667,493.5075
62293.333,493.5075
62304.000,493.5075
62314.667,493.5075
62325.333,493.5075
62336.000,493.5075
62346.667,493.5075
62357.333,490.6651
62368.000,490.6651
62378.667,493.5075
62389.333,496.3663
62400.000,507.9683
62410.667,513.8706
62421.333,519.8415
62432.000,525.8818
62442.667,538.1737
62453.333,544.4270
62464.000,550.7529
62474.667,553.9434
62485.333,553.9434
62496.000,553.9434
62506.667,553.9434
62517.333,557.1524
62528.000,557.1524
62538.667,557.1524
62549.333,557.1524
62560.000,557.1524
62570.667,557.1524
62581.333,557.1524
62592.000,553.9434
62602.667,553.9434
62613.333,553.9434
62624.000,553.9434
62634.667,553.9434
62645.333,553.9434
62656.000,553.9434
62666.667,553.9434
62677.333,553.9434
62688.000,553.9434
62698.667,553.9434
62709.333,550.7529
62720.000,550.7529
62730.667,547.5808
62741.333,0.0000
62752.000,0.0000
62762.667,0.0000
62773.333,0.0000
62784.000,0.0000
62794.667,0.0000
62805.333,0.0000
62816.000,0.0000
62826.667,0.0000
62837.333,0.0000
62848.000,0.0000
62858.667,0.0000
62869.333,0.0000
62880.000,0.0000
62890.667,0.0000
62901.333,0.0000
62912.000,0.0000
62922.667,505.0427
62933.333,505.0427
62944.000,505.0427
62954.667,496.3663
62965.333,490.6651
62976.000,487.8390
62986.667,487.8390
62997.333,487.8390
63008.000,490.6651
63018.667,490.6651
63029.333,490.6651
63040.000,490.6651
63050.667,493.5075
63061.333,493.5075
63072.000,493.5075
63082.667,493.5075
63093.333,493.5075
63104.000,493.5075
63114.667,496.3663
63125.333,496.3663
63136.000,493.5075
63146.667,493.5075
63157.333,493.5075
63168.000,496.3663
63178.667,496.3663
63189.333,496.3663
63200.000,496.3663
63210.667,496.3663
63221.333,496.3663
63232.000,496.3663
63242.667,496.3663
63253.333,496.3663
63264.000,496.3663
63274.667,496.3663
63285.333,496.3663
63296.000,493.5075
63306.667,493.5075
63317.333,493.5075
63328.000,493.5075
63338.667,493.5075
63349.333,493.5075
63360.000,493.5075
63370.667,493.5075
63381.333,493.5075
63392.000,490.6651
63402.667,493.5075
63413.333,493.5075
63424.000,493.5075
63434.667,493.5075
63445.333,493.5075
63456.000,493.5075
63466.667,496.3663
63477.333,485.0293
63488.000,485.0293
63498.667,485.0293
63509.333,485.0293
63520.000,487.8390
63530.667,493.5075
63541.333,493.5075
63552.000,496.3663
63562.667,496.3663
63573.333,493.5075
63584.000,493.5075
63594.667,493.5075
63605.333,496.3663
63616.000,496.3663
63626.667,493.5075
63637.333,493.5075
63648.000,493.5075
63658.667,493.5075
63669.333,493.5075
63680.000,493.5075
63690.667,493.5075
63701.333,493.5075
63712.000,490.6651
63722.667,490.6651
63733.333,487.8390
63744.000,482.2357
63754.667,473.9512
63765.333,473.9512
63776.000,468.5074
63786.667,465.8090
63797.333,463.1262
63808.000,460.4587
63818.667,460.4587
63829.333,460.4587
63840.000,460.4587
63850.667,460.4587
63861.333,463.1262
63872.000,465.8090
63882.667,465.8090
63893.333,465.8090
63904.000,465.8090
63914.667,465.8090
63925.333,465.8090
63936.000,465.8090
63946.667,465.8090
63957.333,465.8090
63968.000,463.1262
63978.667,460.4587
63989.333,455.1699
64000.000,449.9419
64010.667,447.3504
64021.333,439.6652
64032.000,0.0000
64042.667,371.8546
64053.333,371.8546
64064.000,369.7129
64074.667,369.7129
64085.333,369.7129
64096.000,369.7129
64106.667,371.8546
64117.333,371.8546
64128.000,369.7129
64138.667,367.5835
64149.333,365.4663
64160.000,0.0000
64170.667,0.0000
64181.333,0.0000
64192.000,0.0000
64202.667,0.0000
64213.333,0.0000
64224.000,0.0000
64234.667,0.0000
64245.333,0.0000
64256.000,0.0000
64266.667,0.0000
64277.333,361.2686
64288.000,333.2039
64298.667,337.0755
64309.333,339.0282
64320.000,337.0755
64330.667,333.2039
64341.333,331.2848
64352.000,331.2848
64362.667,329.3767
64373.333,329.3767
64384.000,329.3767
64394.667,329.3767
64405.333,329.3767
64416.000,329.3767
64426.667,327.4796
64437.333,327.4796
64448.000,327.4796
64458.667,327.4796
64469.333,325.5935
64480.000,323.7182
64490.667,321.8537
64501.333,323.7182
64512.000,323.7182
64522.667,325.5935
64533.333,325.5935
64544.000,327.4796
64554.667,327.4796
64565.333,327.4796
64576.000,327.4796
64586.667,327.4796
64597.333,325.5935
64608.000,325.5935
64618.667,325.5935
64629.333,325.5935
64640.000,327.4796
64650.667,327.4796
64661.333,327.4796
64672.000,327.4796
64682.667,327.4796
64693.333,327.4796
64704.000,327.4796
64714.667,327.4796
64725.333,329.3767
64736.000,329.3767
64746.667,329.3767
64757.333,329.3767
64768.000,329.3767
64778.667,329.3767
64789.333,331.2848
64800.000,329.3767
64810.667,329.3767
64821.333,329.3767
64832.000,329.3767
64842.667,329.3767
64853.333,329.3767
64864.000,329.3767
64874.667,329.3767
64885.333,329.3767
64896.000,329.3767
64906.667,329.3767
64917.333,329.3767
64928.000,329.3767
64938.667,329.3767
64949.333,329.3767
64960.000,327.4796
64970.667,327.4796
64981.333,325.5935
64992.000,323.7182
65002.667,321.8537
65013.333,321.8537
65024.000,321.8537
65034.667,320.0000
65045.333,325.5935
65056.000,331.2848
65066.667,333.2039
65077.333,335.1341
65088.000,335.1341
65098.667,335.1341
65109.333,312.6912
65120.000,0.0000
65130.667,0.0000
65141.333,0.0000
65152.000,0.0000
65162.667,162.7968
65173.333,164.6884
65184.000,165.6424
65194.667,164.6884
65205.333,164.6884
65216.000,163.7398
65226.667,163.7398
65237.333,163.7398
65248.000,163.7398
65258.667,164.6884
65269.333,164.6884
65280.000,164.6884
65290.667,164.6884
65301.333,164.6884
65312.000,0.0000
65322.667,0.0000
65333.333,0.0000
65344.000,0.0000
65354.667,0.0000
65365.333,0.0000
65376.000,0.0000
65386.667,331.2848
65397.333,333.2039
65408.000,335.1341
65418.667,335.1341
65429.333,335.1341
65440.000,331.2848
65450.667,327.4796
65461.333,323.7182
65472.000,321.8537
65482.667,323.7182
65493.333,323.7182
65504.000,327.4796
65514.667,329.3767
65525.333,333.2039
65536.000,337.0755
65546.667,335.1341
65557.333,331.2848
65568.000,327.4796
65578.667,321.8537
65589.333,314.5026
65600.000,309.0996
65610.667,302.0398
65621.333,295.1412
65632.000,286.7391
65642.667,276.9717
65653.333,0.0000
65664.000,0.0000
65674.667,0.0000
65685.333,0.0000
65696.000,162.7968
65706.667,163.7398
65717.333,163.7398
65728.000,164.6884
65738.667,163.7398
65749.333,163.7398
65760.000,163.7398
65770.667,163.7398
65781.333,163.7398
65792.000,164.6884
65802.667,164.6884
65813.333,165.6424
65824.000,165.6424
65834.667,165.6424
65845.333,166.6019
65856.000,166.6019
65866.667,166.6019
65877.333,166.6019
65888.000,166.6019
65898.667,165.6424
65909.333,163.7398
65920.000,162.7968
65930.667,0.0000
65941.333,0.0000
65952.000,0.0000
65962.667,0.0000
65973.333,0.0000
65984.000,309.0996
65994.667,309.0996
66005.333,307.3193
66016.000,307.3193
66026.667,307.3193
66037.333,307.3193
66048.000,309.0996
66058.667,309.0996
66069.333,309.0996
66080.000,309.0996
66090.667,309.0996
66101.333,310.8902
66112.000,310.8902
66122.667,310.8902
66133.333,312.6912
66144.000,310.8902
66154.667,309.0996
66165.333,307.3193
66176.000,302.0398
66186.667,0.0000
66197.333,0.0000
66208.000,0.0000
66218.667,246.7537
66229.333,246.7537
66240.000,246.7537
66250.667,246.7537
66261.333,246.7537
66272.000,246.7537
66282.667,246.7537
66293.333,248.1832
66304.000,248.1832
66314.667,256.9353
66325.333,0.0000
66336.000,0.0000
66346.667,0.0000
66357.333,0.0000
66368.000,0.0000
66378.667,0.0000
66389.333,0.0000
66400.000,0.0000
66410.667,0.0000
66421.333,0.0000
66432.000,259.9208
66442.667,265.9961
66453.333,267.5370
66464.000,267.5370
66474.667,298.5706
66485.333,298.5706
66496.000,300.3002
66506.667,302.0398
66517.333,305.5493
66528.000,309.0996
66538.667,312.6912
66549.333,312.6912
66560.000,312.6912
66570.667,314.5026
66581.333,316.3245
66592.000,320.0000
66602.667,323.7182
66613.333,327.4796
66624.000,329.3767
66634.667,329.3767
66645.333,329.3767
66656.000,329.3767
66666.667,329.3767
66677.333,329.3767
66688.000,329.3767
66698.667,329.3767
66709.333,329.3767
66720.000,329.3767
66730.667,329.3767
66741.333,329.3767
66752.000,329.3767
66762.667,331.2848
66773.333,331.2848
66784.000,331.2848
66794.667,329.3767
66805.333,329.3767
66816.000,329.3767
66826.667,329.3767
66837.333,331.2848
66848.000,331.2848
66858.667,331.2848
66869.333,329.3767
66880.000,329.3767
66890.667,329.3767
66901.333,329.3767
66912.000,329.3767
66922.667,329.3767
66933.333,329.3767
66944.000,329.3767
66954.667,327.4796
66965.333,0.0000
66976.000,293.4413
66986.667,293.4413
66997.333,285.0876
67008.000,276.9717
67018.667,272.2135
67029.333,273.7904
67040.000,281.8131
67050.667,285.0876
67061.333,285.0876
67072.000,283.4456
67082.667,283.4456
67093.333,280.1900
67104.000,280.1900
67114.667,281.8131
67125.333,0.0000
67136.000,303.7895
67146.667,307.3193
67157.333,310.8902
67168.000,312.6912
67178.667,312.6912
67189.333,312.6912
67200.000,312.6912
67210.667,312.6912
67221.333,312.6912
67232.000,310.8902
67242.667,309.0996
67253.333,309.0996
67264.000,309.0996
67274.667,309.0996
67285.333,309.0996
67296.000,309.0996
67306.667,309.0996
67317.333,309.0996
67328.000,310.8902
67338.667,310.8902
67349.333,310.8902
67360.000,310.8902
67370.667,310.8902
67381.333,310.8902
67392.000,310.8902
67402.667,310.8902
67413.333,310.8902
67424.000,310.8902
67434.667,310.8902
67445.333,310.8902
67456.000,310.8902
67466.667,310.8902
67477.333,275.3765
67488.000,275.3765
67498.667,276.9717
67509.333,276.9717
67520.000,269.0869
67530.667,269.0869
67541.333,269.0869
67552.000,267.5370
67562.667,281.8131
67573.333,281.8131
67584.000,280.1900
67594.667,280.1900
67605.333,278.5762
67616.000,278.5762
67626.667,278.5762
67637.333,278.5762
67648.000,278.5762
67658.667,278.5762
67669.333,278.5762
67680.000,276.9717
67690.667,276.9717
67701.333,276.9717
67712.000,276.9717
67722.667,276.9717
67733.333,276.9717
67744.000,276.9717
67754.667,276.9717
67765.333,276.9717
67776.000,276.9717
67786.667,276.9717
67797.333,276.9717
67808.000,276.9717
67818.667,276.9717
67829.333,276.9717
67840.000,276.9717
67850.667,276.9717
67861.333,276.9717
67872.000,276.9717
67882.667,276.9717
67893.333,276.9717
67904.000,276.9717
67914.667,276.9717
67925.333,276.9717
67936.000,276.9717
67946.667,276.9717
67957.333,276.9717
67968.000,276.9717
67978.667,276.9717
67989.333,276.9717
68000.000,276.9717
68010.667,276.9717
68021.333,276.9717
68032.000,276.9717
68042.667,276.9717
68053.333,275.3765
68064.000,272.2135
68074.667,270.6457
68085.333,269.0869
68096.000,249.6209
68106.667,248.1832
68117.333,246.7537
68128.000,246.7537
68138.667,246.7537
68149.333,246.7537
68160.000,246.7537
68170.667,246.7537
68181.333,246.7537
68192.000,246.7537
68202.667,246.7537
68213.333,246.7537
68224.000,248.1832
68234.667,248.1832
68245.333,248.1832
68256.000,248.1832
68266.667,246.7537
68277.333,246.7537
68288.000,245.3325
68298.667,248.1832
68309.333,276.9717
68320.000,276.9717
68330.667,275.3765
68341.333,275.3765
68352.000,275.3765
68362.667,275.3765
68373.333,275.3765
68384.000,270.6457
68394.667,270.6457
68405.333,273.7904
68416.000,276.9717
68426.667,281.8131
68437.333,285.0876
68448.000,285.0876
68458.667,285.0876
68469.333,290.0708
68480.000,296.8509
68490.667,302.0398
68501.333,307.3193
68512.000,310.8902
68522.667,310.8902
68533.333,309.0996
68544.000,307.3193
68554.667,307.3193
68565.333,309.0996
68576.000,310.8902
68586.667,310.8902
68597.333,312.6912
68608.000,312.6912
68618.667,312.6912
68629.333,312.6912
68640.000,312.6912
68650.667,309.0996
68661.333,309.0996
68672.000,309.0996
68682.667,0.0000
68693.333,0.0000
68704.000,0.0000
68714.667,0.0000
68725.333,0.0000
68736.000,0.0000
68746.667,269.0869
68757.333,267.5370
68768.000,267.5370
68778.667,273.7904
68789.333,273.7904
68800.000,275.3765
68810.667,275.3765
68821.333,275.3765
68832.000,275.3765
68842.667,275.3765
68853.333,275.3765
68864.000,276.9717
68874.667,276.9717
68885.333,276.9717
68896.000,278.5762
68906.667,278.5762
68917.333,278.5762
68928.000,278.5762
68938.667,278.5762
68949.333,278.5762
68960.000,276.9717
68970.667,276.9717
68981.333,276.9717
68992.000,276.9717
69002.667,276.9717
69013.333,276.9717
69024.000,276.9717
69034.667,278.5762
69045.333,278.5762
69056.000,278.5762
69066.667,278.5762
69077.333,278.5762
69088.000,278.5762
69098.667,278.5762
69109.333,288.4001
69120.000,288.4001
69130.667,291.7512
69141.333,295.1412
69152.000,298.5706
69162.667,300.3002
69173.333,300.3002
69184.000,296.8509
69194.667,291.7512
69205.333,281.8131
69216.000,276.9717
69226.667,276.9717
69237.333,278.5762
69248.000,278.5762
69258.667,280.1900
69269.333,280.1900
69280.000,280.1900
69290.667,278.5762
69301.333,278.5762
69312.000,278.5762
69322.667,278.5762
69333.333,278.5762
69344.000,276.9717
69354.667,276.9717
69365.333,276.9717
69376.000,276.9717
69386.667,276.9717
69397.333,276.9717
69408.000,276.9717
69418.667,276.9717
69429.333,276.9717
69440.000,276.9717
69450.667,276.9717
69461.333,276.9717
69472.000,276.9717
69482.667,278.5762
69493.333,281.8131
69504.000,280.1900
69514.667,278.5762
69525.333,278.5762
69536.000,276.9717
69546.667,276.9717
69557.333,276.9717
69568.000,276.9717
69578.667,276.9717
69589.333,276.9717
69600.000,276.9717
69610.667,276.9717
69621.333,275.3765
69632.000,275.3765
69642.667,275.3765
69653.333,275.3765
69664.000,276.9717
69674.667,276.9717
69685.333,276.9717
69696.000,276.9717
69706.667,276.9717
69717.333,276.9717
69728.000,0.0000
69738.667,0.0000
69749.333,0.0000
69760.000,261.4265
69770.667,261.4265
69781.333,243.9195
69792.000,243.9195
69802.667,243.9195
69813.333,243.9195
69824.000,245.3325
69834.667,245.3325
69845.333,245.3325
69856.000,245.3325
69866.667,245.3325
69877.333,242.5147
69888.000,246.7537
69898.667,242.5147
69909.333,242.5147
69920.000,246.7537
69930.667,245.3325
69941.333,246.7537
69952.000,245.3325
69962.667,245.3325
69973.333,248.1832
69984.000,248.1832
69994.667,248.1832
