timestamp_ms,frequency_hz
0.000,0.0000
10.667,0.0000
21.333,0.0000
32.000,0.0000
42.667,0.0000
53.333,0.0000
64.000,0.0000
74.667,0.0000
85.333,0.0000
96.000,0.0000
106.667,0.0000
117.333,0.0000
128.000,0.0000
138.667,0.0000
149.333,0.0000
160.000,0.0000
170.667,0.0000
181.333,0.0000
192.000,0.0000
202.667,0.0000
213.333,0.0000
224.000,0.0000
234.667,0.0000
245.333,0.0000
256.000,0.0000
266.667,0.0000
277.333,0.0000
288.000,0.0000
298.667,0.0000
309.333,0.0000
320.000,0.0000
330.667,0.0000
341.333,0.0000
352.000,0.0000
362.667,0.0000
373.333,0.0000
384.000,0.0000
394.667,0.0000
405.333,0.0000
416.000,0.0000
426.667,0.0000
437.333,0.0000
448.000,0.0000
458.667,0.0000
469.333,0.0000
480.000,0.0000
490.667,0.0000
501.333,0.0000
512.000,0.0000
522.667,0.0000
533.333,0.0000
544.000,0.0000
554.667,0.0000
565.333,0.0000
576.000,0.0000
586.667,0.0000
597.333,0.0000
608.000,0.0000
618.667,0.0000
629.333,0.0000
640.000,0.0000
650.667,0.0000
661.333,0.0000
672.000,0.0000
682.667,0.0000
693.333,0.0000
704.000,0.0000
714.667,0.0000
725.333,0.0000
736.000,0.0000
746.667,0.0000
757.333,0.0000
768.000,0.0000
778.667,0.0000
789.333,0.0000
800.000,0.0000
810.667,0.0000
821.333,0.0000
832.000,0.0000
842.667,0.0000
853.333,0.0000
864.000,0.0000
874.667,0.0000
885.333,0.0000
896.000,0.0000
906.667,0.0000
917.333,0.0000
928.000,0.0000
938.667,0.0000
949.333,0.0000
960.000,0.0000
970.667,0.0000
981.333,0.0000
992.000,0.0000
1002.667,0.0000
1013.333,0.0000
1024.000,0.0000
1034.667,0.0000
1045.333,0.0000
1056.000,0.0000
1066.667,0.0000
1077.333,0.0000
1088.000,0.0000
1098.667,0.0000
1109.333,0.0000
1120.000,0.0000
1130.667,0.0000
1141.333,0.0000
1152.000,0.0000
1162.667,0.0000
1173.333,0.0000
1184.000,0.0000
1194.667,0.0000
1205.333,0.0000
1216.000,0.0000
1226.667,0.0000
1237.333,0.0000
1248.000,0.0000
1258.667,0.0000
1269.333,0.0000
1280.000,0.0000
1290.667,0.0000
1301.333,0.0000
1312.000,0.0000
1322.667,0.0000
1333.333,0.0000
1344.000,0.0000
1354.667,0.0000
1365.333,0.0000
1376.000,0.0000
1386.667,0.0000
1397.333,0.0000
1408.000,0.0000
1418.667,0.0000
1429.333,0.0000
1440.000,0.0000
1450.667,0.0000
1461.333,0.0000
1472.000,0.0000
1482.667,0.0000
1493.333,0.0000
1504.000,0.0000
1514.667,0.0000
1525.333,0.0000
1536.000,0.0000
1546.667,0.0000
1557.333,0.0000
1568.000,0.0000
1578.667,0.0000
1589.333,0.0000
1600.000,0.0000
1610.667,0.0000
1621.333,0.0000
1632.000,0.0000
1642.667,0.0000
1653.333,0.0000
1664.000,0.0000
1674.667,0.0000
1685.333,0.0000
1696.000,0.0000
1706.667,0.0000
1717.333,0.0000
1728.000,0.0000
1738.667,0.0000
1749.333,0.0000
1760.000,0.0000
1770.667,0.0000
1781.333,0.0000
1792.000,0.0000
1802.667,0.0000
1813.333,0.0000
1824.000,0.0000
1834.667,0.0000
1845.333,0.0000
1856.000,0.0000
1866.667,0.0000
1877.333,0.0000
1888.000,0.0000
1898.667,0.0000
1909.333,0.0000
1920.000,0.0000
1930.667,0.0000
1941.333,0.0000
1952.000,0.0000
1962.667,0.0000
1973.333,0.0000
1984.000,0.0000
1994.667,0.0000
2005.333,0.0000
2016.000,0.0000
2026.667,0.0000
2037.333,0.0000
2048.000,0.0000
2058.667,0.0000
2069.333,0.0000
2080.000,0.0000
2090.667,0.0000
2101.333,0.0000
2112.000,0.0000
2122.667,0.0000
2133.333,0.0000
2144.000,0.0000
2154.667,0.0000
2165.333,0.0000
2176.000,0.0000
2186.667,0.0000
2197.333,0.0000
2208.000,0.0000
2218.667,0.0000
2229.333,0.0000
2240.000,0.0000
2250.667,0.0000
2261.333,0.0000
2272.000,0.0000
2282.667,0.0000
2293.333,0.0000
2304.000,0.0000
2314.667,0.0000
2325.333,0.0000
2336.000,0.0000
2346.667,0.0000
2357.333,0.0000
2368.000,0.0000
2378.667,0.0000
2389.333,0.0000
2400.000,0.0000
2410.667,0.0000
2421.333,0.0000
2432.000,0.0000
2442.667,0.0000
2453.333,0.0000
2464.000,0.0000
2474.667,0.0000
2485.333,0.0000
2496.000,0.0000
2506.667,0.0000
2517.333,0.0000
2528.000,0.0000
2538.667,0.0000
2549.333,0.0000
2560.000,0.0000
2570.667,0.0000
2581.333,0.0000
2592.000,0.0000
2602.667,0.0000
2613.333,0.0000
2624.000,0.0000
2634.667,0.0000
2645.333,0.0000
2656.000,0.0000
2666.667,0.0000
2677.333,0.0000
2688.000,0.0000
2698.667,0.0000
2709.333,0.0000
2720.000,0.0000
2730.667,0.0000
2741.333,0.0000
2752.000,0.0000
2762.667,0.0000
2773.333,0.0000
2784.000,0.0000
2794.667,0.0000
2805.333,0.0000
2816.000,0.0000
2826.667,0.0000
2837.333,0.0000
2848.000,0.0000
2858.667,0.0000
2869.333,0.0000
2880.000,0.0000
2890.667,0.0000
2901.333,0.0000
2912.000,0.0000
2922.667,0.0000
2933.333,0.0000
2944.000,0.0000
2954.667,0.0000
2965.333,0.0000
2976.000,0.0000
2986.667,0.0000
2997.333,0.0000
3008.000,0.0000
3018.667,0.0000
3029.333,0.0000
3040.000,0.0000
3050.667,0.0000
3061.333,0.0000
3072.000,0.0000
3082.667,0.0000
3093.333,0.0000
3104.000,0.0000
3114.667,0.0000
3125.333,0.0000
3136.000,0.0000
3146.667,0.0000
3157.333,0.0000
3168.000,0.0000
3178.667,0.0000
3189.333,0.0000
3200.000,0.0000
3210.667,0.0000
3221.333,0.0000
3232.000,0.0000
3242.667,0.0000
3253.333,0.0000
3264.000,0.0000
3274.667,0.0000
3285.333,0.0000
3296.000,0.0000
3306.667,0.0000
3317.333,0.0000
3328.000,0.0000
3338.667,0.0000
3349.333,0.0000
3360.000,0.0000
3370.667,0.0000
3381.333,0.0000
3392.000,0.0000
3402.667,0.0000
3413.333,0.0000
3424.000,0.0000
3434.667,0.0000
3445.333,0.0000
3456.000,0.0000
3466.667,0.0000
3477.333,0.0000
3488.000,0.0000
3498.667,0.0000
3509.333,0.0000
3520.000,0.0000
3530.667,0.0000
3541.333,0.0000
3552.000,0.0000
3562.667,0.0000
3573.333,0.0000
3584.000,0.0000
3594.667,0.0000
3605.333,0.0000
3616.000,0.0000
3626.667,0.0000
3637.333,0.0000
3648.000,0.0000
3658.667,0.0000
3669.333,0.0000
3680.000,0.0000
3690.667,0.0000
3701.333,0.0000
3712.000,0.0000
3722.667,0.0000
3733.333,0.0000
3744.000,0.0000
3754.667,0.0000
3765.333,0.0000
3776.000,0.0000
3786.667,0.0000
3797.333,0.0000
3808.000,0.0000
3818.667,0.0000
3829.333,0.0000
3840.000,0.0000
3850.667,0.0000
3861.333,0.0000
3872.000,0.0000
3882.667,0.0000
3893.333,0.0000
3904.000,0.0000
3914.667,0.0000
3925.333,0.0000
3936.000,0.0000
3946.667,0.0000
3957.333,0.0000
3968.000,0.0000
3978.667,0.0000
3989.333,0.0000
4000.000,0.0000
4010.667,0.0000
4021.333,0.0000
4032.000,0.0000
4042.667,0.0000
4053.333,0.0000
4064.000,0.0000
4074.667,0.0000
4085.333,0.0000
4096.000,0.0000
4106.667,0.0000
4117.333,0.0000
4128.000,0.0000
4138.667,0.0000
4149.333,0.0000
4160.000,0.0000
4170.667,0.0000
4181.333,0.0000
4192.000,0.0000
4202.667,0.0000
4213.333,0.0000
4224.000,0.0000
4234.667,0.0000
4245.333,0.0000
4256.000,0.0000
4266.667,0.0000
4277.333,0.0000
4288.000,0.0000
4298.667,0.0000
4309.333,0.0000
4320.000,0.0000
4330.667,0.0000
4341.333,0.0000
4352.000,0.0000
4362.667,0.0000
4373.333,0.0000
4384.000,0.0000
4394.667,0.0000
4405.333,0.0000
4416.000,0.0000
4426.667,0.0000
4437.333,0.0000
4448.000,0.0000
4458.667,0.0000
4469.333,0.0000
4480.000,0.0000
4490.667,0.0000
4501.333,0.0000
4512.000,0.0000
4522.667,0.0000
4533.333,0.0000
4544.000,0.0000
4554.667,0.0000
4565.333,0.0000
4576.000,0.0000
4586.667,0.0000
4597.333,0.0000
4608.000,0.0000
4618.667,0.0000
4629.333,0.0000
4640.000,0.0000
4650.667,0.0000
4661.333,0.0000
4672.000,0.0000
4682.667,0.0000
4693.333,0.0000
4704.000,0.0000
4714.667,0.0000
4725.333,0.0000
4736.000,0.0000
4746.667,0.0000
4757.333,0.0000
4768.000,0.0000
4778.667,0.0000
4789.333,0.0000
4800.000,0.0000
4810.667,0.0000
4821.333,0.0000
4832.000,0.0000
4842.667,0.0000
4853.333,0.0000
4864.000,0.0000
4874.667,0.0000
4885.333,0.0000
4896.000,0.0000
4906.667,0.0000
4917.333,0.0000
4928.000,0.0000
4938.667,0.0000
4949.333,0.0000
4960.000,0.0000
4970.667,0.0000
4981.333,0.0000
4992.000,0.0000
5002.667,0.0000
5013.333,0.0000
5024.000,0.0000
5034.667,0.0000
5045.333,0.0000
5056.000,0.0000
5066.667,0.0000
5077.333,0.0000
5088.000,0.0000
5098.667,0.0000
5109.333,0.0000
5120.000,0.0000
5130.667,0.0000
5141.333,0.0000
5152.000,0.0000
5162.667,0.0000
5173.333,0.0000
5184.000,0.0000
5194.667,0.0000
5205.333,0.0000
5216.000,0.0000
5226.667,0.0000
5237.333,0.0000
5248.000,0.0000
5258.667,0.0000
5269.333,0.0000
5280.000,0.0000
5290.667,0.0000
5301.333,0.0000
5312.000,0.0000
5322.667,0.0000
5333.333,0.0000
5344.000,0.0000
5354.667,0.0000
5365.333,0.0000
5376.000,0.0000
5386.667,0.0000
5397.333,0.0000
5408.000,0.0000
5418.667,0.0000
5429.333,0.0000
5440.000,0.0000
5450.667,0.0000
5461.333,0.0000
5472.000,0.0000
5482.667,0.0000
5493.333,0.0000
5504.000,0.0000
5514.667,0.0000
5525.333,0.0000
5536.000,0.0000
5546.667,0.0000
5557.333,0.0000
5568.000,0.0000
5578.667,0.0000
5589.333,0.0000
5600.000,0.0000
5610.667,0.0000
5621.333,0.0000
5632.000,0.0000
5642.667,0.0000
5653.333,0.0000
5664.000,0.0000
5674.667,0.0000
5685.333,276.9717
5696.000,280.1900
5706.667,278.5762
5717.333,278.5762
5728.000,280.1900
5738.667,276.9717
5749.333,273.7904
5760.000,273.7904
5770.667,276.9717
5781.333,276.9717
5792.000,275.3765
5802.667,272.2135
5813.333,270.6457
5824.000,272.2135
5834.667,283.4456
5845.333,286.7391
5856.000,286.7391
5866.667,281.8131
5877.333,265.9961
5888.000,262.9409
5898.667,261.4265
5909.333,259.9208
5920.000,261.4265
5930.667,262.9409
5941.333,264.4641
5952.000,267.5370
5962.667,269.0869
5973.333,272.2135
5984.000,275.3765
5994.667,281.8131
6005.333,283.4456
6016.000,252.5213
6026.667,262.9409
6037.333,267.5370
6048.000,269.0869
6058.667,270.6457
6069.333,272.2135
6080.000,276.9717
6090.667,281.8131
6101.333,288.4001
6112.000,275.3765
6122.667,261.4265
6133.333,255.4555
6144.000,245.3325
6154.667,0.0000
6165.333,0.0000
6176.000,0.0000
6186.667,0.0000
6197.333,0.0000
6208.000,0.0000
6218.667,0.0000
6229.333,0.0000
6240.000,0.0000
6250.667,0.0000
6261.333,0.0000
6272.000,0.0000
6282.667,0.0000
6293.333,0.0000
6304.000,0.0000
6314.667,0.0000
6325.333,0.0000
6336.000,0.0000
6346.667,0.0000
6357.333,0.0000
6368.000,0.0000
6378.667,0.0000
6389.333,0.0000
6400.000,0.0000
6410.667,0.0000
6421.333,0.0000
6432.000,0.0000
6442.667,0.0000
6453.333,0.0000
6464.000,0.0000
6474.667,0.0000
6485.333,0.0000
6496.000,0.0000
6506.667,0.0000
6517.333,0.0000
6528.000,0.0000
6538.667,0.0000
6549.333,0.0000
6560.000,0.0000
6570.667,0.0000
6581.333,0.0000
6592.000,0.0000
6602.667,0.0000
6613.333,0.0000
6624.000,0.0000
6634.667,0.0000
6645.333,0.0000
6656.000,0.0000
6666.667,0.0000
6677.333,0.0000
6688.000,0.0000
6698.667,0.0000
6709.333,0.0000
6720.000,0.0000
6730.667,0.0000
6741.333,0.0000
6752.000,0.0000
6762.667,0.0000
6773.333,0.0000
6784.000,0.0000
6794.667,0.0000
6805.333,0.0000
6816.000,0.0000
6826.667,0.0000
6837.333,0.0000
6848.000,0.0000
6858.667,0.0000
6869.333,0.0000
6880.000,0.0000
6890.667,0.0000
6901.333,0.0000
6912.000,0.0000
6922.667,0.0000
6933.333,0.0000
6944.000,0.0000
6954.667,0.0000
6965.333,0.0000
6976.000,0.0000
6986.667,0.0000
6997.333,0.0000
7008.000,0.0000
7018.667,0.0000
7029.333,0.0000
7040.000,0.0000
7050.667,0.0000
7061.333,0.0000
7072.000,0.0000
7082.667,0.0000
7093.333,0.0000
7104.000,0.0000
7114.667,0.0000
7125.333,0.0000
7136.000,0.0000
7146.667,0.0000
7157.333,0.0000
7168.000,0.0000
7178.667,0.0000
7189.333,0.0000
7200.000,0.0000
7210.667,0.0000
7221.333,0.0000
7232.000,0.0000
7242.667,0.0000
7253.333,0.0000
7264.000,0.0000
7274.667,0.0000
7285.333,0.0000
7296.000,0.0000
7306.667,0.0000
7317.333,0.0000
7328.000,0.0000
7338.667,0.0000
7349.333,0.0000
7360.000,0.0000
7370.667,0.0000
7381.333,0.0000
7392.000,0.0000
7402.667,0.0000
7413.333,0.0000
7424.000,0.0000
7434.667,0.0000
7445.333,0.0000
7456.000,0.0000
7466.667,0.0000
7477.333,0.0000
7488.000,0.0000
7498.667,0.0000
7509.333,0.0000
7520.000,0.0000
7530.667,0.0000
7541.333,0.0000
7552.000,0.0000
7562.667,0.0000
7573.333,0.0000
7584.000,0.0000
7594.667,0.0000
7605.333,0.0000
7616.000,0.0000
7626.667,0.0000
7637.333,0.0000
7648.000,0.0000
7658.667,0.0000
7669.333,0.0000
7680.000,0.0000
7690.667,0.0000
7701.333,0.0000
7712.000,0.0000
7722.667,0.0000
7733.333,0.0000
7744.000,0.0000
7754.667,0.0000
7765.333,0.0000
7776.000,0.0000
7786.667,0.0000
7797.333,0.0000
7808.000,0.0000
7818.667,0.0000
7829.333,0.0000
7840.000,0.0000
7850.667,0.0000
7861.333,0.0000
7872.000,0.0000
7882.667,0.0000
7893.333,0.0000
7904.000,0.0000
7914.667,0.0000
7925.333,0.0000
7936.000,0.0000
7946.667,0.0000
7957.333,0.0000
7968.000,0.0000
7978.667,0.0000
7989.333,0.0000
8000.000,0.0000
8010.667,0.0000
8021.333,0.0000
8032.000,0.0000
8042.667,0.0000
8053.333,0.0000
8064.000,0.0000
8074.667,0.0000
8085.333,0.0000
8096.000,0.0000
8106.667,0.0000
8117.333,0.0000
8128.000,0.0000
8138.667,0.0000
8149.333,0.0000
8160.000,0.0000
8170.667,0.0000
8181.333,0.0000
8192.000,0.0000
8202.667,0.0000
8213.333,0.0000
8224.000,0.0000
8234.667,0.0000
8245.333,0.0000
8256.000,0.0000
8266.667,0.0000
8277.333,0.0000
8288.000,0.0000
8298.667,0.0000
8309.333,0.0000
8320.000,0.0000
8330.667,0.0000
8341.333,0.0000
8352.000,0.0000
8362.667,0.0000
8373.333,0.0000
8384.000,0.0000
8394.667,0.0000
8405.333,0.0000
8416.000,0.0000
8426.667,0.0000
8437.333,0.0000
8448.000,0.0000
8458.667,0.0000
8469.333,0.0000
8480.000,0.0000
8490.667,0.0000
8501.333,0.0000
8512.000,0.0000
8522.667,0.0000
8533.333,0.0000
8544.000,0.0000
8554.667,0.0000
8565.333,0.0000
8576.000,0.0000
8586.667,0.0000
8597.333,0.0000
8608.000,0.0000
8618.667,0.0000
8629.333,0.0000
8640.000,0.0000
8650.667,0.0000
8661.333,0.0000
8672.000,0.0000
8682.667,0.0000
8693.333,0.0000
8704.000,0.0000
8714.667,0.0000
8725.333,0.0000
8736.000,0.0000
8746.667,0.0000
8757.333,0.0000
8768.000,0.0000
8778.667,0.0000
8789.333,0.0000
8800.000,0.0000
8810.667,0.0000
8821.333,0.0000
8832.000,0.0000
8842.667,0.0000
8853.333,0.0000
8864.000,0.0000
8874.667,0.0000
8885.333,0.0000
8896.000,0.0000
8906.667,0.0000
8917.333,0.0000
8928.000,0.0000
8938.667,0.0000
8949.333,0.0000
8960.000,0.0000
8970.667,0.0000
8981.333,0.0000
8992.000,0.0000
9002.667,0.0000
9013.333,0.0000
9024.000,0.0000
9034.667,0.0000
9045.333,0.0000
9056.000,0.0000
9066.667,0.0000
9077.333,0.0000
9088.000,0.0000
9098.667,0.0000
9109.333,0.0000
9120.000,0.0000
9130.667,0.0000
9141.333,0.0000
9152.000,0.0000
9162.667,0.0000
9173.333,0.0000
9184.000,0.0000
9194.667,0.0000
9205.333,0.0000
9216.000,0.0000
9226.667,0.0000
9237.333,0.0000
9248.000,0.0000
9258.667,0.0000
9269.333,0.0000
9280.000,0.0000
9290.667,0.0000
9301.333,0.0000
9312.000,0.0000
9322.667,0.0000
9333.333,0.0000
9344.000,0.0000
9354.667,0.0000
9365.333,0.0000
9376.000,0.0000
9386.667,0.0000
9397.333,0.0000
9408.000,0.0000
9418.667,0.0000
9429.333,0.0000
9440.000,0.0000
9450.667,0.0000
9461.333,0.0000
9472.000,0.0000
9482.667,0.0000
9493.333,0.0000
9504.000,0.0000
9514.667,0.0000
9525.333,0.0000
9536.000,0.0000
9546.667,0.0000
9557.333,0.0000
9568.000,0.0000
9578.667,0.0000
9589.333,0.0000
9600.000,0.0000
9610.667,0.0000
9621.333,0.0000
9632.000,0.0000
9642.667,0.0000
9653.333,0.0000
9664.000,0.0000
9674.667,0.0000
9685.333,0.0000
9696.000,0.0000
9706.667,0.0000
9717.333,0.0000
9728.000,0.0000
9738.667,0.0000
9749.333,0.0000
9760.000,0.0000
9770.667,0.0000
9781.333,0.0000
9792.000,0.0000
9802.667,0.0000
9813.333,0.0000
9824.000,0.0000
9834.667,0.0000
9845.333,0.0000
9856.000,0.0000
9866.667,0.0000
9877.333,0.0000
9888.000,0.0000
9898.667,0.0000
9909.333,0.0000
9920.000,0.0000
9930.667,0.0000
9941.333,0.0000
9952.000,0.0000
9962.667,0.0000
9973.333,0.0000
9984.000,0.0000
9994.667,0.0000
10005.333,0.0000
10016.000,0.0000
10026.667,0.0000
10037.333,0.0000
10048.000,0.0000
10058.667,0.0000
10069.333,0.0000
10080.000,0.0000
10090.667,0.0000
10101.333,0.0000
10112.000,0.0000
10122.667,0.0000
10133.333,0.0000
10144.000,0.0000
10154.667,0.0000
10165.333,0.0000
10176.000,0.0000
10186.667,0.0000
10197.333,0.0000
10208.000,0.0000
10218.667,0.0000
10229.333,0.0000
10240.000,0.0000
10250.667,0.0000
10261.333,0.0000
10272.000,0.0000
10282.667,0.0000
10293.333,0.0000
10304.000,0.0000
10314.667,0.0000
10325.333,0.0000
10336.000,0.0000
10346.667,0.0000
10357.333,0.0000
10368.000,0.0000
10378.667,0.0000
10389.333,0.0000
10400.000,213.5744
10410.667,216.0560
10421.333,214.8116
10432.000,211.1213
10442.667,203.9297
10453.333,191.3754
10464.000,181.6807
10474.667,181.6807
10485.333,181.6807
10496.000,187.0044
10506.667,189.1772
10517.333,192.4840
10528.000,206.2992
10538.667,226.2742
10549.333,258.4237
10560.000,265.9961
10570.667,270.6457
10581.333,276.9717
10592.000,285.0876
10602.667,293.4413
10613.333,305.5493
10624.000,320.0000
10634.667,335.1341
10645.333,355.0622
10656.000,361.2686
10666.667,365.4663
10677.333,367.5835
10688.000,369.7129
10698.667,371.8546
10709.333,374.0087
10720.000,376.1753
10730.667,371.8546
10741.333,367.5835
10752.000,365.4663
10762.667,367.5835
10773.333,365.4663
10784.000,369.7129
10794.667,0.0000
10805.333,0.0000
10816.000,0.0000
10826.667,384.9680
10837.333,376.1753
10848.000,376.1753
10858.667,374.0087
10869.333,371.8546
10880.000,371.8546
10890.667,369.7129
10901.333,369.7129
10912.000,369.7129
10922.667,0.0000
10933.333,0.0000
10944.000,0.0000
10954.667,0.0000
10965.333,357.1191
10976.000,361.2686
10986.667,359.1879
10997.333,357.1191
11008.000,365.4663
11018.667,371.8546
11029.333,371.8546
11040.000,371.8546
11050.667,374.0087
11061.333,376.1753
11072.000,371.8546
11082.667,350.9840
11093.333,355.0622
11104.000,374.0087
11114.667,371.8546
11125.333,371.8546
11136.000,0.0000
11146.667,293.4413
11157.333,291.7512
11168.000,291.7512
11178.667,298.5706
11189.333,305.5493
11200.000,303.7895
11210.667,295.1412
11221.333,291.7512
11232.000,288.4001
11242.667,281.8131
11253.333,276.9717
11264.000,276.9717
11274.667,276.9717
11285.333,276.9717
11296.000,276.9717
11306.667,276.9717
11317.333,276.9717
11328.000,278.5762
11338.667,278.5762
11349.333,278.5762
11360.000,276.9717
11370.667,276.9717
11381.333,275.3765
11392.000,275.3765
11402.667,275.3765
11413.333,275.3765
11424.000,276.9717
11434.667,278.5762
11445.333,278.5762
11456.000,278.5762
11466.667,276.9717
11477.333,276.9717
11488.000,278.5762
11498.667,278.5762
11509.333,276.9717
11520.000,276.9717
11530.667,275.3765
11541.333,275.3765
11552.000,275.3765
11562.667,275.3765
11573.333,276.9717
11584.000,276.9717
11594.667,278.5762
11605.333,278.5762
11616.000,278.5762
11626.667,278.5762
11637.333,276.9717
11648.000,276.9717
11658.667,275.3765
11669.333,270.6457
11680.000,269.0869
11690.667,267.5370
11701.333,0.0000
11712.000,0.0000
11722.667,0.0000
11733.333,0.0000
11744.000,0.0000
11754.667,0.0000
11765.333,0.0000
11776.000,0.0000
11786.667,0.0000
11797.333,0.0000
11808.000,0.0000
11818.667,0.0000
11829.333,270.6457
11840.000,262.9409
11850.667,249.6209
11861.333,246.7537
11872.000,246.7537
11882.667,245.3325
11893.333,245.3325
11904.000,246.7537
11914.667,246.7537
11925.333,248.1832
11936.000,246.7537
11946.667,246.7537
11957.333,246.7537
11968.000,246.7537
11978.667,246.7537
11989.333,248.1832
12000.000,248.1832
12010.667,248.1832
12021.333,246.7537
12032.000,246.7537
12042.667,245.3325
12053.333,245.3325
12064.000,245.3325
12074.667,246.7537
12085.333,246.7537
12096.000,248.1832
12106.667,248.1832
12117.333,248.1832
12128.000,248.1832
12138.667,248.1832
12149.333,246.7537
12160.000,246.7537
12170.667,245.3325
12181.333,245.3325
12192.000,245.3325
12202.667,245.3325
12213.333,246.7537
12224.000,248.1832
12234.667,248.1832
12245.333,248.1832
12256.000,248.1832
12266.667,248.1832
12277.333,246.7537
12288.000,248.1832
12298.667,236.9756
12309.333,235.6107
12320.000,234.2537
12330.667,232.9045
12341.333,232.9045
12352.000,232.9045
12362.667,232.9045
12373.333,232.9045
12384.000,232.9045
12394.667,232.9045
12405.333,234.2537
12416.000,234.2537
12426.667,234.2537
12437.333,234.2537
12448.000,234.2537
12458.667,248.1832
12469.333,236.9756
12480.000,0.0000
12490.667,0.0000
12501.333,0.0000
12512.000,0.0000
12522.667,0.0000
12533.333,0.0000
12544.000,0.0000
12554.667,0.0000
12565.333,0.0000
12576.000,193.5991
12586.667,193.5991
12597.333,194.7206
12608.000,201.5874
12618.667,202.7552
12629.333,205.1111
12640.000,206.2992
12650.667,205.1111
12661.333,202.7552
12672.000,200.4263
12682.667,198.1242
12693.333,200.4263
12704.000,211.1213
12714.667,217.3076
12725.333,221.1061
12736.000,223.6752
12746.667,234.2537
12757.333,235.6107
12768.000,234.2537
12778.667,234.2537
12789.333,234.2537
12800.000,221.1061
12810.667,212.3443
12821.333,200.4263
12832.000,192.4840
12842.667,189.1772
12853.333,213.5744
12864.000,219.8326
12874.667,232.9045
12885.333,231.5631
12896.000,231.5631
12906.667,231.5631
12917.333,231.5631
12928.000,230.2294
12938.667,230.2294
12949.333,226.2742
12960.000,216.0560
12970.667,202.7552
12981.333,195.8486
12992.000,187.0044
13002.667,176.5086
13013.333,171.4838
13024.000,169.5141
13034.667,172.4771
13045.333,173.4763
13056.000,182.7332
13066.667,190.2731
13077.333,193.5991
13088.000,205.1111
13098.667,207.4943
13109.333,209.9053
13120.000,209.9053
13130.667,208.6963
13141.333,207.4943
13152.000,207.4943
13162.667,207.4943
13173.333,208.6963
13184.000,209.9053
13194.667,211.1213
13205.333,212.3443
13216.000,231.5631
13226.667,232.9045
13237.333,234.2537
13248.000,234.2537
13258.667,234.2537
13269.333,234.2537
13280.000,232.9045
13290.667,232.9045
13301.333,232.9045
13312.000,232.9045
13322.667,232.9045
13333.333,232.9045
13344.000,232.9045
13354.667,234.2537
13365.333,234.2537
13376.000,234.2537
13386.667,234.2537
13397.333,232.9045
13408.000,232.9045
13418.667,232.9045
13429.333,232.9045
13440.000,232.9045
13450.667,232.9045
13461.333,232.9045
13472.000,232.9045
13482.667,232.9045
13493.333,232.9045
13504.000,234.2537
13514.667,234.2537
13525.333,234.2537
13536.000,234.2537
13546.667,234.2537
13557.333,232.9045
13568.000,234.2537
13578.667,226.2742
13589.333,232.9045
13600.000,234.2537
13610.667,232.9045
13621.333,245.3325
13632.000,245.3325
13642.667,243.9195
13653.333,0.0000
13664.000,0.0000
13674.667,0.0000
13685.333,209.9053
13696.000,209.9053
13706.667,208.6963
13717.333,207.4943
13728.000,207.4943
13738.667,207.4943
13749.333,207.4943
13760.000,209.9053
13770.667,212.3443
13781.333,216.0560
13792.000,224.9709
13802.667,231.5631
13813.333,234.2537
13824.000,235.6107
13834.667,235.6107
13845.333,235.6107
13856.000,234.2537
13866.667,232.9045
13877.333,232.9045
13888.000,231.5631
13898.667,231.5631
13909.333,231.5631
13920.000,232.9045
13930.667,232.9045
13941.333,232.9045
13952.000,232.9045
13962.667,228.9033
13973.333,216.0560
13984.000,208.6963
13994.667,206.2992
14005.333,205.1111
14016.000,201.5874
14026.667,198.1242
14037.333,194.7206
14048.000,174.4812
14058.667,172.4771
14069.333,172.4771
14080.000,171.4838
14090.667,169.5141
14101.333,169.5141
14112.000,172.4771
14122.667,0.0000
14133.333,0.0000
14144.000,206.2992
14154.667,206.2992
14165.333,207.4943
14176.000,207.4943
14186.667,207.4943
14197.333,206.2992
14208.000,206.2992
14218.667,206.2992
14229.333,206.2992
14240.000,206.2992
14250.667,207.4943
14261.333,207.4943
14272.000,207.4943
14282.667,207.4943
14293.333,208.6963
14304.000,208.6963
14314.667,208.6963
14325.333,207.4943
14336.000,207.4943
14346.667,207.4943
14357.333,207.4943
14368.000,207.4943
14378.667,207.4943
14389.333,207.4943
14400.000,207.4943
14410.667,207.4943
14421.333,207.4943
14432.000,207.4943
14442.667,207.4943
14453.333,207.4943
14464.000,207.4943
14474.667,207.4943
14485.333,207.4943
14496.000,207.4943
14506.667,207.4943
14517.333,207.4943
14528.000,207.4943
14538.667,207.4943
14549.333,207.4943
14560.000,207.4943
14570.667,208.6963
14581.333,208.6963
14592.000,208.6963
14602.667,208.6963
14613.333,208.6963
14624.000,208.6963
14634.667,208.6963
14645.333,208.6963
14656.000,206.2992
14666.667,202.7552
14677.333,198.1242
14688.000,194.7206
14698.667,190.2731
14709.333,188.0877
14720.000,190.2731
14730.667,195.8486
14741.333,201.5874
14752.000,205.1111
14762.667,208.6963
14773.333,211.1213
14784.000,211.1213
14794.667,211.1213
14805.333,208.6963
14816.000,206.2992
14826.667,206.2992
14837.333,205.1111
14848.000,203.9297
14858.667,200.4263
14869.333,199.2719
14880.000,198.1242
14890.667,202.7552
14901.333,207.4943
14912.000,209.9053
14922.667,209.9053
14933.333,213.5744
14944.000,188.0877
14954.667,209.9053
14965.333,208.6963
14976.000,205.1111
14986.667,201.5874
14997.333,199.2719
15008.000,199.2719
15018.667,199.2719
15029.333,203.9297
15040.000,203.9297
15050.667,206.2992
15061.333,205.1111
15072.000,222.3869
15082.667,0.0000
15093.333,0.0000
15104.000,0.0000
15114.667,0.0000
15125.333,0.0000
15136.000,0.0000
15146.667,0.0000
15157.333,0.0000
15168.000,0.0000
15178.667,0.0000
15189.333,0.0000
15200.000,0.0000
15210.667,0.0000
15221.333,0.0000
15232.000,0.0000
15242.667,0.0000
15253.333,0.0000
15264.000,0.0000
15274.667,0.0000
15285.333,0.0000
15296.000,0.0000
15306.667,0.0000
15317.333,0.0000
15328.000,0.0000
15338.667,0.0000
15349.333,0.0000
15360.000,0.0000
15370.667,0.0000
15381.333,0.0000
15392.000,0.0000
15402.667,0.0000
15413.333,0.0000
15424.000,0.0000
15434.667,214.8116
15445.333,216.0560
15456.000,216.0560
15466.667,214.8116
15477.333,214.8116
15488.000,213.5744
15498.667,213.5744
15509.333,214.8116
15520.000,218.5664
15530.667,223.6752
15541.333,227.5850
15552.000,234.2537
15562.667,248.1832
15573.333,261.4265
15584.000,278.5762
15594.667,0.0000
15605.333,0.0000
15616.000,0.0000
15626.667,0.0000
15637.333,0.0000
15648.000,0.0000
15658.667,0.0000
15669.333,0.0000
15680.000,0.0000
15690.667,410.2221
15701.333,398.5439
15712.000,391.6971
15722.667,391.6971
15733.333,391.6971
15744.000,389.4411
15754.667,384.9680
15765.333,369.7129
15776.000,371.8546
15786.667,371.8546
15797.333,371.8546
15808.000,371.8546
15818.667,363.3614
15829.333,346.9526
15840.000,323.7182
15850.667,331.2848
15861.333,353.0172
15872.000,365.4663
15882.667,371.8546
15893.333,374.0087
15904.000,374.0087
15914.667,376.1753
15925.333,374.0087
15936.000,371.8546
15946.667,369.7129
15957.333,365.4663
15968.000,355.0622
15978.667,357.1191
15989.333,363.3614
16000.000,365.4663
16010.667,367.5835
16021.333,369.7129
16032.000,369.7129
16042.667,369.7129
16053.333,369.7129
16064.000,369.7129
16074.667,369.7129
16085.333,369.7129
16096.000,369.7129
16106.667,371.8546
16117.333,371.8546
16128.000,369.7129
16138.667,367.5835
16149.333,365.4663
16160.000,361.2686
16170.667,355.0622
16181.333,348.9625
16192.000,323.7182
16202.667,302.0398
16213.333,298.5706
16224.000,296.8509
16234.667,295.1412
16245.333,278.5762
16256.000,276.9717
16266.667,275.3765
16277.333,275.3765
16288.000,275.3765
16298.667,276.9717
16309.333,276.9717
16320.000,276.9717
16330.667,276.9717
16341.333,276.9717
16352.000,276.9717
16362.667,276.9717
16373.333,276.9717
16384.000,276.9717
16394.667,276.9717
16405.333,278.5762
16416.000,278.5762
16426.667,278.5762
16437.333,278.5762
16448.000,278.5762
16458.667,278.5762
16469.333,276.9717
16480.000,275.3765
16490.667,276.9717
16501.333,278.5762
16512.000,278.5762
16522.667,278.5762
16533.333,278.5762
16544.000,278.5762
16554.667,278.5762
16565.333,278.5762
16576.000,276.9717
16586.667,273.7904
16597.333,264.4641
16608.000,249.6209
16618.667,251.0669
16629.333,245.3325
16640.000,245.3325
16650.667,245.3325
16661.333,0.0000
16672.000,0.0000
16682.667,0.0000
16693.333,0.0000
16704.000,0.0000
16714.667,0.0000
16725.333,0.0000
16736.000,0.0000
16746.667,0.0000
16757.333,235.6107
16768.000,235.6107
16778.667,246.7537
16789.333,251.0669
16800.000,249.6209
16810.667,248.1832
16821.333,246.7537
16832.000,245.3325
16842.667,245.3325
16853.333,245.3325
16864.000,246.7537
16874.667,246.7537
16885.333,248.1832
16896.000,248.1832
16906.667,248.1832
16917.333,246.7537
16928.000,246.7537
16938.667,245.3325
16949.333,245.3325
16960.000,246.7537
16970.667,246.7537
16981.333,246.7537
16992.000,246.7537
17002.667,246.7537
17013.333,246.7537
17024.000,246.7537
17034.667,246.7537
17045.333,248.1832
17056.000,248.1832
17066.667,248.1832
17077.333,249.6209
17088.000,249.6209
17098.667,241.1179
17109.333,246.7537
17120.000,246.7537
17130.667,246.7537
17141.333,249.6209
17152.000,249.6209
17162.667,0.0000
17173.333,0.0000
17184.000,0.0000
17194.667,0.0000
17205.333,0.0000
17216.000,0.0000
17226.667,0.0000
17237.333,0.0000
17248.000,0.0000
17258.667,234.2537
17269.333,232.9045
17280.000,232.9045
17290.667,231.5631
17301.333,231.5631
17312.000,231.5631
17322.667,232.9045
17333.333,232.9045
17344.000,232.9045
17354.667,232.9045
17365.333,232.9045
17376.000,232.9045
17386.667,232.9045
17397.333,232.9045
17408.000,232.9045
17418.667,231.5631
17429.333,231.5631
17440.000,231.5631
17450.667,231.5631
17461.333,0.0000
17472.000,0.0000
17482.667,0.0000
17493.333,0.0000
17504.000,0.0000
17514.667,0.0000
17525.333,0.0000
17536.000,0.0000
17546.667,0.0000
17557.333,0.0000
17568.000,0.0000
17578.667,0.0000
17589.333,0.0000
17600.000,0.0000
17610.667,0.0000
17621.333,0.0000
17632.000,0.0000
17642.667,0.0000
17653.333,0.0000
17664.000,0.0000
17674.667,0.0000
17685.333,0.0000
17696.000,180.6343
17706.667,189.1772
17717.333,189.1772
17728.000,209.9053
17738.667,218.5664
17749.333,243.9195
17760.000,259.9208
17770.667,265.9961
17781.333,269.0869
17792.000,272.2135
17802.667,283.4456
17813.333,286.7391
17824.000,293.4413
17834.667,295.1412
17845.333,296.8509
17856.000,296.8509
17866.667,295.1412
17877.333,291.7512
17888.000,288.4001
17898.667,285.0876
17909.333,280.1900
17920.000,276.9717
17930.667,270.6457
17941.333,265.9961
17952.000,261.4265
17962.667,256.9353
17973.333,251.0669
17984.000,245.3325
17994.667,242.5147
18005.333,239.7291
18016.000,236.9756
18026.667,232.9045
18037.333,224.9709
18048.000,219.8326
18058.667,219.8326
18069.333,218.5664
18080.000,217.3076
18090.667,214.8116
18101.333,211.1213
18112.000,209.9053
18122.667,206.2992
18133.333,205.1111
18144.000,202.7552
18154.667,198.1242
18165.333,196.9831
18176.000,0.0000
18186.667,0.0000
18197.333,0.0000
18208.000,0.0000
18218.667,0.0000
18229.333,0.0000
18240.000,0.0000
18250.667,0.0000
18261.333,0.0000
18272.000,0.0000
18282.667,0.0000
18293.333,0.0000
18304.000,0.0000
18314.667,0.0000
18325.333,0.0000
18336.000,0.0000
18346.667,0.0000
18357.333,208.6963
18368.000,209.9053
18378.667,211.1213
18389.333,211.1213
18400.000,208.6963
18410.667,206.2992
18421.333,205.1111
18432.000,203.9297
18442.667,203.9297
18453.333,207.4943
18464.000,211.1213
18474.667,216.0560
18485.333,219.8326
18496.000,226.2742
18506.667,231.5631
18517.333,232.9045
18528.000,232.9045
18538.667,234.2537
18549.333,234.2537
18560.000,232.9045
18570.667,231.5631
18581.333,228.9033
18592.000,224.9709
18602.667,219.8326
18613.333,205.1111
18624.000,189.1772
18634.667,178.5595
18645.333,184.8564
18656.000,189.1772
18666.667,188.0877
18677.333,191.3754
18688.000,201.5874
18698.667,206.2992
18709.333,208.6963
18720.000,213.5744
18730.667,218.5664
18741.333,223.6752
18752.000,228.9033
18762.667,231.5631
18773.333,234.2537
18784.000,234.2537
18794.667,234.2537
18805.333,234.2537
18816.000,236.9756
18826.667,236.9756
18837.333,236.9756
18848.000,236.9756
18858.667,235.6107
18869.333,232.9045
18880.000,0.0000
18890.667,0.0000
18901.333,0.0000
18912.000,0.0000
18922.667,0.0000
18933.333,0.0000
18944.000,0.0000
18954.667,0.0000
18965.333,0.0000
18976.000,205.1111
18986.667,201.5874
18997.333,195.8486
19008.000,194.7206
19018.667,187.0044
19029.333,185.9273
19040.000,185.9273
19050.667,183.7917
19061.333,183.7917
19072.000,183.7917
19082.667,183.7917
19093.333,184.8564
19104.000,185.9273
19114.667,187.0044
19125.333,188.0877
19136.000,183.7917
19146.667,181.6807
19157.333,182.7332
19168.000,0.0000
19178.667,0.0000
19189.333,0.0000
19200.000,0.0000
19210.667,0.0000
19221.333,0.0000
19232.000,0.0000
19242.667,0.0000
19253.333,0.0000
19264.000,0.0000
19274.667,0.0000
19285.333,0.0000
19296.000,0.0000
19306.667,0.0000
19317.333,0.0000
19328.000,0.0000
19338.667,207.4943
19349.333,207.4943
19360.000,206.2992
19370.667,206.2992
19381.333,206.2992
19392.000,207.4943
19402.667,207.4943
19413.333,207.4943
19424.000,207.4943
19434.667,207.4943
19445.333,207.4943
19456.000,207.4943
19466.667,207.4943
19477.333,207.4943
19488.000,207.4943
19498.667,207.4943
19509.333,207.4943
19520.000,207.4943
19530.667,208.6963
19541.333,208.6963
19552.000,208.6963
19562.667,208.6963
19573.333,208.6963
19584.000,208.6963
19594.667,208.6963
19605.333,208.6963
19616.000,208.6963
19626.667,208.6963
19637.333,208.6963
19648.000,208.6963
19658.667,208.6963
19669.333,208.6963
19680.000,207.4943
19690.667,206.2992
19701.333,206.2992
19712.000,206.2992
19722.667,205.1111
19733.333,202.7552
19744.000,202.7552
19754.667,201.5874
19765.333,200.4263
19776.000,199.2719
19786.667,206.2992
19797.333,212.3443
19808.000,218.5664
19818.667,223.6752
19829.333,228.9033
19840.000,230.2294
19850.667,227.5850
19861.333,222.3869
19872.000,214.8116
19882.667,207.4943
19893.333,202.7552
19904.000,201.5874
19914.667,200.4263
19925.333,199.2719
19936.000,199.2719
19946.667,199.2719
19957.333,209.9053
19968.000,228.9033
19978.667,227.5850
19989.333,207.4943
20000.000,207.4943
20010.667,207.4943
20021.333,209.9053
20032.000,207.4943
20042.667,0.0000
20053.333,0.0000
20064.000,0.0000
20074.667,0.0000
20085.333,0.0000
20096.000,0.0000
20106.667,0.0000
20117.333,0.0000
20128.000,0.0000
20138.667,0.0000
20149.333,0.0000
20160.000,0.0000
20170.667,0.0000
20181.333,0.0000
20192.000,0.0000
20202.667,0.0000
20213.333,0.0000
20224.000,0.0000
20234.667,0.0000
20245.333,0.0000
20256.000,0.0000
20266.667,0.0000
20277.333,0.0000
20288.000,0.0000
20298.667,0.0000
20309.333,0.0000
20320.000,0.0000
20330.667,0.0000
20341.333,0.0000
20352.000,0.0000
20362.667,0.0000
20373.333,0.0000
20384.000,0.0000
20394.667,0.0000
20405.333,0.0000
20416.000,0.0000
20426.667,0.0000
20437.333,0.0000
20448.000,0.0000
20458.667,207.4943
20469.333,217.3076
20480.000,200.4263
20490.667,198.1242
20501.333,194.7206
20512.000,192.4840
20522.667,189.1772
20533.333,195.8486
20544.000,201.5874
20554.667,222.3869
20565.333,0.0000
20576.000,290.0708
20586.667,316.3245
20597.333,318.1569
20608.000,320.0000
20618.667,323.7182
20629.333,355.0622
20640.000,359.1879
20650.667,361.2686
20661.333,367.5835
20672.000,369.7129
20682.667,371.8546
20693.333,371.8546
20704.000,369.7129
20714.667,369.7129
20725.333,369.7129
20736.000,367.5835
20746.667,344.9543
20757.333,329.3767
20768.000,303.7895
20778.667,305.5493
20789.333,298.5706
20800.000,0.0000
20810.667,0.0000
20821.333,0.0000
20832.000,337.0755
20842.667,346.9526
20853.333,335.1341
20864.000,359.1879
20874.667,371.8546
20885.333,374.0087
20896.000,371.8546
20906.667,371.8546
20917.333,371.8546
20928.000,371.8546
20938.667,369.7129
20949.333,367.5835
20960.000,367.5835
20970.667,369.7129
20981.333,369.7129
20992.000,371.8546
21002.667,376.1753
21013.333,378.3545
21024.000,376.1753
21034.667,374.0087
21045.333,371.8546
21056.000,369.7129
21066.667,367.5835
21077.333,365.4663
21088.000,346.9526
21098.667,367.5835
21109.333,367.5835
21120.000,367.5835
21130.667,367.5835
21141.333,361.2686
21152.000,403.1747
21162.667,361.2686
21173.333,361.2686
21184.000,357.1191
21194.667,357.1191
21205.333,369.7129
21216.000,371.8546
21226.667,371.8546
21237.333,371.8546
21248.000,371.8546
21258.667,371.8546
21269.333,371.8546
21280.000,369.7129
21290.667,367.5835
21301.333,367.5835
21312.000,367.5835
21322.667,369.7129
21333.333,369.7129
21344.000,369.7129
21354.667,369.7129
21365.333,369.7129
21376.000,367.5835
21386.667,367.5835
21397.333,367.5835
21408.000,363.3614
21418.667,0.0000
21429.333,0.0000
21440.000,0.0000
21450.667,333.2039
21461.333,346.9526
21472.000,357.1191
21482.667,363.3614
21493.333,371.8546
21504.000,378.3545
21514.667,380.5463
21525.333,380.5463
21536.000,378.3545
21546.667,376.1753
21557.333,371.8546
21568.000,367.5835
21578.667,363.3614
21589.333,363.3614
21600.000,365.4663
21610.667,367.5835
21621.333,369.7129
21632.000,369.7129
21642.667,371.8546
21653.333,371.8546
21664.000,371.8546
21674.667,371.8546
21685.333,369.7129
21696.000,369.7129
21706.667,369.7129
21717.333,369.7129
21728.000,367.5835
21738.667,365.4663
21749.333,323.7182
21760.000,325.5935
21770.667,355.0622
21781.333,365.4663
21792.000,371.8546
21802.667,374.0087
21813.333,374.0087
21824.000,374.0087
21834.667,374.0087
21845.333,371.8546
21856.000,367.5835
21866.667,361.2686
21877.333,355.0622
21888.000,350.9840
21898.667,348.9625
21909.333,348.9625
21920.000,348.9625
21930.667,348.9625
21941.333,350.9840
21952.000,350.9840
21962.667,350.9840
21973.333,350.9840
21984.000,350.9840
21994.667,348.9625
22005.333,348.9625
22016.000,348.9625
22026.667,348.9625
22037.333,348.9625
22048.000,346.9526
22058.667,337.0755
22069.333,318.1569
22080.000,0.0000
22090.667,346.9526
22101.333,348.9625
22112.000,353.0172
22122.667,353.0172
22133.333,353.0172
22144.000,350.9840
22154.667,348.9625
22165.333,348.9625
22176.000,348.9625
22186.667,348.9625
22197.333,348.9625
22208.000,348.9625
22218.667,310.8902
22229.333,290.0708
22240.000,288.4001
22250.667,321.8537
22261.333,350.9840
22272.000,353.0172
22282.667,353.0172
22293.333,353.0172
22304.000,355.0622
22314.667,355.0622
22325.333,353.0172
22336.000,350.9840
22346.667,0.0000
22357.333,0.0000
22368.000,353.0172
22378.667,353.0172
22389.333,350.9840
22400.000,350.9840
22410.667,350.9840
22421.333,353.0172
22432.000,350.9840
22442.667,350.9840
22453.333,348.9625
22464.000,346.9526
22474.667,344.9543
22485.333,342.9675
22496.000,344.9543
22506.667,346.9526
22517.333,350.9840
22528.000,353.0172
22538.667,355.0622
22549.333,355.0622
22560.000,355.0622
22570.667,353.0172
22581.333,333.2039
22592.000,305.5493
22602.667,320.0000
22613.333,0.0000
22624.000,0.0000
22634.667,0.0000
22645.333,0.0000
22656.000,0.0000
22666.667,0.0000
22677.333,0.0000
22688.000,342.9675
22698.667,371.8546
22709.333,361.2686
22720.000,374.0087
22730.667,367.5835
22741.333,367.5835
22752.000,367.5835
22762.667,369.7129
22773.333,369.7129
22784.000,371.8546
22794.667,371.8546
22805.333,371.8546
22816.000,371.8546
22826.667,371.8546
22837.333,369.7129
22848.000,369.7129
22858.667,369.7129
22869.333,369.7129
22880.000,369.7129
22890.667,369.7129
22901.333,369.7129
22912.000,369.7129
22922.667,369.7129
22933.333,369.7129
22944.000,369.7129
22954.667,369.7129
22965.333,369.7129
22976.000,369.7129
22986.667,369.7129
22997.333,367.5835
23008.000,365.4663
23018.667,363.3614
23029.333,359.1879
23040.000,348.9625
23050.667,346.9526
23061.333,350.9840
23072.000,355.0622
23082.667,359.1879
23093.333,367.5835
23104.000,376.1753
23114.667,398.5439
23125.333,407.8594
23136.000,407.8594
23146.667,405.5103
23157.333,374.0087
23168.000,365.4663
23178.667,357.1191
23189.333,355.0622
23200.000,365.4663
23210.667,374.0087
23221.333,376.1753
23232.000,376.1753
23242.667,380.5463
23253.333,382.7508
23264.000,376.1753
23274.667,371.8546
23285.333,374.0087
23296.000,374.0087
23306.667,374.0087
23317.333,371.8546
23328.000,374.0087
23338.667,0.0000
23349.333,0.0000
23360.000,403.1747
23370.667,405.5103
23381.333,376.1753
23392.000,374.0087
23402.667,376.1753
23413.333,374.0087
23424.000,374.0087
23434.667,374.0087
23445.333,371.8546
23456.000,371.8546
23466.667,374.0087
23477.333,371.8546
23488.000,371.8546
23498.667,369.7129
23509.333,369.7129
23520.000,380.5463
23530.667,380.5463
23541.333,378.3545
23552.000,376.1753
23562.667,371.8546
23573.333,369.7129
23584.000,369.7129
23594.667,369.7129
23605.333,367.5835
23616.000,367.5835
23626.667,367.5835
23637.333,365.4663
23648.000,365.4663
23658.667,367.5835
23669.333,369.7129
23680.000,374.0087
23690.667,374.0087
23701.333,371.8546
23712.000,374.0087
23722.667,374.0087
23733.333,374.0087
23744.000,374.0087
23754.667,371.8546
23765.333,371.8546
23776.000,371.8546
23786.667,371.8546
23797.333,371.8546
23808.000,371.8546
23818.667,369.7129
23829.333,369.7129
23840.000,369.7129
23850.667,367.5835
23861.333,374.0087
23872.000,378.3545
23882.667,0.0000
23893.333,0.0000
23904.000,0.0000
23914.667,0.0000
23925.333,0.0000
23936.000,0.0000
23946.667,0.0000
23957.333,0.0000
23968.000,0.0000
23978.667,0.0000
23989.333,0.0000
24000.000,0.0000
24010.667,0.0000
24021.333,369.7129
24032.000,374.0087
24042.667,374.0087
24053.333,374.0087
24064.000,374.0087
24074.667,371.8546
24085.333,369.7129
24096.000,369.7129
24106.667,369.7129
24117.333,369.7129
24128.000,367.5835
24138.667,369.7129
24149.333,374.0087
24160.000,374.0087
24170.667,374.0087
24181.333,374.0087
24192.000,371.8546
24202.667,371.8546
24213.333,371.8546
24224.000,369.7129
24234.667,365.4663
24245.333,0.0000
24256.000,0.0000
24266.667,0.0000
24277.333,0.0000
24288.000,0.0000
24298.667,0.0000
24309.333,380.5463
24320.000,376.1753
24330.667,371.8546
24341.333,371.8546
24352.000,367.5835
24362.667,365.4663
24373.333,363.3614
24384.000,361.2686
24394.667,359.1879
24405.333,355.0622
24416.000,353.0172
24426.667,350.9840
24437.333,348.9625
24448.000,346.9526
24458.667,346.9526
24469.333,353.0172
24480.000,355.0622
24490.667,353.0172
24501.333,353.0172
24512.000,350.9840
24522.667,350.9840
24533.333,348.9625
24544.000,346.9526
24554.667,342.9675
24565.333,329.3767
24576.000,312.6912
24586.667,312.6912
24597.333,314.5026
24608.000,314.5026
24618.667,348.9625
24629.333,357.1191
24640.000,361.2686
24650.667,365.4663
24661.333,365.4663
24672.000,365.4663
24682.667,363.3614
24693.333,359.1879
24704.000,355.0622
24714.667,350.9840
24725.333,348.9625
24736.000,348.9625
24746.667,346.9526
24757.333,346.9526
24768.000,346.9526
24778.667,346.9526
24789.333,346.9526
24800.000,346.9526
24810.667,346.9526
24821.333,348.9625
24832.000,348.9625
24842.667,348.9625
24853.333,348.9625
24864.000,348.9625
24874.667,348.9625
24885.333,350.9840
24896.000,350.9840
24906.667,350.9840
24917.333,350.9840
24928.000,350.9840
24938.667,350.9840
24949.333,353.0172
24960.000,355.0622
24970.667,348.9625
24981.333,348.9625
24992.000,348.9625
25002.667,348.9625
25013.333,348.9625
25024.000,348.9625
25034.667,350.9840
25045.333,350.9840
25056.000,350.9840
25066.667,350.9840
25077.333,348.9625
25088.000,348.9625
25098.667,348.9625
25109.333,0.0000
25120.000,0.0000
25130.667,0.0000
25141.333,0.0000
25152.000,0.0000
25162.667,0.0000
25173.333,0.0000
25184.000,0.0000
25194.667,0.0000
25205.333,0.0000
25216.000,0.0000
25226.667,0.0000
25237.333,0.0000
25248.000,0.0000
25258.667,382.7508
25269.333,384.9680
25280.000,387.1981
25290.667,384.9680
25301.333,382.7508
25312.000,376.1753
25322.667,369.7129
25333.333,367.5835
25344.000,363.3614
25354.667,361.2686
25365.333,359.1879
25376.000,361.2686
25386.667,367.5835
25397.333,374.0087
25408.000,382.7508
25418.667,387.1981
25429.333,389.4411
25440.000,387.1981
25450.667,384.9680
25461.333,380.5463
25472.000,357.1191
25482.667,355.0622
25493.333,353.0172
25504.000,355.0622
25514.667,357.1191
25525.333,359.1879
25536.000,365.4663
25546.667,376.1753
25557.333,369.7129
25568.000,369.7129
25578.667,371.8546
25589.333,371.8546
25600.000,0.0000
25610.667,0.0000
25621.333,0.0000
25632.000,0.0000
25642.667,0.0000
25653.333,0.0000
25664.000,0.0000
25674.667,0.0000
25685.333,407.8594
25696.000,419.8106
25706.667,414.9887
25717.333,380.5463
25728.000,382.7508
25738.667,380.5463
25749.333,380.5463
25760.000,374.0087
25770.667,367.5835
25781.333,365.4663
25792.000,365.4663
25802.667,367.5835
25813.333,369.7129
25824.000,371.8546
25834.667,374.0087
25845.333,376.1753
25856.000,378.3545
25866.667,380.5463
25877.333,382.7508
25888.000,369.7129
25898.667,369.7129
25909.333,369.7129
25920.000,369.7129
25930.667,0.0000
25941.333,0.0000
25952.000,0.0000
25962.667,0.0000
25973.333,0.0000
25984.000,0.0000
25994.667,0.0000
26005.333,0.0000
26016.000,0.0000
26026.667,0.0000
26037.333,0.0000
26048.000,371.8546
26058.667,369.7129
26069.333,369.7129
26080.000,369.7129
26090.667,369.7129
26101.333,371.8546
26112.000,371.8546
26122.667,371.8546
26133.333,371.8546
26144.000,357.1191
26154.667,320.0000
26165.333,320.0000
26176.000,365.4663
26186.667,376.1753
26197.333,376.1753
26208.000,376.1753
26218.667,376.1753
26229.333,374.0087
26240.000,371.8546
26250.667,369.7129
26261.333,367.5835
26272.000,367.5835
26282.667,369.7129
26293.333,371.8546
26304.000,374.0087
26314.667,376.1753
26325.333,374.0087
26336.000,374.0087
26346.667,371.8546
26357.333,369.7129
26368.000,369.7129
26378.667,365.4663
26389.333,363.3614
26400.000,361.2686
26410.667,0.0000
26421.333,0.0000
26432.000,0.0000
26442.667,0.0000
26453.333,0.0000
26464.000,0.0000
26474.667,0.0000
26485.333,400.8526
26496.000,387.1981
26506.667,382.7508
26517.333,378.3545
26528.000,374.0087
26538.667,371.8546
26549.333,367.5835
26560.000,361.2686
26570.667,359.1879
26581.333,357.1191
26592.000,361.2686
26602.667,363.3614
26613.333,369.7129
26624.000,374.0087
26634.667,378.3545
26645.333,382.7508
26656.000,384.9680
26666.667,363.3614
26677.333,333.2039
26688.000,374.0087
26698.667,365.4663
26709.333,0.0000
26720.000,0.0000
26730.667,0.0000
26741.333,267.5370
26752.000,239.7291
26762.667,239.7291
26773.333,249.6209
26784.000,276.9717
26794.667,288.4001
26805.333,323.7182
26816.000,333.2039
26826.667,340.9922
26837.333,344.9543
26848.000,353.0172
26858.667,361.2686
26869.333,365.4663
26880.000,369.7129
26890.667,371.8546
26901.333,371.8546
26912.000,371.8546
26922.667,0.0000
26933.333,0.0000
26944.000,0.0000
26954.667,0.0000
26965.333,422.2425
26976.000,424.6886
26986.667,424.6886
26997.333,422.2425
27008.000,417.3927
27018.667,412.5985
27029.333,405.5103
27040.000,403.1747
27050.667,407.8594
27061.333,410.2221
27072.000,412.5985
27082.667,417.3927
27093.333,424.6886
27104.000,424.6886
27114.667,422.2425
27125.333,419.8106
27136.000,417.3927
27146.667,417.3927
27157.333,414.9887
27168.000,414.9887
27178.667,414.9887
27189.333,414.9887
27200.000,412.5985
27210.667,398.5439
27221.333,398.5439
27232.000,403.1747
27242.667,391.6971
27253.333,427.1488
27264.000,449.9419
27274.667,463.1262
27285.333,465.8090
27296.000,465.8090
27306.667,465.8090
27317.333,465.8090
27328.000,463.1262
27338.667,463.1262
27349.333,463.1262
27360.000,463.1262
27370.667,463.1262
27381.333,465.8090
27392.000,465.8090
27402.667,468.5074
27413.333,468.5074
27424.000,468.5074
27434.667,463.1262
27445.333,468.5074
27456.000,465.8090
27466.667,0.0000
27477.333,0.0000
27488.000,0.0000
27498.667,0.0000
27509.333,0.0000
27520.000,0.0000
27530.667,0.0000
27541.333,0.0000
27552.000,0.0000
27562.667,0.0000
27573.333,0.0000
27584.000,0.0000
27594.667,0.0000
27605.333,0.0000
27616.000,0.0000
27626.667,0.0000
27637.333,0.0000
27648.000,0.0000
27658.667,0.0000
27669.333,0.0000
27680.000,0.0000
27690.667,0.0000
27701.333,0.0000
27712.000,0.0000
27722.667,0.0000
27733.333,0.0000
27744.000,0.0000
27754.667,0.0000
27765.333,0.0000
27776.000,0.0000
27786.667,0.0000
27797.333,0.0000
27808.000,0.0000
27818.667,0.0000
27829.333,0.0000
27840.000,0.0000
27850.667,0.0000
27861.333,0.0000
27872.000,0.0000
27882.667,0.0000
27893.333,0.0000
27904.000,0.0000
27914.667,0.0000
27925.333,0.0000
27936.000,0.0000
27946.667,0.0000
27957.333,0.0000
27968.000,0.0000
27978.667,0.0000
27989.333,0.0000
28000.000,0.0000
28010.667,0.0000
28021.333,0.0000
28032.000,0.0000
28042.667,0.0000
28053.333,0.0000
28064.000,318.1569
28074.667,318.1569
28085.333,316.3245
28096.000,314.5026
28106.667,314.5026
28117.333,314.5026
28128.000,312.6912
28138.667,314.5026
28149.333,305.5493
28160.000,0.0000
28170.667,0.0000
28181.333,0.0000
28192.000,374.0087
28202.667,371.8546
28213.333,374.0087
28224.000,374.0087
28234.667,371.8546
28245.333,369.7129
28256.000,367.5835
28266.667,367.5835
28277.333,365.4663
28288.000,365.4663
28298.667,369.7129
28309.333,374.0087
28320.000,387.1981
28330.667,0.0000
28341.333,384.9680
28352.000,384.9680
28362.667,382.7508
28373.333,378.3545
28384.000,371.8546
28394.667,367.5835
28405.333,367.5835
28416.000,365.4663
28426.667,367.5835
28437.333,0.0000
28448.000,0.0000
28458.667,0.0000
28469.333,0.0000
28480.000,0.0000
28490.667,0.0000
28501.333,0.0000
28512.000,0.0000
28522.667,0.0000
28533.333,0.0000
28544.000,0.0000
28554.667,0.0000
28565.333,0.0000
28576.000,0.0000
28586.667,0.0000
28597.333,0.0000
28608.000,0.0000
28618.667,0.0000
28629.333,0.0000
28640.000,0.0000
28650.667,0.0000
28661.333,0.0000
28672.000,0.0000
28682.667,0.0000
28693.333,0.0000
28704.000,0.0000
28714.667,361.2686
28725.333,361.2686
28736.000,361.2686
28746.667,361.2686
28757.333,361.2686
28768.000,363.3614
28778.667,363.3614
28789.333,363.3614
28800.000,363.3614
28810.667,367.5835
28821.333,374.0087
28832.000,369.7129
28842.667,365.4663
28853.333,359.1879
28864.000,344.9543
28874.667,344.9543
28885.333,333.2039
28896.000,346.9526
28906.667,333.2039
28917.333,0.0000
28928.000,0.0000
28938.667,0.0000
28949.333,0.0000
28960.000,0.0000
28970.667,0.0000
28981.333,391.6971
28992.000,393.9662
29002.667,391.6971
29013.333,391.6971
29024.000,365.4663
29034.667,367.5835
29045.333,365.4663
29056.000,365.4663
29066.667,367.5835
29077.333,369.7129
29088.000,371.8546
29098.667,371.8546
29109.333,371.8546
29120.000,371.8546
29130.667,371.8546
29141.333,369.7129
29152.000,367.5835
29162.667,367.5835
29173.333,335.1341
29184.000,0.0000
29194.667,0.0000
29205.333,0.0000
29216.000,0.0000
29226.667,0.0000
29237.333,0.0000
29248.000,0.0000
29258.667,0.0000
29269.333,0.0000
29280.000,0.0000
29290.667,272.2135
29301.333,270.6457
29312.000,303.7895
29322.667,310.8902
29333.333,337.0755
29344.000,357.1191
29354.667,361.2686
29365.333,363.3614
29376.000,367.5835
29386.667,367.5835
29397.333,0.0000
29408.000,0.0000
29418.667,0.0000
29429.333,0.0000
29440.000,0.0000
29450.667,0.0000
29461.333,0.0000
29472.000,0.0000
29482.667,0.0000
29493.333,0.0000
29504.000,422.2425
29514.667,424.6886
29525.333,422.2425
29536.000,419.8106
29546.667,414.9887
29557.333,410.2221
29568.000,405.5103
29578.667,405.5103
29589.333,407.8594
29600.000,410.2221
29610.667,412.5985
29621.333,417.3927
29632.000,422.2425
29642.667,419.8106
29653.333,414.9887
29664.000,414.9887
29674.667,412.5985
29685.333,412.5985
29696.000,412.5985
29706.667,412.5985
29717.333,414.9887
29728.000,417.3927
29738.667,417.3927
29749.333,422.2425
29760.000,427.1488
29770.667,444.7738
29781.333,452.5483
29792.000,455.1699
29802.667,457.8067
29813.333,457.8067
29824.000,463.1262
29834.667,465.8090
29845.333,465.8090
29856.000,465.8090
29866.667,465.8090
29877.333,465.8090
29888.000,463.1262
29898.667,463.1262
29909.333,463.1262
29920.000,463.1262
29930.667,465.8090
29941.333,465.8090
29952.000,465.8090
29962.667,465.8090
29973.333,0.0000
29984.000,0.0000
29994.667,0.0000
30005.333,0.0000
30016.000,0.0000
30026.667,0.0000
30037.333,0.0000
30048.000,0.0000
30058.667,0.0000
30069.333,0.0000
30080.000,0.0000
30090.667,0.0000
30101.333,0.0000
30112.000,0.0000
30122.667,0.0000
30133.333,0.0000
30144.000,0.0000
30154.667,0.0000
30165.333,0.0000
30176.000,0.0000
30186.667,0.0000
30197.333,0.0000
30208.000,0.0000
30218.667,0.0000
30229.333,0.0000
30240.000,0.0000
30250.667,0.0000
30261.333,0.0000
30272.000,0.0000
30282.667,0.0000
30293.333,0.0000
30304.000,0.0000
30314.667,0.0000
30325.333,0.0000
30336.000,0.0000
30346.667,0.0000
30357.333,0.0000
30368.000,0.0000
30378.667,0.0000
30389.333,0.0000
30400.000,0.0000
30410.667,0.0000
30421.333,0.0000
30432.000,0.0000
30442.667,0.0000
30453.333,0.0000
30464.000,0.0000
30474.667,0.0000
30485.333,0.0000
30496.000,0.0000
30506.667,0.0000
30517.333,0.0000
30528.000,0.0000
30538.667,0.0000
30549.333,0.0000
30560.000,0.0000
30570.667,0.0000
30581.333,0.0000
30592.000,0.0000
30602.667,0.0000
30613.333,0.0000
30624.000,0.0000
30634.667,246.7537
30645.333,245.3325
30656.000,239.7291
30666.667,235.6107
30677.333,234.2537
30688.000,238.3484
30698.667,249.6209
30709.333,270.6457
30720.000,275.3765
30730.667,276.9717
30741.333,278.5762
30752.000,280.1900
30762.667,281.8131
30773.333,283.4456
30784.000,276.9717
30794.667,0.0000
30805.333,0.0000
30816.000,0.0000
30826.667,0.0000
30837.333,0.0000
30848.000,320.0000
30858.667,331.2848
30869.333,331.2848
30880.000,314.5026
30890.667,312.6912
30901.333,310.8902
30912.000,312.6912
30922.667,314.5026
30933.333,316.3245
30944.000,318.1569
30954.667,318.1569
30965.333,348.9625
30976.000,355.0622
30986.667,359.1879
30997.333,369.7129
31008.000,376.1753
31018.667,374.0087
31029.333,374.0087
31040.000,374.0087
31050.667,371.8546
31061.333,371.8546
31072.000,369.7129
31082.667,359.1879
31093.333,0.0000
31104.000,0.0000
31114.667,0.0000
31125.333,0.0000
31136.000,0.0000
31146.667,0.0000
31157.333,0.0000
31168.000,0.0000
31178.667,0.0000
31189.333,387.1981
31200.000,376.1753
31210.667,369.7129
31221.333,369.7129
31232.000,367.5835
31242.667,367.5835
31253.333,367.5835
31264.000,367.5835
31274.667,367.5835
31285.333,367.5835
31296.000,367.5835
31306.667,367.5835
31317.333,369.7129
31328.000,371.8546
31338.667,369.7129
31349.333,369.7129
31360.000,369.7129
31370.667,369.7129
31381.333,369.7129
31392.000,369.7129
31402.667,369.7129
31413.333,369.7129
31424.000,369.7129
31434.667,369.7129
31445.333,369.7129
31456.000,369.7129
31466.667,369.7129
31477.333,369.7129
31488.000,369.7129
31498.667,371.8546
31509.333,374.0087
31520.000,371.8546
31530.667,371.8546
31541.333,371.8546
31552.000,369.7129
31562.667,369.7129
31573.333,367.5835
31584.000,369.7129
31594.667,369.7129
31605.333,369.7129
31616.000,371.8546
31626.667,371.8546
31637.333,371.8546
31648.000,371.8546
31658.667,369.7129
31669.333,369.7129
31680.000,369.7129
31690.667,367.5835
31701.333,365.4663
31712.000,365.4663
31722.667,327.4796
31733.333,0.0000
31744.000,0.0000
31754.667,367.5835
31765.333,367.5835
31776.000,369.7129
31786.667,376.1753
31797.333,376.1753
31808.000,374.0087
31818.667,371.8546
31829.333,369.7129
31840.000,355.0622
31850.667,348.9625
31861.333,346.9526
31872.000,346.9526
31882.667,346.9526
31893.333,346.9526
31904.000,348.9625
31914.667,348.9625
31925.333,348.9625
31936.000,348.9625
31946.667,348.9625
31957.333,348.9625
31968.000,348.9625
31978.667,348.9625
31989.333,350.9840
32000.000,353.0172
32010.667,353.0172
32021.333,353.0172
32032.000,353.0172
32042.667,350.9840
32053.333,323.7182
32064.000,318.1569
32074.667,307.3193
32085.333,300.3002
32096.000,312.6912
32106.667,303.7895
32117.333,0.0000
32128.000,371.8546
32138.667,374.0087
32149.333,371.8546
32160.000,369.7129
32170.667,365.4663
32181.333,363.3614
32192.000,359.1879
32202.667,355.0622
32213.333,350.9840
32224.000,348.9625
32234.667,348.9625
32245.333,348.9625
32256.000,348.9625
32266.667,348.9625
32277.333,348.9625
32288.000,348.9625
32298.667,348.9625
32309.333,348.9625
32320.000,348.9625
32330.667,348.9625
32341.333,348.9625
32352.000,348.9625
32362.667,350.9840
32373.333,353.0172
32384.000,342.9675
32394.667,340.9922
32405.333,344.9543
32416.000,344.9543
32426.667,348.9625
32437.333,374.0087
32448.000,374.0087
32458.667,365.4663
32469.333,361.2686
32480.000,357.1191
32490.667,353.0172
32501.333,348.9625
32512.000,346.9526
32522.667,346.9526
32533.333,346.9526
32544.000,346.9526
32554.667,348.9625
32565.333,350.9840
32576.000,350.9840
32586.667,350.9840
32597.333,348.9625
32608.000,348.9625
32618.667,348.9625
32629.333,346.9526
32640.000,361.2686
32650.667,363.3614
32661.333,0.0000
32672.000,0.0000
32682.667,0.0000
32693.333,0.0000
32704.000,0.0000
32714.667,0.0000
32725.333,432.1120
32736.000,432.1120
32746.667,434.6152
32757.333,384.9680
32768.000,384.9680
32778.667,380.5463
32789.333,374.0087
32800.000,369.7129
32810.667,369.7129
32821.333,367.5835
32832.000,367.5835
32842.667,369.7129
32853.333,369.7129
32864.000,369.7129
32874.667,369.7129
32885.333,369.7129
32896.000,369.7129
32906.667,369.7129
32917.333,369.7129
32928.000,367.5835
32938.667,367.5835
32949.333,367.5835
32960.000,369.7129
32970.667,369.7129
32981.333,363.3614
32992.000,0.0000
33002.667,0.0000
33013.333,0.0000
33024.000,0.0000
33034.667,0.0000
33045.333,0.0000
33056.000,0.0000
33066.667,0.0000
33077.333,281.8131
33088.000,272.2135
33098.667,269.0869
33109.333,264.4641
33120.000,261.4265
33130.667,261.4265
33141.333,280.1900
33152.000,0.0000
33162.667,0.0000
33173.333,0.0000
33184.000,0.0000
33194.667,0.0000
33205.333,371.8546
33216.000,371.8546
33226.667,380.5463
33237.333,376.1753
33248.000,374.0087
33258.667,367.5835
33269.333,365.4663
33280.000,365.4663
33290.667,367.5835
33301.333,367.5835
33312.000,369.7129
33322.667,371.8546
33333.333,374.0087
33344.000,376.1753
33354.667,378.3545
33365.333,378.3545
33376.000,374.0087
33386.667,367.5835
33397.333,363.3614
33408.000,361.2686
33418.667,359.1879
33429.333,359.1879
33440.000,359.1879
33450.667,369.7129
33461.333,374.0087
33472.000,376.1753
33482.667,384.9680
33493.333,382.7508
33504.000,382.7508
33514.667,380.5463
33525.333,376.1753
33536.000,371.8546
33546.667,369.7129
33557.333,348.9625
33568.000,0.0000
33578.667,0.0000
33589.333,0.0000
33600.000,0.0000
33610.667,0.0000
33621.333,0.0000
33632.000,369.7129
33642.667,376.1753
33653.333,371.8546
33664.000,367.5835
33674.667,367.5835
33685.333,369.7129
33696.000,369.7129
33706.667,369.7129
33717.333,367.5835
33728.000,365.4663
33738.667,363.3614
33749.333,353.0172
33760.000,353.0172
33770.667,0.0000
33781.333,0.0000
33792.000,0.0000
33802.667,0.0000
33813.333,393.9662
33824.000,391.6971
33834.667,359.1879
33845.333,369.7129
33856.000,371.8546
33866.667,369.7129
33877.333,369.7129
33888.000,369.7129
33898.667,367.5835
33909.333,367.5835
33920.000,369.7129
33930.667,369.7129
33941.333,369.7129
33952.000,369.7129
33962.667,369.7129
33973.333,369.7129
33984.000,369.7129
33994.667,369.7129
34005.333,371.8546
34016.000,371.8546
34026.667,371.8546
34037.333,371.8546
34048.000,371.8546
34058.667,369.7129
34069.333,369.7129
34080.000,369.7129
34090.667,369.7129
34101.333,367.5835
34112.000,367.5835
34122.667,369.7129
34133.333,369.7129
34144.000,374.0087
34154.667,374.0087
34165.333,374.0087
34176.000,374.0087
34186.667,371.8546
34197.333,369.7129
34208.000,365.4663
34218.667,365.4663
34229.333,365.4663
34240.000,367.5835
34250.667,367.5835
34261.333,369.7129
34272.000,369.7129
34282.667,371.8546
34293.333,376.1753
34304.000,376.1753
34314.667,374.0087
34325.333,374.0087
34336.000,369.7129
34346.667,367.5835
34357.333,365.4663
34368.000,357.1191
34378.667,353.0172
34389.333,350.9840
34400.000,348.9625
34410.667,348.9625
34421.333,348.9625
34432.000,348.9625
34442.667,348.9625
34453.333,348.9625
34464.000,350.9840
34474.667,350.9840
34485.333,350.9840
34496.000,348.9625
34506.667,348.9625
34517.333,348.9625
34528.000,348.9625
34538.667,348.9625
34549.333,346.9526
34560.000,344.9543
34570.667,339.0282
34581.333,323.7182
34592.000,359.1879
34602.667,367.5835
34613.333,369.7129
34624.000,371.8546
34634.667,371.8546
34645.333,371.8546
34656.000,369.7129
34666.667,369.7129
34677.333,369.7129
34688.000,369.7129
34698.667,369.7129
34709.333,369.7129
34720.000,369.7129
34730.667,371.8546
34741.333,371.8546
34752.000,371.8546
34762.667,371.8546
34773.333,374.0087
34784.000,0.0000
34794.667,0.0000
34805.333,0.0000
34816.000,0.0000
34826.667,0.0000
34837.333,0.0000
34848.000,0.0000
34858.667,0.0000
34869.333,0.0000
34880.000,0.0000
34890.667,0.0000
34901.333,0.0000
34912.000,0.0000
34922.667,0.0000
34933.333,0.0000
34944.000,0.0000
34954.667,0.0000
34965.333,0.0000
34976.000,0.0000
34986.667,0.0000
34997.333,0.0000
35008.000,0.0000
35018.667,0.0000
35029.333,0.0000
35040.000,0.0000
35050.667,0.0000
35061.333,0.0000
35072.000,0.0000
35082.667,335.1341
35093.333,355.0622
35104.000,337.0755
35114.667,346.9526
35125.333,357.1191
35136.000,367.5835
35146.667,367.5835
35157.333,369.7129
35168.000,374.0087
35178.667,355.0622
35189.333,0.0000
35200.000,0.0000
35210.667,0.0000
35221.333,0.0000
35232.000,374.0087
35242.667,374.0087
35253.333,374.0087
35264.000,374.0087
35274.667,374.0087
35285.333,374.0087
35296.000,371.8546
35306.667,371.8546
35317.333,371.8546
35328.000,369.7129
35338.667,369.7129
35349.333,369.7129
35360.000,367.5835
35370.667,367.5835
35381.333,369.7129
35392.000,371.8546
35402.667,371.8546
35413.333,371.8546
35424.000,371.8546
35434.667,369.7129
35445.333,369.7129
35456.000,369.7129
35466.667,339.0282
35477.333,320.0000
35488.000,0.0000
35498.667,0.0000
35509.333,0.0000
35520.000,0.0000
35530.667,0.0000
35541.333,0.0000
35552.000,0.0000
35562.667,0.0000
35573.333,371.8546
35584.000,407.8594
35594.667,417.3927
35605.333,405.5103
35616.000,405.5103
35626.667,405.5103
35637.333,0.0000
35648.000,0.0000
35658.667,0.0000
35669.333,357.1191
35680.000,359.1879
35690.667,367.5835
35701.333,369.7129
35712.000,376.1753
35722.667,380.5463
35733.333,376.1753
35744.000,369.7129
35754.667,371.8546
35765.333,350.9840
35776.000,0.0000
35786.667,0.0000
35797.333,0.0000
35808.000,0.0000
35818.667,0.0000
35829.333,0.0000
35840.000,0.0000
35850.667,0.0000
35861.333,0.0000
35872.000,0.0000
35882.667,378.3545
35893.333,378.3545
35904.000,376.1753
35914.667,371.8546
35925.333,371.8546
35936.000,369.7129
35946.667,369.7129
35957.333,369.7129
35968.000,374.0087
35978.667,374.0087
35989.333,374.0087
36000.000,374.0087
36010.667,374.0087
36021.333,374.0087
36032.000,376.1753
36042.667,387.1981
36053.333,387.1981
36064.000,382.7508
36074.667,378.3545
36085.333,374.0087
36096.000,371.8546
36106.667,367.5835
36117.333,367.5835
36128.000,367.5835
36138.667,369.7129
36149.333,371.8546
36160.000,371.8546
36170.667,374.0087
36181.333,374.0087
36192.000,374.0087
36202.667,365.4663
36213.333,361.2686
36224.000,361.2686
36234.667,363.3614
36245.333,363.3614
36256.000,361.2686
36266.667,365.4663
36277.333,371.8546
36288.000,374.0087
36298.667,374.0087
36309.333,389.4411
36320.000,393.9662
36330.667,0.0000
36341.333,376.1753
36352.000,376.1753
36362.667,378.3545
36373.333,378.3545
36384.000,378.3545
36394.667,376.1753
36405.333,369.7129
36416.000,367.5835
36426.667,365.4663
36437.333,365.4663
36448.000,367.5835
36458.667,367.5835
36469.333,367.5835
36480.000,369.7129
36490.667,369.7129
36501.333,369.7129
36512.000,369.7129
36522.667,369.7129
36533.333,369.7129
36544.000,371.8546
36554.667,371.8546
36565.333,374.0087
36576.000,376.1753
36586.667,376.1753
36597.333,371.8546
36608.000,367.5835
36618.667,371.8546
36629.333,374.0087
36640.000,374.0087
36650.667,374.0087
36661.333,374.0087
36672.000,374.0087
36682.667,371.8546
36693.333,369.7129
36704.000,367.5835
36714.667,365.4663
36725.333,363.3614
36736.000,361.2686
36746.667,361.2686
36757.333,363.3614
36768.000,371.8546
36778.667,0.0000
36789.333,0.0000
36800.000,502.1338
36810.667,538.1737
36821.333,550.7529
36832.000,557.1524
36842.667,560.3799
36853.333,560.3799
36864.000,557.1524
36874.667,553.9434
36885.333,550.7529
36896.000,550.7529
36906.667,553.9434
36917.333,557.1524
36928.000,566.8912
36938.667,580.1417
36949.333,611.0986
36960.000,621.7804
36970.667,625.3824
36981.333,625.3824
36992.000,625.3824
37002.667,621.7804
37013.333,621.7804
37024.000,621.7804
37034.667,621.7804
37045.333,621.7804
37056.000,625.3824
37066.667,625.3824
37077.333,621.7804
37088.000,621.7804
37098.667,611.0986
37109.333,586.8826
37120.000,590.2824
37130.667,586.8826
37141.333,586.8826
37152.000,573.4782
37162.667,553.9434
37173.333,550.7529
37184.000,550.7529
37194.667,547.5808
37205.333,547.5808
37216.000,547.5808
37226.667,547.5808
37237.333,544.4270
37248.000,535.0741
37258.667,502.1338
37269.333,487.8390
37280.000,479.4583
37290.667,473.9512
37301.333,471.2215
37312.000,468.5074
37322.667,465.8090
37333.333,463.1262
37344.000,463.1262
37354.667,463.1262
37365.333,463.1262
37376.000,463.1262
37386.667,463.1262
37397.333,465.8090
37408.000,465.8090
37418.667,465.8090
37429.333,465.8090
37440.000,465.8090
37450.667,465.8090
37461.333,465.8090
37472.000,465.8090
37482.667,465.8090
37493.333,468.5074
37504.000,471.2215
37514.667,0.0000
37525.333,0.0000
37536.000,0.0000
37546.667,0.0000
37557.333,0.0000
37568.000,0.0000
37578.667,471.2215
37589.333,473.9512
37600.000,473.9512
37610.667,471.2215
37621.333,471.2215
37632.000,468.5074
37642.667,468.5074
37653.333,468.5074
37664.000,0.0000
37674.667,0.0000
37685.333,0.0000
37696.000,0.0000
37706.667,0.0000
37717.333,0.0000
37728.000,0.0000
37738.667,0.0000
37749.333,0.0000
37760.000,0.0000
37770.667,452.5483
37781.333,460.4587
37792.000,465.8090
37802.667,468.5074
37813.333,468.5074
37824.000,465.8090
37834.667,463.1262
37845.333,460.4587
37856.000,457.8067
37866.667,460.4587
37877.333,463.1262
37888.000,465.8090
37898.667,468.5074
37909.333,468.5074
37920.000,468.5074
37930.667,468.5074
37941.333,468.5074
37952.000,468.5074
37962.667,468.5074
37973.333,465.8090
37984.000,465.8090
37994.667,468.5074
38005.333,471.2215
38016.000,0.0000
38026.667,468.5074
38037.333,471.2215
38048.000,468.5074
38058.667,429.6232
38069.333,429.6232
38080.000,427.1488
38090.667,424.6886
38101.333,417.3927
38112.000,410.2221
38122.667,410.2221
38133.333,410.2221
38144.000,414.9887
38154.667,449.9419
38165.333,463.1262
38176.000,468.5074
38186.667,471.2215
38197.333,471.2215
38208.000,468.5074
38218.667,465.8090
38229.333,465.8090
38240.000,465.8090
38250.667,465.8090
38261.333,468.5074
38272.000,471.2215
38282.667,471.2215
38293.333,471.2215
38304.000,468.5074
38314.667,465.8090
38325.333,465.8090
38336.000,463.1262
38346.667,452.5483
38357.333,414.9887
38368.000,432.1120
38378.667,449.9419
38389.333,468.5074
38400.000,471.2215
38410.667,471.2215
38421.333,471.2215
38432.000,471.2215
38442.667,468.5074
38453.333,468.5074
38464.000,465.8090
38474.667,465.8090
38485.333,465.8090
38496.000,465.8090
38506.667,465.8090
38517.333,465.8090
38528.000,468.5074
38538.667,468.5074
38549.333,468.5074
38560.000,468.5074
38570.667,457.8067
38581.333,463.1262
38592.000,463.1262
38602.667,0.0000
38613.333,0.0000
38624.000,0.0000
38634.667,0.0000
38645.333,0.0000
38656.000,0.0000
38666.667,0.0000
38677.333,490.6651
38688.000,490.6651
38698.667,482.2357
38709.333,476.6968
38720.000,471.2215
38730.667,465.8090
38741.333,465.8090
38752.000,465.8090
38762.667,465.8090
38773.333,468.5074
38784.000,471.2215
38794.667,471.2215
38805.333,465.8090
38816.000,460.4587
38826.667,442.2121
38837.333,427.1488
38848.000,419.8106
38858.667,417.3927
38869.333,414.9887
38880.000,414.9887
38890.667,412.5985
38901.333,414.9887
38912.000,414.9887
38922.667,417.3927
38933.333,417.3927
38944.000,417.3927
38954.667,414.9887
38965.333,414.9887
38976.000,414.9887
38986.667,414.9887
38997.333,414.9887
39008.000,414.9887
39018.667,414.9887
39029.333,414.9887
39040.000,414.9887
39050.667,414.9887
39061.333,414.9887
39072.000,417.3927
39082.667,417.3927
39093.333,417.3927
39104.000,414.9887
39114.667,414.9887
39125.333,414.9887
39136.000,414.9887
39146.667,414.9887
39157.333,412.5985
39168.000,412.5985
39178.667,412.5985
39189.333,414.9887
39200.000,417.3927
39210.667,419.8106
39221.333,422.2425
39232.000,422.2425
39242.667,419.8106
39253.333,414.9887
39264.000,410.2221
39274.667,407.8594
39285.333,410.2221
39296.000,427.1488
39306.667,439.6652
39317.333,452.5483
39328.000,463.1262
39338.667,468.5074
39349.333,473.9512
39360.000,473.9512
39370.667,473.9512
39381.333,468.5074
39392.000,465.8090
39402.667,460.4587
39413.333,457.8067
39424.000,457.8067
39434.667,460.4587
39445.333,465.8090
39456.000,468.5074
39466.667,471.2215
39477.333,471.2215
39488.000,468.5074
39498.667,465.8090
39509.333,460.4587
39520.000,457.8067
39530.667,455.1699
39541.333,455.1699
39552.000,455.1699
39562.667,460.4587
39573.333,463.1262
39584.000,468.5074
39594.667,468.5074
39605.333,471.2215
39616.000,473.9512
39626.667,471.2215
39637.333,465.8090
39648.000,463.1262
39658.667,463.1262
39669.333,463.1262
39680.000,463.1262
39690.667,465.8090
39701.333,465.8090
39712.000,468.5074
39722.667,468.5074
39733.333,468.5074
39744.000,468.5074
39754.667,465.8090
39765.333,463.1262
39776.000,463.1262
39786.667,463.1262
39797.333,465.8090
39808.000,0.0000
39818.667,0.0000
39829.333,0.0000
39840.000,0.0000
39850.667,0.0000
39861.333,468.5074
39872.000,465.8090
39882.667,465.8090
39893.333,463.1262
39904.000,463.1262
39914.667,463.1262
39925.333,0.0000
39936.000,0.0000
39946.667,0.0000
39957.333,0.0000
39968.000,0.0000
39978.667,465.8090
39989.333,465.8090
40000.000,457.8067
40010.667,439.6652
40021.333,429.6232
40032.000,424.6886
40042.667,422.2425
40053.333,419.8106
40064.000,419.8106
40074.667,419.8106
40085.333,419.8106
40096.000,424.6886
40106.667,0.0000
40117.333,0.0000
40128.000,0.0000
40138.667,0.0000
40149.333,0.0000
40160.000,0.0000
40170.667,0.0000
40181.333,0.0000
40192.000,0.0000
40202.667,0.0000
40213.333,0.0000
40224.000,0.0000
40234.667,0.0000
40245.333,0.0000
40256.000,0.0000
40266.667,0.0000
40277.333,365.4663
40288.000,367.5835
40298.667,369.7129
40309.333,374.0087
40320.000,374.0087
40330.667,369.7129
40341.333,369.7129
40352.000,369.7129
40362.667,369.7129
40373.333,371.8546
40384.000,371.8546
40394.667,371.8546
40405.333,371.8546
40416.000,371.8546
40426.667,371.8546
40437.333,371.8546
40448.000,331.2848
40458.667,288.4001
40469.333,280.1900
40480.000,270.6457
40490.667,256.9353
40501.333,258.4237
40512.000,0.0000
40522.667,321.8537
40533.333,367.5835
40544.000,410.2221
40554.667,412.5985
40565.333,412.5985
40576.000,412.5985
40586.667,414.9887
40597.333,414.9887
40608.000,419.8106
40618.667,422.2425
40629.333,457.8067
40640.000,463.1262
40650.667,468.5074
40661.333,471.2215
40672.000,471.2215
40682.667,471.2215
40693.333,471.2215
40704.000,471.2215
40714.667,468.5074
40725.333,465.8090
40736.000,465.8090
40746.667,465.8090
40757.333,465.8090
40768.000,468.5074
40778.667,468.5074
40789.333,468.5074
40800.000,468.5074
40810.667,465.8090
40821.333,405.5103
40832.000,405.5103
40842.667,460.4587
40853.333,465.8090
40864.000,465.8090
40874.667,465.8090
40885.333,465.8090
40896.000,465.8090
40906.667,465.8090
40917.333,465.8090
40928.000,465.8090
40938.667,465.8090
40949.333,465.8090
40960.000,465.8090
40970.667,468.5074
40981.333,468.5074
40992.000,468.5074
41002.667,468.5074
41013.333,465.8090
41024.000,465.8090
41034.667,465.8090
41045.333,0.0000
41056.000,0.0000
41066.667,0.0000
41077.333,0.0000
41088.000,0.0000
41098.667,0.0000
41109.333,0.0000
41120.000,0.0000
41130.667,0.0000
41141.333,0.0000
41152.000,502.1338
41162.667,505.0427
41173.333,505.0427
41184.000,499.2417
41194.667,482.2357
41205.333,476.6968
41216.000,471.2215
41226.667,468.5074
41237.333,465.8090
41248.000,463.1262
41258.667,460.4587
41269.333,460.4587
41280.000,463.1262
41290.667,463.1262
41301.333,463.1262
41312.000,460.4587
41322.667,455.1699
41333.333,427.1488
41344.000,414.9887
41354.667,410.2221
41365.333,410.2221
41376.000,410.2221
41386.667,412.5985
41397.333,414.9887
41408.000,417.3927
41418.667,417.3927
41429.333,414.9887
41440.000,414.9887
41450.667,414.9887
41461.333,412.5985
41472.000,412.5985
41482.667,412.5985
41493.333,414.9887
41504.000,414.9887
41514.667,414.9887
41525.333,414.9887
41536.000,414.9887
41546.667,414.9887
41557.333,414.9887
41568.000,414.9887
41578.667,414.9887
41589.333,412.5985
41600.000,407.8594
41610.667,0.0000
41621.333,427.1488
41632.000,449.9419
41642.667,457.8067
41653.333,465.8090
41664.000,468.5074
41674.667,468.5074
41685.333,468.5074
41696.000,468.5074
41706.667,468.5074
41717.333,465.8090
41728.000,463.1262
41738.667,449.9419
41749.333,432.1120
41760.000,422.2425
41770.667,414.9887
41781.333,414.9887
41792.000,414.9887
41802.667,414.9887
41813.333,414.9887
41824.000,414.9887
41834.667,414.9887
41845.333,414.9887
41856.000,414.9887
41866.667,417.3927
41877.333,417.3927
41888.000,417.3927
41898.667,400.8526
41909.333,396.2484
41920.000,369.7129
41930.667,367.5835
41941.333,365.4663
41952.000,365.4663
41962.667,369.7129
41973.333,374.0087
41984.000,374.0087
41994.667,374.0087
42005.333,369.7129
42016.000,0.0000
42026.667,0.0000
42037.333,310.8902
42048.000,310.8902
42058.667,310.8902
42069.333,310.8902
42080.000,312.6912
42090.667,310.8902
42101.333,310.8902
42112.000,309.0996
42122.667,309.0996
42133.333,309.0996
42144.000,309.0996
42154.667,310.8902
42165.333,312.6912
42176.000,314.5026
42186.667,316.3245
42197.333,316.3245
42208.000,316.3245
42218.667,316.3245
42229.333,314.5026
42240.000,309.0996
42250.667,303.7895
42261.333,300.3002
42272.000,298.5706
42282.667,300.3002
42293.333,303.7895
42304.000,309.0996
42314.667,314.5026
42325.333,318.1569
42336.000,320.0000
42346.667,320.0000
42357.333,318.1569
42368.000,314.5026
42378.667,310.8902
42389.333,309.0996
42400.000,309.0996
42410.667,309.0996
42421.333,307.3193
42432.000,307.3193
42442.667,309.0996
42453.333,309.0996
42464.000,309.0996
42474.667,298.5706
42485.333,298.5706
42496.000,312.6912
42506.667,312.6912
42517.333,0.0000
42528.000,0.0000
42538.667,0.0000
42549.333,0.0000
42560.000,0.0000
42570.667,0.0000
42581.333,0.0000
42592.000,0.0000
42602.667,0.0000
42613.333,0.0000
42624.000,0.0000
42634.667,0.0000
42645.333,318.1569
42656.000,316.3245
42666.667,314.5026
42677.333,310.8902
42688.000,310.8902
42698.667,309.0996
42709.333,291.7512
42720.000,0.0000
42730.667,0.0000
42741.333,0.0000
42752.000,0.0000
42762.667,0.0000
42773.333,0.0000
42784.000,363.3614
42794.667,365.4663
42805.333,369.7129
42816.000,374.0087
42826.667,369.7129
42837.333,369.7129
42848.000,369.7129
42858.667,369.7129
42869.333,371.8546
42880.000,371.8546
42890.667,371.8546
42901.333,371.8546
42912.000,371.8546
42922.667,371.8546
42933.333,371.8546
42944.000,371.8546
42954.667,335.1341
42965.333,321.8537
42976.000,318.1569
42986.667,321.8537
42997.333,0.0000
43008.000,0.0000
43018.667,0.0000
43029.333,359.1879
43040.000,396.2484
43050.667,419.8106
43061.333,419.8106
43072.000,417.3927
43082.667,414.9887
43093.333,412.5985
43104.000,410.2221
43114.667,412.5985
43125.333,417.3927
43136.000,424.6886
43146.667,429.6232
43157.333,0.0000
43168.000,463.1262
43178.667,463.1262
43189.333,465.8090
43200.000,465.8090
43210.667,465.8090
43221.333,465.8090
43232.000,465.8090
43242.667,465.8090
43253.333,465.8090
43264.000,465.8090
43274.667,468.5074
43285.333,468.5074
43296.000,468.5074
43306.667,468.5074
43317.333,465.8090
43328.000,463.1262
43338.667,412.5985
43349.333,437.1329
43360.000,457.8067
43370.667,471.2215
43381.333,471.2215
43392.000,468.5074
43402.667,468.5074
43413.333,468.5074
43424.000,465.8090
43434.667,465.8090
43445.333,463.1262
43456.000,463.1262
43466.667,463.1262
43477.333,465.8090
43488.000,465.8090
43498.667,468.5074
43509.333,468.5074
43520.000,468.5074
43530.667,468.5074
43541.333,471.2215
43552.000,465.8090
43562.667,0.0000
43573.333,0.0000
43584.000,0.0000
43594.667,0.0000
43605.333,0.0000
43616.000,0.0000
43626.667,0.0000
43637.333,0.0000
43648.000,0.0000
43658.667,0.0000
43669.333,0.0000
43680.000,0.0000
43690.667,490.6651
43701.333,485.0293
43712.000,479.4583
43722.667,468.5074
43733.333,465.8090
43744.000,463.1262
43754.667,463.1262
43765.333,465.8090
43776.000,465.8090
43786.667,465.8090
43797.333,465.8090
43808.000,463.1262
43818.667,457.8067
43829.333,452.5483
43840.000,417.3927
43850.667,414.9887
43861.333,412.5985
43872.000,412.5985
43882.667,412.5985
43893.333,414.9887
43904.000,417.3927
43914.667,417.3927
43925.333,414.9887
43936.000,414.9887
43946.667,414.9887
43957.333,414.9887
43968.000,414.9887
43978.667,417.3927
43989.333,417.3927
44000.000,417.3927
44010.667,417.3927
44021.333,417.3927
44032.000,414.9887
44042.667,414.9887
44053.333,414.9887
44064.000,414.9887
44074.667,412.5985
44085.333,412.5985
44096.000,410.2221
44106.667,410.2221
44117.333,410.2221
44128.000,412.5985
44138.667,417.3927
44149.333,424.6886
44160.000,422.2425
44170.667,419.8106
44181.333,419.8106
44192.000,419.8106
44202.667,419.8106
44213.333,419.8106
44224.000,419.8106
44234.667,417.3927
44245.333,417.3927
44256.000,414.9887
44266.667,414.9887
44277.333,414.9887
44288.000,414.9887
44298.667,429.6232
44309.333,455.1699
44320.000,465.8090
44330.667,471.2215
44341.333,473.9512
44352.000,479.4583
44362.667,479.4583
44373.333,476.6968
44384.000,473.9512
44394.667,465.8090
44405.333,463.1262
44416.000,463.1262
44426.667,465.8090
44437.333,465.8090
44448.000,468.5074
44458.667,468.5074
44469.333,465.8090
44480.000,465.8090
44490.667,465.8090
44501.333,465.8090
44512.000,465.8090
44522.667,465.8090
44533.333,465.8090
44544.000,465.8090
44554.667,465.8090
44565.333,465.8090
44576.000,465.8090
44586.667,465.8090
44597.333,465.8090
44608.000,465.8090
44618.667,465.8090
44629.333,465.8090
44640.000,465.8090
44650.667,465.8090
44661.333,463.1262
44672.000,463.1262
44682.667,460.4587
44693.333,460.4587
44704.000,460.4587
44714.667,457.8067
44725.333,0.0000
44736.000,0.0000
44746.667,0.0000
44757.333,0.0000
44768.000,0.0000
44778.667,0.0000
44789.333,0.0000
44800.000,0.0000
44810.667,0.0000
44821.333,0.0000
44832.000,0.0000
44842.667,0.0000
44853.333,0.0000
44864.000,0.0000
44874.667,0.0000
44885.333,0.0000
44896.000,0.0000
44906.667,0.0000
44917.333,0.0000
44928.000,382.7508
44938.667,361.2686
44949.333,365.4663
44960.000,363.3614
44970.667,365.4663
44981.333,367.5835
44992.000,367.5835
45002.667,369.7129
45013.333,369.7129
45024.000,369.7129
45034.667,369.7129
45045.333,369.7129
45056.000,367.5835
45066.667,369.7129
45077.333,369.7129
45088.000,374.0087
45098.667,374.0087
45109.333,374.0087
45120.000,374.0087
45130.667,374.0087
45141.333,371.8546
45152.000,371.8546
45162.667,369.7129
45173.333,371.8546
45184.000,374.0087
45194.667,369.7129
45205.333,369.7129
45216.000,382.7508
45226.667,376.1753
45237.333,378.3545
45248.000,378.3545
45258.667,374.0087
45269.333,371.8546
45280.000,369.7129
45290.667,367.5835
45301.333,367.5835
45312.000,367.5835
45322.667,367.5835
45333.333,367.5835
45344.000,371.8546
45354.667,374.0087
45365.333,374.0087
45376.000,374.0087
45386.667,371.8546
45397.333,369.7129
45408.000,369.7129
45418.667,367.5835
45429.333,367.5835
45440.000,369.7129
45450.667,369.7129
45461.333,371.8546
45472.000,371.8546
45482.667,371.8546
45493.333,371.8546
45504.000,365.4663
45514.667,348.9625
45525.333,346.9526
45536.000,344.9543
45546.667,344.9543
45557.333,0.0000
45568.000,0.0000
45578.667,0.0000
45589.333,0.0000
45600.000,516.8475
45610.667,522.8529
45621.333,531.9923
45632.000,547.5808
45642.667,553.9434
45653.333,553.9434
45664.000,557.1524
45674.667,557.1524
45685.333,557.1524
45696.000,557.1524
45706.667,557.1524
45717.333,557.1524
45728.000,557.1524
45738.667,553.9434
45749.333,553.9434
45760.000,557.1524
45770.667,557.1524
45781.333,557.1524
45792.000,553.9434
45802.667,553.9434
45813.333,553.9434
45824.000,553.9434
45834.667,553.9434
45845.333,553.9434
45856.000,553.9434
45866.667,553.9434
45877.333,553.9434
45888.000,553.9434
45898.667,553.9434
45909.333,553.9434
45920.000,553.9434
45930.667,553.9434
45941.333,553.9434
45952.000,553.9434
45962.667,553.9434
45973.333,557.1524
45984.000,557.1524
45994.667,557.1524
46005.333,557.1524
46016.000,557.1524
46026.667,557.1524
46037.333,557.1524
46048.000,553.9434
46058.667,553.9434
46069.333,550.7529
46080.000,550.7529
46090.667,499.2417
46101.333,499.2417
46112.000,496.3663
46122.667,490.6651
46133.333,0.0000
46144.000,0.0000
46154.667,0.0000
46165.333,0.0000
46176.000,0.0000
46186.667,0.0000
46197.333,468.5074
46208.000,468.5074
46218.667,468.5074
46229.333,471.2215
46240.000,468.5074
46250.667,465.8090
46261.333,465.8090
46272.000,465.8090
46282.667,465.8090
46293.333,465.8090
46304.000,465.8090
46314.667,468.5074
46325.333,468.5074
46336.000,468.5074
46346.667,471.2215
46357.333,468.5074
46368.000,465.8090
46378.667,463.1262
46389.333,449.9419
46400.000,444.7738
46410.667,444.7738
46421.333,424.6886
46432.000,422.2425
46442.667,0.0000
46453.333,0.0000
46464.000,0.0000
46474.667,0.0000
46485.333,0.0000
46496.000,0.0000
46506.667,0.0000
46517.333,0.0000
46528.000,0.0000
46538.667,0.0000
46549.333,0.0000
46560.000,0.0000
46570.667,0.0000
46581.333,0.0000
46592.000,0.0000
46602.667,0.0000
46613.333,0.0000
46624.000,0.0000
46634.667,0.0000
46645.333,0.0000
46656.000,0.0000
46666.667,419.8106
46677.333,424.6886
46688.000,429.6232
46698.667,490.6651
46709.333,493.5075
46720.000,496.3663
46730.667,496.3663
46741.333,499.2417
46752.000,499.2417
46762.667,502.1338
46773.333,499.2417
46784.000,499.2417
46794.667,502.1338
46805.333,502.1338
46816.000,525.8818
46826.667,550.7529
46837.333,553.9434
46848.000,557.1524
46858.667,557.1524
46869.333,560.3799
46880.000,560.3799
46890.667,557.1524
46901.333,557.1524
46912.000,557.1524
46922.667,557.1524
46933.333,557.1524
46944.000,557.1524
46954.667,553.9434
46965.333,553.9434
46976.000,553.9434
46986.667,553.9434
46997.333,553.9434
47008.000,553.9434
47018.667,553.9434
47029.333,553.9434
47040.000,553.9434
47050.667,553.9434
47061.333,553.9434
47072.000,550.7529
47082.667,553.9434
47093.333,553.9434
47104.000,560.3799
47114.667,563.6262
47125.333,560.3799
47136.000,560.3799
47146.667,560.3799
47157.333,557.1524
47168.000,553.9434
47178.667,553.9434
47189.333,553.9434
47200.000,550.7529
47210.667,550.7529
47221.333,550.7529
47232.000,553.9434
47242.667,553.9434
47253.333,0.0000
47264.000,0.0000
47274.667,0.0000
47285.333,0.0000
47296.000,0.0000
47306.667,0.0000
47317.333,0.0000
47328.000,0.0000
47338.667,0.0000
47349.333,0.0000
47360.000,0.0000
47370.667,0.0000
47381.333,0.0000
47392.000,0.0000
47402.667,0.0000
47413.333,0.0000
47424.000,0.0000
47434.667,0.0000
47445.333,0.0000
47456.000,485.0293
47466.667,468.5074
47477.333,471.2215
47488.000,471.2215
47498.667,465.8090
47509.333,463.1262
47520.000,460.4587
47530.667,460.4587
47541.333,460.4587
47552.000,465.8090
47562.667,471.2215
47573.333,471.2215
47584.000,473.9512
47594.667,476.6968
47605.333,482.2357
47616.000,485.0293
47626.667,485.0293
47637.333,479.4583
47648.000,468.5074
47658.667,460.4587
47669.333,460.4587
47680.000,460.4587
47690.667,463.1262
47701.333,465.8090
47712.000,473.9512
47722.667,482.2357
47733.333,485.0293
47744.000,487.8390
47754.667,485.0293
47765.333,479.4583
47776.000,468.5074
47786.667,465.8090
47797.333,465.8090
47808.000,465.8090
47818.667,468.5074
47829.333,471.2215
47840.000,471.2215
47850.667,471.2215
47861.333,468.5074
47872.000,468.5074
47882.667,465.8090
47893.333,463.1262
47904.000,468.5074
47914.667,471.2215
47925.333,473.9512
47936.000,473.9512
47946.667,476.6968
47957.333,473.9512
47968.000,476.6968
47978.667,476.6968
47989.333,471.2215
48000.000,468.5074
48010.667,449.9419
48021.333,419.8106
48032.000,419.8106
48042.667,419.8106
48053.333,419.8106
48064.000,419.8106
48074.667,419.8106
48085.333,422.2425
48096.000,427.1488
48106.667,432.1120
48117.333,452.5483
48128.000,465.8090
48138.667,468.5074
48149.333,471.2215
48160.000,468.5074
48170.667,465.8090
48181.333,463.1262
48192.000,463.1262
48202.667,465.8090
48213.333,465.8090
48224.000,463.1262
48234.667,463.1262
48245.333,463.1262
48256.000,463.1262
48266.667,463.1262
48277.333,463.1262
48288.000,463.1262
48298.667,465.8090
48309.333,0.0000
48320.000,0.0000
48330.667,0.0000
48341.333,0.0000
48352.000,0.0000
48362.667,447.3504
48373.333,439.6652
48384.000,422.2425
48394.667,422.2425
48405.333,422.2425
48416.000,422.2425
48426.667,424.6886
48437.333,424.6886
48448.000,427.1488
48458.667,444.7738
48469.333,460.4587
48480.000,465.8090
48490.667,468.5074
48501.333,471.2215
48512.000,468.5074
48522.667,468.5074
48533.333,468.5074
48544.000,468.5074
48554.667,471.2215
48565.333,468.5074
48576.000,465.8090
48586.667,460.4587
48597.333,457.8067
48608.000,0.0000
48618.667,0.0000
48629.333,0.0000
48640.000,0.0000
48650.667,476.6968
48661.333,471.2215
48672.000,468.5074
48682.667,417.3927
48693.333,417.3927
48704.000,417.3927
48714.667,419.8106
48725.333,419.8106
48736.000,422.2425
48746.667,424.6886
48757.333,427.1488
48768.000,442.2121
48778.667,449.9419
48789.333,457.8067
48800.000,465.8090
48810.667,468.5074
48821.333,468.5074
48832.000,468.5074
48842.667,468.5074
48853.333,468.5074
48864.000,468.5074
48874.667,465.8090
48885.333,465.8090
48896.000,463.1262
48906.667,463.1262
48917.333,463.1262
48928.000,460.4587
48938.667,457.8067
48949.333,457.8067
48960.000,452.5483
48970.667,0.0000
48981.333,0.0000
48992.000,0.0000
49002.667,382.7508
49013.333,378.3545
49024.000,374.0087
49034.667,371.8546
49045.333,371.8546
49056.000,371.8546
49066.667,371.8546
49077.333,371.8546
49088.000,369.7129
49098.667,369.7129
49109.333,371.8546
49120.000,371.8546
49130.667,371.8546
49141.333,371.8546
49152.000,371.8546
49162.667,371.8546
49173.333,374.0087
49184.000,376.1753
49194.667,376.1753
49205.333,405.5103
49216.000,407.8594
49226.667,410.2221
49237.333,412.5985
49248.000,414.9887
49258.667,417.3927
49269.333,417.3927
49280.000,414.9887
49290.667,414.9887
49301.333,414.9887
49312.000,414.9887
49322.667,414.9887
49333.333,414.9887
49344.000,414.9887
49354.667,414.9887
49365.333,414.9887
49376.000,414.9887
49386.667,414.9887
49397.333,417.3927
49408.000,417.3927
49418.667,417.3927
49429.333,417.3927
49440.000,417.3927
49450.667,417.3927
49461.333,417.3927
49472.000,414.9887
49482.667,414.9887
49493.333,414.9887
49504.000,414.9887
49514.667,414.9887
49525.333,414.9887
49536.000,414.9887
49546.667,417.3927
49557.333,417.3927
49568.000,417.3927
49578.667,417.3927
49589.333,417.3927
49600.000,417.3927
49610.667,417.3927
49621.333,414.9887
49632.000,414.9887
49642.667,412.5985
49653.333,412.5985
49664.000,414.9887
49674.667,414.9887
49685.333,414.9887
49696.000,414.9887
49706.667,414.9887
49717.333,414.9887
49728.000,414.9887
49738.667,414.9887
49749.333,419.8106
49760.000,419.8106
49770.667,422.2425
49781.333,422.2425
49792.000,419.8106
49802.667,419.8106
49813.333,0.0000
49824.000,437.1329
49834.667,403.1747
49845.333,410.2221
49856.000,410.2221
49866.667,412.5985
49877.333,412.5985
49888.000,410.2221
49898.667,412.5985
49909.333,414.9887
49920.000,414.9887
49930.667,414.9887
49941.333,417.3927
49952.000,412.5985
49962.667,412.5985
49973.333,414.9887
49984.000,412.5985
49994.667,0.0000
50005.333,0.0000
50016.000,0.0000
50026.667,0.0000
50037.333,0.0000
50048.000,0.0000
50058.667,0.0000
50069.333,0.0000
50080.000,0.0000
50090.667,0.0000
50101.333,0.0000
50112.000,0.0000
50122.667,0.0000
50133.333,0.0000
50144.000,0.0000
50154.667,0.0000
50165.333,0.0000
50176.000,0.0000
50186.667,0.0000
50197.333,0.0000
50208.000,0.0000
50218.667,0.0000
50229.333,0.0000
50240.000,0.0000
50250.667,0.0000
50261.333,0.0000
50272.000,0.0000
50282.667,0.0000
50293.333,0.0000
50304.000,0.0000
50314.667,0.0000
50325.333,0.0000
50336.000,0.0000
50346.667,0.0000
50357.333,0.0000
50368.000,0.0000
50378.667,0.0000
50389.333,0.0000
50400.000,0.0000
50410.667,221.1061
50421.333,223.6752
50432.000,231.5631
50442.667,228.9033
50453.333,232.9045
50464.000,234.2537
50474.667,236.9756
50485.333,241.1179
50496.000,249.6209
50506.667,258.4237
50517.333,261.4265
50528.000,267.5370
50538.667,272.2135
50549.333,286.7391
50560.000,327.4796
50570.667,337.0755
50581.333,342.9675
50592.000,355.0622
50602.667,355.0622
50613.333,357.1191
50624.000,361.2686
50634.667,367.5835
50645.333,371.8546
50656.000,371.8546
50666.667,371.8546
50677.333,371.8546
50688.000,371.8546
50698.667,371.8546
50709.333,371.8546
50720.000,371.8546
50730.667,374.0087
50741.333,374.0087
50752.000,371.8546
50762.667,371.8546
50773.333,369.7129
50784.000,369.7129
50794.667,367.5835
50805.333,367.5835
50816.000,367.5835
50826.667,367.5835
50837.333,369.7129
50848.000,369.7129
50858.667,369.7129
50869.333,369.7129
50880.000,369.7129
50890.667,369.7129
50901.333,369.7129
50912.000,369.7129
50922.667,369.7129
50933.333,371.8546
50944.000,371.8546
50954.667,371.8546
50965.333,371.8546
50976.000,371.8546
50986.667,371.8546
50997.333,371.8546
51008.000,371.8546
51018.667,376.1753
51029.333,378.3545
51040.000,378.3545
51050.667,376.1753
51061.333,376.1753
51072.000,371.8546
51082.667,367.5835
51093.333,365.4663
51104.000,363.3614
51114.667,363.3614
51125.333,367.5835
51136.000,371.8546
51146.667,374.0087
51157.333,374.0087
51168.000,371.8546
51178.667,371.8546
51189.333,371.8546
51200.000,369.7129
51210.667,369.7129
51221.333,369.7129
51232.000,369.7129
51242.667,369.7129
51253.333,369.7129
51264.000,371.8546
51274.667,371.8546
51285.333,371.8546
51296.000,369.7129
51306.667,369.7129
51317.333,369.7129
51328.000,369.7129
51338.667,369.7129
51349.333,369.7129
51360.000,369.7129
51370.667,371.8546
51381.333,371.8546
51392.000,374.0087
51402.667,374.0087
51413.333,374.0087
51424.000,371.8546
51434.667,369.7129
51445.333,369.7129
51456.000,369.7129
51466.667,369.7129
51477.333,369.7129
51488.000,369.7129
51498.667,369.7129
51509.333,369.7129
51520.000,369.7129
51530.667,369.7129
51541.333,369.7129
51552.000,369.7129
51562.667,369.7129
51573.333,371.8546
51584.000,374.0087
51594.667,371.8546
51605.333,371.8546
51616.000,369.7129
51626.667,367.5835
51637.333,365.4663
51648.000,365.4663
51658.667,369.7129
51669.333,369.7129
51680.000,371.8546
51690.667,374.0087
51701.333,374.0087
51712.000,374.0087
51722.667,374.0087
51733.333,369.7129
51744.000,371.8546
51754.667,369.7129
51765.333,369.7129
51776.000,363.3614
51786.667,361.2686
51797.333,396.2484
51808.000,414.9887
51818.667,391.6971
51829.333,387.1981
51840.000,0.0000
51850.667,0.0000
51861.333,0.0000
51872.000,0.0000
51882.667,0.0000
51893.333,0.0000
51904.000,0.0000
51914.667,0.0000
51925.333,0.0000
51936.000,0.0000
51946.667,0.0000
51957.333,295.1412
51968.000,295.1412
51978.667,281.8131
51989.333,278.5762
52000.000,276.9717
52010.667,276.9717
52021.333,276.9717
52032.000,276.9717
52042.667,276.9717
52053.333,276.9717
52064.000,276.9717
52074.667,278.5762
52085.333,278.5762
52096.000,276.9717
52106.667,276.9717
52117.333,276.9717
52128.000,276.9717
52138.667,275.3765
52149.333,275.3765
52160.000,276.9717
52170.667,276.9717
52181.333,276.9717
52192.000,278.5762
52202.667,278.5762
52213.333,280.1900
52224.000,280.1900
52234.667,278.5762
52245.333,276.9717
52256.000,275.3765
52266.667,272.2135
52277.333,270.6457
52288.000,272.2135
52298.667,273.7904
52309.333,273.7904
52320.000,276.9717
52330.667,276.9717
52341.333,290.0708
52352.000,0.0000
52362.667,0.0000
52373.333,0.0000
52384.000,0.0000
52394.667,0.0000
52405.333,0.0000
52416.000,0.0000
52426.667,0.0000
52437.333,0.0000
52448.000,0.0000
52458.667,0.0000
52469.333,0.0000
52480.000,0.0000
52490.667,0.0000
52501.333,0.0000
52512.000,0.0000
52522.667,0.0000
52533.333,291.7512
52544.000,278.5762
52554.667,275.3765
52565.333,272.2135
52576.000,272.2135
52586.667,270.6457
52597.333,273.7904
52608.000,276.9717
52618.667,278.5762
52629.333,281.8131
52640.000,283.4456
52650.667,296.8509
52661.333,281.8131
52672.000,283.4456
52682.667,280.1900
52693.333,272.2135
52704.000,270.6457
52714.667,0.0000
52725.333,0.0000
52736.000,0.0000
52746.667,0.0000
52757.333,0.0000
52768.000,0.0000
52778.667,0.0000
52789.333,0.0000
52800.000,0.0000
52810.667,0.0000
52821.333,0.0000
52832.000,0.0000
52842.667,0.0000
52853.333,0.0000
52864.000,0.0000
52874.667,0.0000
52885.333,0.0000
52896.000,0.0000
52906.667,0.0000
52917.333,0.0000
52928.000,0.0000
52938.667,0.0000
52949.333,0.0000
52960.000,276.9717
52970.667,276.9717
52981.333,276.9717
52992.000,295.1412
53002.667,295.1412
53013.333,295.1412
53024.000,280.1900
53034.667,253.9842
53045.333,234.2537
53056.000,236.9756
53066.667,241.1179
53077.333,258.4237
53088.000,275.3765
53098.667,285.0876
53109.333,300.3002
53120.000,327.4796
53130.667,333.2039
53141.333,353.0172
53152.000,357.1191
53162.667,361.2686
53173.333,365.4663
53184.000,369.7129
53194.667,371.8546
53205.333,374.0087
53216.000,374.0087
53226.667,374.0087
53237.333,371.8546
53248.000,348.9625
53258.667,0.0000
53269.333,0.0000
53280.000,0.0000
53290.667,369.7129
53301.333,371.8546
53312.000,371.8546
53322.667,371.8546
53333.333,371.8546
53344.000,369.7129
53354.667,369.7129
53365.333,369.7129
53376.000,369.7129
53386.667,369.7129
53397.333,369.7129
53408.000,369.7129
53418.667,369.7129
53429.333,371.8546
53440.000,371.8546
53450.667,374.0087
53461.333,374.0087
53472.000,374.0087
53482.667,371.8546
53493.333,371.8546
53504.000,369.7129
53514.667,371.8546
53525.333,371.8546
53536.000,371.8546
53546.667,371.8546
53557.333,371.8546
53568.000,371.8546
53578.667,371.8546
53589.333,371.8546
53600.000,371.8546
53610.667,369.7129
53621.333,369.7129
53632.000,369.7129
53642.667,369.7129
53653.333,369.7129
53664.000,369.7129
53674.667,369.7129
53685.333,369.7129
53696.000,369.7129
53706.667,367.5835
53717.333,369.7129
53728.000,371.8546
53738.667,374.0087
53749.333,374.0087
53760.000,371.8546
53770.667,371.8546
53781.333,369.7129
53792.000,369.7129
53802.667,369.7129
53813.333,369.7129
53824.000,369.7129
53834.667,369.7129
53845.333,369.7129
53856.000,367.5835
53866.667,367.5835
53877.333,367.5835
53888.000,365.4663
53898.667,365.4663
53909.333,0.0000
53920.000,0.0000
53930.667,0.0000
53941.333,0.0000
53952.000,0.0000
53962.667,0.0000
53973.333,0.0000
53984.000,0.0000
53994.667,0.0000
54005.333,0.0000
54016.000,0.0000
54026.667,0.0000
54037.333,380.5463
54048.000,376.1753
54058.667,374.0087
54069.333,371.8546
54080.000,371.8546
54090.667,369.7129
54101.333,369.7129
54112.000,369.7129
54122.667,369.7129
54133.333,369.7129
54144.000,369.7129
54154.667,369.7129
54165.333,369.7129
54176.000,369.7129
54186.667,369.7129
54197.333,369.7129
54208.000,371.8546
54218.667,371.8546
54229.333,371.8546
54240.000,376.1753
54250.667,374.0087
54261.333,369.7129
54272.000,371.8546
54282.667,398.5439
54293.333,0.0000
54304.000,434.6152
54314.667,434.6152
54325.333,400.8526
54336.000,369.7129
54346.667,371.8546
54357.333,374.0087
54368.000,374.0087
54378.667,374.0087
54389.333,371.8546
54400.000,367.5835
54410.667,327.4796
54421.333,0.0000
54432.000,0.0000
54442.667,0.0000
54453.333,0.0000
54464.000,283.4456
54474.667,281.8131
54485.333,280.1900
54496.000,278.5762
54506.667,276.9717
54517.333,275.3765
54528.000,275.3765
54538.667,275.3765
54549.333,276.9717
54560.000,276.9717
54570.667,276.9717
54581.333,276.9717
54592.000,276.9717
54602.667,0.0000
54613.333,0.0000
54624.000,0.0000
54634.667,0.0000
54645.333,0.0000
54656.000,0.0000
54666.667,0.0000
54677.333,0.0000
54688.000,0.0000
54698.667,0.0000
54709.333,0.0000
54720.000,0.0000
54730.667,0.0000
54741.333,0.0000
54752.000,0.0000
54762.667,0.0000
54773.333,0.0000
54784.000,0.0000
54794.667,0.0000
54805.333,0.0000
54816.000,0.0000
54826.667,0.0000
54837.333,0.0000
54848.000,0.0000
54858.667,0.0000
54869.333,0.0000
54880.000,0.0000
54890.667,0.0000
54901.333,0.0000
54912.000,0.0000
54922.667,0.0000
54933.333,0.0000
54944.000,0.0000
54954.667,280.1900
54965.333,278.5762
54976.000,275.3765
54986.667,265.9961
54997.333,262.9409
55008.000,262.9409
55018.667,265.9961
55029.333,278.5762
55040.000,280.1900
55050.667,281.8131
55061.333,281.8131
55072.000,283.4456
55082.667,283.4456
55093.333,276.9717
55104.000,276.9717
55114.667,278.5762
55125.333,0.0000
55136.000,0.0000
55146.667,0.0000
55157.333,0.0000
55168.000,0.0000
55178.667,0.0000
55189.333,252.5213
55200.000,256.9353
55210.667,267.5370
55221.333,275.3765
55232.000,275.3765
55242.667,276.9717
55253.333,276.9717
55264.000,276.9717
55274.667,278.5762
55285.333,278.5762
55296.000,278.5762
55306.667,278.5762
55317.333,276.9717
55328.000,276.9717
55338.667,276.9717
55349.333,276.9717
55360.000,276.9717
55370.667,276.9717
55381.333,276.9717
55392.000,276.9717
55402.667,276.9717
55413.333,276.9717
55424.000,276.9717
55434.667,276.9717
55445.333,276.9717
55456.000,278.5762
55466.667,278.5762
55477.333,276.9717
55488.000,275.3765
55498.667,275.3765
55509.333,275.3765
55520.000,275.3765
55530.667,259.9208
55541.333,275.3765
55552.000,0.0000
55562.667,0.0000
55573.333,0.0000
55584.000,0.0000
55594.667,0.0000
55605.333,0.0000
55616.000,0.0000
55626.667,0.0000
55637.333,0.0000
55648.000,547.5808
55658.667,550.7529
55669.333,553.9434
55680.000,557.1524
55690.667,557.1524
55701.333,557.1524
55712.000,553.9434
55722.667,553.9434
55733.333,553.9434
55744.000,557.1524
55754.667,557.1524
55765.333,553.9434
55776.000,557.1524
55786.667,557.1524
55797.333,557.1524
55808.000,557.1524
55818.667,557.1524
55829.333,557.1524
55840.000,553.9434
55850.667,553.9434
55861.333,553.9434
55872.000,553.9434
55882.667,557.1524
55893.333,557.1524
55904.000,557.1524
55914.667,557.1524
55925.333,553.9434
55936.000,553.9434
55946.667,553.9434
55957.333,553.9434
55968.000,553.9434
55978.667,553.9434
55989.333,557.1524
56000.000,557.1524
56010.667,557.1524
56021.333,560.3799
56032.000,560.3799
56042.667,560.3799
56053.333,560.3799
56064.000,560.3799
56074.667,0.0000
56085.333,0.0000
56096.000,0.0000
56106.667,0.0000
56117.333,0.0000
56128.000,0.0000
56138.667,0.0000
56149.333,0.0000
56160.000,0.0000
56170.667,0.0000
56181.333,0.0000
56192.000,0.0000
56202.667,513.8706
56213.333,487.8390
56224.000,482.2357
56234.667,473.9512
56245.333,468.5074
56256.000,465.8090
56266.667,465.8090
56277.333,463.1262
56288.000,463.1262
56298.667,465.8090
56309.333,465.8090
56320.000,468.5074
56330.667,468.5074
56341.333,468.5074
56352.000,463.1262
56362.667,0.0000
56373.333,0.0000
56384.000,0.0000
56394.667,0.0000
56405.333,0.0000
56416.000,0.0000
56426.667,0.0000
56437.333,0.0000
56448.000,0.0000
56458.667,0.0000
56469.333,0.0000
56480.000,0.0000
56490.667,0.0000
56501.333,0.0000
56512.000,0.0000
56522.667,0.0000
56533.333,0.0000
56544.000,0.0000
56554.667,0.0000
56565.333,0.0000
56576.000,0.0000
56586.667,0.0000
56597.333,0.0000
56608.000,0.0000
56618.667,0.0000
56629.333,0.0000
56640.000,0.0000
56650.667,0.0000
56661.333,0.0000
56672.000,0.0000
56682.667,487.8390
56693.333,493.5075
56704.000,493.5075
56714.667,499.2417
56725.333,499.2417
56736.000,496.3663
56746.667,496.3663
56757.333,496.3663
56768.000,496.3663
56778.667,496.3663
56789.333,496.3663
56800.000,502.1338
56810.667,505.0427
56821.333,507.9683
56832.000,513.8706
56842.667,525.8818
56853.333,535.0741
56864.000,541.2913
56874.667,547.5808
56885.333,553.9434
56896.000,557.1524
56906.667,560.3799
56917.333,560.3799
56928.000,560.3799
56938.667,560.3799
56949.333,557.1524
56960.000,557.1524
56970.667,553.9434
56981.333,553.9434
56992.000,550.7529
57002.667,550.7529
57013.333,550.7529
57024.000,553.9434
57034.667,553.9434
57045.333,0.0000
57056.000,0.0000
57066.667,0.0000
57077.333,0.0000
57088.000,0.0000
57098.667,0.0000
57109.333,0.0000
57120.000,0.0000
57130.667,547.5808
57141.333,553.9434
57152.000,553.9434
57162.667,553.9434
57173.333,553.9434
57184.000,553.9434
57194.667,553.9434
57205.333,553.9434
57216.000,553.9434
57226.667,557.1524
57237.333,557.1524
57248.000,557.1524
57258.667,557.1524
57269.333,557.1524
57280.000,557.1524
57290.667,560.3799
57301.333,560.3799
57312.000,0.0000
57322.667,0.0000
57333.333,0.0000
57344.000,0.0000
57354.667,0.0000
57365.333,0.0000
57376.000,0.0000
57386.667,0.0000
57397.333,0.0000
57408.000,0.0000
57418.667,0.0000
57429.333,0.0000
57440.000,0.0000
57450.667,0.0000
57461.333,0.0000
57472.000,465.8090
57482.667,465.8090
57493.333,468.5074
57504.000,471.2215
57514.667,473.9512
57525.333,476.6968
57536.000,473.9512
57546.667,473.9512
57557.333,468.5074
57568.000,465.8090
57578.667,460.4587
57589.333,460.4587
57600.000,460.4587
57610.667,463.1262
57621.333,465.8090
57632.000,471.2215
57642.667,479.4583
57653.333,485.0293
57664.000,485.0293
57674.667,479.4583
57685.333,468.5074
57696.000,465.8090
57706.667,465.8090
57717.333,463.1262
57728.000,463.1262
57738.667,463.1262
57749.333,0.0000
57760.000,0.0000
57770.667,0.0000
57781.333,0.0000
57792.000,0.0000
57802.667,0.0000
57813.333,0.0000
57824.000,0.0000
57834.667,0.0000
57845.333,0.0000
57856.000,0.0000
57866.667,0.0000
57877.333,0.0000
57888.000,463.1262
57898.667,465.8090
57909.333,465.8090
57920.000,465.8090
57930.667,465.8090
57941.333,465.8090
57952.000,465.8090
57962.667,465.8090
57973.333,465.8090
57984.000,468.5074
57994.667,468.5074
58005.333,468.5074
58016.000,468.5074
58026.667,468.5074
58037.333,468.5074
58048.000,0.0000
58058.667,434.6152
58069.333,434.6152
58080.000,434.6152
58090.667,417.3927
58101.333,412.5985
58112.000,412.5985
58122.667,412.5985
58133.333,412.5985
58144.000,414.9887
58154.667,417.3927
58165.333,419.8106
58176.000,460.4587
58186.667,465.8090
58197.333,468.5074
58208.000,468.5074
58218.667,465.8090
58229.333,465.8090
58240.000,465.8090
58250.667,465.8090
58261.333,468.5074
58272.000,468.5074
58282.667,468.5074
58293.333,468.5074
58304.000,471.2215
58314.667,465.8090
58325.333,465.8090
58336.000,465.8090
58346.667,442.2121
58357.333,427.1488
58368.000,455.1699
58378.667,465.8090
58389.333,465.8090
58400.000,463.1262
58410.667,463.1262
58421.333,460.4587
58432.000,463.1262
58442.667,465.8090
58453.333,465.8090
58464.000,468.5074
58474.667,468.5074
58485.333,471.2215
58496.000,471.2215
58506.667,471.2215
58517.333,471.2215
58528.000,468.5074
58538.667,471.2215
58549.333,468.5074
58560.000,468.5074
58570.667,468.5074
58581.333,468.5074
58592.000,465.8090
58602.667,465.8090
58613.333,465.8090
58624.000,465.8090
58634.667,465.8090
58645.333,468.5074
58656.000,463.1262
58666.667,463.1262
58677.333,463.1262
58688.000,463.1262
58698.667,457.8067
58709.333,457.8067
58720.000,457.8067
58730.667,460.4587
58741.333,460.4587
58752.000,460.4587
58762.667,463.1262
58773.333,463.1262
58784.000,463.1262
58794.667,463.1262
58805.333,465.8090
58816.000,468.5074
58826.667,468.5074
58837.333,468.5074
58848.000,468.5074
58858.667,468.5074
58869.333,465.8090
58880.000,465.8090
58890.667,465.8090
58901.333,465.8090
58912.000,465.8090
58922.667,465.8090
58933.333,465.8090
58944.000,465.8090
58954.667,463.1262
58965.333,457.8067
58976.000,452.5483
58986.667,447.3504
58997.333,0.0000
59008.000,0.0000
59018.667,374.0087
59029.333,371.8546
59040.000,371.8546
59050.667,369.7129
59061.333,369.7129
59072.000,369.7129
59082.667,369.7129
59093.333,369.7129
59104.000,369.7129
59114.667,369.7129
59125.333,369.7129
59136.000,367.5835
59146.667,365.4663
59157.333,365.4663
59168.000,365.4663
59178.667,367.5835
59189.333,371.8546
59200.000,371.8546
59210.667,371.8546
59221.333,369.7129
59232.000,369.7129
59242.667,369.7129
59253.333,367.5835
59264.000,367.5835
59274.667,0.0000
59285.333,0.0000
59296.000,0.0000
59306.667,0.0000
59317.333,427.1488
59328.000,427.1488
59338.667,424.6886
59349.333,424.6886
59360.000,424.6886
59370.667,424.6886
59381.333,424.6886
59392.000,422.2425
59402.667,419.8106
59413.333,414.9887
59424.000,414.9887
59434.667,414.9887
59445.333,414.9887
59456.000,414.9887
59466.667,414.9887
59477.333,414.9887
59488.000,414.9887
59498.667,414.9887
59509.333,414.9887
59520.000,414.9887
59530.667,414.9887
59541.333,414.9887
59552.000,414.9887
59562.667,414.9887
59573.333,414.9887
59584.000,414.9887
59594.667,414.9887
59605.333,414.9887
59616.000,414.9887
59626.667,414.9887
59637.333,417.3927
59648.000,417.3927
59658.667,417.3927
59669.333,414.9887
59680.000,414.9887
59690.667,414.9887
59701.333,414.9887
59712.000,412.5985
59722.667,412.5985
59733.333,412.5985
59744.000,412.5985
59754.667,414.9887
59765.333,417.3927
59776.000,419.8106
59786.667,419.8106
59797.333,419.8106
59808.000,419.8106
59818.667,419.8106
59829.333,422.2425
59840.000,424.6886
59850.667,427.1488
59861.333,427.1488
59872.000,429.6232
59882.667,429.6232
59893.333,429.6232
59904.000,427.1488
59914.667,424.6886
59925.333,389.4411
59936.000,391.6971
59946.667,393.9662
59957.333,393.9662
59968.000,393.9662
59978.667,400.8526
59989.333,434.6152
60000.000,432.1120
60010.667,434.6152
60021.333,398.5439
60032.000,393.9662
60042.667,391.6971
60053.333,393.9662
60064.000,393.9662
60074.667,393.9662
60085.333,0.0000
60096.000,0.0000
60106.667,0.0000
60117.333,0.0000
60128.000,0.0000
60138.667,0.0000
60149.333,0.0000
60160.000,0.0000
60170.667,0.0000
60181.333,0.0000
60192.000,0.0000
60202.667,0.0000
60213.333,0.0000
60224.000,0.0000
60234.667,0.0000
60245.333,0.0000
60256.000,0.0000
60266.667,0.0000
60277.333,0.0000
60288.000,0.0000
60298.667,0.0000
60309.333,0.0000
60320.000,0.0000
60330.667,0.0000
60341.333,0.0000
60352.000,0.0000
60362.667,0.0000
60373.333,0.0000
60384.000,0.0000
60394.667,0.0000
60405.333,0.0000
60416.000,0.0000
60426.667,0.0000
60437.333,0.0000
60448.000,412.5985
60458.667,419.8106
60469.333,419.8106
60480.000,422.2425
60490.667,422.2425
60501.333,424.6886
60512.000,427.1488
60522.667,432.1120
60533.333,0.0000
60544.000,510.9110
60554.667,510.9110
60565.333,510.9110
60576.000,570.1752
60586.667,570.1752
60597.333,563.6262
60608.000,557.1524
60618.667,550.7529
60629.333,547.5808
60640.000,547.5808
60650.667,547.5808
60661.333,550.7529
60672.000,553.9434
60682.667,553.9434
60693.333,557.1524
60704.000,557.1524
60714.667,560.3799
60725.333,560.3799
60736.000,560.3799
60746.667,560.3799
60757.333,560.3799
60768.000,560.3799
60778.667,566.8912
60789.333,573.4782
60800.000,590.2824
60810.667,604.0796
60821.333,618.1993
60832.000,625.3824
60842.667,625.3824
60853.333,629.0052
60864.000,629.0052
60874.667,625.3824
60885.333,625.3824
60896.000,621.7804
60906.667,621.7804
60917.333,621.7804
60928.000,621.7804
60938.667,621.7804
60949.333,621.7804
60960.000,621.7804
60970.667,621.7804
60981.333,621.7804
60992.000,621.7804
61002.667,618.1993
61013.333,618.1993
61024.000,618.1993
61034.667,614.6387
61045.333,611.0986
61056.000,604.0796
61066.667,597.1411
61077.333,590.2824
61088.000,570.1752
61098.667,557.1524
61109.333,553.9434
61120.000,550.7529
61130.667,547.5808
61141.333,547.5808
61152.000,547.5808
61162.667,547.5808
61173.333,544.4270
61184.000,541.2913
61194.667,487.8390
61205.333,479.4583
61216.000,471.2215
61226.667,465.8090
61237.333,463.1262
61248.000,463.1262
61258.667,465.8090
61269.333,468.5074
61280.000,468.5074
61290.667,468.5074
61301.333,468.5074
61312.000,465.8090
61322.667,465.8090
61333.333,465.8090
61344.000,465.8090
61354.667,465.8090
61365.333,465.8090
61376.000,468.5074
61386.667,468.5074
61397.333,468.5074
61408.000,468.5074
61418.667,468.5074
61429.333,468.5074
61440.000,468.5074
61450.667,465.8090
61461.333,463.1262
61472.000,463.1262
61482.667,463.1262
61493.333,463.1262
61504.000,463.1262
61514.667,465.8090
61525.333,468.5074
61536.000,468.5074
61546.667,468.5074
61557.333,468.5074
61568.000,468.5074
61578.667,468.5074
61589.333,465.8090
61600.000,463.1262
61610.667,460.4587
61621.333,455.1699
61632.000,452.5483
61642.667,449.9419
61653.333,422.2425
61664.000,417.3927
61674.667,414.9887
61685.333,414.9887
61696.000,414.9887
61706.667,412.5985
61717.333,414.9887
61728.000,414.9887
61738.667,414.9887
61749.333,417.3927
61760.000,417.3927
61770.667,419.8106
61781.333,422.2425
61792.000,424.6886
61802.667,427.1488
61813.333,463.1262
61824.000,465.8090
61834.667,468.5074
61845.333,471.2215
61856.000,471.2215
61866.667,468.5074
61877.333,468.5074
61888.000,468.5074
61898.667,465.8090
61909.333,465.8090
61920.000,468.5074
61930.667,471.2215
61941.333,473.9512
61952.000,485.0293
61962.667,499.2417
61973.333,516.8475
61984.000,525.8818
61994.667,535.0741
62005.333,544.4270
62016.000,550.7529
62026.667,553.9434
62037.333,553.9434
62048.000,553.9434
62058.667,550.7529
62069.333,550.7529
62080.000,550.7529
62090.667,550.7529
62101.333,547.5808
62112.000,0.0000
62122.667,0.0000
62133.333,0.0000
62144.000,0.0000
62154.667,0.0000
62165.333,476.6968
62176.000,473.9512
62186.667,471.2215
62197.333,471.2215
62208.000,468.5074
62218.667,468.5074
62229.333,465.8090
62240.000,463.1262
62250.667,463.1262
62261.333,463.1262
62272.000,465.8090
62282.667,468.5074
62293.333,471.2215
62304.000,468.5074
62314.667,465.8090
62325.333,463.1262
62336.000,460.4587
62346.667,460.4587
62357.333,463.1262
62368.000,465.8090
62378.667,468.5074
62389.333,468.5074
62400.000,468.5074
62410.667,465.8090
62421.333,463.1262
62432.000,455.1699
62442.667,457.8067
62453.333,468.5074
62464.000,468.5074
62474.667,471.2215
62485.333,468.5074
62496.000,468.5074
62506.667,468.5074
62517.333,447.3504
62528.000,0.0000
62538.667,0.0000
62549.333,0.0000
62560.000,0.0000
62570.667,0.0000
62581.333,0.0000
62592.000,0.0000
62602.667,0.0000
62613.333,0.0000
62624.000,0.0000
62634.667,0.0000
62645.333,0.0000
62656.000,0.0000
62666.667,0.0000
62677.333,0.0000
62688.000,0.0000
62698.667,0.0000
62709.333,0.0000
62720.000,0.0000
62730.667,0.0000
62741.333,0.0000
62752.000,0.0000
62762.667,0.0000
62773.333,0.0000
62784.000,0.0000
62794.667,0.0000
62805.333,0.0000
62816.000,0.0000
62826.667,0.0000
62837.333,0.0000
62848.000,0.0000
62858.667,0.0000
62869.333,0.0000
62880.000,273.7904
62890.667,273.7904
62901.333,281.8131
62912.000,278.5762
62922.667,278.5762
62933.333,278.5762
62944.000,278.5762
62954.667,278.5762
62965.333,278.5762
62976.000,275.3765
62986.667,275.3765
62997.333,281.8131
63008.000,276.9717
63018.667,276.9717
63029.333,291.7512
63040.000,0.0000
63050.667,285.0876
63061.333,290.0708
63072.000,286.7391
63082.667,291.7512
63093.333,288.4001
63104.000,286.7391
63114.667,283.4456
63125.333,280.1900
63136.000,275.3765
63146.667,273.7904
63157.333,273.7904
63168.000,273.7904
63178.667,273.7904
63189.333,275.3765
63200.000,278.5762
63210.667,278.5762
63221.333,278.5762
63232.000,278.5762
63242.667,276.9717
63253.333,275.3765
63264.000,278.5762
63274.667,278.5762
63285.333,280.1900
63296.000,278.5762
63306.667,278.5762
63317.333,276.9717
63328.000,275.3765
63338.667,275.3765
63349.333,275.3765
63360.000,275.3765
63370.667,276.9717
63381.333,278.5762
63392.000,278.5762
63402.667,280.1900
63413.333,280.1900
63424.000,280.1900
63434.667,280.1900
63445.333,278.5762
63456.000,278.5762
63466.667,278.5762
63477.333,276.9717
63488.000,276.9717
63498.667,273.7904
63509.333,275.3765
63520.000,276.9717
63530.667,276.9717
63541.333,278.5762
63552.000,278.5762
63562.667,280.1900
63573.333,280.1900
63584.000,280.1900
63594.667,280.1900
63605.333,278.5762
63616.000,276.9717
63626.667,276.9717
63637.333,276.9717
63648.000,276.9717
63658.667,276.9717
63669.333,276.9717
63680.000,276.9717
63690.667,276.9717
63701.333,276.9717
63712.000,276.9717
63722.667,276.9717
63733.333,276.9717
63744.000,276.9717
63754.667,276.9717
63765.333,276.9717
63776.000,276.9717
63786.667,276.9717
63797.333,276.9717
63808.000,276.9717
63818.667,276.9717
63829.333,276.9717
63840.000,276.9717
63850.667,278.5762
63861.333,278.5762
63872.000,276.9717
63882.667,262.9409
63893.333,261.4265
63904.000,259.9208
63914.667,251.0669
63925.333,281.8131
63936.000,276.9717
63946.667,0.0000
63957.333,0.0000
63968.000,0.0000
63978.667,0.0000
63989.333,0.0000
64000.000,0.0000
64010.667,371.8546
64021.333,371.8546
64032.000,369.7129
64042.667,369.7129
64053.333,369.7129
64064.000,369.7129
64074.667,371.8546
64085.333,376.1753
64096.000,378.3545
64106.667,405.5103
64117.333,407.8594
64128.000,410.2221
64138.667,412.5985
64149.333,414.9887
64160.000,417.3927
64170.667,417.3927
64181.333,417.3927
64192.000,417.3927
64202.667,414.9887
64213.333,414.9887
64224.000,414.9887
64234.667,414.9887
64245.333,414.9887
64256.000,414.9887
64266.667,414.9887
64277.333,414.9887
64288.000,414.9887
64298.667,417.3927
64309.333,0.0000
64320.000,0.0000
64330.667,0.0000
64341.333,0.0000
64352.000,0.0000
64362.667,0.0000
64373.333,0.0000
64384.000,0.0000
64394.667,0.0000
64405.333,0.0000
64416.000,0.0000
64426.667,0.0000
64437.333,403.1747
64448.000,376.1753
64458.667,374.0087
64469.333,371.8546
64480.000,371.8546
64490.667,371.8546
64501.333,369.7129
64512.000,369.7129
64522.667,369.7129
64533.333,369.7129
64544.000,369.7129
64554.667,369.7129
64565.333,369.7129
64576.000,369.7129
64586.667,369.7129
64597.333,369.7129
64608.000,369.7129
64618.667,369.7129
64629.333,369.7129
64640.000,369.7129
64650.667,369.7129
64661.333,369.7129
64672.000,369.7129
64682.667,369.7129
64693.333,0.0000
64704.000,0.0000
64714.667,0.0000
64725.333,0.0000
64736.000,0.0000
64746.667,0.0000
64757.333,0.0000
64768.000,0.0000
64778.667,124.0916
64789.333,123.3769
64800.000,123.3769
64810.667,125.5335
64821.333,125.5335
64832.000,125.5335
64842.667,123.3769
64853.333,123.3769
64864.000,124.0916
64874.667,124.0916
64885.333,124.0916
64896.000,124.0916
64906.667,124.0916
64917.333,124.0916
64928.000,124.0916
64938.667,123.3769
64949.333,0.0000
64960.000,0.0000
64970.667,0.0000
64981.333,0.0000
64992.000,0.0000
65002.667,0.0000
65013.333,0.0000
65024.000,0.0000
65034.667,0.0000
65045.333,0.0000
65056.000,0.0000
65066.667,0.0000
65077.333,0.0000
65088.000,0.0000
65098.667,0.0000
65109.333,0.0000
65120.000,0.0000
65130.667,0.0000
65141.333,0.0000
65152.000,0.0000
65162.667,0.0000
65173.333,0.0000
65184.000,253.9842
65194.667,255.4555
65205.333,265.9961
65216.000,273.7904
65226.667,275.3765
65237.333,276.9717
65248.000,276.9717
65258.667,276.9717
65269.333,276.9717
65280.000,276.9717
65290.667,276.9717
65301.333,276.9717
65312.000,276.9717
65322.667,276.9717
65333.333,276.9717
65344.000,276.9717
65354.667,276.9717
65365.333,276.9717
65376.000,276.9717
65386.667,276.9717
65397.333,276.9717
65408.000,275.3765
65418.667,0.0000
65429.333,0.0000
65440.000,0.0000
65450.667,447.3504
65461.333,455.1699
65472.000,460.4587
65482.667,465.8090
65493.333,471.2215
65504.000,473.9512
65514.667,496.3663
65525.333,502.1338
65536.000,502.1338
65546.667,507.9683
65557.333,510.9110
65568.000,570.1752
65578.667,570.1752
65589.333,570.1752
65600.000,563.6262
65610.667,557.1524
65621.333,550.7529
65632.000,547.5808
65642.667,547.5808
65653.333,550.7529
65664.000,550.7529
65674.667,553.9434
65685.333,553.9434
65696.000,557.1524
65706.667,557.1524
65717.333,557.1524
65728.000,557.1524
65738.667,560.3799
65749.333,560.3799
65760.000,563.6262
65770.667,570.1752
65781.333,576.8003
65792.000,600.6003
65802.667,607.5790
65813.333,614.6387
65824.000,618.1993
65834.667,625.3824
65845.333,625.3824
65856.000,625.3824
65866.667,625.3824
65877.333,625.3824
65888.000,625.3824
65898.667,621.7804
65909.333,621.7804
65920.000,621.7804
65930.667,621.7804
65941.333,621.7804
65952.000,621.7804
65962.667,621.7804
65973.333,621.7804
65984.000,621.7804
65994.667,621.7804
66005.333,618.1993
66016.000,618.1993
66026.667,618.1993
66037.333,614.6387
66048.000,611.0986
66058.667,604.0796
66069.333,597.1411
66080.000,583.5024
66090.667,570.1752
66101.333,553.9434
66112.000,547.5808
66122.667,547.5808
66133.333,547.5808
66144.000,547.5808
66154.667,544.4270
66165.333,544.4270
66176.000,541.2913
66186.667,496.3663
66197.333,487.8390
66208.000,485.0293
66218.667,471.2215
66229.333,465.8090
66240.000,463.1262
66250.667,463.1262
66261.333,465.8090
66272.000,465.8090
66282.667,465.8090
66293.333,468.5074
66304.000,465.8090
66314.667,465.8090
66325.333,465.8090
66336.000,465.8090
66346.667,465.8090
66357.333,465.8090
66368.000,468.5074
66378.667,468.5074
66389.333,468.5074
66400.000,468.5074
66410.667,468.5074
66421.333,468.5074
66432.000,465.8090
66442.667,465.8090
66453.333,465.8090
66464.000,463.1262
66474.667,463.1262
66485.333,463.1262
66496.000,463.1262
66506.667,465.8090
66517.333,465.8090
66528.000,468.5074
66538.667,468.5074
66549.333,468.5074
66560.000,468.5074
66570.667,465.8090
66581.333,465.8090
66592.000,463.1262
66602.667,463.1262
66613.333,460.4587
66624.000,455.1699
66634.667,452.5483
66645.333,447.3504
66656.000,424.6886
66666.667,417.3927
66677.333,414.9887
66688.000,414.9887
66698.667,414.9887
66709.333,414.9887
66720.000,414.9887
66730.667,414.9887
66741.333,414.9887
66752.000,417.3927
66762.667,417.3927
66773.333,419.8106
66784.000,422.2425
66794.667,429.6232
66805.333,439.6652
66816.000,465.8090
66826.667,468.5074
66837.333,471.2215
66848.000,471.2215
66858.667,471.2215
66869.333,471.2215
66880.000,468.5074
66890.667,468.5074
66901.333,468.5074
66912.000,468.5074
66922.667,471.2215
66933.333,476.6968
66944.000,487.8390
66954.667,499.2417
66965.333,510.9110
66976.000,522.8529
66986.667,531.9923
66997.333,541.2913
67008.000,547.5808
67018.667,550.7529
67029.333,553.9434
67040.000,553.9434
67050.667,553.9434
67061.333,553.9434
67072.000,553.9434
67082.667,550.7529
67093.333,550.7529
67104.000,0.0000
67114.667,0.0000
67125.333,0.0000
67136.000,0.0000
67146.667,463.1262
67157.333,463.1262
67168.000,463.1262
67178.667,463.1262
67189.333,465.8090
67200.000,468.5074
67210.667,468.5074
67221.333,465.8090
67232.000,0.0000
67242.667,0.0000
67253.333,0.0000
67264.000,468.5074
67274.667,468.5074
67285.333,465.8090
67296.000,463.1262
67306.667,463.1262
67317.333,465.8090
67328.000,465.8090
67338.667,465.8090
67349.333,465.8090
67360.000,465.8090
67370.667,465.8090
67381.333,0.0000
67392.000,0.0000
67402.667,0.0000
67413.333,0.0000
67424.000,0.0000
67434.667,0.0000
67445.333,0.0000
67456.000,0.0000
67466.667,0.0000
67477.333,0.0000
67488.000,0.0000
67498.667,0.0000
67509.333,0.0000
67520.000,0.0000
67530.667,0.0000
67541.333,0.0000
67552.000,0.0000
67562.667,0.0000
67573.333,0.0000
67584.000,1063.9845
67594.667,1051.7636
67605.333,1051.7636
67616.000,1063.9845
67626.667,1051.7636
67637.333,1076.3474
67648.000,1095.1616
67658.667,1095.1616
67669.333,0.0000
67680.000,0.0000
67690.667,0.0000
67701.333,0.0000
67712.000,0.0000
67722.667,0.0000
67733.333,0.0000
67744.000,0.0000
67754.667,0.0000
67765.333,0.0000
67776.000,0.0000
67786.667,0.0000
67797.333,0.0000
67808.000,0.0000
67818.667,0.0000
67829.333,0.0000
67840.000,0.0000
67850.667,0.0000
67861.333,0.0000
67872.000,0.0000
67882.667,0.0000
67893.333,0.0000
67904.000,0.0000
67914.667,0.0000
67925.333,0.0000
67936.000,0.0000
67946.667,0.0000
67957.333,0.0000
67968.000,0.0000
67978.667,0.0000
67989.333,0.0000
68000.000,0.0000
68010.667,0.0000
68021.333,0.0000
68032.000,0.0000
68042.667,0.0000
68053.333,0.0000
68064.000,0.0000
68074.667,281.8131
68085.333,278.5762
68096.000,276.9717
68106.667,276.9717
68117.333,275.3765
68128.000,275.3765
68138.667,275.3765
68149.333,275.3765
68160.000,275.3765
68170.667,276.9717
68181.333,278.5762
68192.000,280.1900
68202.667,280.1900
68213.333,278.5762
68224.000,278.5762
68234.667,276.9717
68245.333,276.9717
68256.000,276.9717
68266.667,276.9717
68277.333,276.9717
68288.000,276.9717
68298.667,276.9717
68309.333,276.9717
68320.000,275.3765
68330.667,275.3765
68341.333,275.3765
68352.000,275.3765
68362.667,275.3765
68373.333,276.9717
68384.000,276.9717
68394.667,278.5762
68405.333,278.5762
68416.000,278.5762
68426.667,278.5762
68437.333,278.5762
68448.000,278.5762
68458.667,278.5762
68469.333,276.9717
68480.000,276.9717
68490.667,276.9717
68501.333,275.3765
68512.000,275.3765
68522.667,275.3765
68533.333,275.3765
68544.000,276.9717
68554.667,278.5762
68565.333,278.5762
68576.000,278.5762
68586.667,278.5762
68597.333,278.5762
68608.000,278.5762
68618.667,276.9717
68629.333,276.9717
68640.000,276.9717
68650.667,276.9717
68661.333,275.3765
68672.000,275.3765
68682.667,256.9353
68693.333,276.9717
68704.000,278.5762
68714.667,278.5762
68725.333,278.5762
68736.000,276.9717
68746.667,278.5762
68757.333,278.5762
68768.000,278.5762
68778.667,278.5762
68789.333,278.5762
68800.000,278.5762
68810.667,276.9717
68821.333,276.9717
68832.000,276.9717
68842.667,278.5762
68853.333,280.1900
68864.000,280.1900
68874.667,278.5762
68885.333,278.5762
68896.000,276.9717
68906.667,278.5762
68917.333,0.0000
68928.000,0.0000
68938.667,0.0000
68949.333,0.0000
68960.000,0.0000
68970.667,0.0000
68981.333,0.0000
68992.000,0.0000
