timestamp_ms,frequency_hz
0.000,0.0000
10.667,0.0000
21.333,0.0000
32.000,0.0000
42.667,0.0000
53.333,0.0000
64.000,0.0000
74.667,0.0000
85.333,0.0000
96.000,0.0000
106.667,0.0000
117.333,0.0000
128.000,0.0000
138.667,0.0000
149.333,0.0000
160.000,0.0000
170.667,0.0000
181.333,0.0000
192.000,0.0000
202.667,0.0000
213.333,0.0000
224.000,0.0000
234.667,0.0000
245.333,0.0000
256.000,0.0000
266.667,0.0000
277.333,0.0000
288.000,0.0000
298.667,0.0000
309.333,0.0000
320.000,0.0000
330.667,0.0000
341.333,0.0000
352.000,0.0000
362.667,0.0000
373.333,0.0000
384.000,0.0000
394.667,0.0000
405.333,0.0000
416.000,0.0000
426.667,0.0000
437.333,0.0000
448.000,0.0000
458.667,0.0000
469.333,0.0000
480.000,0.0000
490.667,0.0000
501.333,0.0000
512.000,0.0000
522.667,0.0000
533.333,0.0000
544.000,0.0000
554.667,0.0000
565.333,0.0000
576.000,0.0000
586.667,0.0000
597.333,0.0000
608.000,0.0000
618.667,0.0000
629.333,0.0000
640.000,0.0000
650.667,0.0000
661.333,0.0000
672.000,0.0000
682.667,0.0000
693.333,0.0000
704.000,0.0000
714.667,0.0000
725.333,0.0000
736.000,0.0000
746.667,0.0000
757.333,0.0000
768.000,0.0000
778.667,0.0000
789.333,0.0000
800.000,0.0000
810.667,0.0000
821.333,0.0000
832.000,0.0000
842.667,0.0000
853.333,0.0000
864.000,0.0000
874.667,0.0000
885.333,0.0000
896.000,0.0000
906.667,0.0000
917.333,0.0000
928.000,0.0000
938.667,0.0000
949.333,0.0000
960.000,0.0000
970.667,0.0000
981.333,0.0000
992.000,0.0000
1002.667,0.0000
1013.333,0.0000
1024.000,0.0000
1034.667,0.0000
1045.333,0.0000
1056.000,0.0000
1066.667,0.0000
1077.333,0.0000
1088.000,0.0000
1098.667,0.0000
1109.333,0.0000
1120.000,0.0000
1130.667,0.0000
1141.333,0.0000
1152.000,0.0000
1162.667,0.0000
1173.333,0.0000
1184.000,0.0000
1194.667,0.0000
1205.333,0.0000
1216.000,0.0000
1226.667,0.0000
1237.333,0.0000
1248.000,0.0000
1258.667,0.0000
1269.333,0.0000
1280.000,0.0000
1290.667,0.0000
1301.333,0.0000
1312.000,0.0000
1322.667,0.0000
1333.333,0.0000
1344.000,0.0000
1354.667,0.0000
1365.333,0.0000
1376.000,0.0000
1386.667,0.0000
1397.333,0.0000
1408.000,0.0000
1418.667,0.0000
1429.333,0.0000
1440.000,0.0000
1450.667,0.0000
1461.333,0.0000
1472.000,0.0000
1482.667,0.0000
1493.333,0.0000
1504.000,0.0000
1514.667,0.0000
1525.333,0.0000
1536.000,0.0000
1546.667,0.0000
1557.333,0.0000
1568.000,0.0000
1578.667,0.0000
1589.333,0.0000
1600.000,0.0000
1610.667,0.0000
1621.333,0.0000
1632.000,0.0000
1642.667,0.0000
1653.333,0.0000
1664.000,0.0000
1674.667,0.0000
1685.333,0.0000
1696.000,0.0000
1706.667,0.0000
1717.333,0.0000
1728.000,0.0000
1738.667,0.0000
1749.333,0.0000
1760.000,0.0000
1770.667,0.0000
1781.333,0.0000
1792.000,0.0000
1802.667,0.0000
1813.333,0.0000
1824.000,0.0000
1834.667,0.0000
1845.333,0.0000
1856.000,0.0000
1866.667,0.0000
1877.333,0.0000
1888.000,0.0000
1898.667,0.0000
1909.333,0.0000
1920.000,0.0000
1930.667,0.0000
1941.333,0.0000
1952.000,0.0000
1962.667,0.0000
1973.333,0.0000
1984.000,0.0000
1994.667,0.0000
2005.333,0.0000
2016.000,0.0000
2026.667,0.0000
2037.333,0.0000
2048.000,0.0000
2058.667,0.0000
2069.333,0.0000
2080.000,0.0000
2090.667,0.0000
2101.333,0.0000
2112.000,0.0000
2122.667,0.0000
2133.333,0.0000
2144.000,0.0000
2154.667,0.0000
2165.333,0.0000
2176.000,0.0000
2186.667,0.0000
2197.333,0.0000
2208.000,0.0000
2218.667,0.0000
2229.333,0.0000
2240.000,0.0000
2250.667,0.0000
2261.333,0.0000
2272.000,0.0000
2282.667,0.0000
2293.333,0.0000
2304.000,0.0000
2314.667,0.0000
2325.333,0.0000
2336.000,0.0000
2346.667,0.0000
2357.333,0.0000
2368.000,0.0000
2378.667,0.0000
2389.333,0.0000
2400.000,0.0000
2410.667,0.0000
2421.333,0.0000
2432.000,0.0000
2442.667,0.0000
2453.333,0.0000
2464.000,0.0000
2474.667,0.0000
2485.333,0.0000
2496.000,0.0000
2506.667,0.0000
2517.333,0.0000
2528.000,0.0000
2538.667,0.0000
2549.333,0.0000
2560.000,0.0000
2570.667,0.0000
2581.333,0.0000
2592.000,0.0000
2602.667,0.0000
2613.333,0.0000
2624.000,0.0000
2634.667,0.0000
2645.333,0.0000
2656.000,0.0000
2666.667,0.0000
2677.333,0.0000
2688.000,0.0000
2698.667,0.0000
2709.333,0.0000
2720.000,0.0000
2730.667,0.0000
2741.333,0.0000
2752.000,0.0000
2762.667,0.0000
2773.333,0.0000
2784.000,0.0000
2794.667,0.0000
2805.333,0.0000
2816.000,0.0000
2826.667,0.0000
2837.333,0.0000
2848.000,0.0000
2858.667,0.0000
2869.333,0.0000
2880.000,0.0000
2890.667,0.0000
2901.333,0.0000
2912.000,0.0000
2922.667,0.0000
2933.333,0.0000
2944.000,0.0000
2954.667,0.0000
2965.333,0.0000
2976.000,0.0000
2986.667,0.0000
2997.333,0.0000
3008.000,0.0000
3018.667,0.0000
3029.333,0.0000
3040.000,0.0000
3050.667,0.0000
3061.333,0.0000
3072.000,0.0000
3082.667,0.0000
3093.333,0.0000
3104.000,0.0000
3114.667,0.0000
3125.333,0.0000
3136.000,0.0000
3146.667,0.0000
3157.333,0.0000
3168.000,0.0000
3178.667,0.0000
3189.333,0.0000
3200.000,0.0000
3210.667,0.0000
3221.333,0.0000
3232.000,0.0000
3242.667,0.0000
3253.333,0.0000
3264.000,0.0000
3274.667,0.0000
3285.333,0.0000
3296.000,0.0000
3306.667,0.0000
3317.333,0.0000
3328.000,0.0000
3338.667,0.0000
3349.333,0.0000
3360.000,0.0000
3370.667,0.0000
3381.333,0.0000
3392.000,0.0000
3402.667,0.0000
3413.333,0.0000
3424.000,0.0000
3434.667,0.0000
3445.333,0.0000
3456.000,0.0000
3466.667,0.0000
3477.333,0.0000
3488.000,0.0000
3498.667,0.0000
3509.333,0.0000
3520.000,0.0000
3530.667,0.0000
3541.333,0.0000
3552.000,0.0000
3562.667,0.0000
3573.333,0.0000
3584.000,0.0000
3594.667,0.0000
3605.333,0.0000
3616.000,0.0000
3626.667,0.0000
3637.333,0.0000
3648.000,0.0000
3658.667,0.0000
3669.333,0.0000
3680.000,0.0000
3690.667,0.0000
3701.333,0.0000
3712.000,0.0000
3722.667,0.0000
3733.333,0.0000
3744.000,0.0000
3754.667,0.0000
3765.333,0.0000
3776.000,0.0000
3786.667,0.0000
3797.333,0.0000
3808.000,0.0000
3818.667,0.0000
3829.333,0.0000
3840.000,0.0000
3850.667,0.0000
3861.333,0.0000
3872.000,0.0000
3882.667,0.0000
3893.333,0.0000
3904.000,0.0000
3914.667,0.0000
3925.333,0.0000
3936.000,0.0000
3946.667,0.0000
3957.333,0.0000
3968.000,0.0000
3978.667,0.0000
3989.333,0.0000
4000.000,0.0000
4010.667,0.0000
4021.333,0.0000
4032.000,0.0000
4042.667,0.0000
4053.333,0.0000
4064.000,0.0000
4074.667,0.0000
4085.333,0.0000
4096.000,0.0000
4106.667,0.0000
4117.333,0.0000
4128.000,0.0000
4138.667,0.0000
4149.333,0.0000
4160.000,0.0000
4170.667,0.0000
4181.333,0.0000
4192.000,0.0000
4202.667,0.0000
4213.333,0.0000
4224.000,0.0000
4234.667,0.0000
4245.333,0.0000
4256.000,0.0000
4266.667,0.0000
4277.333,0.0000
4288.000,0.0000
4298.667,0.0000
4309.333,0.0000
4320.000,0.0000
4330.667,0.0000
4341.333,0.0000
4352.000,0.0000
4362.667,0.0000
4373.333,0.0000
4384.000,0.0000
4394.667,0.0000
4405.333,0.0000
4416.000,0.0000
4426.667,0.0000
4437.333,0.0000
4448.000,0.0000
4458.667,0.0000
4469.333,0.0000
4480.000,0.0000
4490.667,0.0000
4501.333,0.0000
4512.000,0.0000
4522.667,0.0000
4533.333,0.0000
4544.000,0.0000
4554.667,0.0000
4565.333,0.0000
4576.000,0.0000
4586.667,0.0000
4597.333,0.0000
4608.000,0.0000
4618.667,0.0000
4629.333,0.0000
4640.000,0.0000
4650.667,0.0000
4661.333,0.0000
4672.000,0.0000
4682.667,0.0000
4693.333,0.0000
4704.000,0.0000
4714.667,0.0000
4725.333,0.0000
4736.000,0.0000
4746.667,0.0000
4757.333,0.0000
4768.000,0.0000
4778.667,0.0000
4789.333,0.0000
4800.000,0.0000
4810.667,0.0000
4821.333,0.0000
4832.000,0.0000
4842.667,0.0000
4853.333,0.0000
4864.000,0.0000
4874.667,0.0000
4885.333,0.0000
4896.000,0.0000
4906.667,0.0000
4917.333,0.0000
4928.000,0.0000
4938.667,0.0000
4949.333,0.0000
4960.000,0.0000
4970.667,0.0000
4981.333,0.0000
4992.000,0.0000
5002.667,0.0000
5013.333,201.5874
5024.000,201.5874
5034.667,203.9297
5045.333,205.1111
5056.000,208.6963
5066.667,211.1213
5077.333,214.8116
5088.000,213.5744
5098.667,212.3443
5109.333,201.5874
5120.000,205.1111
5130.667,205.1111
5141.333,219.8326
5152.000,235.6107
5162.667,208.6963
5173.333,202.7552
5184.000,199.2719
5194.667,198.1242
5205.333,199.2719
5216.000,201.5874
5226.667,203.9297
5237.333,203.9297
5248.000,207.4943
5258.667,207.4943
5269.333,207.4943
5280.000,203.9297
5290.667,200.4263
5301.333,202.7552
5312.000,207.4943
5322.667,0.0000
5333.333,239.7291
5344.000,241.1179
5354.667,245.3325
5365.333,246.7537
5376.000,246.7537
5386.667,248.1832
5397.333,248.1832
5408.000,246.7537
5418.667,246.7537
5429.333,246.7537
5440.000,246.7537
5450.667,246.7537
5461.333,246.7537
5472.000,246.7537
5482.667,246.7537
5493.333,246.7537
5504.000,246.7537
5514.667,248.1832
5525.333,246.7537
5536.000,246.7537
5546.667,246.7537
5557.333,248.1832
5568.000,248.1832
5578.667,248.1832
5589.333,248.1832
5600.000,246.7537
5610.667,245.3325
5621.333,245.3325
5632.000,245.3325
5642.667,245.3325
5653.333,245.3325
5664.000,245.3325
5674.667,246.7537
5685.333,246.7537
5696.000,246.7537
5706.667,246.7537
5717.333,246.7537
5728.000,246.7537
5738.667,246.7537
5749.333,245.3325
5760.000,245.3325
5770.667,245.3325
5781.333,245.3325
5792.000,245.3325
5802.667,245.3325
5813.333,245.3325
5824.000,243.9195
5834.667,245.3325
5845.333,248.1832
5856.000,243.9195
5866.667,245.3325
5877.333,246.7537
5888.000,246.7537
5898.667,246.7537
5909.333,246.7537
5920.000,246.7537
5930.667,246.7537
5941.333,246.7537
5952.000,245.3325
5962.667,246.7537
5973.333,245.3325
5984.000,246.7537
5994.667,0.0000
6005.333,0.0000
6016.000,291.7512
6026.667,293.4413
6037.333,293.4413
6048.000,293.4413
6058.667,293.4413
6069.333,293.4413
6080.000,291.7512
6090.667,291.7512
6101.333,291.7512
6112.000,293.4413
6122.667,293.4413
6133.333,295.1412
6144.000,295.1412
6154.667,296.8509
6165.333,296.8509
6176.000,296.8509
6186.667,295.1412
6197.333,295.1412
6208.000,293.4413
6218.667,293.4413
6229.333,291.7512
6240.000,291.7512
6250.667,291.7512
6261.333,291.7512
6272.000,293.4413
6282.667,293.4413
6293.333,293.4413
6304.000,293.4413
6314.667,293.4413
6325.333,293.4413
6336.000,293.4413
6346.667,293.4413
6357.333,293.4413
6368.000,293.4413
6378.667,293.4413
6389.333,293.4413
6400.000,293.4413
6410.667,293.4413
6421.333,293.4413
6432.000,293.4413
6442.667,293.4413
6453.333,293.4413
6464.000,293.4413
6474.667,293.4413
6485.333,293.4413
6496.000,295.1412
6506.667,295.1412
6517.333,295.1412
6528.000,293.4413
6538.667,293.4413
6549.333,291.7512
6560.000,291.7512
6570.667,296.8509
6581.333,295.1412
6592.000,295.1412
6602.667,293.4413
6613.333,293.4413
6624.000,293.4413
6634.667,0.0000
6645.333,0.0000
6656.000,0.0000
6666.667,0.0000
6677.333,0.0000
6688.000,298.5706
6698.667,295.1412
6709.333,293.4413
6720.000,293.4413
6730.667,293.4413
6741.333,293.4413
6752.000,293.4413
6762.667,295.1412
6773.333,295.1412
6784.000,295.1412
6794.667,295.1412
6805.333,295.1412
6816.000,295.1412
6826.667,295.1412
6837.333,295.1412
6848.000,295.1412
6858.667,293.4413
6869.333,291.7512
6880.000,291.7512
6890.667,291.7512
6901.333,291.7512
6912.000,293.4413
6922.667,293.4413
6933.333,293.4413
6944.000,293.4413
6954.667,293.4413
6965.333,293.4413
6976.000,295.1412
6986.667,293.4413
6997.333,293.4413
7008.000,293.4413
7018.667,293.4413
7029.333,293.4413
7040.000,293.4413
7050.667,293.4413
7061.333,295.1412
7072.000,293.4413
7082.667,293.4413
7093.333,293.4413
7104.000,291.7512
7114.667,291.7512
7125.333,290.0708
7136.000,290.0708
7146.667,290.0708
7157.333,293.4413
7168.000,293.4413
7178.667,293.4413
7189.333,293.4413
7200.000,293.4413
7210.667,293.4413
7221.333,293.4413
7232.000,293.4413
7242.667,293.4413
7253.333,293.4413
7264.000,293.4413
7274.667,293.4413
7285.333,293.4413
7296.000,293.4413
7306.667,293.4413
7317.333,293.4413
7328.000,293.4413
7338.667,293.4413
7349.333,293.4413
7360.000,293.4413
7370.667,293.4413
7381.333,293.4413
7392.000,293.4413
7402.667,293.4413
7413.333,293.4413
7424.000,293.4413
7434.667,293.4413
7445.333,293.4413
7456.000,293.4413
7466.667,293.4413
7477.333,293.4413
7488.000,293.4413
7498.667,293.4413
7509.333,293.4413
7520.000,293.4413
7530.667,293.4413
7541.333,293.4413
7552.000,293.4413
7562.667,293.4413
7573.333,293.4413
7584.000,293.4413
7594.667,291.7512
7605.333,291.7512
7616.000,291.7512
7626.667,291.7512
7637.333,291.7512
7648.000,291.7512
7658.667,291.7512
7669.333,291.7512
7680.000,293.4413
7690.667,293.4413
7701.333,293.4413
7712.000,293.4413
7722.667,293.4413
7733.333,293.4413
7744.000,293.4413
7754.667,293.4413
7765.333,293.4413
7776.000,293.4413
7786.667,293.4413
7797.333,293.4413
7808.000,293.4413
7818.667,293.4413
7829.333,293.4413
7840.000,293.4413
7850.667,293.4413
7861.333,293.4413
7872.000,293.4413
7882.667,293.4413
7893.333,293.4413
7904.000,293.4413
7914.667,293.4413
7925.333,293.4413
7936.000,293.4413
7946.667,295.1412
7957.333,293.4413
7968.000,293.4413
7978.667,293.4413
7989.333,293.4413
8000.000,293.4413
8010.667,291.7512
8021.333,291.7512
8032.000,293.4413
8042.667,291.7512
8053.333,293.4413
8064.000,291.7512
8074.667,290.0708
8085.333,288.4001
8096.000,286.7391
8106.667,286.7391
8117.333,286.7391
8128.000,288.4001
8138.667,288.4001
8149.333,290.0708
8160.000,293.4413
8170.667,293.4413
8181.333,291.7512
8192.000,291.7512
8202.667,293.4413
8213.333,291.7512
8224.000,291.7512
8234.667,293.4413
8245.333,293.4413
8256.000,293.4413
8266.667,295.1412
8277.333,295.1412
8288.000,293.4413
8298.667,293.4413
8309.333,293.4413
8320.000,293.4413
8330.667,293.4413
8341.333,293.4413
8352.000,293.4413
8362.667,293.4413
8373.333,291.7512
8384.000,291.7512
8394.667,290.0708
8405.333,290.0708
8416.000,290.0708
8426.667,290.0708
8437.333,291.7512
8448.000,291.7512
8458.667,291.7512
8469.333,290.0708
8480.000,288.4001
8490.667,290.0708
8501.333,290.0708
8512.000,290.0708
8522.667,288.4001
8533.333,285.0876
8544.000,283.4456
8554.667,285.0876
8565.333,285.0876
8576.000,286.7391
8586.667,288.4001
8597.333,288.4001
8608.000,286.7391
8618.667,286.7391
8629.333,285.0876
8640.000,285.0876
8650.667,286.7391
8661.333,290.0708
8672.000,291.7512
8682.667,291.7512
8693.333,291.7512
8704.000,288.4001
8714.667,288.4001
8725.333,288.4001
8736.000,290.0708
8746.667,291.7512
8757.333,291.7512
8768.000,293.4413
8778.667,295.1412
8789.333,291.7512
8800.000,291.7512
8810.667,291.7512
8821.333,291.7512
8832.000,293.4413
8842.667,293.4413
8853.333,293.4413
8864.000,293.4413
8874.667,293.4413
8885.333,293.4413
8896.000,293.4413
8906.667,293.4413
8917.333,291.7512
8928.000,291.7512
8938.667,291.7512
8949.333,291.7512
8960.000,291.7512
8970.667,286.7391
8981.333,281.8131
8992.000,285.0876
9002.667,283.4456
9013.333,283.4456
9024.000,283.4456
9034.667,283.4456
9045.333,0.0000
9056.000,0.0000
9066.667,0.0000
9077.333,0.0000
9088.000,0.0000
9098.667,0.0000
9109.333,0.0000
9120.000,0.0000
9130.667,0.0000
9141.333,0.0000
9152.000,0.0000
9162.667,0.0000
9173.333,0.0000
9184.000,0.0000
9194.667,0.0000
9205.333,0.0000
9216.000,0.0000
9226.667,583.5024
9237.333,586.8826
9248.000,583.5024
9258.667,576.8003
9269.333,576.8003
9280.000,576.8003
9290.667,576.8003
9301.333,576.8003
9312.000,583.5024
9322.667,0.0000
9333.333,0.0000
9344.000,0.0000
9354.667,0.0000
9365.333,0.0000
9376.000,0.0000
9386.667,0.0000
9397.333,0.0000
9408.000,0.0000
9418.667,0.0000
9429.333,0.0000
9440.000,0.0000
9450.667,0.0000
9461.333,0.0000
9472.000,0.0000
9482.667,0.0000
9493.333,0.0000
9504.000,0.0000
9514.667,0.0000
9525.333,0.0000
9536.000,0.0000
9546.667,0.0000
9557.333,0.0000
9568.000,0.0000
9578.667,0.0000
9589.333,0.0000
9600.000,0.0000
9610.667,0.0000
9621.333,0.0000
9632.000,0.0000
9642.667,0.0000
9653.333,0.0000
9664.000,0.0000
9674.667,0.0000
9685.333,0.0000
9696.000,0.0000
9706.667,0.0000
9717.333,0.0000
9728.000,0.0000
9738.667,0.0000
9749.333,0.0000
9760.000,0.0000
9770.667,0.0000
9781.333,0.0000
9792.000,0.0000
9802.667,0.0000
9813.333,0.0000
9824.000,525.8818
9834.667,538.1737
9845.333,547.5808
9856.000,553.9434
9866.667,557.1524
9877.333,557.1524
9888.000,557.1524
9898.667,553.9434
9909.333,550.7529
9920.000,550.7529
9930.667,547.5808
9941.333,547.5808
9952.000,547.5808
9962.667,547.5808
9973.333,547.5808
9984.000,547.5808
9994.667,547.5808
10005.333,544.4270
10016.000,541.2913
10026.667,541.2913
10037.333,535.0741
10048.000,535.0741
10058.667,535.0741
10069.333,535.0741
10080.000,535.0741
10090.667,528.9282
10101.333,525.8818
10112.000,522.8529
10122.667,519.8415
10133.333,516.8475
10144.000,510.9110
10154.667,505.0427
10165.333,507.9683
10176.000,516.8475
10186.667,525.8818
10197.333,522.8529
10208.000,513.8706
10218.667,510.9110
10229.333,505.0427
10240.000,502.1338
10250.667,499.2417
10261.333,502.1338
10272.000,505.0427
10282.667,502.1338
10293.333,502.1338
10304.000,502.1338
10314.667,499.2417
10325.333,499.2417
10336.000,499.2417
10346.667,505.0427
10357.333,505.0427
10368.000,502.1338
10378.667,0.0000
10389.333,0.0000
10400.000,0.0000
10410.667,0.0000
10421.333,0.0000
10432.000,447.3504
10442.667,449.9419
10453.333,452.5483
10464.000,465.8090
10474.667,487.8390
10485.333,490.6651
10496.000,487.8390
10506.667,493.5075
10517.333,490.6651
10528.000,493.5075
10538.667,496.3663
10549.333,496.3663
10560.000,496.3663
10570.667,496.3663
10581.333,496.3663
10592.000,496.3663
10602.667,496.3663
10613.333,496.3663
10624.000,496.3663
10634.667,493.5075
10645.333,471.2215
10656.000,410.2221
10666.667,400.8526
10677.333,396.2484
10688.000,393.9662
10698.667,393.9662
10709.333,393.9662
10720.000,393.9662
10730.667,396.2484
10741.333,398.5439
10752.000,400.8526
10762.667,407.8594
10773.333,419.8106
10784.000,429.6232
10794.667,437.1329
10805.333,439.6652
10816.000,442.2121
10826.667,444.7738
10837.333,444.7738
10848.000,444.7738
10858.667,442.2121
10869.333,442.2121
10880.000,439.6652
10890.667,439.6652
10901.333,437.1329
10912.000,437.1329
10922.667,437.1329
10933.333,439.6652
10944.000,439.6652
10954.667,439.6652
10965.333,439.6652
10976.000,439.6652
10986.667,442.2121
10997.333,442.2121
11008.000,439.6652
11018.667,442.2121
11029.333,442.2121
11040.000,442.2121
11050.667,442.2121
11061.333,442.2121
11072.000,442.2121
11082.667,442.2121
11093.333,439.6652
11104.000,439.6652
11114.667,439.6652
11125.333,439.6652
11136.000,442.2121
11146.667,439.6652
11157.333,442.2121
11168.000,442.2121
11178.667,442.2121
11189.333,439.6652
11200.000,437.1329
11210.667,437.1329
11221.333,442.2121
11232.000,447.3504
11242.667,463.1262
11253.333,455.1699
11264.000,447.3504
11274.667,447.3504
11285.333,447.3504
11296.000,447.3504
11306.667,447.3504
11317.333,455.1699
11328.000,463.1262
11338.667,476.6968
11349.333,479.4583
11360.000,482.2357
11370.667,482.2357
11381.333,482.2357
11392.000,482.2357
11402.667,485.0293
11413.333,485.0293
11424.000,487.8390
11434.667,487.8390
11445.333,490.6651
11456.000,493.5075
11466.667,496.3663
11477.333,496.3663
11488.000,496.3663
11498.667,496.3663
11509.333,496.3663
11520.000,496.3663
11530.667,493.5075
11541.333,493.5075
11552.000,493.5075
11562.667,493.5075
11573.333,493.5075
11584.000,493.5075
11594.667,496.3663
11605.333,496.3663
11616.000,496.3663
11626.667,496.3663
11637.333,493.5075
11648.000,493.5075
11658.667,493.5075
11669.333,493.5075
11680.000,493.5075
11690.667,493.5075
11701.333,493.5075
11712.000,493.5075
11722.667,493.5075
11733.333,493.5075
11744.000,493.5075
11754.667,493.5075
11765.333,493.5075
11776.000,493.5075
11786.667,493.5075
11797.333,493.5075
11808.000,493.5075
11818.667,493.5075
11829.333,493.5075
11840.000,490.6651
11850.667,490.6651
11861.333,487.8390
11872.000,487.8390
11882.667,490.6651
11893.333,490.6651
11904.000,493.5075
11914.667,493.5075
11925.333,496.3663
11936.000,493.5075
11946.667,493.5075
11957.333,493.5075
11968.000,496.3663
11978.667,493.5075
11989.333,493.5075
12000.000,493.5075
12010.667,487.8390
12021.333,455.1699
12032.000,432.1120
12042.667,405.5103
12053.333,391.6971
12064.000,382.7508
12074.667,376.1753
12085.333,374.0087
12096.000,376.1753
12106.667,376.1753
12117.333,378.3545
12128.000,380.5463
12138.667,380.5463
12149.333,380.5463
12160.000,378.3545
12170.667,378.3545
12181.333,378.3545
12192.000,376.1753
12202.667,376.1753
12213.333,374.0087
12224.000,371.8546
12234.667,371.8546
12245.333,369.7129
12256.000,369.7129
12266.667,367.5835
12277.333,369.7129
12288.000,369.7129
12298.667,367.5835
12309.333,367.5835
12320.000,367.5835
12330.667,369.7129
12341.333,369.7129
12352.000,367.5835
12362.667,369.7129
12373.333,369.7129
12384.000,369.7129
12394.667,369.7129
12405.333,369.7129
12416.000,369.7129
12426.667,369.7129
12437.333,369.7129
12448.000,371.8546
12458.667,371.8546
12469.333,371.8546
12480.000,371.8546
12490.667,371.8546
12501.333,371.8546
12512.000,371.8546
12522.667,371.8546
12533.333,369.7129
12544.000,369.7129
12554.667,369.7129
12565.333,371.8546
12576.000,371.8546
12586.667,371.8546
12597.333,371.8546
12608.000,371.8546
12618.667,369.7129
12629.333,369.7129
12640.000,367.5835
12650.667,365.4663
12661.333,365.4663
12672.000,365.4663
12682.667,365.4663
12693.333,363.3614
12704.000,365.4663
12714.667,361.2686
12725.333,359.1879
12736.000,353.0172
12746.667,342.9675
12757.333,333.2039
12768.000,333.2039
12778.667,331.2848
12789.333,329.3767
12800.000,331.2848
12810.667,329.3767
12821.333,333.2039
12832.000,333.2039
12842.667,333.2039
12853.333,333.2039
12864.000,325.5935
12874.667,325.5935
12885.333,318.1569
12896.000,314.5026
12906.667,312.6912
12917.333,307.3193
12928.000,307.3193
12938.667,305.5493
12949.333,307.3193
12960.000,316.3245
12970.667,329.3767
12981.333,346.9526
12992.000,344.9543
13002.667,348.9625
13013.333,355.0622
13024.000,361.2686
13034.667,417.3927
13045.333,432.1120
13056.000,437.1329
13066.667,439.6652
13077.333,439.6652
13088.000,442.2121
13098.667,442.2121
13109.333,442.2121
13120.000,442.2121
13130.667,485.0293
13141.333,487.8390
13152.000,487.8390
13162.667,490.6651
13173.333,493.5075
13184.000,496.3663
13194.667,499.2417
13205.333,499.2417
13216.000,499.2417
13226.667,496.3663
13237.333,493.5075
13248.000,493.5075
13258.667,493.5075
13269.333,493.5075
13280.000,493.5075
13290.667,490.6651
13301.333,493.5075
13312.000,493.5075
13322.667,493.5075
13333.333,496.3663
13344.000,496.3663
13354.667,496.3663
13365.333,496.3663
13376.000,496.3663
13386.667,496.3663
13397.333,493.5075
13408.000,493.5075
13418.667,493.5075
13429.333,493.5075
13440.000,493.5075
13450.667,493.5075
13461.333,493.5075
13472.000,493.5075
13482.667,493.5075
13493.333,493.5075
13504.000,493.5075
13514.667,493.5075
13525.333,493.5075
13536.000,493.5075
13546.667,493.5075
13557.333,493.5075
13568.000,493.5075
13578.667,493.5075
13589.333,493.5075
13600.000,493.5075
13610.667,493.5075
13621.333,493.5075
13632.000,493.5075
13642.667,493.5075
13653.333,493.5075
13664.000,493.5075
13674.667,493.5075
13685.333,493.5075
13696.000,493.5075
13706.667,493.5075
13717.333,493.5075
13728.000,493.5075
13738.667,493.5075
13749.333,493.5075
13760.000,493.5075
13770.667,493.5075
13781.333,493.5075
13792.000,493.5075
13802.667,493.5075
13813.333,496.3663
13824.000,493.5075
13834.667,493.5075
13845.333,493.5075
13856.000,493.5075
13866.667,493.5075
13877.333,493.5075
13888.000,493.5075
13898.667,493.5075
13909.333,490.6651
13920.000,493.5075
13930.667,496.3663
13941.333,493.5075
13952.000,493.5075
13962.667,490.6651
13973.333,493.5075
13984.000,493.5075
13994.667,493.5075
14005.333,493.5075
14016.000,493.5075
14026.667,493.5075
14037.333,493.5075
14048.000,493.5075
14058.667,493.5075
14069.333,493.5075
14080.000,493.5075
14090.667,493.5075
14101.333,493.5075
14112.000,493.5075
14122.667,493.5075
14133.333,493.5075
14144.000,493.5075
14154.667,493.5075
14165.333,493.5075
14176.000,0.0000
14186.667,0.0000
14197.333,0.0000
14208.000,0.0000
14218.667,0.0000
14229.333,0.0000
14240.000,0.0000
14250.667,0.0000
14261.333,0.0000
14272.000,493.5075
14282.667,493.5075
14293.333,493.5075
14304.000,493.5075
14314.667,493.5075
14325.333,493.5075
14336.000,493.5075
14346.667,493.5075
14357.333,493.5075
14368.000,493.5075
14378.667,493.5075
14389.333,493.5075
14400.000,493.5075
14410.667,493.5075
14421.333,493.5075
14432.000,493.5075
14442.667,493.5075
14453.333,493.5075
14464.000,496.3663
14474.667,496.3663
14485.333,493.5075
14496.000,493.5075
14506.667,493.5075
14517.333,493.5075
14528.000,493.5075
14538.667,493.5075
14549.333,493.5075
14560.000,493.5075
14570.667,493.5075
14581.333,493.5075
14592.000,493.5075
14602.667,493.5075
14613.333,493.5075
14624.000,493.5075
14634.667,493.5075
14645.333,493.5075
14656.000,493.5075
14666.667,493.5075
14677.333,493.5075
14688.000,493.5075
14698.667,493.5075
14709.333,493.5075
14720.000,493.5075
14730.667,493.5075
14741.333,493.5075
14752.000,493.5075
14762.667,493.5075
14773.333,493.5075
14784.000,493.5075
14794.667,493.5075
14805.333,493.5075
14816.000,490.6651
14826.667,490.6651
14837.333,487.8390
14848.000,487.8390
14858.667,496.3663
14869.333,505.0427
14880.000,538.1737
14890.667,550.7529
14901.333,560.3799
14912.000,563.6262
14922.667,570.1752
14933.333,576.8003
14944.000,580.1417
14954.667,583.5024
14965.333,583.5024
14976.000,583.5024
14986.667,586.8826
14997.333,583.5024
15008.000,583.5024
15018.667,583.5024
15029.333,586.8826
15040.000,583.5024
15050.667,580.1417
15061.333,576.8003
15072.000,576.8003
15082.667,583.5024
15093.333,583.5024
15104.000,580.1417
15114.667,583.5024
15125.333,586.8826
15136.000,597.1411
15146.667,607.5790
15157.333,0.0000
15168.000,0.0000
15178.667,573.4782
15189.333,544.4270
15200.000,522.8529
15210.667,522.8529
15221.333,513.8706
15232.000,516.8475
15242.667,505.0427
15253.333,502.1338
15264.000,496.3663
15274.667,493.5075
15285.333,499.2417
15296.000,499.2417
15306.667,490.6651
15317.333,0.0000
15328.000,0.0000
15338.667,0.0000
15349.333,0.0000
15360.000,457.8067
15370.667,468.5074
15381.333,471.2215
15392.000,476.6968
15402.667,482.2357
15413.333,519.8415
15424.000,519.8415
15434.667,525.8818
15445.333,528.9282
15456.000,535.0741
15466.667,541.2913
15477.333,544.4270
15488.000,535.0741
15498.667,528.9282
15509.333,525.8818
15520.000,0.0000
15530.667,0.0000
15541.333,0.0000
15552.000,0.0000
15562.667,0.0000
15573.333,0.0000
15584.000,0.0000
15594.667,0.0000
15605.333,0.0000
15616.000,0.0000
15626.667,0.0000
15637.333,0.0000
15648.000,0.0000
15658.667,0.0000
15669.333,0.0000
15680.000,0.0000
15690.667,0.0000
15701.333,0.0000
15712.000,0.0000
15722.667,0.0000
15733.333,636.3139
15744.000,643.7075
15754.667,647.4364
15765.333,651.1870
15776.000,654.9593
15786.667,654.9593
15797.333,651.1870
15808.000,651.1870
15818.667,651.1870
15829.333,647.4364
15840.000,640.0000
15850.667,632.6490
15861.333,621.7804
15872.000,607.5790
15882.667,590.2824
15893.333,538.1737
15904.000,519.8415
15914.667,505.0427
15925.333,496.3663
15936.000,499.2417
15946.667,505.0427
15957.333,493.5075
15968.000,510.9110
15978.667,0.0000
15989.333,0.0000
16000.000,0.0000
16010.667,0.0000
16021.333,0.0000
16032.000,0.0000
16042.667,0.0000
16053.333,0.0000
16064.000,0.0000
16074.667,0.0000
16085.333,0.0000
16096.000,0.0000
16106.667,0.0000
16117.333,0.0000
16128.000,0.0000
16138.667,0.0000
16149.333,0.0000
16160.000,0.0000
16170.667,0.0000
16181.333,0.0000
16192.000,0.0000
16202.667,0.0000
16213.333,0.0000
16224.000,0.0000
16234.667,0.0000
16245.333,0.0000
16256.000,0.0000
16266.667,0.0000
16277.333,0.0000
16288.000,0.0000
16298.667,0.0000
16309.333,0.0000
16320.000,0.0000
16330.667,0.0000
16341.333,0.0000
16352.000,0.0000
16362.667,739.4257
16373.333,735.1669
16384.000,735.1669
16394.667,739.4257
16405.333,739.4257
16416.000,743.7092
16426.667,739.4257
16437.333,730.9327
16448.000,710.1245
16458.667,0.0000
16469.333,0.0000
16480.000,0.0000
16490.667,0.0000
16501.333,0.0000
16512.000,0.0000
16522.667,0.0000
16533.333,0.0000
16544.000,0.0000
16554.667,0.0000
16565.333,0.0000
16576.000,0.0000
16586.667,0.0000
16597.333,0.0000
16608.000,0.0000
16618.667,0.0000
16629.333,0.0000
16640.000,0.0000
16650.667,0.0000
16661.333,290.0708
16672.000,290.0708
16682.667,291.7512
16693.333,293.4413
16704.000,293.4413
16714.667,295.1412
16725.333,295.1412
16736.000,293.4413
16746.667,293.4413
16757.333,291.7512
16768.000,291.7512
16778.667,293.4413
16789.333,293.4413
16800.000,295.1412
16810.667,295.1412
16821.333,296.8509
16832.000,296.8509
16842.667,296.8509
16853.333,295.1412
16864.000,295.1412
16874.667,293.4413
16885.333,293.4413
16896.000,291.7512
16906.667,291.7512
16917.333,291.7512
16928.000,291.7512
16938.667,293.4413
16949.333,293.4413
16960.000,293.4413
16970.667,293.4413
16981.333,293.4413
16992.000,293.4413
17002.667,293.4413
17013.333,293.4413
17024.000,293.4413
17034.667,293.4413
17045.333,293.4413
17056.000,293.4413
17066.667,293.4413
17077.333,293.4413
17088.000,293.4413
17098.667,293.4413
17109.333,293.4413
17120.000,293.4413
17130.667,293.4413
17141.333,293.4413
17152.000,293.4413
17162.667,295.1412
17173.333,295.1412
17184.000,295.1412
17194.667,293.4413
17205.333,293.4413
17216.000,291.7512
17226.667,291.7512
17237.333,293.4413
17248.000,293.4413
17258.667,293.4413
17269.333,293.4413
17280.000,293.4413
17290.667,293.4413
17301.333,293.4413
17312.000,293.4413
17322.667,295.1412
17333.333,0.0000
17344.000,0.0000
17354.667,0.0000
17365.333,0.0000
17376.000,293.4413
17386.667,293.4413
17397.333,293.4413
17408.000,293.4413
17418.667,293.4413
17429.333,293.4413
17440.000,293.4413
17450.667,295.1412
17461.333,295.1412
17472.000,295.1412
17482.667,295.1412
17493.333,295.1412
17504.000,295.1412
17514.667,295.1412
17525.333,295.1412
17536.000,293.4413
17546.667,293.4413
17557.333,291.7512
17568.000,291.7512
17578.667,291.7512
17589.333,291.7512
17600.000,293.4413
17610.667,293.4413
17621.333,293.4413
17632.000,293.4413
17642.667,293.4413
17653.333,293.4413
17664.000,293.4413
17674.667,293.4413
17685.333,293.4413
17696.000,293.4413
17706.667,293.4413
17717.333,293.4413
17728.000,293.4413
17738.667,295.1412
17749.333,295.1412
17760.000,295.1412
17770.667,293.4413
17781.333,293.4413
17792.000,291.7512
17802.667,291.7512
17813.333,290.0708
17824.000,290.0708
17834.667,291.7512
17845.333,293.4413
17856.000,293.4413
17866.667,293.4413
17877.333,293.4413
17888.000,293.4413
17898.667,293.4413
17909.333,293.4413
17920.000,293.4413
17930.667,293.4413
17941.333,293.4413
17952.000,293.4413
17962.667,293.4413
17973.333,293.4413
17984.000,293.4413
17994.667,293.4413
18005.333,293.4413
18016.000,293.4413
18026.667,293.4413
18037.333,293.4413
18048.000,293.4413
18058.667,293.4413
18069.333,293.4413
18080.000,293.4413
18090.667,293.4413
18101.333,293.4413
18112.000,293.4413
18122.667,293.4413
18133.333,293.4413
18144.000,293.4413
18154.667,293.4413
18165.333,293.4413
18176.000,293.4413
18186.667,293.4413
18197.333,293.4413
18208.000,293.4413
18218.667,293.4413
18229.333,293.4413
18240.000,293.4413
18250.667,293.4413
18261.333,291.7512
18272.000,291.7512
18282.667,291.7512
18293.333,291.7512
18304.000,291.7512
18314.667,293.4413
18325.333,293.4413
18336.000,293.4413
18346.667,291.7512
18357.333,293.4413
18368.000,293.4413
18378.667,293.4413
18389.333,291.7512
18400.000,291.7512
18410.667,291.7512
18421.333,293.4413
18432.000,293.4413
18442.667,293.4413
18453.333,293.4413
18464.000,293.4413
18474.667,293.4413
18485.333,293.4413
18496.000,293.4413
18506.667,293.4413
18517.333,293.4413
18528.000,293.4413
18538.667,293.4413
18549.333,293.4413
18560.000,293.4413
18570.667,295.1412
18581.333,295.1412
18592.000,295.1412
18602.667,295.1412
18613.333,293.4413
18624.000,293.4413
18634.667,291.7512
18645.333,291.7512
18656.000,291.7512
18666.667,291.7512
18677.333,291.7512
18688.000,291.7512
18698.667,291.7512
18709.333,293.4413
18720.000,293.4413
18730.667,293.4413
18741.333,295.1412
18752.000,293.4413
18762.667,291.7512
18773.333,291.7512
18784.000,291.7512
18794.667,291.7512
18805.333,291.7512
18816.000,291.7512
18826.667,291.7512
18837.333,291.7512
18848.000,291.7512
18858.667,293.4413
18869.333,293.4413
18880.000,293.4413
18890.667,293.4413
18901.333,293.4413
18912.000,295.1412
18922.667,293.4413
18933.333,293.4413
18944.000,293.4413
18954.667,293.4413
18965.333,293.4413
18976.000,293.4413
18986.667,291.7512
18997.333,291.7512
19008.000,291.7512
19018.667,291.7512
19029.333,291.7512
19040.000,291.7512
19050.667,293.4413
19061.333,293.4413
19072.000,293.4413
19082.667,295.1412
19093.333,293.4413
19104.000,293.4413
19114.667,293.4413
19125.333,295.1412
19136.000,295.1412
19146.667,295.1412
19157.333,293.4413
19168.000,293.4413
19178.667,293.4413
19189.333,293.4413
19200.000,295.1412
19210.667,295.1412
19221.333,293.4413
19232.000,293.4413
19242.667,293.4413
19253.333,293.4413
19264.000,293.4413
19274.667,293.4413
19285.333,293.4413
19296.000,291.7512
19306.667,290.0708
19317.333,290.0708
19328.000,290.0708
19338.667,290.0708
19349.333,293.4413
19360.000,291.7512
19370.667,0.0000
19381.333,0.0000
19392.000,0.0000
19402.667,0.0000
19413.333,0.0000
19424.000,566.8912
19434.667,586.8826
19445.333,586.8826
19456.000,586.8826
19466.667,590.2824
19477.333,590.2824
19488.000,590.2824
19498.667,586.8826
19509.333,586.8826
19520.000,586.8826
19530.667,586.8826
19541.333,586.8826
19552.000,590.2824
19562.667,590.2824
19573.333,590.2824
19584.000,590.2824
19594.667,590.2824
19605.333,590.2824
19616.000,590.2824
19626.667,590.2824
19637.333,586.8826
19648.000,586.8826
19658.667,0.0000
19669.333,0.0000
19680.000,0.0000
19690.667,0.0000
19701.333,0.0000
19712.000,0.0000
19722.667,0.0000
19733.333,0.0000
19744.000,0.0000
19754.667,0.0000
19765.333,0.0000
19776.000,0.0000
19786.667,0.0000
19797.333,0.0000
19808.000,0.0000
19818.667,0.0000
19829.333,0.0000
19840.000,0.0000
19850.667,0.0000
19861.333,0.0000
19872.000,0.0000
19882.667,0.0000
19893.333,0.0000
19904.000,0.0000
19914.667,0.0000
19925.333,0.0000
19936.000,0.0000
19946.667,0.0000
19957.333,0.0000
19968.000,0.0000
19978.667,0.0000
19989.333,0.0000
20000.000,0.0000
20010.667,0.0000
20021.333,0.0000
20032.000,0.0000
20042.667,0.0000
20053.333,0.0000
20064.000,0.0000
20074.667,0.0000
20085.333,0.0000
20096.000,0.0000
20106.667,0.0000
20117.333,0.0000
20128.000,0.0000
20138.667,0.0000
20149.333,0.0000
20160.000,0.0000
20170.667,0.0000
20181.333,0.0000
20192.000,0.0000
20202.667,0.0000
20213.333,0.0000
20224.000,0.0000
20234.667,0.0000
20245.333,0.0000
20256.000,0.0000
20266.667,0.0000
20277.333,0.0000
20288.000,0.0000
20298.667,0.0000
20309.333,0.0000
20320.000,0.0000
20330.667,0.0000
20341.333,0.0000
20352.000,0.0000
20362.667,0.0000
20373.333,0.0000
20384.000,0.0000
20394.667,0.0000
20405.333,0.0000
20416.000,0.0000
20426.667,0.0000
20437.333,0.0000
20448.000,0.0000
20458.667,0.0000
20469.333,0.0000
20480.000,0.0000
20490.667,0.0000
20501.333,0.0000
20512.000,0.0000
20522.667,0.0000
20533.333,0.0000
20544.000,0.0000
20554.667,0.0000
20565.333,0.0000
20576.000,0.0000
20586.667,0.0000
20597.333,0.0000
20608.000,0.0000
20618.667,0.0000
20629.333,0.0000
20640.000,0.0000
20650.667,0.0000
20661.333,0.0000
20672.000,0.0000
20682.667,0.0000
20693.333,0.0000
20704.000,0.0000
20714.667,0.0000
20725.333,0.0000
20736.000,0.0000
20746.667,0.0000
20757.333,0.0000
20768.000,0.0000
20778.667,0.0000
20789.333,0.0000
20800.000,0.0000
20810.667,0.0000
20821.333,0.0000
20832.000,0.0000
20842.667,0.0000
20853.333,0.0000
20864.000,0.0000
20874.667,0.0000
20885.333,0.0000
20896.000,0.0000
20906.667,0.0000
20917.333,0.0000
20928.000,0.0000
20938.667,0.0000
20949.333,414.9887
20960.000,393.9662
20970.667,405.5103
20981.333,405.5103
20992.000,369.7129
21002.667,367.5835
21013.333,369.7129
21024.000,369.7129
21034.667,371.8546
21045.333,371.8546
21056.000,371.8546
21066.667,369.7129
21077.333,369.7129
21088.000,369.7129
21098.667,367.5835
21109.333,367.5835
21120.000,367.5835
21130.667,369.7129
21141.333,371.8546
21152.000,376.1753
21162.667,380.5463
21173.333,389.4411
21184.000,391.6971
21194.667,391.6971
21205.333,389.4411
21216.000,389.4411
21226.667,384.9680
21237.333,384.9680
21248.000,393.9662
21258.667,389.4411
21269.333,389.4411
21280.000,417.3927
21290.667,434.6152
21301.333,444.7738
21312.000,432.1120
21322.667,449.9419
21333.333,444.7738
21344.000,444.7738
21354.667,442.2121
21365.333,439.6652
21376.000,437.1329
21386.667,437.1329
21397.333,439.6652
21408.000,439.6652
21418.667,439.6652
21429.333,442.2121
21440.000,442.2121
21450.667,439.6652
21461.333,439.6652
21472.000,439.6652
21482.667,442.2121
21493.333,442.2121
21504.000,442.2121
21514.667,442.2121
21525.333,442.2121
21536.000,442.2121
21546.667,442.2121
21557.333,442.2121
21568.000,442.2121
21578.667,439.6652
21589.333,439.6652
21600.000,439.6652
21610.667,437.1329
21621.333,437.1329
21632.000,437.1329
21642.667,437.1329
21653.333,439.6652
21664.000,439.6652
21674.667,439.6652
21685.333,442.2121
21696.000,442.2121
21706.667,442.2121
21717.333,442.2121
21728.000,442.2121
21738.667,439.6652
21749.333,439.6652
21760.000,439.6652
21770.667,437.1329
21781.333,437.1329
21792.000,439.6652
21802.667,439.6652
21813.333,439.6652
21824.000,439.6652
21834.667,439.6652
21845.333,439.6652
21856.000,439.6652
21866.667,439.6652
21877.333,442.2121
21888.000,444.7738
21898.667,447.3504
21909.333,447.3504
21920.000,447.3504
21930.667,444.7738
21941.333,442.2121
21952.000,442.2121
21962.667,442.2121
21973.333,439.6652
21984.000,437.1329
21994.667,439.6652
22005.333,442.2121
22016.000,442.2121
22026.667,442.2121
22037.333,442.2121
22048.000,442.2121
22058.667,442.2121
22069.333,439.6652
22080.000,439.6652
22090.667,439.6652
22101.333,439.6652
22112.000,442.2121
22122.667,447.3504
22133.333,452.5483
22144.000,463.1262
22154.667,476.6968
22165.333,487.8390
22176.000,490.6651
22186.667,493.5075
22197.333,496.3663
22208.000,496.3663
22218.667,496.3663
22229.333,496.3663
22240.000,496.3663
22250.667,496.3663
22261.333,496.3663
22272.000,496.3663
22282.667,493.5075
22293.333,493.5075
22304.000,493.5075
22314.667,493.5075
22325.333,493.5075
22336.000,493.5075
22346.667,490.6651
22357.333,490.6651
22368.000,493.5075
22378.667,493.5075
22389.333,493.5075
22400.000,493.5075
22410.667,493.5075
22421.333,496.3663
22432.000,496.3663
22442.667,496.3663
22453.333,496.3663
22464.000,493.5075
22474.667,493.5075
22485.333,490.6651
22496.000,487.8390
22506.667,485.0293
22517.333,482.2357
22528.000,482.2357
22538.667,482.2357
22549.333,490.6651
22560.000,490.6651
22570.667,493.5075
22581.333,493.5075
22592.000,493.5075
22602.667,493.5075
22613.333,493.5075
22624.000,0.0000
22634.667,0.0000
22645.333,327.4796
22656.000,327.4796
22666.667,327.4796
22677.333,327.4796
22688.000,327.4796
22698.667,329.3767
22709.333,329.3767
22720.000,329.3767
22730.667,331.2848
22741.333,329.3767
22752.000,329.3767
22762.667,331.2848
22773.333,331.2848
22784.000,331.2848
22794.667,331.2848
22805.333,337.0755
22816.000,340.9922
22826.667,346.9526
22837.333,355.0622
22848.000,363.3614
22858.667,369.7129
22869.333,371.8546
22880.000,374.0087
22890.667,374.0087
22901.333,371.8546
22912.000,369.7129
22922.667,369.7129
22933.333,369.7129
22944.000,369.7129
22954.667,369.7129
22965.333,371.8546
22976.000,371.8546
22986.667,371.8546
22997.333,371.8546
23008.000,371.8546
23018.667,371.8546
23029.333,371.8546
23040.000,371.8546
23050.667,374.0087
23061.333,371.8546
23072.000,374.0087
23082.667,374.0087
23093.333,374.0087
23104.000,374.0087
23114.667,374.0087
23125.333,374.0087
23136.000,371.8546
23146.667,371.8546
23157.333,369.7129
23168.000,367.5835
23178.667,363.3614
23189.333,357.1191
23200.000,348.9625
23210.667,335.1341
23221.333,333.2039
23232.000,333.2039
23242.667,331.2848
23253.333,333.2039
23264.000,331.2848
23274.667,331.2848
23285.333,331.2848
23296.000,331.2848
23306.667,331.2848
23317.333,331.2848
23328.000,329.3767
23338.667,329.3767
23349.333,327.4796
23360.000,325.5935
23370.667,325.5935
23381.333,325.5935
23392.000,321.8537
23402.667,318.1569
23413.333,310.8902
23424.000,303.7895
23434.667,296.8509
23445.333,295.1412
23456.000,295.1412
23466.667,295.1412
23477.333,293.4413
23488.000,295.1412
23498.667,293.4413
23509.333,295.1412
23520.000,295.1412
23530.667,295.1412
23541.333,295.1412
23552.000,295.1412
23562.667,295.1412
23573.333,295.1412
23584.000,295.1412
23594.667,295.1412
23605.333,295.1412
23616.000,293.4413
23626.667,295.1412
23637.333,293.4413
23648.000,293.4413
23658.667,293.4413
23669.333,293.4413
23680.000,293.4413
23690.667,293.4413
23701.333,293.4413
23712.000,293.4413
23722.667,293.4413
23733.333,293.4413
23744.000,293.4413
23754.667,293.4413
23765.333,293.4413
23776.000,293.4413
23786.667,293.4413
23797.333,293.4413
23808.000,293.4413
23818.667,293.4413
23829.333,293.4413
23840.000,293.4413
23850.667,295.1412
23861.333,295.1412
23872.000,296.8509
23882.667,296.8509
23893.333,295.1412
23904.000,295.1412
23914.667,295.1412
23925.333,293.4413
23936.000,293.4413
23946.667,293.4413
23957.333,293.4413
23968.000,293.4413
23978.667,293.4413
23989.333,291.7512
24000.000,293.4413
24010.667,295.1412
24021.333,295.1412
24032.000,295.1412
24042.667,293.4413
24053.333,291.7512
24064.000,290.0708
24074.667,288.4001
24085.333,290.0708
24096.000,291.7512
24106.667,295.1412
24117.333,296.8509
24128.000,298.5706
24138.667,300.3002
24149.333,298.5706
24160.000,296.8509
24170.667,295.1412
24181.333,295.1412
24192.000,296.8509
24202.667,296.8509
24213.333,296.8509
24224.000,296.8509
24234.667,295.1412
24245.333,295.1412
24256.000,293.4413
24266.667,293.4413
24277.333,293.4413
24288.000,293.4413
24298.667,295.1412
24309.333,293.4413
24320.000,293.4413
24330.667,293.4413
24341.333,290.0708
24352.000,293.4413
24362.667,291.7512
24373.333,291.7512
24384.000,293.4413
24394.667,293.4413
24405.333,293.4413
24416.000,293.4413
24426.667,290.0708
24437.333,291.7512
24448.000,290.0708
24458.667,290.0708
24469.333,291.7512
24480.000,291.7512
24490.667,290.0708
24501.333,290.0708
24512.000,290.0708
24522.667,290.0708
24533.333,291.7512
24544.000,291.7512
24554.667,293.4413
24565.333,298.5706
24576.000,300.3002
24586.667,302.0398
24597.333,298.5706
24608.000,295.1412
24618.667,293.4413
24629.333,291.7512
24640.000,291.7512
24650.667,295.1412
24661.333,295.1412
24672.000,296.8509
24682.667,296.8509
24693.333,295.1412
24704.000,296.8509
24714.667,296.8509
24725.333,298.5706
24736.000,298.5706
24746.667,300.3002
24757.333,302.0398
24768.000,302.0398
24778.667,302.0398
24789.333,302.0398
24800.000,302.0398
24810.667,302.0398
24821.333,302.0398
24832.000,300.3002
24842.667,302.0398
24853.333,300.3002
24864.000,300.3002
24874.667,300.3002
24885.333,298.5706
24896.000,298.5706
24906.667,296.8509
24917.333,295.1412
24928.000,295.1412
24938.667,295.1412
24949.333,293.4413
24960.000,295.1412
24970.667,295.1412
24981.333,295.1412
24992.000,293.4413
25002.667,290.0708
25013.333,288.4001
25024.000,288.4001
25034.667,290.0708
25045.333,291.7512
25056.000,291.7512
25066.667,293.4413
25077.333,295.1412
25088.000,302.0398
25098.667,300.3002
25109.333,295.1412
25120.000,295.1412
25130.667,291.7512
25141.333,291.7512
25152.000,296.8509
25162.667,296.8509
25173.333,296.8509
25184.000,296.8509
25194.667,295.1412
25205.333,293.4413
25216.000,293.4413
25226.667,293.4413
25237.333,295.1412
25248.000,293.4413
25258.667,293.4413
25269.333,296.8509
25280.000,305.5493
25290.667,314.5026
25301.333,321.8537
25312.000,303.7895
25322.667,296.8509
25333.333,295.1412
25344.000,295.1412
25354.667,296.8509
25365.333,0.0000
25376.000,0.0000
25386.667,0.0000
25397.333,0.0000
25408.000,0.0000
25418.667,0.0000
25429.333,0.0000
25440.000,0.0000
25450.667,0.0000
25461.333,0.0000
25472.000,0.0000
25482.667,0.0000
25493.333,0.0000
25504.000,0.0000
25514.667,0.0000
25525.333,0.0000
25536.000,0.0000
25546.667,0.0000
25557.333,0.0000
25568.000,0.0000
25578.667,0.0000
25589.333,0.0000
25600.000,0.0000
25610.667,0.0000
25621.333,0.0000
25632.000,0.0000
25642.667,0.0000
25653.333,0.0000
25664.000,0.0000
25674.667,0.0000
25685.333,0.0000
25696.000,0.0000
25706.667,0.0000
25717.333,0.0000
25728.000,0.0000
25738.667,0.0000
25749.333,0.0000
25760.000,0.0000
25770.667,0.0000
25781.333,0.0000
25792.000,0.0000
25802.667,0.0000
25813.333,0.0000
25824.000,0.0000
25834.667,0.0000
25845.333,0.0000
25856.000,0.0000
25866.667,0.0000
25877.333,0.0000
25888.000,0.0000
25898.667,0.0000
25909.333,0.0000
25920.000,0.0000
25930.667,0.0000
25941.333,0.0000
25952.000,0.0000
25962.667,0.0000
25973.333,0.0000
25984.000,0.0000
25994.667,0.0000
26005.333,0.0000
26016.000,0.0000
26026.667,0.0000
26037.333,0.0000
26048.000,0.0000
26058.667,0.0000
26069.333,0.0000
26080.000,0.0000
26090.667,0.0000
26101.333,0.0000
26112.000,0.0000
26122.667,0.0000
26133.333,0.0000
26144.000,0.0000
26154.667,0.0000
26165.333,0.0000
26176.000,0.0000
26186.667,0.0000
26197.333,0.0000
26208.000,0.0000
26218.667,0.0000
26229.333,0.0000
26240.000,0.0000
26250.667,0.0000
26261.333,0.0000
26272.000,0.0000
26282.667,0.0000
26293.333,0.0000
26304.000,0.0000
26314.667,0.0000
26325.333,0.0000
26336.000,0.0000
26346.667,0.0000
26357.333,0.0000
26368.000,0.0000
26378.667,0.0000
26389.333,0.0000
26400.000,0.0000
26410.667,0.0000
26421.333,0.0000
26432.000,0.0000
26442.667,0.0000
26453.333,0.0000
26464.000,0.0000
26474.667,0.0000
26485.333,0.0000
26496.000,0.0000
26506.667,0.0000
26517.333,0.0000
26528.000,0.0000
26538.667,0.0000
26549.333,0.0000
26560.000,0.0000
26570.667,0.0000
26581.333,0.0000
26592.000,0.0000
26602.667,0.0000
26613.333,0.0000
26624.000,0.0000
26634.667,0.0000
26645.333,0.0000
26656.000,0.0000
26666.667,0.0000
26677.333,0.0000
26688.000,0.0000
26698.667,0.0000
26709.333,0.0000
26720.000,0.0000
26730.667,0.0000
26741.333,0.0000
26752.000,0.0000
26762.667,0.0000
26773.333,0.0000
26784.000,0.0000
26794.667,0.0000
26805.333,0.0000
26816.000,0.0000
26826.667,0.0000
26837.333,0.0000
26848.000,0.0000
26858.667,0.0000
26869.333,0.0000
26880.000,0.0000
26890.667,0.0000
26901.333,0.0000
26912.000,0.0000
26922.667,0.0000
26933.333,0.0000
26944.000,0.0000
26954.667,0.0000
26965.333,0.0000
26976.000,0.0000
26986.667,0.0000
26997.333,0.0000
27008.000,0.0000
27018.667,0.0000
27029.333,0.0000
27040.000,0.0000
27050.667,0.0000
27061.333,0.0000
27072.000,0.0000
27082.667,0.0000
27093.333,0.0000
27104.000,0.0000
27114.667,0.0000
27125.333,0.0000
27136.000,0.0000
27146.667,0.0000
27157.333,0.0000
27168.000,0.0000
27178.667,0.0000
27189.333,0.0000
27200.000,0.0000
27210.667,0.0000
27221.333,0.0000
27232.000,0.0000
27242.667,0.0000
27253.333,0.0000
27264.000,0.0000
27274.667,0.0000
27285.333,0.0000
27296.000,0.0000
27306.667,0.0000
27317.333,0.0000
27328.000,0.0000
27338.667,0.0000
27349.333,0.0000
27360.000,0.0000
27370.667,0.0000
27381.333,0.0000
27392.000,0.0000
27402.667,0.0000
27413.333,0.0000
27424.000,0.0000
27434.667,0.0000
27445.333,0.0000
27456.000,0.0000
27466.667,0.0000
27477.333,0.0000
27488.000,0.0000
27498.667,0.0000
27509.333,0.0000
27520.000,0.0000
27530.667,0.0000
27541.333,0.0000
27552.000,0.0000
27562.667,0.0000
27573.333,0.0000
27584.000,0.0000
27594.667,0.0000
27605.333,0.0000
27616.000,0.0000
27626.667,0.0000
27637.333,0.0000
27648.000,0.0000
27658.667,0.0000
27669.333,0.0000
27680.000,0.0000
27690.667,0.0000
27701.333,0.0000
27712.000,0.0000
27722.667,0.0000
27733.333,0.0000
27744.000,0.0000
27754.667,0.0000
27765.333,0.0000
27776.000,0.0000
27786.667,0.0000
27797.333,320.0000
27808.000,320.0000
27818.667,310.8902
27829.333,298.5706
27840.000,300.3002
27850.667,300.3002
27861.333,307.3193
27872.000,303.7895
27882.667,312.6912
27893.333,314.5026
27904.000,309.0996
27914.667,307.3193
27925.333,298.5706
27936.000,295.1412
27946.667,0.0000
27957.333,295.1412
27968.000,296.8509
27978.667,320.0000
27989.333,309.0996
28000.000,290.0708
28010.667,285.0876
28021.333,290.0708
28032.000,293.4413
28042.667,295.1412
28053.333,296.8509
28064.000,296.8509
28074.667,296.8509
28085.333,295.1412
28096.000,295.1412
28106.667,293.4413
28117.333,291.7512
28128.000,290.0708
28138.667,290.0708
28149.333,293.4413
28160.000,295.1412
28170.667,296.8509
28181.333,296.8509
28192.000,296.8509
28202.667,295.1412
28213.333,291.7512
28224.000,290.0708
28234.667,288.4001
28245.333,286.7391
28256.000,285.0876
28266.667,285.0876
28277.333,272.2135
28288.000,272.2135
28298.667,290.0708
28309.333,0.0000
28320.000,0.0000
28330.667,0.0000
28341.333,0.0000
28352.000,290.0708
28362.667,291.7512
28373.333,295.1412
28384.000,295.1412
28394.667,293.4413
28405.333,293.4413
28416.000,293.4413
28426.667,293.4413
28437.333,293.4413
28448.000,293.4413
28458.667,293.4413
28469.333,293.4413
28480.000,293.4413
28490.667,293.4413
28501.333,293.4413
28512.000,295.1412
28522.667,293.4413
28533.333,293.4413
28544.000,295.1412
28554.667,0.0000
28565.333,0.0000
28576.000,0.0000
28586.667,0.0000
28597.333,0.0000
28608.000,0.0000
28618.667,0.0000
28629.333,0.0000
28640.000,0.0000
28650.667,0.0000
28661.333,0.0000
28672.000,0.0000
28682.667,335.1341
28693.333,365.4663
28704.000,367.5835
28714.667,369.7129
28725.333,369.7129
28736.000,369.7129
28746.667,371.8546
28757.333,371.8546
28768.000,374.0087
28778.667,374.0087
28789.333,371.8546
28800.000,371.8546
28810.667,369.7129
28821.333,367.5835
28832.000,365.4663
28842.667,365.4663
28853.333,363.3614
28864.000,363.3614
28874.667,361.2686
28885.333,357.1191
28896.000,353.0172
28906.667,350.9840
28917.333,361.2686
28928.000,369.7129
28938.667,374.0087
28949.333,374.0087
28960.000,374.0087
28970.667,371.8546
28981.333,371.8546
28992.000,371.8546
29002.667,371.8546
29013.333,0.0000
29024.000,0.0000
29034.667,0.0000
29045.333,0.0000
29056.000,0.0000
29066.667,278.5762
29077.333,286.7391
29088.000,291.7512
29098.667,295.1412
29109.333,295.1412
29120.000,295.1412
29130.667,295.1412
29141.333,293.4413
29152.000,293.4413
29162.667,293.4413
29173.333,293.4413
29184.000,293.4413
29194.667,293.4413
29205.333,291.7512
29216.000,291.7512
29226.667,288.4001
29237.333,288.4001
29248.000,288.4001
29258.667,291.7512
29269.333,293.4413
29280.000,293.4413
29290.667,293.4413
29301.333,293.4413
29312.000,295.1412
29322.667,295.1412
29333.333,295.1412
29344.000,0.0000
29354.667,0.0000
29365.333,0.0000
29376.000,0.0000
29386.667,0.0000
29397.333,0.0000
29408.000,0.0000
29418.667,245.3325
29429.333,243.9195
29440.000,245.3325
29450.667,245.3325
29461.333,245.3325
29472.000,246.7537
29482.667,249.6209
29493.333,249.6209
29504.000,249.6209
29514.667,249.6209
29525.333,286.7391
29536.000,288.4001
29546.667,291.7512
29557.333,291.7512
29568.000,291.7512
29578.667,293.4413
29589.333,293.4413
29600.000,291.7512
29610.667,291.7512
29621.333,291.7512
29632.000,291.7512
29642.667,293.4413
29653.333,291.7512
29664.000,0.0000
29674.667,245.3325
29685.333,246.7537
29696.000,246.7537
29706.667,246.7537
29717.333,246.7537
29728.000,245.3325
29738.667,246.7537
29749.333,246.7537
29760.000,248.1832
29770.667,248.1832
29781.333,248.1832
29792.000,248.1832
29802.667,248.1832
29813.333,248.1832
29824.000,248.1832
29834.667,248.1832
29845.333,248.1832
29856.000,248.1832
29866.667,248.1832
29877.333,246.7537
29888.000,248.1832
29898.667,246.7537
29909.333,246.7537
29920.000,246.7537
29930.667,248.1832
29941.333,248.1832
29952.000,242.5147
29962.667,0.0000
29973.333,0.0000
29984.000,0.0000
29994.667,0.0000
30005.333,0.0000
30016.000,293.4413
30026.667,293.4413
30037.333,293.4413
30048.000,293.4413
30058.667,293.4413
30069.333,291.7512
30080.000,293.4413
30090.667,293.4413
30101.333,295.1412
30112.000,295.1412
30122.667,295.1412
30133.333,293.4413
30144.000,293.4413
30154.667,293.4413
30165.333,293.4413
30176.000,293.4413
30186.667,295.1412
30197.333,295.1412
30208.000,295.1412
30218.667,295.1412
30229.333,293.4413
30240.000,293.4413
30250.667,293.4413
30261.333,293.4413
30272.000,293.4413
30282.667,293.4413
30293.333,293.4413
30304.000,293.4413
30314.667,295.1412
30325.333,295.1412
30336.000,295.1412
30346.667,295.1412
30357.333,293.4413
30368.000,293.4413
30378.667,293.4413
30389.333,293.4413
30400.000,293.4413
30410.667,293.4413
30421.333,293.4413
30432.000,293.4413
30442.667,295.1412
30453.333,295.1412
30464.000,295.1412
30474.667,293.4413
30485.333,293.4413
30496.000,293.4413
30506.667,293.4413
30517.333,293.4413
30528.000,293.4413
30538.667,293.4413
30549.333,293.4413
30560.000,293.4413
30570.667,293.4413
30581.333,293.4413
30592.000,293.4413
30602.667,291.7512
30613.333,295.1412
30624.000,0.0000
30634.667,0.0000
30645.333,0.0000
30656.000,0.0000
30666.667,0.0000
30677.333,0.0000
30688.000,0.0000
30698.667,0.0000
30709.333,0.0000
30720.000,298.5706
30730.667,298.5706
30741.333,296.8509
30752.000,296.8509
30762.667,295.1412
30773.333,295.1412
30784.000,293.4413
30794.667,291.7512
30805.333,290.0708
30816.000,290.0708
30826.667,290.0708
30837.333,291.7512
30848.000,291.7512
30858.667,293.4413
30869.333,295.1412
30880.000,295.1412
30890.667,296.8509
30901.333,295.1412
30912.000,293.4413
30922.667,293.4413
30933.333,291.7512
30944.000,290.0708
30954.667,288.4001
30965.333,0.0000
30976.000,0.0000
30986.667,0.0000
30997.333,290.0708
31008.000,296.8509
31018.667,296.8509
31029.333,296.8509
31040.000,296.8509
31050.667,295.1412
31061.333,293.4413
31072.000,293.4413
31082.667,293.4413
31093.333,293.4413
31104.000,293.4413
31114.667,293.4413
31125.333,293.4413
31136.000,293.4413
31146.667,293.4413
31157.333,293.4413
31168.000,293.4413
31178.667,291.7512
31189.333,291.7512
31200.000,290.0708
31210.667,290.0708
31221.333,288.4001
31232.000,291.7512
31242.667,293.4413
31253.333,293.4413
31264.000,293.4413
31274.667,293.4413
31285.333,293.4413
31296.000,293.4413
31306.667,293.4413
31317.333,293.4413
31328.000,0.0000
31338.667,369.7129
31349.333,369.7129
31360.000,369.7129
31370.667,369.7129
31381.333,371.8546
31392.000,371.8546
31402.667,374.0087
31413.333,374.0087
31424.000,371.8546
31434.667,371.8546
31445.333,369.7129
31456.000,367.5835
31466.667,367.5835
31477.333,367.5835
31488.000,367.5835
31498.667,367.5835
31509.333,367.5835
31520.000,367.5835
31530.667,365.4663
31541.333,365.4663
31552.000,365.4663
31562.667,369.7129
31573.333,371.8546
31584.000,371.8546
31594.667,371.8546
31605.333,371.8546
31616.000,371.8546
31626.667,371.8546
31637.333,369.7129
31648.000,369.7129
31658.667,369.7129
31669.333,0.0000
31680.000,290.0708
31690.667,290.0708
31701.333,291.7512
31712.000,291.7512
31722.667,293.4413
31733.333,293.4413
31744.000,293.4413
31754.667,293.4413
31765.333,293.4413
31776.000,293.4413
31786.667,293.4413
31797.333,293.4413
31808.000,293.4413
31818.667,293.4413
31829.333,293.4413
31840.000,293.4413
31850.667,293.4413
31861.333,293.4413
31872.000,293.4413
31882.667,293.4413
31893.333,295.1412
31904.000,296.8509
31914.667,298.5706
31925.333,296.8509
31936.000,295.1412
31946.667,295.1412
31957.333,293.4413
31968.000,293.4413
31978.667,293.4413
31989.333,291.7512
32000.000,290.0708
32010.667,255.4555
32021.333,246.7537
32032.000,246.7537
32042.667,246.7537
32053.333,248.1832
32064.000,248.1832
32074.667,248.1832
32085.333,248.1832
32096.000,248.1832
32106.667,248.1832
32117.333,246.7537
32128.000,245.3325
32138.667,245.3325
32149.333,243.9195
32160.000,248.1832
32170.667,251.0669
32181.333,251.0669
32192.000,251.0669
32202.667,249.6209
32213.333,248.1832
32224.000,248.1832
32234.667,246.7537
32245.333,246.7537
32256.000,246.7537
32266.667,246.7537
32277.333,246.7537
32288.000,246.7537
32298.667,245.3325
32309.333,243.9195
32320.000,243.9195
32330.667,243.9195
32341.333,246.7537
32352.000,248.1832
32362.667,248.1832
32373.333,248.1832
32384.000,248.1832
32394.667,246.7537
32405.333,246.7537
32416.000,246.7537
32426.667,246.7537
32437.333,246.7537
32448.000,246.7537
32458.667,245.3325
32469.333,245.3325
32480.000,246.7537
32490.667,246.7537
32501.333,246.7537
32512.000,248.1832
32522.667,248.1832
32533.333,248.1832
32544.000,246.7537
32554.667,248.1832
32565.333,248.1832
32576.000,249.6209
32586.667,251.0669
32597.333,251.0669
32608.000,251.0669
32618.667,251.0669
32629.333,251.0669
32640.000,252.5213
32650.667,255.4555
32661.333,256.9353
32672.000,293.4413
32682.667,293.4413
32693.333,293.4413
32704.000,293.4413
32714.667,293.4413
32725.333,291.7512
32736.000,291.7512
32746.667,291.7512
32757.333,291.7512
32768.000,293.4413
32778.667,293.4413
32789.333,295.1412
32800.000,295.1412
32810.667,295.1412
32821.333,295.1412
32832.000,295.1412
32842.667,295.1412
32853.333,291.7512
32864.000,291.7512
32874.667,293.4413
32885.333,0.0000
32896.000,0.0000
32906.667,0.0000
32917.333,0.0000
32928.000,0.0000
32938.667,0.0000
32949.333,290.0708
32960.000,291.7512
32970.667,293.4413
32981.333,293.4413
32992.000,0.0000
33002.667,0.0000
33013.333,0.0000
33024.000,0.0000
33034.667,0.0000
33045.333,0.0000
33056.000,0.0000
33066.667,0.0000
33077.333,0.0000
33088.000,0.0000
33098.667,0.0000
33109.333,0.0000
33120.000,0.0000
33130.667,0.0000
33141.333,0.0000
33152.000,0.0000
33162.667,0.0000
33173.333,0.0000
33184.000,0.0000
33194.667,0.0000
33205.333,0.0000
33216.000,0.0000
33226.667,0.0000
33237.333,0.0000
33248.000,0.0000
33258.667,0.0000
33269.333,0.0000
33280.000,0.0000
33290.667,0.0000
33301.333,0.0000
33312.000,0.0000
33322.667,0.0000
33333.333,0.0000
33344.000,0.0000
33354.667,0.0000
33365.333,0.0000
33376.000,293.4413
33386.667,295.1412
33397.333,295.1412
33408.000,295.1412
33418.667,295.1412
33429.333,295.1412
33440.000,295.1412
33450.667,295.1412
33461.333,293.4413
33472.000,291.7512
33482.667,290.0708
33493.333,288.4001
33504.000,290.0708
33514.667,293.4413
33525.333,295.1412
33536.000,296.8509
33546.667,296.8509
33557.333,296.8509
33568.000,296.8509
33578.667,295.1412
33589.333,295.1412
33600.000,293.4413
33610.667,293.4413
33621.333,291.7512
33632.000,291.7512
33642.667,290.0708
33653.333,291.7512
33664.000,291.7512
33674.667,291.7512
33685.333,291.7512
33696.000,293.4413
33706.667,291.7512
33717.333,293.4413
33728.000,293.4413
33738.667,293.4413
33749.333,293.4413
33760.000,293.4413
33770.667,293.4413
33781.333,293.4413
33792.000,293.4413
33802.667,295.1412
33813.333,295.1412
33824.000,296.8509
33834.667,296.8509
33845.333,296.8509
33856.000,296.8509
33866.667,295.1412
33877.333,296.8509
33888.000,295.1412
33898.667,295.1412
33909.333,295.1412
33920.000,293.4413
33930.667,293.4413
33941.333,293.4413
33952.000,291.7512
33962.667,0.0000
33973.333,346.9526
33984.000,348.9625
33994.667,355.0622
34005.333,371.8546
34016.000,371.8546
34026.667,371.8546
34037.333,369.7129
34048.000,369.7129
34058.667,369.7129
34069.333,369.7129
34080.000,371.8546
34090.667,371.8546
34101.333,371.8546
34112.000,371.8546
34122.667,371.8546
34133.333,371.8546
34144.000,369.7129
34154.667,369.7129
34165.333,348.9625
34176.000,346.9526
34186.667,0.0000
34197.333,0.0000
34208.000,0.0000
34218.667,0.0000
34229.333,0.0000
34240.000,0.0000
34250.667,0.0000
34261.333,0.0000
34272.000,0.0000
34282.667,0.0000
34293.333,0.0000
34304.000,0.0000
34314.667,0.0000
34325.333,295.1412
34336.000,285.0876
34346.667,288.4001
34357.333,290.0708
34368.000,290.0708
34378.667,291.7512
34389.333,293.4413
34400.000,295.1412
34410.667,295.1412
34421.333,295.1412
34432.000,295.1412
34442.667,295.1412
34453.333,293.4413
34464.000,293.4413
34474.667,293.4413
34485.333,295.1412
34496.000,295.1412
34506.667,295.1412
34517.333,296.8509
34528.000,296.8509
34538.667,296.8509
34549.333,295.1412
34560.000,293.4413
34570.667,291.7512
34581.333,290.0708
34592.000,288.4001
34602.667,293.4413
34613.333,293.4413
34624.000,293.4413
34634.667,293.4413
34645.333,0.0000
34656.000,245.3325
34666.667,243.9195
34677.333,245.3325
34688.000,245.3325
34698.667,245.3325
34709.333,245.3325
34720.000,246.7537
34730.667,246.7537
34741.333,246.7537
34752.000,246.7537
34762.667,246.7537
34773.333,245.3325
34784.000,245.3325
34794.667,243.9195
34805.333,243.9195
34816.000,243.9195
34826.667,245.3325
34837.333,248.1832
34848.000,249.6209
34858.667,249.6209
34869.333,249.6209
34880.000,248.1832
34890.667,246.7537
34901.333,246.7537
34912.000,246.7537
34922.667,246.7537
34933.333,246.7537
34944.000,246.7537
34954.667,246.7537
34965.333,245.3325
34976.000,245.3325
34986.667,245.3325
34997.333,245.3325
35008.000,245.3325
35018.667,245.3325
35029.333,246.7537
35040.000,246.7537
35050.667,248.1832
35061.333,248.1832
35072.000,248.1832
35082.667,246.7537
35093.333,246.7537
35104.000,248.1832
35114.667,246.7537
35125.333,246.7537
35136.000,246.7537
35146.667,246.7537
35157.333,246.7537
35168.000,246.7537
35178.667,246.7537
35189.333,248.1832
35200.000,248.1832
35210.667,248.1832
35221.333,248.1832
35232.000,248.1832
35242.667,248.1832
35253.333,246.7537
35264.000,246.7537
35274.667,246.7537
35285.333,245.3325
35296.000,245.3325
35306.667,245.3325
35317.333,246.7537
35328.000,246.7537
35338.667,246.7537
35349.333,248.1832
35360.000,249.6209
35370.667,251.0669
35381.333,255.4555
35392.000,259.9208
35402.667,278.5762
35413.333,285.0876
35424.000,290.0708
35434.667,293.4413
35445.333,296.8509
35456.000,298.5706
35466.667,298.5706
35477.333,296.8509
35488.000,295.1412
35498.667,291.7512
35509.333,290.0708
35520.000,291.7512
35530.667,0.0000
35541.333,0.0000
35552.000,0.0000
35562.667,0.0000
35573.333,0.0000
35584.000,0.0000
35594.667,0.0000
35605.333,293.4413
35616.000,295.1412
35626.667,295.1412
35637.333,295.1412
35648.000,296.8509
35658.667,296.8509
35669.333,295.1412
35680.000,295.1412
35690.667,0.0000
35701.333,0.0000
35712.000,0.0000
35722.667,0.0000
35733.333,0.0000
35744.000,0.0000
35754.667,0.0000
35765.333,0.0000
35776.000,0.0000
35786.667,0.0000
35797.333,0.0000
35808.000,0.0000
35818.667,0.0000
35829.333,0.0000
35840.000,0.0000
35850.667,0.0000
35861.333,0.0000
35872.000,0.0000
35882.667,0.0000
35893.333,0.0000
35904.000,0.0000
35914.667,0.0000
35925.333,0.0000
35936.000,0.0000
35946.667,0.0000
35957.333,0.0000
35968.000,0.0000
35978.667,0.0000
35989.333,0.0000
36000.000,0.0000
36010.667,0.0000
36021.333,296.8509
36032.000,296.8509
36042.667,295.1412
36053.333,293.4413
36064.000,293.4413
36074.667,291.7512
36085.333,291.7512
36096.000,293.4413
36106.667,293.4413
36117.333,293.4413
36128.000,293.4413
36138.667,293.4413
36149.333,293.4413
36160.000,293.4413
36170.667,293.4413
36181.333,293.4413
36192.000,293.4413
36202.667,291.7512
36213.333,293.4413
36224.000,291.7512
36234.667,286.7391
36245.333,286.7391
36256.000,285.0876
36266.667,286.7391
36277.333,0.0000
36288.000,0.0000
36298.667,0.0000
36309.333,293.4413
36320.000,293.4413
36330.667,298.5706
36341.333,298.5706
36352.000,296.8509
36362.667,295.1412
36373.333,293.4413
36384.000,291.7512
36394.667,291.7512
36405.333,291.7512
36416.000,291.7512
36426.667,293.4413
36437.333,293.4413
36448.000,293.4413
36458.667,295.1412
36469.333,295.1412
36480.000,295.1412
36490.667,295.1412
36501.333,295.1412
36512.000,295.1412
36522.667,293.4413
36533.333,291.7512
36544.000,290.0708
36554.667,290.0708
36565.333,291.7512
36576.000,291.7512
36586.667,293.4413
36597.333,295.1412
36608.000,296.8509
36618.667,298.5706
36629.333,302.0398
36640.000,307.3193
36650.667,318.1569
36661.333,344.9543
36672.000,353.0172
36682.667,361.2686
36693.333,367.5835
36704.000,371.8546
36714.667,374.0087
36725.333,374.0087
36736.000,374.0087
36746.667,374.0087
36757.333,374.0087
36768.000,374.0087
36778.667,374.0087
36789.333,374.0087
36800.000,371.8546
36810.667,371.8546
36821.333,369.7129
36832.000,369.7129
36842.667,367.5835
36853.333,367.5835
36864.000,369.7129
36874.667,369.7129
36885.333,369.7129
36896.000,371.8546
36906.667,371.8546
36917.333,371.8546
36928.000,371.8546
36938.667,371.8546
36949.333,371.8546
36960.000,369.7129
36970.667,369.7129
36981.333,0.0000
36992.000,293.4413
37002.667,293.4413
37013.333,293.4413
37024.000,293.4413
37034.667,293.4413
37045.333,293.4413
37056.000,293.4413
37066.667,295.1412
37077.333,295.1412
37088.000,293.4413
37098.667,293.4413
37109.333,291.7512
37120.000,293.4413
37130.667,296.8509
37141.333,298.5706
37152.000,298.5706
37162.667,298.5706
37173.333,296.8509
37184.000,296.8509
37194.667,295.1412
37205.333,296.8509
37216.000,296.8509
37226.667,295.1412
37237.333,296.8509
37248.000,296.8509
37258.667,295.1412
37269.333,295.1412
37280.000,295.1412
37290.667,295.1412
37301.333,295.1412
37312.000,295.1412
37322.667,255.4555
37333.333,242.5147
37344.000,243.9195
37354.667,243.9195
37365.333,245.3325
37376.000,246.7537
37386.667,248.1832
37397.333,248.1832
37408.000,249.6209
37418.667,249.6209
37429.333,248.1832
37440.000,248.1832
37450.667,246.7537
37461.333,245.3325
37472.000,243.9195
37482.667,245.3325
37493.333,249.6209
37504.000,251.0669
37514.667,249.6209
37525.333,249.6209
37536.000,249.6209
37546.667,248.1832
37557.333,248.1832
37568.000,246.7537
37578.667,246.7537
37589.333,245.3325
37600.000,245.3325
37610.667,245.3325
37621.333,245.3325
37632.000,246.7537
37642.667,246.7537
37653.333,246.7537
37664.000,246.7537
37674.667,246.7537
37685.333,246.7537
37696.000,246.7537
37706.667,245.3325
37717.333,245.3325
37728.000,245.3325
37738.667,246.7537
37749.333,246.7537
37760.000,246.7537
37770.667,248.1832
37781.333,248.1832
37792.000,248.1832
37802.667,248.1832
37813.333,248.1832
37824.000,248.1832
37834.667,248.1832
37845.333,246.7537
37856.000,246.7537
37866.667,246.7537
37877.333,246.7537
37888.000,246.7537
37898.667,248.1832
37909.333,248.1832
37920.000,246.7537
37930.667,246.7537
37941.333,246.7537
37952.000,245.3325
37962.667,245.3325
37973.333,246.7537
37984.000,248.1832
37994.667,248.1832
38005.333,251.0669
38016.000,253.9842
38026.667,255.4555
38037.333,259.9208
38048.000,278.5762
38058.667,285.0876
38069.333,293.4413
38080.000,296.8509
38090.667,296.8509
38101.333,296.8509
38112.000,296.8509
38122.667,295.1412
38133.333,293.4413
38144.000,291.7512
38154.667,288.4001
38165.333,286.7391
38176.000,285.0876
38186.667,0.0000
38197.333,0.0000
38208.000,0.0000
38218.667,0.0000
38229.333,0.0000
38240.000,295.1412
38250.667,295.1412
38261.333,295.1412
38272.000,295.1412
38282.667,295.1412
38293.333,295.1412
38304.000,295.1412
38314.667,295.1412
38325.333,295.1412
38336.000,286.7391
38346.667,0.0000
38357.333,0.0000
38368.000,0.0000
38378.667,188.0877
38389.333,188.0877
38400.000,189.1772
38410.667,189.1772
38421.333,187.0044
38432.000,185.9273
38442.667,184.8564
38453.333,184.8564
38464.000,184.8564
38474.667,187.0044
38485.333,188.0877
38496.000,188.0877
38506.667,187.0044
38517.333,187.0044
38528.000,187.0044
38538.667,187.0044
38549.333,188.0877
38560.000,0.0000
38570.667,0.0000
38581.333,0.0000
38592.000,0.0000
38602.667,0.0000
38613.333,0.0000
38624.000,0.0000
38634.667,290.0708
38645.333,288.4001
38656.000,290.0708
38666.667,291.7512
38677.333,265.9961
38688.000,281.8131
38698.667,285.0876
38709.333,288.4001
38720.000,295.1412
38730.667,295.1412
38741.333,296.8509
38752.000,296.8509
38762.667,295.1412
38773.333,293.4413
38784.000,291.7512
38794.667,291.7512
38805.333,291.7512
38816.000,293.4413
38826.667,293.4413
38837.333,293.4413
38848.000,295.1412
38858.667,295.1412
38869.333,295.1412
38880.000,295.1412
38890.667,295.1412
38901.333,286.7391
38912.000,285.0876
38922.667,286.7391
38933.333,0.0000
38944.000,0.0000
38954.667,291.7512
38965.333,291.7512
38976.000,293.4413
38986.667,293.4413
38997.333,293.4413
39008.000,293.4413
39018.667,295.1412
39029.333,293.4413
39040.000,293.4413
39050.667,293.4413
39061.333,293.4413
39072.000,293.4413
39082.667,295.1412
39093.333,295.1412
39104.000,295.1412
39114.667,295.1412
39125.333,293.4413
39136.000,293.4413
39146.667,286.7391
39157.333,295.1412
39168.000,296.8509
39178.667,0.0000
39189.333,0.0000
39200.000,0.0000
39210.667,0.0000
39221.333,0.0000
39232.000,0.0000
39242.667,0.0000
39253.333,0.0000
39264.000,0.0000
39274.667,0.0000
39285.333,0.0000
39296.000,0.0000
39306.667,350.9840
39317.333,365.4663
39328.000,369.7129
39338.667,369.7129
39349.333,369.7129
39360.000,369.7129
39370.667,369.7129
39381.333,369.7129
39392.000,374.0087
39402.667,374.0087
39413.333,374.0087
39424.000,371.8546
39434.667,371.8546
39445.333,371.8546
39456.000,369.7129
39466.667,369.7129
39477.333,367.5835
39488.000,363.3614
39498.667,363.3614
39509.333,361.2686
39520.000,359.1879
39530.667,365.4663
39541.333,369.7129
39552.000,374.0087
39562.667,376.1753
39573.333,374.0087
39584.000,371.8546
39594.667,371.8546
39605.333,371.8546
39616.000,371.8546
39626.667,369.7129
39637.333,369.7129
39648.000,0.0000
39658.667,0.0000
39669.333,0.0000
39680.000,0.0000
39690.667,270.6457
39701.333,275.3765
39712.000,278.5762
39722.667,286.7391
39733.333,293.4413
39744.000,295.1412
39754.667,295.1412
39765.333,295.1412
39776.000,295.1412
39786.667,293.4413
39797.333,293.4413
39808.000,293.4413
39818.667,293.4413
39829.333,293.4413
39840.000,293.4413
39850.667,293.4413
39861.333,295.1412
39872.000,295.1412
39882.667,293.4413
39893.333,293.4413
39904.000,291.7512
39914.667,291.7512
39925.333,291.7512
39936.000,293.4413
39946.667,293.4413
39957.333,295.1412
39968.000,293.4413
39978.667,293.4413
39989.333,293.4413
40000.000,0.0000
40010.667,0.0000
40021.333,0.0000
40032.000,0.0000
40042.667,0.0000
40053.333,249.6209
40064.000,248.1832
40074.667,245.3325
40085.333,245.3325
40096.000,243.9195
40106.667,243.9195
40117.333,242.5147
40128.000,236.9756
40138.667,234.2537
40149.333,234.2537
40160.000,235.6107
40170.667,236.9756
40181.333,242.5147
40192.000,248.1832
40202.667,248.1832
40213.333,248.1832
40224.000,248.1832
40234.667,246.7537
40245.333,246.7537
40256.000,246.7537
40266.667,246.7537
40277.333,248.1832
40288.000,248.1832
40298.667,248.1832
40309.333,246.7537
40320.000,246.7537
40330.667,246.7537
40341.333,248.1832
40352.000,248.1832
40362.667,248.1832
40373.333,246.7537
40384.000,246.7537
40394.667,245.3325
40405.333,245.3325
40416.000,246.7537
40426.667,246.7537
40437.333,246.7537
40448.000,248.1832
40458.667,248.1832
40469.333,249.6209
40480.000,251.0669
40490.667,251.0669
40501.333,252.5213
40512.000,249.6209
40522.667,248.1832
40533.333,245.3325
40544.000,246.7537
40554.667,248.1832
40565.333,246.7537
40576.000,245.3325
40586.667,245.3325
40597.333,246.7537
40608.000,245.3325
40618.667,246.7537
40629.333,0.0000
40640.000,0.0000
40650.667,0.0000
40661.333,0.0000
40672.000,0.0000
40682.667,280.1900
40693.333,280.1900
40704.000,281.8131
40714.667,281.8131
40725.333,286.7391
40736.000,290.0708
40746.667,293.4413
40757.333,295.1412
40768.000,296.8509
40778.667,296.8509
40789.333,298.5706
40800.000,296.8509
40810.667,295.1412
40821.333,295.1412
40832.000,291.7512
40842.667,290.0708
40853.333,290.0708
40864.000,288.4001
40874.667,288.4001
40885.333,288.4001
40896.000,288.4001
40906.667,288.4001
40917.333,291.7512
40928.000,291.7512
40938.667,293.4413
40949.333,295.1412
40960.000,295.1412
40970.667,295.1412
40981.333,295.1412
40992.000,295.1412
41002.667,295.1412
41013.333,295.1412
41024.000,295.1412
41034.667,295.1412
41045.333,295.1412
41056.000,295.1412
41066.667,295.1412
41077.333,295.1412
41088.000,295.1412
41098.667,295.1412
41109.333,295.1412
41120.000,295.1412
41130.667,295.1412
41141.333,295.1412
41152.000,295.1412
41162.667,295.1412
41173.333,295.1412
41184.000,295.1412
41194.667,295.1412
41205.333,295.1412
41216.000,295.1412
41226.667,295.1412
41237.333,293.4413
41248.000,293.4413
41258.667,293.4413
41269.333,288.4001
41280.000,0.0000
41290.667,0.0000
41301.333,0.0000
41312.000,0.0000
41322.667,0.0000
41333.333,0.0000
41344.000,0.0000
41354.667,0.0000
41365.333,298.5706
41376.000,300.3002
41386.667,300.3002
41397.333,298.5706
41408.000,296.8509
41418.667,295.1412
41429.333,291.7512
41440.000,290.0708
41450.667,288.4001
41461.333,285.0876
41472.000,290.0708
41482.667,293.4413
41493.333,293.4413
41504.000,295.1412
41514.667,293.4413
41525.333,291.7512
41536.000,290.0708
41546.667,290.0708
41557.333,290.0708
41568.000,291.7512
41578.667,296.8509
41589.333,298.5706
41600.000,298.5706
41610.667,295.1412
41621.333,291.7512
41632.000,283.4456
41642.667,285.0876
41653.333,296.8509
41664.000,296.8509
41674.667,296.8509
41685.333,295.1412
41696.000,295.1412
41706.667,293.4413
41717.333,293.4413
41728.000,295.1412
41738.667,295.1412
41749.333,295.1412
41760.000,293.4413
41770.667,291.7512
41781.333,290.0708
41792.000,290.0708
41802.667,288.4001
41813.333,288.4001
41824.000,288.4001
41834.667,290.0708
41845.333,290.0708
41856.000,291.7512
41866.667,295.1412
41877.333,295.1412
41888.000,295.1412
41898.667,293.4413
41909.333,293.4413
41920.000,293.4413
41930.667,293.4413
41941.333,293.4413
41952.000,293.4413
41962.667,293.4413
41973.333,293.4413
41984.000,293.4413
41994.667,0.0000
42005.333,365.4663
42016.000,365.4663
42026.667,367.5835
42037.333,369.7129
42048.000,371.8546
42058.667,374.0087
42069.333,376.1753
42080.000,380.5463
42090.667,387.1981
42101.333,391.6971
42112.000,391.6971
42122.667,393.9662
42133.333,393.9662
42144.000,393.9662
42154.667,393.9662
42165.333,391.6971
42176.000,391.6971
42186.667,391.6971
42197.333,391.6971
42208.000,391.6971
42218.667,391.6971
42229.333,391.6971
42240.000,393.9662
42250.667,391.6971
42261.333,384.9680
42272.000,380.5463
42282.667,382.7508
42293.333,382.7508
42304.000,387.1981
42314.667,389.4411
42325.333,389.4411
42336.000,382.7508
42346.667,371.8546
42357.333,369.7129
42368.000,367.5835
42378.667,369.7129
42389.333,371.8546
42400.000,371.8546
42410.667,371.8546
42421.333,371.8546
42432.000,371.8546
42442.667,371.8546
42453.333,371.8546
42464.000,371.8546
42474.667,371.8546
42485.333,369.7129
42496.000,369.7129
42506.667,369.7129
42517.333,369.7129
42528.000,369.7129
42538.667,369.7129
42549.333,369.7129
42560.000,369.7129
42570.667,371.8546
42581.333,371.8546
42592.000,374.0087
42602.667,371.8546
42613.333,371.8546
42624.000,371.8546
42634.667,371.8546
42645.333,371.8546
42656.000,371.8546
42666.667,0.0000
42677.333,296.8509
42688.000,295.1412
42698.667,293.4413
42709.333,291.7512
42720.000,291.7512
42730.667,293.4413
42741.333,293.4413
42752.000,293.4413
42762.667,293.4413
42773.333,295.1412
42784.000,295.1412
42794.667,295.1412
42805.333,293.4413
42816.000,293.4413
42826.667,293.4413
42837.333,295.1412
42848.000,295.1412
42858.667,295.1412
42869.333,295.1412
42880.000,293.4413
42890.667,293.4413
42901.333,293.4413
42912.000,291.7512
42922.667,291.7512
42933.333,293.4413
42944.000,293.4413
42954.667,293.4413
42965.333,293.4413
42976.000,293.4413
42986.667,293.4413
42997.333,295.1412
43008.000,295.1412
43018.667,293.4413
43029.333,293.4413
43040.000,293.4413
43050.667,293.4413
43061.333,293.4413
43072.000,293.4413
43082.667,293.4413
43093.333,293.4413
43104.000,293.4413
43114.667,293.4413
43125.333,295.1412
43136.000,295.1412
43146.667,295.1412
43157.333,293.4413
43168.000,293.4413
43178.667,293.4413
43189.333,293.4413
43200.000,293.4413
43210.667,293.4413
43221.333,293.4413
43232.000,295.1412
43242.667,295.1412
43253.333,295.1412
43264.000,293.4413
43274.667,291.7512
43285.333,291.7512
43296.000,290.0708
43306.667,288.4001
43317.333,288.4001
43328.000,288.4001
43338.667,288.4001
43349.333,288.4001
43360.000,290.0708
43370.667,291.7512
43381.333,295.1412
43392.000,300.3002
43402.667,305.5493
43413.333,318.1569
43424.000,327.4796
43434.667,331.2848
43445.333,333.2039
43456.000,333.2039
43466.667,333.2039
43477.333,331.2848
43488.000,329.3767
43498.667,329.3767
43509.333,329.3767
43520.000,329.3767
43530.667,331.2848
43541.333,331.2848
43552.000,329.3767
43562.667,303.7895
43573.333,303.7895
43584.000,0.0000
43594.667,305.5493
43605.333,320.0000
43616.000,333.2039
43626.667,331.2848
43637.333,333.2039
43648.000,333.2039
43658.667,331.2848
43669.333,331.2848
43680.000,331.2848
43690.667,331.2848
43701.333,331.2848
43712.000,0.0000
43722.667,0.0000
43733.333,0.0000
43744.000,0.0000
43754.667,0.0000
43765.333,329.3767
43776.000,329.3767
43786.667,331.2848
43797.333,331.2848
43808.000,331.2848
43818.667,331.2848
43829.333,331.2848
43840.000,331.2848
43850.667,329.3767
43861.333,327.4796
43872.000,329.3767
43882.667,329.3767
43893.333,331.2848
43904.000,329.3767
43914.667,329.3767
43925.333,329.3767
43936.000,327.4796
43946.667,327.4796
43957.333,331.2848
43968.000,288.4001
43978.667,286.7391
43989.333,305.5493
44000.000,305.5493
44010.667,290.0708
44021.333,295.1412
44032.000,295.1412
44042.667,295.1412
44053.333,295.1412
44064.000,295.1412
44074.667,295.1412
44085.333,295.1412
44096.000,295.1412
44106.667,295.1412
44117.333,293.4413
44128.000,291.7512
44138.667,290.0708
44149.333,288.4001
44160.000,290.0708
44170.667,293.4413
44181.333,295.1412
44192.000,295.1412
44202.667,295.1412
44213.333,295.1412
44224.000,293.4413
44234.667,293.4413
44245.333,293.4413
44256.000,293.4413
44266.667,293.4413
44277.333,293.4413
44288.000,293.4413
44298.667,293.4413
44309.333,291.7512
44320.000,293.4413
44330.667,295.1412
44341.333,296.8509
44352.000,295.1412
44362.667,295.1412
44373.333,293.4413
44384.000,293.4413
44394.667,293.4413
44405.333,293.4413
44416.000,293.4413
44426.667,293.4413
44437.333,293.4413
44448.000,293.4413
44458.667,293.4413
44469.333,293.4413
44480.000,293.4413
44490.667,293.4413
44501.333,291.7512
44512.000,291.7512
44522.667,293.4413
44533.333,293.4413
44544.000,293.4413
44554.667,293.4413
44565.333,293.4413
44576.000,293.4413
44586.667,293.4413
44597.333,293.4413
44608.000,293.4413
44618.667,293.4413
44629.333,296.8509
44640.000,339.0282
44650.667,339.0282
44661.333,339.0282
44672.000,353.0172
44682.667,367.5835
44693.333,369.7129
44704.000,371.8546
44714.667,371.8546
44725.333,374.0087
44736.000,380.5463
44746.667,384.9680
44757.333,389.4411
44768.000,391.6971
44778.667,393.9662
44789.333,393.9662
44800.000,393.9662
44810.667,391.6971
44821.333,389.4411
44832.000,382.7508
44842.667,374.0087
44853.333,371.8546
44864.000,387.1981
44874.667,0.0000
44885.333,376.1753
44896.000,378.3545
44906.667,378.3545
44917.333,389.4411
44928.000,389.4411
44938.667,382.7508
44949.333,384.9680
44960.000,384.9680
44970.667,384.9680
44981.333,333.2039
44992.000,331.2848
45002.667,331.2848
45013.333,329.3767
45024.000,329.3767
45034.667,327.4796
45045.333,327.4796
45056.000,329.3767
45066.667,331.2848
45077.333,331.2848
45088.000,333.2039
45098.667,335.1341
45109.333,340.9922
45120.000,353.0172
45130.667,363.3614
45141.333,367.5835
45152.000,371.8546
45162.667,371.8546
45173.333,371.8546
45184.000,371.8546
45194.667,371.8546
45205.333,369.7129
45216.000,369.7129
45226.667,369.7129
45237.333,369.7129
45248.000,367.5835
45258.667,367.5835
45269.333,365.4663
45280.000,361.2686
45290.667,355.0622
45301.333,355.0622
45312.000,359.1879
45322.667,0.0000
45333.333,318.1569
45344.000,314.5026
45354.667,309.0996
45365.333,305.5493
45376.000,300.3002
45386.667,296.8509
45397.333,293.4413
45408.000,291.7512
45418.667,290.0708
45429.333,288.4001
45440.000,288.4001
45450.667,288.4001
45461.333,290.0708
45472.000,291.7512
45482.667,293.4413
45493.333,291.7512
45504.000,295.1412
45514.667,295.1412
45525.333,295.1412
45536.000,295.1412
45546.667,295.1412
45557.333,295.1412
45568.000,295.1412
45578.667,295.1412
45589.333,295.1412
45600.000,293.4413
45610.667,293.4413
45621.333,291.7512
45632.000,291.7512
45642.667,291.7512
45653.333,291.7512
45664.000,293.4413
45674.667,293.4413
45685.333,293.4413
45696.000,293.4413
45706.667,293.4413
45717.333,293.4413
45728.000,293.4413
45738.667,293.4413
45749.333,293.4413
45760.000,293.4413
45770.667,293.4413
45781.333,293.4413
45792.000,293.4413
45802.667,293.4413
45813.333,293.4413
45824.000,293.4413
45834.667,295.1412
45845.333,295.1412
45856.000,295.1412
45866.667,295.1412
45877.333,295.1412
45888.000,295.1412
45898.667,295.1412
45909.333,295.1412
45920.000,293.4413
45930.667,291.7512
45941.333,291.7512
45952.000,290.0708
45962.667,291.7512
45973.333,293.4413
45984.000,295.1412
45994.667,296.8509
46005.333,298.5706
46016.000,300.3002
46026.667,303.7895
46037.333,309.0996
46048.000,320.0000
46058.667,329.3767
46069.333,331.2848
46080.000,331.2848
46090.667,331.2848
46101.333,331.2848
46112.000,331.2848
46122.667,331.2848
46133.333,331.2848
46144.000,331.2848
46154.667,329.3767
46165.333,329.3767
46176.000,327.4796
46186.667,327.4796
46197.333,0.0000
46208.000,0.0000
46218.667,0.0000
46229.333,0.0000
46240.000,0.0000
46250.667,0.0000
46261.333,0.0000
46272.000,0.0000
46282.667,329.3767
46293.333,329.3767
46304.000,329.3767
46314.667,329.3767
46325.333,329.3767
46336.000,329.3767
46346.667,329.3767
46357.333,329.3767
46368.000,327.4796
46378.667,327.4796
46389.333,327.4796
46400.000,327.4796
46410.667,327.4796
46421.333,327.4796
46432.000,327.4796
46442.667,327.4796
46453.333,329.3767
46464.000,329.3767
46474.667,327.4796
46485.333,327.4796
46496.000,327.4796
46506.667,327.4796
46517.333,327.4796
46528.000,327.4796
46538.667,325.5935
46549.333,325.5935
46560.000,327.4796
46570.667,329.3767
46581.333,327.4796
46592.000,327.4796
46602.667,325.5935
46613.333,325.5935
46624.000,321.8537
46634.667,323.7182
46645.333,325.5935
46656.000,310.8902
46666.667,323.7182
46677.333,303.7895
46688.000,302.0398
46698.667,300.3002
46709.333,295.1412
46720.000,293.4413
46730.667,291.7512
46741.333,293.4413
46752.000,293.4413
46762.667,291.7512
46773.333,291.7512
46784.000,291.7512
46794.667,293.4413
46805.333,293.4413
46816.000,293.4413
46826.667,291.7512
46837.333,288.4001
46848.000,283.4456
46858.667,280.1900
46869.333,276.9717
46880.000,288.4001
46890.667,288.4001
46901.333,290.0708
46912.000,291.7512
46922.667,291.7512
46933.333,295.1412
46944.000,295.1412
46954.667,293.4413
46965.333,295.1412
46976.000,296.8509
46986.667,296.8509
46997.333,300.3002
47008.000,300.3002
47018.667,298.5706
47029.333,296.8509
47040.000,293.4413
47050.667,291.7512
47061.333,291.7512
47072.000,291.7512
47082.667,291.7512
47093.333,293.4413
47104.000,293.4413
47114.667,293.4413
47125.333,295.1412
47136.000,295.1412
47146.667,293.4413
47157.333,293.4413
47168.000,293.4413
47178.667,293.4413
47189.333,295.1412
47200.000,293.4413
47210.667,293.4413
47221.333,291.7512
47232.000,290.0708
47242.667,288.4001
47253.333,291.7512
47264.000,293.4413
47274.667,295.1412
47285.333,296.8509
47296.000,298.5706
47306.667,300.3002
47317.333,303.7895
47328.000,312.6912
47338.667,348.9625
47349.333,359.1879
47360.000,363.3614
47370.667,369.7129
47381.333,374.0087
47392.000,380.5463
47402.667,384.9680
47413.333,389.4411
47424.000,391.6971
47434.667,393.9662
47445.333,393.9662
47456.000,393.9662
47466.667,393.9662
47477.333,393.9662
47488.000,391.6971
47498.667,391.6971
47509.333,391.6971
47520.000,391.6971
47530.667,391.6971
47541.333,389.4411
47552.000,382.7508
47562.667,380.5463
47573.333,380.5463
47584.000,382.7508
47594.667,384.9680
47605.333,384.9680
47616.000,384.9680
47626.667,387.1981
47637.333,387.1981
47648.000,389.4411
47658.667,389.4411
47669.333,0.0000
47680.000,0.0000
47690.667,329.3767
47701.333,329.3767
47712.000,329.3767
47722.667,331.2848
47733.333,331.2848
47744.000,333.2039
47754.667,333.2039
47765.333,333.2039
47776.000,335.1341
47786.667,335.1341
47797.333,355.0622
47808.000,363.3614
47818.667,367.5835
47829.333,369.7129
47840.000,371.8546
47850.667,371.8546
47861.333,371.8546
47872.000,369.7129
47882.667,369.7129
47893.333,369.7129
47904.000,367.5835
47914.667,363.3614
47925.333,339.0282
47936.000,335.1341
47946.667,331.2848
47957.333,333.2039
47968.000,333.2039
47978.667,333.2039
47989.333,307.3193
48000.000,302.0398
48010.667,298.5706
48021.333,295.1412
48032.000,293.4413
48042.667,291.7512
48053.333,291.7512
48064.000,291.7512
48074.667,291.7512
48085.333,291.7512
48096.000,291.7512
48106.667,291.7512
48117.333,293.4413
48128.000,293.4413
48138.667,296.8509
48149.333,295.1412
48160.000,295.1412
48170.667,296.8509
48181.333,296.8509
48192.000,296.8509
48202.667,295.1412
48213.333,293.4413
48224.000,293.4413
48234.667,291.7512
48245.333,293.4413
48256.000,293.4413
48266.667,293.4413
48277.333,293.4413
48288.000,293.4413
48298.667,293.4413
48309.333,293.4413
48320.000,293.4413
48330.667,293.4413
48341.333,293.4413
48352.000,291.7512
48362.667,290.0708
48373.333,288.4001
48384.000,286.7391
48394.667,285.0876
48405.333,285.0876
48416.000,288.4001
48426.667,290.0708
48437.333,291.7512
48448.000,293.4413
48458.667,295.1412
48469.333,295.1412
48480.000,295.1412
48490.667,295.1412
48501.333,295.1412
48512.000,295.1412
48522.667,295.1412
48533.333,293.4413
48544.000,293.4413
48554.667,291.7512
48565.333,291.7512
48576.000,290.0708
48586.667,290.0708
48597.333,291.7512
48608.000,295.1412
48618.667,298.5706
48629.333,296.8509
48640.000,296.8509
48650.667,295.1412
48661.333,295.1412
48672.000,293.4413
48682.667,291.7512
48693.333,293.4413
48704.000,296.8509
48714.667,0.0000
48725.333,0.0000
48736.000,0.0000
48746.667,327.4796
48757.333,329.3767
48768.000,331.2848
48778.667,331.2848
48789.333,333.2039
48800.000,333.2039
48810.667,331.2848
48821.333,331.2848
48832.000,329.3767
48842.667,327.4796
48853.333,325.5935
48864.000,323.7182
48874.667,320.0000
48885.333,316.3245
48896.000,0.0000
48906.667,0.0000
48917.333,0.0000
48928.000,0.0000
48938.667,0.0000
48949.333,0.0000
48960.000,662.5696
48970.667,662.5696
48981.333,662.5696
48992.000,662.5696
49002.667,662.5696
49013.333,658.7534
49024.000,662.5696
49034.667,658.7534
49045.333,658.7534
49056.000,662.5696
49066.667,658.7534
49077.333,651.1870
49088.000,647.4364
49098.667,651.1870
49109.333,654.9593
49120.000,658.7534
49130.667,658.7534
49141.333,658.7534
49152.000,658.7534
49162.667,654.9593
49173.333,651.1870
49184.000,647.4364
49194.667,654.9593
49205.333,0.0000
49216.000,0.0000
49226.667,0.0000
49237.333,0.0000
49248.000,0.0000
49258.667,0.0000
49269.333,0.0000
49280.000,0.0000
49290.667,0.0000
49301.333,0.0000
49312.000,0.0000
49322.667,0.0000
49333.333,0.0000
49344.000,0.0000
49354.667,0.0000
49365.333,0.0000
49376.000,295.1412
49386.667,295.1412
49397.333,293.4413
49408.000,291.7512
49418.667,288.4001
49429.333,286.7391
49440.000,0.0000
49450.667,0.0000
49461.333,0.0000
49472.000,0.0000
49482.667,0.0000
49493.333,0.0000
49504.000,291.7512
49514.667,293.4413
49525.333,293.4413
49536.000,293.4413
49546.667,291.7512
49557.333,291.7512
49568.000,293.4413
49578.667,293.4413
49589.333,293.4413
49600.000,293.4413
49610.667,295.1412
49621.333,295.1412
49632.000,296.8509
49642.667,296.8509
49653.333,296.8509
49664.000,296.8509
49674.667,295.1412
49685.333,295.1412
49696.000,293.4413
49706.667,293.4413
49717.333,291.7512
49728.000,291.7512
49738.667,291.7512
49749.333,291.7512
49760.000,291.7512
49770.667,291.7512
49781.333,291.7512
49792.000,293.4413
49802.667,293.4413
49813.333,295.1412
49824.000,295.1412
49834.667,295.1412
49845.333,295.1412
49856.000,293.4413
49866.667,293.4413
49877.333,293.4413
49888.000,291.7512
49898.667,290.0708
49909.333,291.7512
49920.000,291.7512
49930.667,291.7512
49941.333,291.7512
49952.000,293.4413
49962.667,293.4413
49973.333,293.4413
49984.000,0.0000
49994.667,367.5835
50005.333,367.5835
50016.000,367.5835
50026.667,371.8546
50037.333,374.0087
50048.000,378.3545
50058.667,387.1981
50069.333,391.6971
50080.000,393.9662
50090.667,393.9662
50101.333,393.9662
50112.000,393.9662
50122.667,391.6971
50133.333,391.6971
50144.000,389.4411
50154.667,389.4411
50165.333,389.4411
50176.000,391.6971
50186.667,391.6971
50197.333,391.6971
50208.000,391.6971
50218.667,389.4411
50229.333,389.4411
50240.000,384.9680
50250.667,382.7508
50261.333,382.7508
50272.000,380.5463
50282.667,378.3545
50293.333,382.7508
50304.000,378.3545
50314.667,348.9625
50325.333,339.0282
50336.000,335.1341
50346.667,331.2848
50357.333,331.2848
50368.000,333.2039
50378.667,340.9922
50389.333,350.9840
50400.000,363.3614
50410.667,371.8546
50421.333,374.0087
50432.000,374.0087
50442.667,371.8546
50453.333,369.7129
50464.000,367.5835
50474.667,367.5835
50485.333,367.5835
50496.000,367.5835
50506.667,369.7129
50517.333,369.7129
50528.000,369.7129
50538.667,367.5835
50549.333,367.5835
50560.000,365.4663
50570.667,365.4663
50581.333,363.3614
50592.000,361.2686
50602.667,361.2686
50613.333,359.1879
50624.000,371.8546
50634.667,384.9680
50645.333,378.3545
50656.000,374.0087
50666.667,0.0000
50677.333,0.0000
50688.000,0.0000
50698.667,0.0000
50709.333,0.0000
50720.000,0.0000
50730.667,0.0000
50741.333,0.0000
50752.000,0.0000
50762.667,0.0000
50773.333,0.0000
50784.000,0.0000
50794.667,0.0000
50805.333,0.0000
50816.000,0.0000
50826.667,0.0000
50837.333,0.0000
50848.000,0.0000
50858.667,291.7512
50869.333,293.4413
50880.000,293.4413
50890.667,293.4413
50901.333,293.4413
50912.000,293.4413
50922.667,293.4413
50933.333,295.1412
50944.000,295.1412
50954.667,295.1412
50965.333,295.1412
50976.000,295.1412
50986.667,295.1412
50997.333,295.1412
51008.000,295.1412
51018.667,295.1412
51029.333,293.4413
51040.000,293.4413
51050.667,291.7512
51061.333,291.7512
51072.000,291.7512
51082.667,293.4413
51093.333,293.4413
51104.000,293.4413
51114.667,293.4413
51125.333,293.4413
51136.000,293.4413
51146.667,293.4413
51157.333,293.4413
51168.000,293.4413
51178.667,293.4413
51189.333,293.4413
51200.000,291.7512
51210.667,291.7512
51221.333,290.0708
51232.000,291.7512
51242.667,291.7512
51253.333,291.7512
51264.000,293.4413
51274.667,293.4413
51285.333,293.4413
51296.000,293.4413
51306.667,293.4413
51317.333,293.4413
51328.000,293.4413
51338.667,293.4413
51349.333,291.7512
51360.000,293.4413
51370.667,293.4413
51381.333,295.1412
51392.000,296.8509
51402.667,300.3002
51413.333,307.3193
51424.000,323.7182
51434.667,327.4796
51445.333,329.3767
51456.000,331.2848
51466.667,331.2848
51477.333,331.2848
51488.000,331.2848
51498.667,331.2848
51509.333,331.2848
51520.000,329.3767
51530.667,329.3767
51541.333,327.4796
51552.000,327.4796
51562.667,327.4796
51573.333,325.5935
51584.000,321.8537
51594.667,312.6912
51605.333,0.0000
51616.000,0.0000
51626.667,0.0000
51637.333,0.0000
51648.000,0.0000
51658.667,0.0000
51669.333,0.0000
51680.000,0.0000
51690.667,0.0000
51701.333,0.0000
51712.000,0.0000
51722.667,0.0000
51733.333,0.0000
51744.000,0.0000
51754.667,0.0000
51765.333,0.0000
51776.000,0.0000
51786.667,0.0000
51797.333,0.0000
51808.000,0.0000
51818.667,0.0000
51829.333,0.0000
51840.000,0.0000
51850.667,0.0000
51861.333,0.0000
51872.000,0.0000
51882.667,0.0000
51893.333,0.0000
51904.000,0.0000
51914.667,0.0000
51925.333,0.0000
51936.000,0.0000
51946.667,0.0000
51957.333,0.0000
51968.000,0.0000
51978.667,0.0000
51989.333,293.4413
52000.000,288.4001
52010.667,290.0708
52021.333,291.7512
52032.000,291.7512
52042.667,293.4413
52053.333,293.4413
52064.000,293.4413
52074.667,293.4413
52085.333,293.4413
52096.000,293.4413
52106.667,293.4413
52117.333,293.4413
52128.000,291.7512
52138.667,290.0708
52149.333,290.0708
52160.000,293.4413
52170.667,295.1412
52181.333,295.1412
52192.000,295.1412
52202.667,295.1412
52213.333,293.4413
52224.000,293.4413
52234.667,291.7512
52245.333,293.4413
52256.000,293.4413
52266.667,293.4413
52277.333,293.4413
52288.000,293.4413
52298.667,295.1412
52309.333,295.1412
52320.000,295.1412
52330.667,295.1412
52341.333,295.1412
52352.000,295.1412
52362.667,295.1412
52373.333,295.1412
52384.000,293.4413
52394.667,293.4413
52405.333,291.7512
52416.000,291.7512
52426.667,291.7512
52437.333,291.7512
52448.000,291.7512
52458.667,293.4413
52469.333,293.4413
52480.000,295.1412
52490.667,295.1412
52501.333,296.8509
52512.000,296.8509
52522.667,295.1412
52533.333,295.1412
52544.000,295.1412
52554.667,293.4413
52565.333,291.7512
52576.000,291.7512
52586.667,291.7512
52597.333,293.4413
52608.000,293.4413
52618.667,293.4413
52629.333,295.1412
52640.000,296.8509
52650.667,298.5706
52661.333,337.0755
52672.000,348.9625
52682.667,357.1191
52693.333,363.3614
52704.000,369.7129
52714.667,374.0087
52725.333,376.1753
52736.000,380.5463
52746.667,384.9680
52757.333,389.4411
52768.000,391.6971
52778.667,393.9662
52789.333,393.9662
52800.000,393.9662
52810.667,393.9662
52821.333,393.9662
52832.000,391.6971
52842.667,391.6971
52853.333,391.6971
52864.000,389.4411
52874.667,380.5463
52885.333,374.0087
52896.000,374.0087
52906.667,376.1753
52917.333,376.1753
52928.000,378.3545
52938.667,378.3545
52949.333,378.3545
52960.000,378.3545
52970.667,378.3545
52981.333,378.3545
52992.000,382.7508
53002.667,0.0000
53013.333,331.2848
53024.000,331.2848
53034.667,331.2848
53045.333,335.1341
53056.000,344.9543
53066.667,357.1191
53077.333,363.3614
53088.000,369.7129
53098.667,371.8546
53109.333,371.8546
53120.000,369.7129
53130.667,369.7129
53141.333,369.7129
53152.000,371.8546
53162.667,371.8546
53173.333,369.7129
53184.000,371.8546
53194.667,371.8546
53205.333,371.8546
53216.000,371.8546
53226.667,371.8546
53237.333,369.7129
53248.000,369.7129
53258.667,367.5835
53269.333,369.7129
53280.000,367.5835
53290.667,367.5835
53301.333,367.5835
53312.000,367.5835
53322.667,369.7129
53333.333,0.0000
53344.000,295.1412
53354.667,295.1412
53365.333,296.8509
53376.000,296.8509
53386.667,296.8509
53397.333,296.8509
53408.000,295.1412
53418.667,295.1412
53429.333,293.4413
53440.000,293.4413
53450.667,291.7512
53461.333,288.4001
53472.000,286.7391
53482.667,288.4001
53493.333,288.4001
53504.000,291.7512
53514.667,293.4413
53525.333,295.1412
53536.000,293.4413
53546.667,291.7512
53557.333,291.7512
53568.000,291.7512
53578.667,293.4413
53589.333,293.4413
53600.000,293.4413
53610.667,295.1412
53621.333,295.1412
53632.000,295.1412
53642.667,295.1412
53653.333,295.1412
53664.000,295.1412
53674.667,295.1412
53685.333,295.1412
53696.000,295.1412
53706.667,295.1412
53717.333,293.4413
53728.000,293.4413
53738.667,291.7512
53749.333,291.7512
53760.000,291.7512
53770.667,291.7512
53781.333,291.7512
53792.000,291.7512
53802.667,293.4413
53813.333,293.4413
53824.000,293.4413
53834.667,293.4413
53845.333,295.1412
53856.000,295.1412
53866.667,295.1412
53877.333,295.1412
53888.000,295.1412
53898.667,293.4413
53909.333,293.4413
53920.000,293.4413
53930.667,291.7512
53941.333,291.7512
53952.000,290.0708
53962.667,290.0708
53973.333,291.7512
53984.000,291.7512
53994.667,293.4413
54005.333,293.4413
54016.000,293.4413
54026.667,293.4413
54037.333,291.7512
54048.000,291.7512
54058.667,293.4413
54069.333,295.1412
54080.000,298.5706
54090.667,303.7895
54101.333,314.5026
54112.000,325.5935
54122.667,329.3767
54133.333,331.2848
54144.000,331.2848
54154.667,331.2848
54165.333,331.2848
54176.000,331.2848
54186.667,329.3767
54197.333,327.4796
54208.000,325.5935
54218.667,316.3245
54229.333,0.0000
54240.000,0.0000
54250.667,0.0000
54261.333,300.3002
54272.000,303.7895
54282.667,305.5493
54293.333,309.0996
54304.000,318.1569
54314.667,327.4796
54325.333,329.3767
54336.000,329.3767
54346.667,325.5935
54357.333,325.5935
54368.000,0.0000
54378.667,0.0000
54389.333,0.0000
54400.000,0.0000
54410.667,0.0000
54421.333,162.7968
54432.000,163.7398
54442.667,165.6424
54453.333,169.5141
54464.000,169.5141
54474.667,169.5141
54485.333,169.5141
54496.000,169.5141
54506.667,164.6884
54517.333,161.8591
54528.000,163.7398
54538.667,163.7398
54549.333,164.6884
54560.000,164.6884
54570.667,165.6424
54581.333,165.6424
54592.000,165.6424
54602.667,0.0000
54613.333,0.0000
54624.000,0.0000
54634.667,0.0000
54645.333,0.0000
54656.000,0.0000
54666.667,296.8509
54677.333,296.8509
54688.000,296.8509
54698.667,296.8509
54709.333,295.1412
54720.000,295.1412
54730.667,295.1412
54741.333,293.4413
54752.000,293.4413
54762.667,293.4413
54773.333,291.7512
54784.000,290.0708
54794.667,290.0708
54805.333,291.7512
54816.000,291.7512
54826.667,293.4413
54837.333,293.4413
54848.000,295.1412
54858.667,295.1412
54869.333,295.1412
54880.000,295.1412
54890.667,295.1412
54901.333,295.1412
54912.000,295.1412
54922.667,293.4413
54933.333,291.7512
54944.000,293.4413
54954.667,296.8509
54965.333,295.1412
54976.000,295.1412
54986.667,291.7512
54997.333,291.7512
55008.000,293.4413
55018.667,295.1412
55029.333,295.1412
55040.000,295.1412
55050.667,293.4413
55061.333,293.4413
55072.000,293.4413
55082.667,291.7512
55093.333,288.4001
55104.000,291.7512
55114.667,291.7512
55125.333,293.4413
55136.000,293.4413
55146.667,296.8509
55157.333,296.8509
55168.000,296.8509
55178.667,296.8509
55189.333,296.8509
55200.000,295.1412
55210.667,291.7512
55221.333,290.0708
55232.000,291.7512
55242.667,293.4413
55253.333,293.4413
55264.000,293.4413
55274.667,293.4413
55285.333,291.7512
55296.000,291.7512
55306.667,290.0708
55317.333,0.0000
55328.000,365.4663
55338.667,367.5835
55349.333,369.7129
55360.000,374.0087
55370.667,380.5463
55381.333,387.1981
55392.000,391.6971
55402.667,393.9662
55413.333,393.9662
55424.000,393.9662
55434.667,391.6971
55445.333,391.6971
55456.000,391.6971
55466.667,389.4411
55477.333,361.2686
55488.000,361.2686
55498.667,359.1879
55509.333,359.1879
55520.000,359.1879
55530.667,359.1879
55541.333,357.1191
55552.000,0.0000
55562.667,0.0000
55573.333,0.0000
55584.000,0.0000
55594.667,0.0000
55605.333,0.0000
55616.000,0.0000
55626.667,0.0000
55637.333,0.0000
55648.000,0.0000
55658.667,0.0000
55669.333,0.0000
55680.000,342.9675
55690.667,353.0172
55701.333,361.2686
55712.000,367.5835
55722.667,371.8546
55733.333,371.8546
55744.000,374.0087
55754.667,374.0087
55765.333,371.8546
55776.000,371.8546
55786.667,369.7129
55797.333,367.5835
55808.000,369.7129
55818.667,369.7129
55829.333,371.8546
55840.000,371.8546
55850.667,371.8546
55861.333,371.8546
55872.000,369.7129
55882.667,367.5835
55893.333,367.5835
55904.000,367.5835
55914.667,369.7129
55925.333,369.7129
55936.000,369.7129
55946.667,367.5835
55957.333,365.4663
55968.000,361.2686
55978.667,357.1191
55989.333,318.1569
56000.000,314.5026
56010.667,307.3193
56021.333,302.0398
56032.000,296.8509
56042.667,295.1412
56053.333,293.4413
56064.000,295.1412
56074.667,295.1412
56085.333,293.4413
56096.000,293.4413
56106.667,291.7512
56117.333,291.7512
56128.000,290.0708
56138.667,290.0708
56149.333,290.0708
56160.000,290.0708
56170.667,291.7512
56181.333,291.7512
56192.000,293.4413
56202.667,295.1412
56213.333,296.8509
56224.000,298.5706
56234.667,298.5706
56245.333,296.8509
56256.000,296.8509
56266.667,295.1412
56277.333,295.1412
56288.000,293.4413
56298.667,293.4413
56309.333,291.7512
56320.000,291.7512
56330.667,293.4413
56341.333,293.4413
56352.000,293.4413
56362.667,293.4413
56373.333,293.4413
56384.000,293.4413
56394.667,295.1412
56405.333,295.1412
56416.000,295.1412
56426.667,295.1412
56437.333,293.4413
56448.000,293.4413
56458.667,293.4413
56469.333,293.4413
56480.000,293.4413
56490.667,293.4413
56501.333,293.4413
56512.000,293.4413
56522.667,291.7512
56533.333,291.7512
56544.000,291.7512
56554.667,293.4413
56565.333,293.4413
56576.000,293.4413
56586.667,293.4413
56597.333,293.4413
56608.000,293.4413
56618.667,293.4413
56629.333,293.4413
56640.000,293.4413
56650.667,0.0000
56661.333,253.9842
56672.000,252.5213
56682.667,251.0669
56693.333,246.7537
56704.000,245.3325
56714.667,245.3325
56725.333,246.7537
56736.000,246.7537
56746.667,246.7537
56757.333,246.7537
56768.000,245.3325
56778.667,242.5147
56789.333,238.3484
56800.000,232.9045
56810.667,226.2742
56821.333,221.1061
56832.000,219.8326
56842.667,218.5664
56853.333,217.3076
56864.000,216.0560
56874.667,213.5744
56885.333,211.1213
56896.000,0.0000
56906.667,0.0000
56917.333,0.0000
56928.000,0.0000
56938.667,0.0000
56949.333,0.0000
56960.000,0.0000
56970.667,0.0000
56981.333,0.0000
56992.000,0.0000
57002.667,0.0000
57013.333,0.0000
57024.000,0.0000
57034.667,0.0000
57045.333,0.0000
57056.000,0.0000
57066.667,0.0000
57077.333,0.0000
57088.000,0.0000
57098.667,0.0000
57109.333,0.0000
57120.000,0.0000
57130.667,0.0000
57141.333,0.0000
57152.000,0.0000
57162.667,0.0000
57173.333,0.0000
57184.000,0.0000
57194.667,0.0000
57205.333,0.0000
57216.000,0.0000
57226.667,0.0000
57237.333,0.0000
57248.000,0.0000
57258.667,0.0000
57269.333,0.0000
57280.000,0.0000
57290.667,0.0000
57301.333,0.0000
57312.000,0.0000
57322.667,0.0000
57333.333,0.0000
57344.000,0.0000
57354.667,255.4555
57365.333,255.4555
57376.000,273.7904
57386.667,295.1412
57397.333,293.4413
57408.000,295.1412
57418.667,295.1412
57429.333,295.1412
57440.000,295.1412
57450.667,295.1412
57461.333,293.4413
57472.000,296.8509
57482.667,295.1412
57493.333,0.0000
57504.000,0.0000
57514.667,0.0000
57525.333,0.0000
57536.000,0.0000
57546.667,0.0000
57557.333,293.4413
57568.000,293.4413
57578.667,293.4413
57589.333,293.4413
57600.000,293.4413
57610.667,288.4001
57621.333,290.0708
57632.000,291.7512
57642.667,293.4413
57653.333,295.1412
57664.000,298.5706
57674.667,298.5706
57685.333,298.5706
57696.000,298.5706
57706.667,295.1412
57717.333,293.4413
57728.000,293.4413
57738.667,295.1412
57749.333,295.1412
57760.000,295.1412
57770.667,295.1412
57781.333,296.8509
57792.000,295.1412
57802.667,295.1412
57813.333,295.1412
57824.000,298.5706
57834.667,0.0000
57845.333,0.0000
57856.000,0.0000
57866.667,0.0000
57877.333,0.0000
57888.000,0.0000
57898.667,0.0000
57909.333,0.0000
57920.000,0.0000
57930.667,0.0000
57941.333,0.0000
57952.000,0.0000
57962.667,0.0000
57973.333,0.0000
57984.000,0.0000
57994.667,0.0000
58005.333,0.0000
58016.000,378.3545
58026.667,376.1753
58037.333,374.0087
58048.000,376.1753
58058.667,376.1753
58069.333,382.7508
58080.000,387.1981
58090.667,391.6971
58101.333,393.9662
58112.000,393.9662
58122.667,393.9662
58133.333,393.9662
58144.000,391.6971
58154.667,391.6971
58165.333,391.6971
58176.000,389.4411
58186.667,389.4411
58197.333,389.4411
58208.000,389.4411
58218.667,387.1981
58229.333,384.9680
58240.000,382.7508
58250.667,382.7508
58261.333,384.9680
58272.000,380.5463
58282.667,384.9680
58293.333,389.4411
58304.000,389.4411
58314.667,389.4411
58325.333,382.7508
58336.000,335.1341
58346.667,337.0755
58357.333,335.1341
58368.000,333.2039
58378.667,339.0282
58389.333,346.9526
58400.000,357.1191
58410.667,367.5835
58421.333,371.8546
58432.000,371.8546
58442.667,371.8546
58453.333,369.7129
58464.000,369.7129
58474.667,367.5835
58485.333,367.5835
58496.000,367.5835
58506.667,369.7129
58517.333,371.8546
58528.000,371.8546
58538.667,371.8546
58549.333,374.0087
58560.000,374.0087
58570.667,374.0087
58581.333,374.0087
58592.000,374.0087
58602.667,369.7129
58613.333,365.4663
58624.000,365.4663
58634.667,365.4663
58645.333,369.7129
58656.000,371.8546
58666.667,371.8546
58677.333,0.0000
58688.000,305.5493
58698.667,298.5706
58709.333,295.1412
58720.000,295.1412
58730.667,293.4413
58741.333,293.4413
58752.000,293.4413
58762.667,291.7512
58773.333,290.0708
58784.000,291.7512
58794.667,293.4413
58805.333,296.8509
58816.000,296.8509
58826.667,296.8509
58837.333,295.1412
58848.000,293.4413
58858.667,288.4001
58869.333,290.0708
58880.000,291.7512
58890.667,293.4413
58901.333,295.1412
58912.000,295.1412
58922.667,295.1412
58933.333,295.1412
58944.000,295.1412
58954.667,295.1412
58965.333,293.4413
58976.000,293.4413
58986.667,291.7512
58997.333,291.7512
59008.000,291.7512
59018.667,293.4413
59029.333,293.4413
59040.000,295.1412
59050.667,295.1412
59061.333,295.1412
59072.000,295.1412
59082.667,293.4413
59093.333,293.4413
59104.000,291.7512
59114.667,291.7512
59125.333,291.7512
59136.000,293.4413
59146.667,293.4413
59157.333,293.4413
59168.000,293.4413
59178.667,295.1412
59189.333,295.1412
59200.000,295.1412
59210.667,295.1412
59221.333,293.4413
59232.000,293.4413
59242.667,293.4413
59253.333,293.4413
59264.000,293.4413
59274.667,293.4413
59285.333,291.7512
59296.000,291.7512
59306.667,291.7512
59317.333,291.7512
59328.000,0.0000
59338.667,288.4001
59349.333,296.8509
59360.000,295.1412
59370.667,293.4413
59381.333,291.7512
59392.000,291.7512
59402.667,291.7512
59413.333,293.4413
59424.000,0.0000
59434.667,0.0000
59445.333,325.5935
59456.000,327.4796
59466.667,331.2848
59477.333,333.2039
59488.000,333.2039
59498.667,333.2039
59509.333,333.2039
59520.000,331.2848
59530.667,327.4796
59541.333,323.7182
59552.000,320.0000
59562.667,318.1569
59573.333,312.6912
59584.000,298.5706
59594.667,290.0708
59605.333,0.0000
59616.000,0.0000
59626.667,0.0000
59637.333,0.0000
59648.000,0.0000
59658.667,0.0000
59669.333,0.0000
59680.000,0.0000
59690.667,0.0000
59701.333,0.0000
59712.000,0.0000
59722.667,0.0000
59733.333,0.0000
59744.000,0.0000
59754.667,0.0000
59765.333,0.0000
59776.000,0.0000
59786.667,0.0000
59797.333,0.0000
59808.000,0.0000
59818.667,0.0000
59829.333,0.0000
59840.000,0.0000
59850.667,0.0000
59861.333,0.0000
59872.000,316.3245
59882.667,312.6912
59893.333,314.5026
59904.000,316.3245
59914.667,327.4796
59925.333,325.5935
59936.000,323.7182
59946.667,325.5935
59957.333,0.0000
59968.000,0.0000
59978.667,0.0000
59989.333,0.0000
60000.000,452.5483
60010.667,449.9419
60021.333,444.7738
60032.000,442.2121
60042.667,439.6652
60053.333,437.1329
60064.000,439.6652
60074.667,439.6652
60085.333,442.2121
60096.000,442.2121
60106.667,444.7738
60117.333,449.9419
60128.000,452.5483
60138.667,460.4587
60149.333,473.9512
60160.000,485.0293
60170.667,490.6651
60181.333,496.3663
60192.000,499.2417
60202.667,499.2417
60213.333,499.2417
60224.000,496.3663
60234.667,496.3663
60245.333,496.3663
60256.000,496.3663
60266.667,493.5075
60277.333,493.5075
60288.000,493.5075
60298.667,493.5075
60309.333,493.5075
60320.000,493.5075
60330.667,493.5075
60341.333,493.5075
60352.000,493.5075
60362.667,493.5075
60373.333,493.5075
60384.000,493.5075
60394.667,493.5075
60405.333,493.5075
60416.000,493.5075
60426.667,493.5075
60437.333,493.5075
60448.000,493.5075
60458.667,493.5075
60469.333,493.5075
60480.000,493.5075
60490.667,493.5075
60501.333,493.5075
60512.000,493.5075
60522.667,493.5075
60533.333,493.5075
60544.000,493.5075
60554.667,493.5075
60565.333,493.5075
60576.000,493.5075
60586.667,493.5075
60597.333,493.5075
60608.000,493.5075
60618.667,493.5075
60629.333,490.6651
60640.000,490.6651
60650.667,487.8390
60661.333,482.2357
60672.000,473.9512
60682.667,460.4587
60693.333,452.5483
60704.000,444.7738
60714.667,442.2121
60725.333,439.6652
60736.000,439.6652
60746.667,439.6652
60757.333,442.2121
60768.000,442.2121
60778.667,447.3504
60789.333,452.5483
60800.000,452.5483
60810.667,457.8067
60821.333,463.1262
60832.000,476.6968
60842.667,485.0293
60853.333,490.6651
60864.000,493.5075
60874.667,496.3663
60885.333,496.3663
60896.000,499.2417
60906.667,499.2417
60917.333,499.2417
60928.000,499.2417
60938.667,496.3663
60949.333,496.3663
60960.000,493.5075
60970.667,490.6651
60981.333,490.6651
60992.000,487.8390
61002.667,485.0293
61013.333,476.6968
61024.000,471.2215
61034.667,460.4587
61045.333,444.7738
61056.000,424.6886
61066.667,405.5103
61077.333,0.0000
61088.000,331.2848
61098.667,327.4796
61109.333,325.5935
61120.000,327.4796
61130.667,329.3767
61141.333,331.2848
61152.000,333.2039
61162.667,333.2039
61173.333,335.1341
61184.000,339.0282
61194.667,348.9625
61205.333,357.1191
61216.000,365.4663
61226.667,369.7129
61237.333,374.0087
61248.000,374.0087
61258.667,374.0087
61269.333,371.8546
61280.000,371.8546
61290.667,369.7129
61301.333,369.7129
61312.000,369.7129
61322.667,369.7129
61333.333,369.7129
61344.000,369.7129
61354.667,369.7129
61365.333,369.7129
61376.000,369.7129
61386.667,369.7129
61397.333,369.7129
61408.000,369.7129
61418.667,371.8546
61429.333,371.8546
61440.000,371.8546
61450.667,371.8546
61461.333,371.8546
61472.000,371.8546
61482.667,369.7129
61493.333,367.5835
61504.000,367.5835
61514.667,365.4663
61525.333,361.2686
61536.000,357.1191
61546.667,350.9840
61557.333,340.9922
61568.000,331.2848
61578.667,329.3767
61589.333,329.3767
61600.000,329.3767
61610.667,329.3767
61621.333,329.3767
61632.000,329.3767
61642.667,329.3767
61653.333,327.4796
61664.000,327.4796
61674.667,327.4796
61685.333,325.5935
61696.000,323.7182
61706.667,318.1569
61717.333,312.6912
61728.000,305.5493
61738.667,296.8509
61749.333,293.4413
61760.000,293.4413
61770.667,293.4413
61781.333,293.4413
61792.000,293.4413
61802.667,293.4413
61813.333,293.4413
61824.000,295.1412
61834.667,295.1412
61845.333,295.1412
61856.000,293.4413
61866.667,293.4413
61877.333,293.4413
61888.000,293.4413
61898.667,293.4413
61909.333,293.4413
61920.000,293.4413
61930.667,293.4413
61941.333,293.4413
61952.000,293.4413
61962.667,295.1412
61973.333,295.1412
61984.000,295.1412
61994.667,295.1412
62005.333,295.1412
62016.000,295.1412
62026.667,295.1412
62037.333,296.8509
62048.000,295.1412
62058.667,295.1412
62069.333,295.1412
62080.000,295.1412
62090.667,296.8509
62101.333,296.8509
62112.000,295.1412
62122.667,295.1412
62133.333,295.1412
62144.000,293.4413
62154.667,293.4413
62165.333,293.4413
62176.000,291.7512
62186.667,291.7512
62197.333,325.5935
62208.000,329.3767
62218.667,331.2848
62229.333,339.0282
62240.000,331.2848
62250.667,325.5935
62261.333,333.2039
62272.000,0.0000
62282.667,0.0000
62293.333,0.0000
62304.000,0.0000
62314.667,0.0000
62325.333,0.0000
62336.000,0.0000
62346.667,283.4456
62357.333,288.4001
62368.000,291.7512
62378.667,291.7512
62389.333,293.4413
62400.000,293.4413
62410.667,295.1412
62421.333,295.1412
62432.000,295.1412
62442.667,296.8509
62453.333,296.8509
62464.000,295.1412
62474.667,295.1412
62485.333,293.4413
62496.000,293.4413
62506.667,293.4413
62517.333,293.4413
62528.000,293.4413
62538.667,293.4413
62549.333,293.4413
62560.000,290.0708
62570.667,288.4001
62581.333,288.4001
62592.000,288.4001
62602.667,290.0708
62613.333,293.4413
62624.000,295.1412
62634.667,300.3002
62645.333,0.0000
62656.000,0.0000
62666.667,427.1488
62677.333,427.1488
62688.000,434.6152
62698.667,437.1329
62709.333,444.7738
62720.000,449.9419
62730.667,457.8067
62741.333,471.2215
62752.000,487.8390
62762.667,493.5075
62773.333,496.3663
62784.000,496.3663
62794.667,496.3663
62805.333,493.5075
62816.000,493.5075
62826.667,490.6651
62837.333,490.6651
62848.000,493.5075
62858.667,493.5075
62869.333,496.3663
62880.000,496.3663
62890.667,496.3663
62901.333,496.3663
62912.000,496.3663
62922.667,496.3663
62933.333,493.5075
62944.000,490.6651
62954.667,490.6651
62965.333,487.8390
62976.000,487.8390
62986.667,490.6651
62997.333,490.6651
63008.000,490.6651
63018.667,493.5075
63029.333,493.5075
63040.000,496.3663
63050.667,499.2417
63061.333,496.3663
63072.000,493.5075
63082.667,493.5075
63093.333,493.5075
63104.000,493.5075
63114.667,493.5075
63125.333,493.5075
63136.000,493.5075
63146.667,493.5075
63157.333,493.5075
63168.000,493.5075
63178.667,496.3663
63189.333,496.3663
63200.000,493.5075
63210.667,490.6651
63221.333,487.8390
63232.000,482.2357
63242.667,476.6968
63253.333,507.9683
63264.000,507.9683
63274.667,505.0427
63285.333,490.6651
63296.000,496.3663
63306.667,493.5075
63317.333,493.5075
63328.000,473.9512
63338.667,449.9419
63349.333,447.3504
63360.000,442.2121
63370.667,442.2121
63381.333,439.6652
63392.000,439.6652
63402.667,439.6652
63413.333,439.6652
63424.000,439.6652
63434.667,439.6652
63445.333,439.6652
63456.000,439.6652
63466.667,439.6652
63477.333,439.6652
63488.000,439.6652
63498.667,439.6652
63509.333,439.6652
63520.000,439.6652
63530.667,442.2121
63541.333,442.2121
63552.000,442.2121
63562.667,442.2121
63573.333,444.7738
63584.000,442.2121
63594.667,439.6652
63605.333,437.1329
63616.000,432.1120
63626.667,429.6232
63637.333,432.1120
63648.000,455.1699
63658.667,0.0000
63669.333,0.0000
63680.000,346.9526
63690.667,331.2848
63701.333,331.2848
63712.000,331.2848
63722.667,331.2848
63733.333,331.2848
63744.000,329.3767
63754.667,327.4796
63765.333,329.3767
63776.000,331.2848
63786.667,340.9922
63797.333,350.9840
63808.000,357.1191
63818.667,365.4663
63829.333,371.8546
63840.000,374.0087
63850.667,374.0087
63861.333,371.8546
63872.000,371.8546
63882.667,371.8546
63893.333,371.8546
63904.000,369.7129
63914.667,369.7129
63925.333,367.5835
63936.000,367.5835
63946.667,367.5835
63957.333,367.5835
63968.000,369.7129
63978.667,369.7129
63989.333,369.7129
64000.000,369.7129
64010.667,369.7129
64021.333,369.7129
64032.000,371.8546
64042.667,371.8546
64053.333,371.8546
64064.000,371.8546
64074.667,371.8546
64085.333,371.8546
64096.000,369.7129
64106.667,369.7129
64117.333,367.5835
64128.000,365.4663
64138.667,365.4663
64149.333,361.2686
64160.000,355.0622
64170.667,346.9526
64181.333,333.2039
64192.000,329.3767
64202.667,329.3767
64213.333,327.4796
64224.000,327.4796
64234.667,327.4796
64245.333,327.4796
64256.000,329.3767
64266.667,329.3767
64277.333,329.3767
64288.000,329.3767
64298.667,329.3767
64309.333,329.3767
64320.000,327.4796
64330.667,325.5935
64341.333,323.7182
64352.000,318.1569
64362.667,303.7895
64373.333,296.8509
64384.000,293.4413
64394.667,293.4413
64405.333,293.4413
64416.000,293.4413
64426.667,293.4413
64437.333,293.4413
64448.000,293.4413
64458.667,293.4413
64469.333,295.1412
64480.000,295.1412
64490.667,295.1412
64501.333,295.1412
64512.000,295.1412
64522.667,295.1412
64533.333,295.1412
64544.000,298.5706
64554.667,302.0398
64565.333,309.0996
64576.000,333.2039
64586.667,0.0000
64597.333,0.0000
64608.000,0.0000
64618.667,0.0000
64629.333,335.1341
64640.000,337.0755
64650.667,335.1341
64661.333,335.1341
64672.000,337.0755
64682.667,361.2686
64693.333,355.0622
64704.000,344.9543
64714.667,342.9675
64725.333,335.1341
64736.000,333.2039
64746.667,333.2039
64757.333,333.2039
64768.000,335.1341
64778.667,335.1341
64789.333,320.0000
64800.000,0.0000
64810.667,0.0000
64821.333,0.0000
64832.000,0.0000
64842.667,0.0000
64853.333,0.0000
64864.000,0.0000
64874.667,293.4413
64885.333,293.4413
64896.000,293.4413
64906.667,295.1412
64917.333,295.1412
64928.000,295.1412
64938.667,295.1412
64949.333,295.1412
64960.000,293.4413
64970.667,291.7512
64981.333,291.7512
64992.000,291.7512
65002.667,290.0708
65013.333,290.0708
65024.000,291.7512
65034.667,293.4413
65045.333,293.4413
65056.000,295.1412
65066.667,295.1412
65077.333,295.1412
65088.000,295.1412
65098.667,295.1412
65109.333,293.4413
65120.000,293.4413
65130.667,293.4413
65141.333,293.4413
65152.000,293.4413
65162.667,293.4413
65173.333,295.1412
65184.000,293.4413
65194.667,293.4413
65205.333,293.4413
65216.000,293.4413
65226.667,293.4413
65237.333,293.4413
65248.000,293.4413
65258.667,293.4413
65269.333,293.4413
65280.000,293.4413
65290.667,293.4413
65301.333,295.1412
65312.000,296.8509
65322.667,298.5706
65333.333,300.3002
65344.000,303.7895
65354.667,0.0000
65365.333,0.0000
65376.000,0.0000
65386.667,0.0000
65397.333,396.2484
65408.000,396.2484
65418.667,396.2484
65429.333,396.2484
65440.000,398.5439
65450.667,398.5439
65461.333,400.8526
65472.000,403.1747
65482.667,407.8594
65493.333,414.9887
65504.000,424.6886
65514.667,432.1120
65525.333,437.1329
65536.000,439.6652
65546.667,444.7738
65557.333,449.9419
65568.000,452.5483
65578.667,452.5483
65589.333,455.1699
65600.000,457.8067
65610.667,463.1262
65621.333,468.5074
65632.000,476.6968
65642.667,482.2357
65653.333,485.0293
65664.000,490.6651
65674.667,493.5075
65685.333,496.3663
65696.000,496.3663
65706.667,499.2417
65717.333,499.2417
65728.000,499.2417
65738.667,499.2417
65749.333,496.3663
65760.000,496.3663
65770.667,496.3663
65781.333,493.5075
65792.000,493.5075
65802.667,493.5075
65813.333,493.5075
65824.000,496.3663
65834.667,496.3663
65845.333,496.3663
65856.000,496.3663
65866.667,499.2417
65877.333,499.2417
65888.000,499.2417
65898.667,499.2417
65909.333,499.2417
65920.000,496.3663
65930.667,493.5075
65941.333,473.9512
65952.000,452.5483
65962.667,447.3504
65973.333,444.7738
65984.000,444.7738
65994.667,442.2121
66005.333,439.6652
66016.000,434.6152
66026.667,432.1120
66037.333,432.1120
66048.000,432.1120
66058.667,432.1120
66069.333,434.6152
66080.000,439.6652
66090.667,444.7738
66101.333,444.7738
66112.000,444.7738
66122.667,444.7738
66133.333,442.2121
66144.000,437.1329
66154.667,439.6652
66165.333,437.1329
66176.000,442.2121
66186.667,442.2121
66197.333,442.2121
66208.000,442.2121
66218.667,442.2121
66229.333,439.6652
66240.000,437.1329
66250.667,434.6152
66261.333,432.1120
66272.000,432.1120
66282.667,434.6152
66293.333,432.1120
66304.000,434.6152
66314.667,432.1120
66325.333,432.1120
66336.000,442.2121
66346.667,403.1747
66357.333,382.7508
66368.000,376.1753
66378.667,374.0087
66389.333,371.8546
66400.000,371.8546
66410.667,371.8546
66421.333,371.8546
66432.000,371.8546
66442.667,371.8546
66453.333,371.8546
66464.000,371.8546
66474.667,371.8546
66485.333,369.7129
66496.000,369.7129
66506.667,369.7129
66517.333,369.7129
66528.000,371.8546
66538.667,371.8546
66549.333,371.8546
66560.000,371.8546
66570.667,371.8546
66581.333,369.7129
66592.000,369.7129
66602.667,369.7129
66613.333,369.7129
66624.000,369.7129
66634.667,369.7129
66645.333,369.7129
66656.000,369.7129
66666.667,369.7129
66677.333,367.5835
66688.000,369.7129
66698.667,369.7129
66709.333,369.7129
66720.000,369.7129
66730.667,371.8546
66741.333,371.8546
66752.000,371.8546
66762.667,369.7129
66773.333,369.7129
66784.000,369.7129
66794.667,367.5835
66805.333,367.5835
66816.000,367.5835
66826.667,365.4663
66837.333,365.4663
66848.000,363.3614
66858.667,363.3614
66869.333,359.1879
66880.000,346.9526
66890.667,337.0755
66901.333,331.2848
66912.000,329.3767
66922.667,329.3767
66933.333,329.3767
66944.000,327.4796
66954.667,327.4796
66965.333,325.5935
66976.000,323.7182
66986.667,320.0000
66997.333,314.5026
67008.000,303.7895
67018.667,295.1412
67029.333,293.4413
67040.000,293.4413
67050.667,293.4413
67061.333,293.4413
67072.000,293.4413
67082.667,293.4413
67093.333,293.4413
67104.000,293.4413
67114.667,293.4413
67125.333,293.4413
67136.000,293.4413
67146.667,293.4413
67157.333,295.1412
67168.000,295.1412
67178.667,296.8509
67189.333,296.8509
67200.000,296.8509
67210.667,298.5706
67221.333,298.5706
67232.000,323.7182
67242.667,0.0000
67253.333,0.0000
67264.000,0.0000
67274.667,0.0000
67285.333,0.0000
67296.000,0.0000
67306.667,0.0000
67317.333,369.7129
67328.000,355.0622
67338.667,350.9840
67349.333,348.9625
67360.000,340.9922
67370.667,333.2039
67381.333,337.0755
67392.000,340.9922
67402.667,342.9675
67413.333,0.0000
67424.000,0.0000
67434.667,0.0000
67445.333,0.0000
67456.000,0.0000
67466.667,0.0000
67477.333,0.0000
67488.000,0.0000
67498.667,0.0000
67509.333,0.0000
67520.000,0.0000
67530.667,0.0000
67541.333,0.0000
67552.000,0.0000
67562.667,0.0000
67573.333,0.0000
67584.000,0.0000
67594.667,0.0000
67605.333,0.0000
67616.000,0.0000
67626.667,0.0000
67637.333,0.0000
67648.000,0.0000
67658.667,0.0000
67669.333,0.0000
67680.000,0.0000
67690.667,0.0000
67701.333,278.5762
67712.000,281.8131
67722.667,288.4001
67733.333,293.4413
67744.000,295.1412
67754.667,295.1412
67765.333,293.4413
67776.000,291.7512
67786.667,293.4413
67797.333,293.4413
67808.000,295.1412
67818.667,295.1412
67829.333,295.1412
67840.000,295.1412
67850.667,295.1412
67861.333,295.1412
67872.000,295.1412
67882.667,295.1412
67893.333,293.4413
67904.000,293.4413
67914.667,291.7512
67925.333,291.7512
67936.000,293.4413
67946.667,293.4413
67957.333,293.4413
67968.000,295.1412
67978.667,295.1412
67989.333,295.1412
68000.000,298.5706
68010.667,310.8902
68021.333,0.0000
68032.000,400.8526
68042.667,405.5103
68053.333,412.5985
68064.000,419.8106
68074.667,427.1488
68085.333,434.6152
68096.000,442.2121
68106.667,444.7738
68117.333,447.3504
68128.000,447.3504
68138.667,449.9419
68149.333,449.9419
68160.000,457.8067
68170.667,468.5074
68181.333,479.4583
68192.000,487.8390
68202.667,490.6651
68213.333,496.3663
68224.000,499.2417
68234.667,499.2417
68245.333,499.2417
68256.000,499.2417
68266.667,499.2417
68277.333,496.3663
68288.000,496.3663
68298.667,493.5075
68309.333,493.5075
68320.000,493.5075
68330.667,493.5075
68341.333,493.5075
68352.000,493.5075
68362.667,490.6651
68373.333,493.5075
68384.000,490.6651
68394.667,493.5075
68405.333,493.5075
68416.000,493.5075
68426.667,496.3663
68437.333,496.3663
68448.000,496.3663
68458.667,496.3663
68469.333,493.5075
68480.000,493.5075
68490.667,493.5075
68501.333,493.5075
68512.000,493.5075
68522.667,493.5075
68533.333,490.6651
68544.000,490.6651
68554.667,490.6651
68565.333,490.6651
68576.000,490.6651
68586.667,493.5075
68597.333,496.3663
68608.000,496.3663
68618.667,499.2417
68629.333,499.2417
68640.000,493.5075
68650.667,493.5075
68661.333,485.0293
68672.000,479.4583
68682.667,468.5074
68693.333,447.3504
68704.000,439.6652
68714.667,437.1329
68725.333,437.1329
68736.000,437.1329
68746.667,437.1329
68757.333,439.6652
68768.000,439.6652
68778.667,439.6652
68789.333,442.2121
68800.000,444.7738
68810.667,447.3504
68821.333,447.3504
68832.000,449.9419
68842.667,452.5483
68853.333,471.2215
68864.000,482.2357
68874.667,490.6651
68885.333,493.5075
68896.000,496.3663
68906.667,496.3663
68917.333,493.5075
68928.000,493.5075
68938.667,493.5075
68949.333,490.6651
68960.000,490.6651
68970.667,485.0293
68981.333,476.6968
68992.000,463.1262
69002.667,447.3504
69013.333,400.8526
69024.000,361.2686
69034.667,342.9675
69045.333,337.0755
69056.000,331.2848
69066.667,331.2848
69077.333,329.3767
69088.000,329.3767
69098.667,329.3767
69109.333,329.3767
69120.000,329.3767
69130.667,331.2848
69141.333,335.1341
69152.000,339.0282
69162.667,359.1879
69173.333,369.7129
69184.000,371.8546
69194.667,374.0087
69205.333,374.0087
69216.000,371.8546
69226.667,369.7129
69237.333,367.5835
69248.000,367.5835
69258.667,367.5835
69269.333,367.5835
69280.000,367.5835
69290.667,369.7129
69301.333,369.7129
69312.000,369.7129
69322.667,371.8546
69333.333,371.8546
69344.000,371.8546
69354.667,369.7129
69365.333,369.7129
69376.000,369.7129
69386.667,367.5835
69397.333,367.5835
69408.000,369.7129
69418.667,369.7129
69429.333,369.7129
69440.000,371.8546
69450.667,371.8546
69461.333,371.8546
69472.000,369.7129
69482.667,367.5835
69493.333,365.4663
69504.000,363.3614
69514.667,361.2686
69525.333,357.1191
69536.000,340.9922
69546.667,333.2039
69557.333,329.3767
69568.000,329.3767
69578.667,327.4796
69589.333,327.4796
69600.000,327.4796
69610.667,329.3767
69621.333,329.3767
69632.000,329.3767
69642.667,329.3767
69653.333,327.4796
69664.000,325.5935
69674.667,323.7182
69685.333,0.0000
69696.000,0.0000
69706.667,0.0000
69717.333,0.0000
69728.000,293.4413
69738.667,291.7512
69749.333,291.7512
69760.000,291.7512
69770.667,291.7512
69781.333,293.4413
69792.000,293.4413
69802.667,293.4413
69813.333,293.4413
69824.000,293.4413
69834.667,293.4413
69845.333,293.4413
69856.000,293.4413
69866.667,295.1412
69877.333,295.1412
69888.000,295.1412
69898.667,295.1412
69909.333,295.1412
69920.000,295.1412
69930.667,293.4413
69941.333,293.4413
69952.000,293.4413
69962.667,293.4413
69973.333,293.4413
69984.000,293.4413
69994.667,293.4413
70005.333,293.4413
70016.000,293.4413
70026.667,293.4413
70037.333,293.4413
70048.000,293.4413
70058.667,293.4413
70069.333,293.4413
70080.000,293.4413
70090.667,293.4413
70101.333,295.1412
70112.000,295.1412
70122.667,296.8509
70133.333,296.8509
70144.000,298.5706
70154.667,300.3002
70165.333,302.0398
70176.000,310.8902
70186.667,321.8537
70197.333,327.4796
70208.000,331.2848
70218.667,333.2039
70229.333,333.2039
70240.000,333.2039
70250.667,331.2848
70261.333,331.2848
70272.000,329.3767
70282.667,329.3767
70293.333,329.3767
70304.000,329.3767
70314.667,329.3767
70325.333,329.3767
70336.000,329.3767
70346.667,327.4796
70357.333,327.4796
70368.000,325.5935
70378.667,321.8537
70389.333,318.1569
70400.000,307.3193
70410.667,295.1412
70421.333,293.4413
70432.000,293.4413
70442.667,293.4413
70453.333,293.4413
70464.000,293.4413
70474.667,293.4413
70485.333,293.4413
70496.000,293.4413
70506.667,293.4413
70517.333,293.4413
70528.000,293.4413
70538.667,293.4413
70549.333,293.4413
70560.000,293.4413
70570.667,295.1412
70581.333,295.1412
70592.000,295.1412
70602.667,296.8509
70613.333,296.8509
70624.000,302.0398
70634.667,0.0000
70645.333,0.0000
70656.000,0.0000
70666.667,0.0000
70677.333,0.0000
70688.000,323.7182
70698.667,325.5935
70709.333,323.7182
70720.000,320.0000
70730.667,300.3002
70741.333,296.8509
70752.000,296.8509
70762.667,298.5706
70773.333,300.3002
70784.000,302.0398
70794.667,300.3002
70805.333,298.5706
70816.000,298.5706
70826.667,298.5706
70837.333,300.3002
70848.000,305.5493
70858.667,310.8902
70869.333,318.1569
70880.000,321.8537
70890.667,327.4796
70901.333,325.5935
70912.000,323.7182
70922.667,323.7182
70933.333,323.7182
70944.000,321.8537
70954.667,321.8537
70965.333,320.0000
70976.000,318.1569
70986.667,318.1569
70997.333,320.0000
71008.000,320.0000
71018.667,320.0000
71029.333,318.1569
71040.000,318.1569
71050.667,316.3245
71061.333,316.3245
71072.000,316.3245
71082.667,312.6912
71093.333,316.3245
71104.000,318.1569
71114.667,318.1569
71125.333,318.1569
71136.000,314.5026
71146.667,312.6912
71157.333,300.3002
71168.000,298.5706
71178.667,318.1569
71189.333,323.7182
71200.000,327.4796
71210.667,325.5935
71221.333,321.8537
71232.000,316.3245
71242.667,307.3193
71253.333,302.0398
71264.000,300.3002
71274.667,300.3002
71285.333,298.5706
71296.000,298.5706
71306.667,296.8509
71317.333,298.5706
71328.000,300.3002
71338.667,309.0996
71349.333,307.3193
71360.000,320.0000
71370.667,318.1569
71381.333,312.6912
71392.000,302.0398
71402.667,295.1412
71413.333,296.8509
71424.000,295.1412
71434.667,298.5706
71445.333,302.0398
71456.000,310.8902
71466.667,314.5026
71477.333,314.5026
71488.000,310.8902
71498.667,303.7895
71509.333,298.5706
71520.000,300.3002
71530.667,298.5706
71541.333,298.5706
71552.000,0.0000
71562.667,0.0000
71573.333,0.0000
71584.000,0.0000
71594.667,0.0000
71605.333,0.0000
71616.000,0.0000
71626.667,0.0000
71637.333,0.0000
71648.000,0.0000
71658.667,0.0000
71669.333,0.0000
71680.000,0.0000
71690.667,205.1111
71701.333,205.1111
71712.000,217.3076
71722.667,219.8326
71733.333,221.1061
71744.000,221.1061
71754.667,221.1061
71765.333,221.1061
71776.000,221.1061
71786.667,222.3869
71797.333,223.6752
71808.000,224.9709
71818.667,227.5850
71829.333,236.9756
71840.000,239.7291
71850.667,242.5147
71861.333,245.3325
71872.000,248.1832
71882.667,248.1832
71893.333,249.6209
71904.000,249.6209
71914.667,249.6209
71925.333,249.6209
71936.000,249.6209
71946.667,249.6209
71957.333,251.0669
71968.000,251.0669
71978.667,286.7391
71989.333,310.8902
72000.000,312.6912
72010.667,316.3245
72021.333,331.2848
72032.000,329.3767
72042.667,331.2848
72053.333,331.2848
72064.000,331.2848
72074.667,329.3767
72085.333,329.3767
72096.000,331.2848
72106.667,329.3767
72117.333,329.3767
72128.000,329.3767
72138.667,327.4796
72149.333,329.3767
72160.000,329.3767
72170.667,331.2848
72181.333,333.2039
72192.000,333.2039
72202.667,333.2039
72213.333,329.3767
72224.000,331.2848
72234.667,331.2848
72245.333,331.2848
72256.000,331.2848
72266.667,331.2848
72277.333,331.2848
72288.000,331.2848
72298.667,329.3767
72309.333,329.3767
72320.000,329.3767
72330.667,327.4796
72341.333,329.3767
72352.000,331.2848
72362.667,331.2848
72373.333,331.2848
72384.000,331.2848
72394.667,331.2848
72405.333,331.2848
72416.000,331.2848
72426.667,331.2848
72437.333,331.2848
72448.000,331.2848
72458.667,331.2848
72469.333,329.3767
72480.000,329.3767
72490.667,329.3767
72501.333,329.3767
72512.000,329.3767
72522.667,329.3767
72533.333,329.3767
72544.000,327.4796
72554.667,327.4796
72565.333,329.3767
72576.000,329.3767
72586.667,329.3767
72597.333,329.3767
72608.000,329.3767
72618.667,331.2848
72629.333,331.2848
72640.000,329.3767
72650.667,329.3767
72661.333,329.3767
72672.000,331.2848
72682.667,329.3767
72693.333,329.3767
72704.000,329.3767
72714.667,329.3767
72725.333,329.3767
72736.000,329.3767
72746.667,329.3767
72757.333,331.2848
72768.000,331.2848
72778.667,331.2848
72789.333,331.2848
72800.000,329.3767
72810.667,329.3767
72821.333,329.3767
72832.000,329.3767
72842.667,329.3767
72853.333,327.4796
72864.000,327.4796
72874.667,329.3767
72885.333,329.3767
72896.000,329.3767
72906.667,329.3767
72917.333,329.3767
72928.000,329.3767
72938.667,329.3767
72949.333,329.3767
72960.000,329.3767
72970.667,333.2039
72981.333,337.0755
72992.000,335.1341
73002.667,335.1341
73013.333,333.2039
73024.000,331.2848
73034.667,329.3767
73045.333,329.3767
73056.000,329.3767
73066.667,329.3767
73077.333,331.2848
73088.000,331.2848
73098.667,331.2848
73109.333,329.3767
73120.000,329.3767
73130.667,329.3767
73141.333,329.3767
73152.000,329.3767
73162.667,331.2848
73173.333,331.2848
73184.000,331.2848
73194.667,329.3767
73205.333,329.3767
73216.000,329.3767
73226.667,329.3767
73237.333,331.2848
73248.000,331.2848
73258.667,331.2848
73269.333,331.2848
73280.000,331.2848
73290.667,331.2848
73301.333,329.3767
73312.000,331.2848
73322.667,331.2848
73333.333,331.2848
73344.000,331.2848
73354.667,329.3767
73365.333,329.3767
73376.000,329.3767
73386.667,329.3767
73397.333,329.3767
73408.000,329.3767
73418.667,329.3767
73429.333,329.3767
73440.000,329.3767
73450.667,329.3767
73461.333,329.3767
73472.000,329.3767
73482.667,329.3767
73493.333,329.3767
73504.000,329.3767
73514.667,329.3767
73525.333,329.3767
73536.000,329.3767
73546.667,329.3767
73557.333,329.3767
73568.000,329.3767
73578.667,329.3767
73589.333,329.3767
73600.000,329.3767
73610.667,329.3767
73621.333,329.3767
73632.000,329.3767
73642.667,329.3767
73653.333,329.3767
73664.000,329.3767
73674.667,329.3767
73685.333,329.3767
73696.000,329.3767
73706.667,329.3767
73717.333,329.3767
73728.000,329.3767
73738.667,329.3767
73749.333,329.3767
73760.000,329.3767
73770.667,329.3767
73781.333,329.3767
73792.000,329.3767
73802.667,329.3767
73813.333,329.3767
73824.000,329.3767
73834.667,329.3767
73845.333,329.3767
73856.000,329.3767
73866.667,329.3767
73877.333,329.3767
73888.000,329.3767
73898.667,329.3767
73909.333,329.3767
73920.000,329.3767
73930.667,329.3767
73941.333,329.3767
73952.000,329.3767
73962.667,329.3767
73973.333,329.3767
73984.000,329.3767
73994.667,329.3767
74005.333,329.3767
74016.000,329.3767
74026.667,329.3767
74037.333,329.3767
74048.000,329.3767
74058.667,329.3767
74069.333,329.3767
74080.000,329.3767
74090.667,329.3767
74101.333,329.3767
74112.000,329.3767
74122.667,329.3767
74133.333,0.0000
74144.000,0.0000
74154.667,0.0000
74165.333,216.0560
74176.000,217.3076
74186.667,218.5664
74197.333,221.1061
74208.000,219.8326
74218.667,219.8326
74229.333,219.8326
74240.000,221.1061
74250.667,222.3869
74261.333,222.3869
74272.000,221.1061
74282.667,218.5664
74293.333,218.5664
74304.000,217.3076
74314.667,217.3076
74325.333,216.0560
74336.000,216.0560
74346.667,217.3076
74357.333,219.8326
74368.000,221.1061
74378.667,221.1061
74389.333,221.1061
74400.000,219.8326
74410.667,214.8116
74421.333,0.0000
74432.000,0.0000
74442.667,223.6752
74453.333,234.2537
74464.000,234.2537
74474.667,246.7537
74485.333,246.7537
74496.000,245.3325
74506.667,245.3325
74517.333,245.3325
74528.000,246.7537
74538.667,248.1832
74549.333,249.6209
74560.000,248.1832
74570.667,248.1832
74581.333,239.7291
74592.000,0.0000
74602.667,0.0000
74613.333,0.0000
74624.000,0.0000
74634.667,0.0000
74645.333,0.0000
74656.000,0.0000
74666.667,339.0282
74677.333,339.0282
74688.000,337.0755
74698.667,337.0755
74709.333,333.2039
74720.000,329.3767
74730.667,327.4796
74741.333,325.5935
74752.000,325.5935
74762.667,327.4796
74773.333,331.2848
74784.000,333.2039
74794.667,333.2039
74805.333,331.2848
74816.000,331.2848
74826.667,327.4796
74837.333,325.5935
74848.000,331.2848
74858.667,329.3767
74869.333,331.2848
74880.000,329.3767
74890.667,327.4796
74901.333,327.4796
74912.000,325.5935
74922.667,325.5935
74933.333,325.5935
74944.000,325.5935
74954.667,327.4796
74965.333,327.4796
74976.000,329.3767
74986.667,327.4796
74997.333,327.4796
75008.000,329.3767
75018.667,329.3767
75029.333,329.3767
75040.000,329.3767
75050.667,327.4796
75061.333,329.3767
75072.000,329.3767
75082.667,333.2039
75093.333,339.0282
75104.000,346.9526
75114.667,355.0622
75125.333,361.2686
75136.000,367.5835
75146.667,369.7129
75157.333,371.8546
75168.000,371.8546
75178.667,371.8546
75189.333,374.0087
75200.000,374.0087
75210.667,374.0087
75221.333,371.8546
75232.000,371.8546
75242.667,369.7129
75253.333,369.7129
75264.000,367.5835
75274.667,367.5835
75285.333,369.7129
75296.000,369.7129
75306.667,369.7129
75317.333,369.7129
75328.000,369.7129
75338.667,369.7129
75349.333,369.7129
75360.000,369.7129
75370.667,369.7129
75381.333,369.7129
75392.000,369.7129
75402.667,369.7129
75413.333,369.7129
75424.000,371.8546
75434.667,371.8546
75445.333,371.8546
75456.000,369.7129
75466.667,369.7129
75477.333,369.7129
75488.000,371.8546
75498.667,371.8546
75509.333,371.8546
75520.000,371.8546
75530.667,371.8546
75541.333,371.8546
75552.000,369.7129
75562.667,369.7129
75573.333,371.8546
75584.000,374.0087
75594.667,371.8546
75605.333,369.7129
75616.000,365.4663
75626.667,361.2686
75637.333,359.1879
75648.000,357.1191
75658.667,353.0172
75669.333,337.0755
75680.000,331.2848
75690.667,327.4796
75701.333,325.5935
75712.000,323.7182
75722.667,329.3767
75733.333,331.2848
75744.000,331.2848
75754.667,331.2848
75765.333,329.3767
75776.000,329.3767
75786.667,327.4796
75797.333,327.4796
75808.000,327.4796
75818.667,329.3767
75829.333,329.3767
75840.000,331.2848
75850.667,331.2848
75861.333,331.2848
75872.000,329.3767
75882.667,329.3767
75893.333,329.3767
75904.000,329.3767
75914.667,329.3767
75925.333,329.3767
75936.000,329.3767
75946.667,329.3767
75957.333,329.3767
75968.000,329.3767
75978.667,329.3767
75989.333,329.3767
76000.000,329.3767
76010.667,327.4796
76021.333,327.4796
76032.000,327.4796
76042.667,327.4796
76053.333,329.3767
76064.000,327.4796
76074.667,327.4796
76085.333,329.3767
76096.000,329.3767
76106.667,329.3767
76117.333,329.3767
76128.000,329.3767
76138.667,329.3767
76149.333,327.4796
76160.000,329.3767
76170.667,329.3767
76181.333,331.2848
76192.000,329.3767
76202.667,329.3767
76213.333,329.3767
76224.000,327.4796
76234.667,327.4796
76245.333,327.4796
76256.000,327.4796
76266.667,327.4796
76277.333,329.3767
76288.000,329.3767
76298.667,329.3767
76309.333,329.3767
76320.000,329.3767
76330.667,329.3767
76341.333,327.4796
76352.000,327.4796
76362.667,327.4796
76373.333,327.4796
76384.000,327.4796
76394.667,329.3767
76405.333,329.3767
76416.000,329.3767
76426.667,329.3767
76437.333,329.3767
76448.000,329.3767
76458.667,329.3767
76469.333,329.3767
76480.000,329.3767
76490.667,329.3767
76501.333,329.3767
76512.000,329.3767
76522.667,329.3767
76533.333,329.3767
76544.000,329.3767
76554.667,329.3767
76565.333,329.3767
76576.000,329.3767
76586.667,329.3767
76597.333,329.3767
76608.000,329.3767
76618.667,329.3767
76629.333,329.3767
76640.000,329.3767
76650.667,327.4796
76661.333,327.4796
76672.000,329.3767
76682.667,329.3767
76693.333,329.3767
76704.000,331.2848
76714.667,331.2848
76725.333,331.2848
76736.000,331.2848
76746.667,331.2848
76757.333,329.3767
76768.000,329.3767
76778.667,329.3767
76789.333,329.3767
76800.000,329.3767
76810.667,329.3767
76821.333,329.3767
76832.000,329.3767
76842.667,329.3767
76853.333,329.3767
76864.000,329.3767
76874.667,329.3767
76885.333,329.3767
76896.000,329.3767
76906.667,329.3767
76917.333,329.3767
76928.000,327.4796
76938.667,327.4796
76949.333,329.3767
76960.000,329.3767
76970.667,329.3767
76981.333,318.1569
76992.000,0.0000
77002.667,0.0000
77013.333,0.0000
77024.000,216.0560
77034.667,216.0560
77045.333,217.3076
77056.000,219.8326
77066.667,219.8326
77077.333,221.1061
77088.000,221.1061
77098.667,221.1061
77109.333,221.1061
77120.000,222.3869
77130.667,222.3869
77141.333,223.6752
77152.000,226.2742
77162.667,230.2294
77173.333,238.3484
77184.000,249.6209
77194.667,252.5213
77205.333,253.9842
77216.000,252.5213
77226.667,249.6209
77237.333,249.6209
77248.000,249.6209
77258.667,0.0000
77269.333,0.0000
77280.000,0.0000
77290.667,0.0000
77301.333,0.0000
77312.000,0.0000
77322.667,0.0000
77333.333,0.0000
77344.000,320.0000
77354.667,329.3767
77365.333,329.3767
77376.000,329.3767
77386.667,329.3767
77397.333,329.3767
77408.000,331.2848
77418.667,331.2848
77429.333,331.2848
77440.000,329.3767
77450.667,329.3767
77461.333,329.3767
77472.000,327.4796
77482.667,329.3767
77493.333,329.3767
77504.000,329.3767
77514.667,329.3767
77525.333,329.3767
77536.000,329.3767
77546.667,329.3767
77557.333,329.3767
77568.000,329.3767
77578.667,329.3767
77589.333,329.3767
77600.000,331.2848
77610.667,329.3767
77621.333,329.3767
77632.000,329.3767
77642.667,329.3767
77653.333,331.2848
77664.000,331.2848
77674.667,333.2039
77685.333,331.2848
77696.000,329.3767
77706.667,329.3767
77717.333,329.3767
77728.000,331.2848
77738.667,331.2848
77749.333,329.3767
77760.000,329.3767
77770.667,329.3767
77781.333,329.3767
77792.000,329.3767
77802.667,327.4796
77813.333,327.4796
77824.000,327.4796
77834.667,329.3767
77845.333,329.3767
77856.000,329.3767
77866.667,329.3767
77877.333,329.3767
77888.000,331.2848
77898.667,331.2848
77909.333,331.2848
77920.000,331.2848
77930.667,329.3767
77941.333,329.3767
77952.000,329.3767
77962.667,329.3767
77973.333,329.3767
77984.000,331.2848
77994.667,331.2848
78005.333,329.3767
78016.000,329.3767
78026.667,329.3767
78037.333,329.3767
78048.000,329.3767
78058.667,329.3767
78069.333,329.3767
78080.000,329.3767
78090.667,329.3767
78101.333,329.3767
78112.000,329.3767
78122.667,329.3767
78133.333,329.3767
78144.000,329.3767
78154.667,329.3767
78165.333,331.2848
78176.000,331.2848
78186.667,329.3767
78197.333,329.3767
78208.000,329.3767
78218.667,329.3767
78229.333,329.3767
78240.000,329.3767
78250.667,329.3767
78261.333,329.3767
78272.000,329.3767
78282.667,329.3767
78293.333,327.4796
78304.000,327.4796
78314.667,329.3767
78325.333,329.3767
78336.000,329.3767
78346.667,331.2848
78357.333,333.2039
78368.000,333.2039
78378.667,333.2039
78389.333,331.2848
78400.000,329.3767
78410.667,329.3767
78421.333,329.3767
78432.000,329.3767
78442.667,329.3767
78453.333,329.3767
78464.000,329.3767
78474.667,329.3767
78485.333,329.3767
78496.000,327.4796
78506.667,327.4796
78517.333,327.4796
78528.000,327.4796
78538.667,329.3767
78549.333,329.3767
78560.000,331.2848
78570.667,331.2848
78581.333,333.2039
78592.000,331.2848
78602.667,331.2848
78613.333,331.2848
78624.000,331.2848
78634.667,331.2848
78645.333,329.3767
78656.000,329.3767
78666.667,329.3767
78677.333,331.2848
78688.000,331.2848
78698.667,329.3767
78709.333,329.3767
78720.000,329.3767
78730.667,331.2848
78741.333,331.2848
78752.000,329.3767
78762.667,329.3767
78773.333,329.3767
78784.000,329.3767
78794.667,329.3767
78805.333,329.3767
78816.000,329.3767
78826.667,329.3767
78837.333,329.3767
78848.000,329.3767
78858.667,329.3767
78869.333,329.3767
78880.000,329.3767
78890.667,329.3767
78901.333,329.3767
78912.000,329.3767
78922.667,329.3767
78933.333,329.3767
78944.000,329.3767
78954.667,329.3767
78965.333,329.3767
78976.000,329.3767
78986.667,329.3767
78997.333,329.3767
79008.000,329.3767
79018.667,329.3767
79029.333,329.3767
79040.000,329.3767
79050.667,329.3767
79061.333,329.3767
79072.000,329.3767
79082.667,329.3767
79093.333,329.3767
79104.000,329.3767
79114.667,329.3767
79125.333,329.3767
79136.000,329.3767
79146.667,329.3767
79157.333,329.3767
79168.000,329.3767
79178.667,329.3767
79189.333,331.2848
79200.000,329.3767
79210.667,329.3767
79221.333,329.3767
79232.000,329.3767
79242.667,329.3767
79253.333,327.4796
79264.000,327.4796
79274.667,329.3767
79285.333,329.3767
79296.000,329.3767
79306.667,329.3767
79317.333,329.3767
79328.000,329.3767
79338.667,329.3767
79349.333,329.3767
79360.000,329.3767
79370.667,329.3767
79381.333,329.3767
79392.000,329.3767
79402.667,331.2848
79413.333,331.2848
79424.000,331.2848
79434.667,331.2848
79445.333,329.3767
79456.000,0.0000
79466.667,0.0000
79477.333,0.0000
79488.000,0.0000
79498.667,0.0000
79509.333,0.0000
79520.000,0.0000
79530.667,0.0000
79541.333,0.0000
79552.000,0.0000
79562.667,0.0000
79573.333,0.0000
79584.000,0.0000
79594.667,0.0000
79605.333,0.0000
79616.000,0.0000
79626.667,0.0000
79637.333,0.0000
79648.000,0.0000
79658.667,0.0000
79669.333,0.0000
79680.000,0.0000
79690.667,0.0000
79701.333,0.0000
79712.000,0.0000
79722.667,0.0000
79733.333,0.0000
79744.000,0.0000
79754.667,0.0000
79765.333,0.0000
79776.000,0.0000
79786.667,0.0000
79797.333,0.0000
79808.000,245.3325
79818.667,246.7537
79829.333,246.7537
79840.000,246.7537
79850.667,246.7537
79861.333,246.7537
79872.000,249.6209
79882.667,249.6209
79893.333,249.6209
79904.000,249.6209
79914.667,249.6209
79925.333,256.9353
79936.000,273.7904
79946.667,276.9717
79957.333,278.5762
79968.000,280.1900
79978.667,281.8131
79989.333,302.0398
80000.000,305.5493
80010.667,312.6912
80021.333,318.1569
80032.000,327.4796
80042.667,333.2039
80053.333,335.1341
80064.000,333.2039
80074.667,333.2039
80085.333,331.2848
80096.000,329.3767
80106.667,325.5935
80117.333,320.0000
80128.000,316.3245
80138.667,310.8902
80149.333,286.7391
80160.000,307.3193
80170.667,321.8537
80181.333,327.4796
80192.000,331.2848
80202.667,331.2848
80213.333,331.2848
80224.000,331.2848
80234.667,329.3767
80245.333,327.4796
80256.000,325.5935
80266.667,327.4796
80277.333,329.3767
80288.000,331.2848
80298.667,331.2848
80309.333,331.2848
80320.000,327.4796
80330.667,331.2848
80341.333,333.2039
80352.000,333.2039
80362.667,331.2848
80373.333,329.3767
80384.000,327.4796
80394.667,327.4796
80405.333,327.4796
80416.000,327.4796
80426.667,329.3767
80437.333,331.2848
80448.000,331.2848
80458.667,333.2039
80469.333,333.2039
80480.000,335.1341
80490.667,335.1341
80501.333,335.1341
80512.000,337.0755
80522.667,337.0755
80533.333,333.2039
80544.000,329.3767
80554.667,329.3767
80565.333,329.3767
80576.000,329.3767
80586.667,327.4796
80597.333,327.4796
80608.000,329.3767
80618.667,329.3767
80629.333,329.3767
80640.000,333.2039
80650.667,335.1341
80661.333,0.0000
80672.000,325.5935
80682.667,337.0755
80693.333,340.9922
80704.000,339.0282
80714.667,337.0755
80725.333,335.1341
80736.000,333.2039
80746.667,329.3767
80757.333,327.4796
80768.000,325.5935
80778.667,325.5935
80789.333,325.5935
80800.000,325.5935
80810.667,327.4796
80821.333,329.3767
80832.000,329.3767
80842.667,331.2848
80853.333,333.2039
80864.000,333.2039
80874.667,333.2039
80885.333,333.2039
80896.000,333.2039
80906.667,333.2039
80917.333,333.2039
80928.000,333.2039
80938.667,331.2848
80949.333,329.3767
80960.000,327.4796
80970.667,325.5935
80981.333,323.7182
80992.000,321.8537
81002.667,318.1569
81013.333,316.3245
81024.000,310.8902
81034.667,298.5706
81045.333,293.4413
81056.000,293.4413
81066.667,291.7512
81077.333,291.7512
81088.000,291.7512
81098.667,291.7512
81109.333,291.7512
81120.000,293.4413
81130.667,293.4413
81141.333,293.4413
81152.000,295.1412
81162.667,295.1412
81173.333,295.1412
81184.000,295.1412
81194.667,296.8509
81205.333,296.8509
81216.000,298.5706
81226.667,296.8509
81237.333,293.4413
81248.000,293.4413
81258.667,291.7512
81269.333,291.7512
81280.000,291.7512
81290.667,296.8509
81301.333,296.8509
81312.000,296.8509
81322.667,295.1412
81333.333,295.1412
81344.000,293.4413
81354.667,293.4413
81365.333,293.4413
81376.000,293.4413
81386.667,293.4413
81397.333,293.4413
81408.000,293.4413
81418.667,293.4413
81429.333,293.4413
81440.000,293.4413
81450.667,293.4413
81461.333,293.4413
81472.000,293.4413
81482.667,293.4413
81493.333,293.4413
81504.000,293.4413
81514.667,293.4413
81525.333,293.4413
81536.000,293.4413
81546.667,295.1412
81557.333,293.4413
81568.000,293.4413
81578.667,293.4413
81589.333,293.4413
81600.000,293.4413
81610.667,293.4413
81621.333,293.4413
81632.000,293.4413
81642.667,293.4413
81653.333,293.4413
81664.000,295.1412
81674.667,295.1412
81685.333,295.1412
81696.000,295.1412
81706.667,295.1412
81717.333,293.4413
81728.000,293.4413
81738.667,293.4413
81749.333,293.4413
81760.000,293.4413
81770.667,293.4413
81781.333,293.4413
81792.000,293.4413
81802.667,293.4413
81813.333,293.4413
81824.000,293.4413
81834.667,293.4413
81845.333,293.4413
81856.000,293.4413
81866.667,293.4413
81877.333,293.4413
81888.000,291.7512
81898.667,291.7512
81909.333,291.7512
81920.000,293.4413
81930.667,295.1412
81941.333,295.1412
81952.000,296.8509
81962.667,296.8509
81973.333,295.1412
81984.000,295.1412
81994.667,295.1412
82005.333,295.1412
82016.000,295.1412
82026.667,295.1412
82037.333,295.1412
82048.000,295.1412
82058.667,295.1412
82069.333,295.1412
82080.000,295.1412
82090.667,295.1412
82101.333,295.1412
82112.000,295.1412
82122.667,293.4413
82133.333,293.4413
82144.000,0.0000
82154.667,0.0000
82165.333,0.0000
82176.000,0.0000
82186.667,0.0000
82197.333,208.6963
82208.000,212.3443
82218.667,218.5664
82229.333,221.1061
82240.000,222.3869
82250.667,223.6752
82261.333,223.6752
82272.000,223.6752
82282.667,223.6752
82293.333,223.6752
82304.000,222.3869
82314.667,222.3869
82325.333,222.3869
82336.000,0.0000
82346.667,0.0000
82357.333,0.0000
82368.000,0.0000
82378.667,0.0000
82389.333,227.5850
82400.000,228.9033
82410.667,227.5850
82421.333,226.2742
82432.000,218.5664
82442.667,213.5744
82453.333,217.3076
82464.000,219.8326
82474.667,222.3869
82485.333,224.9709
82496.000,224.9709
82506.667,236.9756
82517.333,242.5147
82528.000,243.9195
82538.667,245.3325
82549.333,246.7537
82560.000,248.1832
82570.667,248.1832
82581.333,249.6209
82592.000,249.6209
82602.667,249.6209
82613.333,249.6209
82624.000,248.1832
82634.667,248.1832
82645.333,248.1832
82656.000,261.4265
82666.667,272.2135
82677.333,273.7904
82688.000,290.0708
82698.667,316.3245
82709.333,329.3767
82720.000,327.4796
82730.667,329.3767
82741.333,331.2848
82752.000,331.2848
82762.667,329.3767
82773.333,329.3767
82784.000,329.3767
82794.667,331.2848
82805.333,331.2848
82816.000,333.2039
82826.667,333.2039
82837.333,333.2039
82848.000,331.2848
82858.667,325.5935
82869.333,327.4796
82880.000,327.4796
82890.667,327.4796
82901.333,329.3767
82912.000,329.3767
82922.667,331.2848
82933.333,331.2848
82944.000,331.2848
82954.667,329.3767
82965.333,331.2848
82976.000,331.2848
82986.667,329.3767
82997.333,331.2848
83008.000,331.2848
83018.667,335.1341
83029.333,333.2039
83040.000,331.2848
83050.667,331.2848
83061.333,329.3767
83072.000,327.4796
83082.667,327.4796
83093.333,327.4796
83104.000,327.4796
83114.667,329.3767
83125.333,329.3767
83136.000,331.2848
83146.667,331.2848
83157.333,331.2848
83168.000,331.2848
83178.667,331.2848
83189.333,331.2848
83200.000,331.2848
83210.667,331.2848
83221.333,329.3767
83232.000,329.3767
83242.667,329.3767
83253.333,329.3767
83264.000,329.3767
83274.667,329.3767
83285.333,329.3767
83296.000,329.3767
83306.667,329.3767
83317.333,329.3767
83328.000,329.3767
83338.667,331.2848
83349.333,331.2848
83360.000,329.3767
83370.667,329.3767
83381.333,329.3767
83392.000,329.3767
83402.667,329.3767
83413.333,329.3767
83424.000,329.3767
83434.667,329.3767
83445.333,329.3767
83456.000,329.3767
83466.667,329.3767
83477.333,331.2848
83488.000,331.2848
83498.667,329.3767
83509.333,329.3767
83520.000,329.3767
83530.667,327.4796
83541.333,327.4796
83552.000,329.3767
83562.667,329.3767
83573.333,329.3767
83584.000,329.3767
83594.667,329.3767
83605.333,329.3767
83616.000,329.3767
83626.667,329.3767
83637.333,329.3767
83648.000,329.3767
83658.667,329.3767
83669.333,331.2848
83680.000,335.1341
83690.667,333.2039
83701.333,331.2848
83712.000,331.2848
83722.667,329.3767
83733.333,329.3767
83744.000,329.3767
83754.667,327.4796
83765.333,325.5935
83776.000,327.4796
83786.667,327.4796
83797.333,327.4796
83808.000,329.3767
83818.667,329.3767
83829.333,329.3767
83840.000,331.2848
83850.667,331.2848
83861.333,333.2039
83872.000,333.2039
83882.667,333.2039
83893.333,333.2039
83904.000,333.2039
83914.667,333.2039
83925.333,333.2039
83936.000,331.2848
83946.667,329.3767
83957.333,327.4796
83968.000,323.7182
83978.667,320.0000
83989.333,325.5935
84000.000,333.2039
84010.667,329.3767
84021.333,329.3767
84032.000,329.3767
84042.667,329.3767
84053.333,331.2848
84064.000,331.2848
84074.667,331.2848
84085.333,333.2039
84096.000,333.2039
84106.667,331.2848
84117.333,331.2848
84128.000,331.2848
84138.667,331.2848
84149.333,331.2848
84160.000,331.2848
84170.667,329.3767
84181.333,329.3767
84192.000,329.3767
84202.667,329.3767
84213.333,329.3767
84224.000,329.3767
84234.667,329.3767
84245.333,329.3767
84256.000,331.2848
84266.667,331.2848
84277.333,331.2848
84288.000,331.2848
84298.667,329.3767
84309.333,329.3767
84320.000,329.3767
84330.667,329.3767
84341.333,329.3767
84352.000,329.3767
84362.667,329.3767
84373.333,331.2848
84384.000,329.3767
84394.667,329.3767
84405.333,329.3767
84416.000,329.3767
84426.667,329.3767
84437.333,329.3767
84448.000,329.3767
84458.667,329.3767
84469.333,329.3767
84480.000,331.2848
84490.667,331.2848
84501.333,331.2848
84512.000,331.2848
84522.667,329.3767
84533.333,329.3767
84544.000,329.3767
84554.667,331.2848
84565.333,331.2848
84576.000,331.2848
84586.667,329.3767
84597.333,329.3767
84608.000,329.3767
84618.667,329.3767
84629.333,329.3767
84640.000,329.3767
84650.667,329.3767
84661.333,331.2848
84672.000,331.2848
84682.667,331.2848
84693.333,331.2848
84704.000,331.2848
84714.667,331.2848
84725.333,331.2848
84736.000,329.3767
84746.667,329.3767
84757.333,331.2848
84768.000,331.2848
84778.667,329.3767
84789.333,327.4796
84800.000,0.0000
84810.667,0.0000
84821.333,0.0000
84832.000,0.0000
84842.667,0.0000
84853.333,217.3076
84864.000,217.3076
84874.667,218.5664
84885.333,218.5664
84896.000,219.8326
84906.667,221.1061
84917.333,221.1061
84928.000,221.1061
84938.667,221.1061
84949.333,221.1061
84960.000,221.1061
84970.667,221.1061
84981.333,219.8326
84992.000,218.5664
85002.667,217.3076
85013.333,218.5664
85024.000,219.8326
85034.667,219.8326
85045.333,221.1061
85056.000,219.8326
85066.667,218.5664
85077.333,218.5664
85088.000,217.3076
85098.667,217.3076
85109.333,0.0000
85120.000,0.0000
85130.667,0.0000
85141.333,242.5147
85152.000,248.1832
85162.667,245.3325
85173.333,246.7537
85184.000,246.7537
85194.667,248.1832
85205.333,248.1832
85216.000,248.1832
85226.667,246.7537
85237.333,243.9195
85248.000,246.7537
85258.667,246.7537
85269.333,0.0000
85280.000,0.0000
85290.667,0.0000
85301.333,0.0000
85312.000,0.0000
85322.667,0.0000
85333.333,296.8509
85344.000,323.7182
85354.667,323.7182
85365.333,325.5935
85376.000,325.5935
85386.667,327.4796
85397.333,329.3767
85408.000,329.3767
85418.667,331.2848
85429.333,331.2848
85440.000,333.2039
85450.667,333.2039
85461.333,333.2039
85472.000,333.2039
85482.667,331.2848
85493.333,329.3767
85504.000,325.5935
85514.667,325.5935
85525.333,331.2848
85536.000,331.2848
85546.667,329.3767
85557.333,329.3767
85568.000,329.3767
85578.667,329.3767
85589.333,331.2848
85600.000,331.2848
85610.667,331.2848
85621.333,331.2848
85632.000,331.2848
85642.667,331.2848
85653.333,331.2848
85664.000,327.4796
85674.667,325.5935
85685.333,327.4796
85696.000,329.3767
85706.667,329.3767
85717.333,331.2848
85728.000,331.2848
85738.667,335.1341
85749.333,342.9675
85760.000,353.0172
85770.667,361.2686
85781.333,369.7129
85792.000,374.0087
85802.667,374.0087
85813.333,374.0087
85824.000,371.8546
85834.667,369.7129
85845.333,369.7129
85856.000,367.5835
85866.667,367.5835
85877.333,367.5835
85888.000,367.5835
85898.667,369.7129
85909.333,369.7129
85920.000,371.8546
85930.667,371.8546
85941.333,369.7129
85952.000,369.7129
85962.667,369.7129
85973.333,369.7129
85984.000,369.7129
85994.667,369.7129
86005.333,369.7129
86016.000,369.7129
86026.667,371.8546
86037.333,369.7129
86048.000,369.7129
86058.667,369.7129
86069.333,369.7129
86080.000,369.7129
86090.667,369.7129
86101.333,369.7129
86112.000,369.7129
86122.667,369.7129
86133.333,369.7129
86144.000,369.7129
86154.667,369.7129
86165.333,369.7129
86176.000,369.7129
86186.667,369.7129
86197.333,369.7129
86208.000,371.8546
86218.667,371.8546
86229.333,371.8546
86240.000,371.8546
86250.667,371.8546
86261.333,369.7129
86272.000,369.7129
86282.667,367.5835
86293.333,371.8546
86304.000,380.5463
86314.667,378.3545
86325.333,376.1753
86336.000,374.0087
86346.667,371.8546
86357.333,369.7129
86368.000,367.5835
86378.667,340.9922
86389.333,344.9543
86400.000,329.3767
86410.667,327.4796
86421.333,327.4796
86432.000,329.3767
86442.667,329.3767
86453.333,329.3767
86464.000,329.3767
86474.667,329.3767
86485.333,329.3767
86496.000,329.3767
86506.667,327.4796
86517.333,327.4796
86528.000,329.3767
86538.667,329.3767
86549.333,329.3767
86560.000,331.2848
86570.667,331.2848
86581.333,331.2848
86592.000,331.2848
86602.667,331.2848
86613.333,331.2848
86624.000,329.3767
86634.667,327.4796
86645.333,329.3767
86656.000,329.3767
86666.667,329.3767
86677.333,329.3767
86688.000,329.3767
86698.667,329.3767
86709.333,329.3767
86720.000,329.3767
86730.667,329.3767
86741.333,329.3767
86752.000,329.3767
86762.667,329.3767
86773.333,329.3767
86784.000,329.3767
86794.667,329.3767
86805.333,329.3767
86816.000,329.3767
86826.667,329.3767
86837.333,329.3767
86848.000,329.3767
86858.667,331.2848
86869.333,331.2848
86880.000,331.2848
86890.667,331.2848
86901.333,329.3767
86912.000,329.3767
86922.667,329.3767
86933.333,329.3767
86944.000,329.3767
86954.667,329.3767
86965.333,329.3767
86976.000,329.3767
86986.667,329.3767
86997.333,329.3767
87008.000,329.3767
87018.667,329.3767
87029.333,329.3767
87040.000,329.3767
87050.667,329.3767
87061.333,329.3767
87072.000,329.3767
87082.667,329.3767
87093.333,329.3767
87104.000,329.3767
87114.667,329.3767
87125.333,329.3767
87136.000,329.3767
87146.667,329.3767
87157.333,329.3767
87168.000,329.3767
87178.667,329.3767
87189.333,329.3767
87200.000,329.3767
87210.667,329.3767
87221.333,329.3767
87232.000,331.2848
87242.667,331.2848
87253.333,331.2848
87264.000,331.2848
87274.667,329.3767
87285.333,329.3767
87296.000,329.3767
87306.667,329.3767
87317.333,329.3767
87328.000,329.3767
87338.667,329.3767
87349.333,329.3767
87360.000,329.3767
87370.667,329.3767
87381.333,329.3767
87392.000,329.3767
87402.667,329.3767
87413.333,329.3767
87424.000,329.3767
87434.667,329.3767
87445.333,331.2848
87456.000,331.2848
87466.667,331.2848
87477.333,329.3767
87488.000,329.3767
87498.667,329.3767
87509.333,329.3767
87520.000,329.3767
87530.667,329.3767
87541.333,329.3767
87552.000,331.2848
87562.667,331.2848
87573.333,331.2848
87584.000,329.3767
87594.667,329.3767
87605.333,329.3767
87616.000,331.2848
87626.667,331.2848
87637.333,329.3767
87648.000,329.3767
87658.667,0.0000
87669.333,0.0000
87680.000,0.0000
87690.667,0.0000
87701.333,0.0000
87712.000,0.0000
87722.667,0.0000
87733.333,0.0000
87744.000,0.0000
87754.667,0.0000
87765.333,0.0000
87776.000,0.0000
87786.667,241.1179
87797.333,243.9195
87808.000,245.3325
87818.667,245.3325
87829.333,246.7537
87840.000,249.6209
87850.667,252.5213
87861.333,253.9842
87872.000,251.0669
87882.667,251.0669
87893.333,242.5147
87904.000,241.1179
87914.667,0.0000
87925.333,0.0000
87936.000,0.0000
87946.667,0.0000
87957.333,0.0000
87968.000,0.0000
87978.667,0.0000
87989.333,0.0000
88000.000,331.2848
88010.667,329.3767
88021.333,327.4796
88032.000,329.3767
88042.667,329.3767
88053.333,331.2848
88064.000,331.2848
88074.667,333.2039
88085.333,333.2039
88096.000,331.2848
88106.667,329.3767
88117.333,329.3767
88128.000,329.3767
88138.667,331.2848
88149.333,331.2848
88160.000,331.2848
88170.667,329.3767
88181.333,327.4796
88192.000,327.4796
88202.667,325.5935
88213.333,325.5935
88224.000,327.4796
88234.667,331.2848
88245.333,331.2848
88256.000,331.2848
88266.667,331.2848
88277.333,331.2848
88288.000,331.2848
88298.667,331.2848
88309.333,331.2848
88320.000,329.3767
88330.667,327.4796
88341.333,327.4796
88352.000,327.4796
88362.667,327.4796
88373.333,329.3767
88384.000,331.2848
88394.667,331.2848
88405.333,329.3767
88416.000,327.4796
88426.667,327.4796
88437.333,327.4796
88448.000,327.4796
88458.667,329.3767
88469.333,329.3767
88480.000,331.2848
88490.667,333.2039
88501.333,333.2039
88512.000,331.2848
88522.667,331.2848
88533.333,331.2848
88544.000,329.3767
88554.667,329.3767
88565.333,329.3767
88576.000,329.3767
88586.667,329.3767
88597.333,329.3767
88608.000,329.3767
88618.667,329.3767
88629.333,329.3767
88640.000,329.3767
88650.667,329.3767
88661.333,329.3767
88672.000,329.3767
88682.667,329.3767
88693.333,329.3767
88704.000,329.3767
88714.667,329.3767
88725.333,331.2848
88736.000,331.2848
88746.667,329.3767
88757.333,329.3767
88768.000,329.3767
88778.667,329.3767
88789.333,329.3767
88800.000,329.3767
88810.667,329.3767
88821.333,329.3767
88832.000,329.3767
88842.667,329.3767
88853.333,329.3767
88864.000,331.2848
88874.667,331.2848
88885.333,331.2848
88896.000,331.2848
88906.667,331.2848
88917.333,329.3767
88928.000,325.5935
88938.667,321.8537
88949.333,318.1569
88960.000,312.6912
88970.667,305.5493
88981.333,298.5706
88992.000,295.1412
89002.667,291.7512
89013.333,291.7512
89024.000,291.7512
89034.667,291.7512
89045.333,291.7512
89056.000,291.7512
89066.667,291.7512
89077.333,293.4413
89088.000,293.4413
89098.667,295.1412
89109.333,295.1412
89120.000,295.1412
89130.667,295.1412
89141.333,293.4413
89152.000,293.4413
89162.667,293.4413
89173.333,293.4413
89184.000,293.4413
89194.667,293.4413
89205.333,293.4413
89216.000,293.4413
89226.667,295.1412
89237.333,295.1412
89248.000,295.1412
89258.667,293.4413
89269.333,293.4413
89280.000,291.7512
89290.667,293.4413
89301.333,0.0000
89312.000,0.0000
89322.667,0.0000
89333.333,0.0000
89344.000,0.0000
89354.667,0.0000
89365.333,0.0000
89376.000,0.0000
89386.667,146.7206
89397.333,146.7206
89408.000,146.7206
89418.667,146.7206
89429.333,146.7206
89440.000,146.7206
89450.667,146.7206
89461.333,146.7206
89472.000,146.7206
89482.667,146.7206
89493.333,146.7206
89504.000,146.7206
89514.667,146.7206
89525.333,146.7206
89536.000,146.7206
89546.667,146.7206
89557.333,146.7206
89568.000,146.7206
89578.667,146.7206
89589.333,146.7206
89600.000,146.7206
89610.667,146.7206
89621.333,146.7206
89632.000,146.7206
89642.667,146.7206
89653.333,146.7206
89664.000,146.7206
89674.667,146.7206
89685.333,146.7206
89696.000,146.7206
89706.667,146.7206
89717.333,146.7206
89728.000,146.7206
89738.667,146.7206
89749.333,146.7206
89760.000,146.7206
89770.667,146.7206
89781.333,146.7206
89792.000,146.7206
89802.667,146.7206
89813.333,146.7206
89824.000,145.8756
89834.667,145.8756
89845.333,146.7206
89856.000,146.7206
89866.667,146.7206
89877.333,146.7206
89888.000,146.7206
89898.667,146.7206
89909.333,146.7206
89920.000,146.7206
89930.667,0.0000
89941.333,0.0000
89952.000,0.0000
89962.667,0.0000
89973.333,0.0000
89984.000,0.0000
89994.667,0.0000
90005.333,0.0000
90016.000,296.8509
90026.667,296.8509
90037.333,296.8509
90048.000,295.1412
90058.667,295.1412
90069.333,295.1412
90080.000,293.4413
90090.667,295.1412
90101.333,295.1412
90112.000,296.8509
90122.667,298.5706
90133.333,298.5706
90144.000,296.8509
90154.667,296.8509
90165.333,296.8509
90176.000,296.8509
90186.667,296.8509
90197.333,295.1412
90208.000,296.8509
90218.667,295.1412
90229.333,293.4413
90240.000,293.4413
90250.667,293.4413
90261.333,0.0000
90272.000,0.0000
90282.667,0.0000
90293.333,0.0000
90304.000,0.0000
90314.667,0.0000
90325.333,0.0000
90336.000,0.0000
90346.667,0.0000
90357.333,213.5744
90368.000,214.8116
90378.667,214.8116
90389.333,223.6752
90400.000,223.6752
90410.667,223.6752
90421.333,223.6752
90432.000,223.6752
90442.667,223.6752
90453.333,219.8326
90464.000,200.4263
90474.667,212.3443
90485.333,234.2537
90496.000,245.3325
90506.667,252.5213
90517.333,252.5213
90528.000,251.0669
90538.667,252.5213
90549.333,249.6209
90560.000,246.7537
90570.667,230.2294
90581.333,0.0000
90592.000,0.0000
90602.667,0.0000
90613.333,0.0000
90624.000,0.0000
90634.667,0.0000
90645.333,0.0000
90656.000,0.0000
90666.667,0.0000
90677.333,323.7182
90688.000,323.7182
90698.667,323.7182
90709.333,323.7182
90720.000,320.0000
90730.667,325.5935
90741.333,327.4796
90752.000,331.2848
90762.667,331.2848
90773.333,333.2039
90784.000,333.2039
90794.667,333.2039
90805.333,333.2039
90816.000,331.2848
90826.667,331.2848
90837.333,331.2848
90848.000,331.2848
90858.667,331.2848
90869.333,333.2039
90880.000,331.2848
90890.667,329.3767
90901.333,325.5935
90912.000,325.5935
90922.667,327.4796
90933.333,329.3767
90944.000,331.2848
90954.667,331.2848
90965.333,331.2848
90976.000,327.4796
90986.667,323.7182
90997.333,325.5935
91008.000,325.5935
91018.667,327.4796
91029.333,327.4796
91040.000,327.4796
91050.667,329.3767
91061.333,331.2848
91072.000,333.2039
91082.667,337.0755
91093.333,342.9675
91104.000,353.0172
91114.667,363.3614
91125.333,369.7129
91136.000,371.8546
91146.667,371.8546
91157.333,371.8546
91168.000,371.8546
91178.667,371.8546
91189.333,369.7129
91200.000,369.7129
91210.667,369.7129
91221.333,369.7129
91232.000,369.7129
91242.667,369.7129
91253.333,369.7129
91264.000,369.7129
91274.667,369.7129
91285.333,369.7129
91296.000,369.7129
91306.667,369.7129
91317.333,369.7129
91328.000,369.7129
91338.667,371.8546
91349.333,371.8546
91360.000,369.7129
91370.667,369.7129
91381.333,369.7129
91392.000,369.7129
91402.667,369.7129
91413.333,369.7129
91424.000,369.7129
91434.667,369.7129
91445.333,369.7129
91456.000,369.7129
91466.667,369.7129
91477.333,369.7129
91488.000,369.7129
91498.667,369.7129
91509.333,369.7129
91520.000,369.7129
91530.667,369.7129
91541.333,369.7129
91552.000,369.7129
91562.667,369.7129
91573.333,369.7129
91584.000,369.7129
91594.667,365.4663
91605.333,363.3614
91616.000,357.1191
91626.667,350.9840
91637.333,0.0000
91648.000,0.0000
91658.667,0.0000
91669.333,320.0000
91680.000,318.1569
91690.667,314.5026
91701.333,312.6912
91712.000,295.1412
91722.667,293.4413
91733.333,293.4413
91744.000,293.4413
91754.667,293.4413
91765.333,295.1412
91776.000,295.1412
91786.667,295.1412
91797.333,295.1412
91808.000,295.1412
91818.667,295.1412
91829.333,295.1412
91840.000,293.4413
91850.667,291.7512
91861.333,0.0000
91872.000,0.0000
91882.667,0.0000
91893.333,0.0000
91904.000,0.0000
91914.667,0.0000
91925.333,0.0000
91936.000,0.0000
91946.667,0.0000
91957.333,0.0000
91968.000,0.0000
91978.667,148.4255
91989.333,148.4255
92000.000,147.5706
92010.667,147.5706
92021.333,147.5706
92032.000,147.5706
92042.667,147.5706
92053.333,147.5706
92064.000,147.5706
92074.667,147.5706
92085.333,147.5706
92096.000,147.5706
92106.667,147.5706
92117.333,148.4255
92128.000,147.5706
92138.667,147.5706
92149.333,147.5706
92160.000,0.0000
92170.667,0.0000
92181.333,0.0000
92192.000,0.0000
92202.667,0.0000
92213.333,0.0000
92224.000,0.0000
92234.667,0.0000
92245.333,0.0000
92256.000,0.0000
92266.667,0.0000
92277.333,0.0000
92288.000,0.0000
92298.667,0.0000
92309.333,0.0000
92320.000,0.0000
92330.667,0.0000
92341.333,0.0000
92352.000,0.0000
92362.667,0.0000
92373.333,0.0000
92384.000,288.4001
92394.667,293.4413
92405.333,295.1412
92416.000,296.8509
92426.667,296.8509
92437.333,296.8509
92448.000,295.1412
92458.667,295.1412
92469.333,296.8509
92480.000,293.4413
92490.667,298.5706
92501.333,314.5026
92512.000,325.5935
92522.667,329.3767
92533.333,329.3767
92544.000,331.2848
92554.667,333.2039
92565.333,333.2039
92576.000,331.2848
92586.667,331.2848
92597.333,295.1412
92608.000,295.1412
92618.667,295.1412
92629.333,295.1412
92640.000,295.1412
92650.667,295.1412
92661.333,293.4413
92672.000,0.0000
92682.667,0.0000
92693.333,0.0000
92704.000,310.8902
92714.667,316.3245
92725.333,312.6912
92736.000,310.8902
92746.667,303.7895
92757.333,296.8509
92768.000,293.4413
92778.667,290.0708
92789.333,290.0708
92800.000,290.0708
92810.667,291.7512
92821.333,291.7512
92832.000,293.4413
92842.667,293.4413
92853.333,295.1412
92864.000,295.1412
92874.667,295.1412
92885.333,295.1412
92896.000,295.1412
92906.667,295.1412
92917.333,295.1412
92928.000,293.4413
92938.667,291.7512
92949.333,290.0708
92960.000,288.4001
92970.667,278.5762
92981.333,269.0869
92992.000,253.9842
