timestamp_ms,frequency_hz
0.000,550.7529
10.667,547.5808
21.333,547.5808
32.000,550.7529
42.667,547.5808
53.333,547.5808
64.000,547.5808
74.667,547.5808
85.333,547.5808
96.000,550.7529
106.667,550.7529
117.333,550.7529
128.000,547.5808
138.667,547.5808
149.333,541.2913
160.000,544.4270
170.667,550.7529
181.333,544.4270
192.000,544.4270
202.667,544.4270
213.333,547.5808
224.000,547.5808
234.667,550.7529
245.333,553.9434
256.000,557.1524
266.667,560.3799
277.333,0.0000
288.000,0.0000
298.667,0.0000
309.333,0.0000
320.000,0.0000
330.667,278.5762
341.333,276.9717
352.000,275.3765
362.667,272.2135
373.333,269.0869
384.000,269.0869
394.667,269.0869
405.333,269.0869
416.000,272.2135
426.667,273.7904
437.333,275.3765
448.000,273.7904
458.667,273.7904
469.333,273.7904
480.000,273.7904
490.667,275.3765
501.333,275.3765
512.000,275.3765
522.667,275.3765
533.333,275.3765
544.000,273.7904
554.667,273.7904
565.333,273.7904
576.000,273.7904
586.667,273.7904
597.333,273.7904
608.000,272.2135
618.667,272.2135
629.333,272.2135
640.000,273.7904
650.667,273.7904
661.333,275.3765
672.000,275.3765
682.667,276.9717
693.333,278.5762
704.000,280.1900
714.667,280.1900
725.333,280.1900
736.000,280.1900
746.667,278.5762
757.333,278.5762
768.000,275.3765
778.667,270.6457
789.333,269.0869
800.000,267.5370
810.667,265.9961
821.333,265.9961
832.000,267.5370
842.667,269.0869
853.333,272.2135
864.000,273.7904
874.667,273.7904
885.333,273.7904
896.000,273.7904
906.667,273.7904
917.333,273.7904
928.000,273.7904
938.667,273.7904
949.333,273.7904
960.000,273.7904
970.667,272.2135
981.333,270.6457
992.000,270.6457
1002.667,270.6457
1013.333,270.6457
1024.000,272.2135
1034.667,272.2135
1045.333,272.2135
1056.000,273.7904
1066.667,273.7904
1077.333,273.7904
1088.000,275.3765
1098.667,275.3765
1109.333,273.7904
1120.000,272.2135
1130.667,273.7904
1141.333,275.3765
1152.000,275.3765
1162.667,275.3765
1173.333,275.3765
1184.000,275.3765
1194.667,270.6457
1205.333,267.5370
1216.000,265.9961
1226.667,265.9961
1237.333,265.9961
1248.000,265.9961
1258.667,267.5370
1269.333,270.6457
1280.000,272.2135
1290.667,272.2135
1301.333,272.2135
1312.000,272.2135
1322.667,270.6457
1333.333,272.2135
1344.000,273.7904
1354.667,273.7904
1365.333,273.7904
1376.000,272.2135
1386.667,270.6457
1397.333,270.6457
1408.000,269.0869
1418.667,269.0869
1429.333,270.6457
1440.000,272.2135
1450.667,273.7904
1461.333,273.7904
1472.000,272.2135
1482.667,272.2135
1493.333,273.7904
1504.000,273.7904
1514.667,0.0000
1525.333,0.0000
1536.000,0.0000
1546.667,276.9717
1557.333,278.5762
1568.000,280.1900
1578.667,278.5762
1589.333,281.8131
1600.000,281.8131
1610.667,0.0000
1621.333,0.0000
1632.000,0.0000
1642.667,0.0000
1653.333,0.0000
1664.000,0.0000
1674.667,0.0000
1685.333,0.0000
1696.000,0.0000
1706.667,0.0000
1717.333,0.0000
1728.000,0.0000
1738.667,0.0000
1749.333,0.0000
1760.000,0.0000
1770.667,0.0000
1781.333,0.0000
1792.000,272.2135
1802.667,273.7904
1813.333,278.5762
1824.000,280.1900
1834.667,278.5762
1845.333,275.3765
1856.000,273.7904
1866.667,273.7904
1877.333,275.3765
1888.000,275.3765
1898.667,278.5762
1909.333,280.1900
1920.000,280.1900
1930.667,251.0669
1941.333,276.9717
1952.000,278.5762
1962.667,278.5762
1973.333,280.1900
1984.000,280.1900
1994.667,276.9717
2005.333,276.9717
2016.000,276.9717
2026.667,276.9717
2037.333,276.9717
2048.000,276.9717
2058.667,276.9717
2069.333,276.9717
2080.000,281.8131
2090.667,276.9717
2101.333,273.7904
2112.000,276.9717
2122.667,262.9409
2133.333,0.0000
2144.000,0.0000
2154.667,0.0000
2165.333,0.0000
2176.000,0.0000
2186.667,0.0000
2197.333,0.0000
2208.000,0.0000
2218.667,0.0000
2229.333,0.0000
2240.000,280.1900
2250.667,280.1900
2261.333,280.1900
2272.000,280.1900
2282.667,280.1900
2293.333,280.1900
2304.000,280.1900
2314.667,280.1900
2325.333,278.5762
2336.000,278.5762
2346.667,0.0000
2357.333,0.0000
2368.000,0.0000
2378.667,0.0000
2389.333,0.0000
2400.000,0.0000
2410.667,0.0000
2421.333,283.4456
2432.000,272.2135
2442.667,275.3765
2453.333,275.3765
2464.000,272.2135
2474.667,267.5370
2485.333,270.6457
2496.000,270.6457
2506.667,270.6457
2517.333,235.6107
2528.000,235.6107
2538.667,235.6107
2549.333,236.9756
2560.000,235.6107
2570.667,272.2135
2581.333,272.2135
2592.000,280.1900
2602.667,280.1900
2613.333,276.9717
2624.000,280.1900
2634.667,280.1900
2645.333,281.8131
2656.000,283.4456
2666.667,273.7904
2677.333,272.2135
2688.000,275.3765
2698.667,278.5762
2709.333,280.1900
2720.000,280.1900
2730.667,280.1900
2741.333,280.1900
2752.000,276.9717
2762.667,281.8131
2773.333,281.8131
2784.000,0.0000
2794.667,0.0000
2805.333,0.0000
2816.000,0.0000
2826.667,0.0000
2837.333,0.0000
2848.000,0.0000
2858.667,0.0000
2869.333,0.0000
2880.000,0.0000
2890.667,0.0000
2901.333,0.0000
2912.000,0.0000
2922.667,0.0000
2933.333,0.0000
2944.000,0.0000
2954.667,0.0000
2965.333,0.0000
2976.000,0.0000
2986.667,0.0000
2997.333,0.0000
3008.000,0.0000
3018.667,0.0000
3029.333,0.0000
3040.000,0.0000
3050.667,0.0000
3061.333,0.0000
3072.000,0.0000
3082.667,0.0000
3093.333,0.0000
3104.000,0.0000
3114.667,0.0000
3125.333,0.0000
3136.000,0.0000
3146.667,0.0000
3157.333,0.0000
3168.000,0.0000
3178.667,0.0000
3189.333,0.0000
3200.000,0.0000
3210.667,0.0000
3221.333,0.0000
3232.000,0.0000
3242.667,0.0000
3253.333,0.0000
3264.000,0.0000
3274.667,0.0000
3285.333,0.0000
3296.000,0.0000
3306.667,0.0000
3317.333,0.0000
3328.000,0.0000
3338.667,0.0000
3349.333,0.0000
3360.000,0.0000
3370.667,0.0000
3381.333,0.0000
3392.000,0.0000
3402.667,0.0000
3413.333,0.0000
3424.000,0.0000
3434.667,0.0000
3445.333,0.0000
3456.000,0.0000
3466.667,0.0000
3477.333,0.0000
3488.000,0.0000
3498.667,0.0000
3509.333,0.0000
3520.000,0.0000
3530.667,0.0000
3541.333,0.0000
3552.000,0.0000
3562.667,0.0000
3573.333,0.0000
3584.000,0.0000
3594.667,0.0000
3605.333,0.0000
3616.000,0.0000
3626.667,0.0000
3637.333,0.0000
3648.000,0.0000
3658.667,0.0000
3669.333,0.0000
3680.000,0.0000
3690.667,0.0000
3701.333,0.0000
3712.000,0.0000
3722.667,0.0000
3733.333,0.0000
3744.000,0.0000
3754.667,0.0000
3765.333,0.0000
3776.000,0.0000
3786.667,0.0000
3797.333,0.0000
3808.000,0.0000
3818.667,0.0000
3829.333,0.0000
3840.000,0.0000
3850.667,0.0000
3861.333,0.0000
3872.000,0.0000
3882.667,0.0000
3893.333,0.0000
3904.000,0.0000
3914.667,0.0000
3925.333,0.0000
3936.000,0.0000
3946.667,0.0000
3957.333,0.0000
3968.000,0.0000
3978.667,0.0000
3989.333,0.0000
4000.000,0.0000
4010.667,0.0000
4021.333,0.0000
4032.000,0.0000
4042.667,0.0000
4053.333,0.0000
4064.000,0.0000
4074.667,0.0000
4085.333,0.0000
4096.000,0.0000
4106.667,0.0000
4117.333,0.0000
4128.000,0.0000
4138.667,0.0000
4149.333,0.0000
4160.000,0.0000
4170.667,0.0000
4181.333,0.0000
4192.000,0.0000
4202.667,0.0000
4213.333,0.0000
4224.000,0.0000
4234.667,0.0000
4245.333,0.0000
4256.000,0.0000
4266.667,0.0000
4277.333,0.0000
4288.000,0.0000
4298.667,0.0000
4309.333,0.0000
4320.000,0.0000
4330.667,0.0000
4341.333,0.0000
4352.000,0.0000
4362.667,0.0000
4373.333,0.0000
4384.000,0.0000
4394.667,0.0000
4405.333,0.0000
4416.000,0.0000
4426.667,0.0000
4437.333,0.0000
4448.000,0.0000
4458.667,0.0000
4469.333,0.0000
4480.000,0.0000
4490.667,0.0000
4501.333,0.0000
4512.000,0.0000
4522.667,0.0000
4533.333,0.0000
4544.000,0.0000
4554.667,0.0000
4565.333,0.0000
4576.000,0.0000
4586.667,0.0000
4597.333,0.0000
4608.000,0.0000
4618.667,0.0000
4629.333,0.0000
4640.000,0.0000
4650.667,0.0000
4661.333,0.0000
4672.000,0.0000
4682.667,0.0000
4693.333,0.0000
4704.000,0.0000
4714.667,0.0000
4725.333,0.0000
4736.000,0.0000
4746.667,0.0000
4757.333,0.0000
4768.000,0.0000
4778.667,0.0000
4789.333,0.0000
4800.000,0.0000
4810.667,0.0000
4821.333,0.0000
4832.000,0.0000
4842.667,0.0000
4853.333,0.0000
4864.000,0.0000
4874.667,0.0000
4885.333,0.0000
4896.000,0.0000
4906.667,0.0000
4917.333,0.0000
4928.000,0.0000
4938.667,0.0000
4949.333,0.0000
4960.000,0.0000
4970.667,0.0000
4981.333,0.0000
4992.000,0.0000
5002.667,0.0000
5013.333,0.0000
5024.000,0.0000
5034.667,0.0000
5045.333,0.0000
5056.000,0.0000
5066.667,0.0000
5077.333,0.0000
5088.000,0.0000
5098.667,0.0000
5109.333,0.0000
5120.000,0.0000
5130.667,0.0000
5141.333,0.0000
5152.000,0.0000
5162.667,0.0000
5173.333,0.0000
5184.000,0.0000
5194.667,0.0000
5205.333,0.0000
5216.000,0.0000
5226.667,0.0000
5237.333,0.0000
5248.000,0.0000
5258.667,0.0000
5269.333,0.0000
5280.000,0.0000
5290.667,0.0000
5301.333,0.0000
5312.000,0.0000
5322.667,0.0000
5333.333,0.0000
5344.000,0.0000
5354.667,0.0000
5365.333,0.0000
5376.000,0.0000
5386.667,0.0000
5397.333,0.0000
5408.000,0.0000
5418.667,0.0000
5429.333,0.0000
5440.000,0.0000
5450.667,0.0000
5461.333,0.0000
5472.000,0.0000
5482.667,0.0000
5493.333,0.0000
5504.000,0.0000
5514.667,0.0000
5525.333,0.0000
5536.000,0.0000
5546.667,0.0000
5557.333,0.0000
5568.000,0.0000
5578.667,0.0000
5589.333,0.0000
5600.000,0.0000
5610.667,0.0000
5621.333,0.0000
5632.000,0.0000
5642.667,0.0000
5653.333,0.0000
5664.000,0.0000
5674.667,0.0000
5685.333,0.0000
5696.000,0.0000
5706.667,0.0000
5717.333,0.0000
5728.000,0.0000
5738.667,0.0000
5749.333,0.0000
5760.000,0.0000
5770.667,0.0000
5781.333,0.0000
5792.000,0.0000
5802.667,0.0000
5813.333,0.0000
5824.000,0.0000
5834.667,0.0000
5845.333,353.0172
5856.000,355.0622
5866.667,357.1191
5877.333,359.1879
5888.000,359.1879
5898.667,357.1191
5909.333,355.0622
5920.000,350.9840
5930.667,350.9840
5941.333,350.9840
5952.000,350.9840
5962.667,348.9625
5973.333,348.9625
5984.000,346.9526
5994.667,344.9543
6005.333,348.9625
6016.000,350.9840
6026.667,350.9840
6037.333,350.9840
6048.000,350.9840
6058.667,348.9625
6069.333,346.9526
6080.000,342.9675
6090.667,348.9625
6101.333,0.0000
6112.000,0.0000
6122.667,0.0000
6133.333,0.0000
6144.000,0.0000
6154.667,0.0000
6165.333,337.0755
6176.000,342.9675
6186.667,365.4663
6197.333,367.5835
6208.000,369.7129
6218.667,371.8546
6229.333,374.0087
6240.000,376.1753
6250.667,371.8546
6261.333,369.7129
6272.000,369.7129
6282.667,367.5835
6293.333,367.5835
6304.000,367.5835
6314.667,365.4663
6325.333,365.4663
6336.000,363.3614
6346.667,361.2686
6357.333,361.2686
6368.000,359.1879
6378.667,361.2686
6389.333,367.5835
6400.000,0.0000
6410.667,0.0000
6421.333,0.0000
6432.000,0.0000
6442.667,0.0000
6453.333,0.0000
6464.000,0.0000
6474.667,0.0000
6485.333,0.0000
6496.000,0.0000
6506.667,0.0000
6517.333,0.0000
6528.000,0.0000
6538.667,0.0000
6549.333,0.0000
6560.000,0.0000
6570.667,0.0000
6581.333,0.0000
6592.000,0.0000
6602.667,0.0000
6613.333,0.0000
6624.000,371.8546
6634.667,367.5835
6645.333,357.1191
6656.000,355.0622
6666.667,355.0622
6677.333,355.0622
6688.000,357.1191
6698.667,357.1191
6709.333,359.1879
6720.000,359.1879
6730.667,357.1191
6741.333,355.0622
6752.000,353.0172
6762.667,350.9840
6773.333,346.9526
6784.000,342.9675
6794.667,340.9922
6805.333,337.0755
6816.000,331.2848
6826.667,323.7182
6837.333,314.5026
6848.000,309.0996
6858.667,307.3193
6869.333,303.7895
6880.000,0.0000
6890.667,0.0000
6901.333,0.0000
6912.000,0.0000
6922.667,0.0000
6933.333,0.0000
6944.000,0.0000
6954.667,273.7904
6965.333,273.7904
6976.000,273.7904
6986.667,275.3765
6997.333,281.8131
7008.000,283.4456
7018.667,283.4456
7029.333,283.4456
7040.000,283.4456
7050.667,281.8131
7061.333,280.1900
7072.000,276.9717
7082.667,273.7904
7093.333,272.2135
7104.000,272.2135
7114.667,272.2135
7125.333,275.3765
7136.000,278.5762
7146.667,281.8131
7157.333,281.8131
7168.000,281.8131
7178.667,280.1900
7189.333,276.9717
7200.000,272.2135
7210.667,272.2135
7221.333,270.6457
7232.000,272.2135
7242.667,273.7904
7253.333,276.9717
7264.000,278.5762
7274.667,278.5762
7285.333,278.5762
7296.000,276.9717
7306.667,273.7904
7317.333,270.6457
7328.000,270.6457
7338.667,270.6457
7349.333,272.2135
7360.000,273.7904
7370.667,273.7904
7381.333,280.1900
7392.000,0.0000
7402.667,0.0000
7413.333,0.0000
7424.000,0.0000
7434.667,0.0000
7445.333,0.0000
7456.000,0.0000
7466.667,0.0000
7477.333,0.0000
7488.000,0.0000
7498.667,0.0000
7509.333,0.0000
7520.000,0.0000
7530.667,0.0000
7541.333,0.0000
7552.000,0.0000
7562.667,0.0000
7573.333,0.0000
7584.000,0.0000
7594.667,0.0000
7605.333,0.0000
7616.000,0.0000
7626.667,0.0000
7637.333,0.0000
7648.000,0.0000
7658.667,0.0000
7669.333,0.0000
7680.000,0.0000
7690.667,0.0000
7701.333,0.0000
7712.000,0.0000
7722.667,0.0000
7733.333,0.0000
7744.000,0.0000
7754.667,0.0000
7765.333,0.0000
7776.000,0.0000
7786.667,0.0000
7797.333,0.0000
7808.000,0.0000
7818.667,0.0000
7829.333,0.0000
7840.000,320.0000
7850.667,320.0000
7861.333,320.0000
7872.000,318.1569
7882.667,316.3245
7893.333,316.3245
7904.000,314.5026
7914.667,312.6912
7925.333,310.8902
7936.000,309.0996
7946.667,307.3193
7957.333,307.3193
7968.000,307.3193
7978.667,307.3193
7989.333,309.0996
8000.000,309.0996
8010.667,309.0996
8021.333,309.0996
8032.000,310.8902
8042.667,309.0996
8053.333,309.0996
8064.000,309.0996
8074.667,309.0996
8085.333,309.0996
8096.000,309.0996
8106.667,309.0996
8117.333,309.0996
8128.000,309.0996
8138.667,310.8902
8149.333,310.8902
8160.000,310.8902
8170.667,312.6912
8181.333,312.6912
8192.000,312.6912
8202.667,312.6912
8213.333,310.8902
8224.000,310.8902
8234.667,310.8902
8245.333,310.8902
8256.000,310.8902
8266.667,309.0996
8277.333,310.8902
8288.000,310.8902
8298.667,310.8902
8309.333,310.8902
8320.000,310.8902
8330.667,310.8902
8341.333,309.0996
8352.000,309.0996
8362.667,309.0996
8373.333,307.3193
8384.000,309.0996
8394.667,310.8902
8405.333,309.0996
8416.000,309.0996
8426.667,0.0000
8437.333,0.0000
8448.000,0.0000
8458.667,0.0000
8469.333,0.0000
8480.000,0.0000
8490.667,0.0000
8501.333,0.0000
8512.000,0.0000
8522.667,0.0000
8533.333,0.0000
8544.000,0.0000
8554.667,0.0000
8565.333,0.0000
8576.000,0.0000
8586.667,0.0000
8597.333,0.0000
8608.000,0.0000
8618.667,0.0000
8629.333,0.0000
8640.000,0.0000
8650.667,0.0000
8661.333,344.9543
8672.000,342.9675
8682.667,339.0282
8693.333,339.0282
8704.000,340.9922
8714.667,339.0282
8725.333,337.0755
8736.000,333.2039
8746.667,329.3767
8757.333,325.5935
8768.000,321.8537
8778.667,318.1569
8789.333,316.3245
8800.000,314.5026
8810.667,312.6912
8821.333,312.6912
8832.000,310.8902
8842.667,310.8902
8853.333,309.0996
8864.000,309.0996
8874.667,309.0996
8885.333,309.0996
8896.000,309.0996
8906.667,309.0996
8917.333,309.0996
8928.000,310.8902
8938.667,310.8902
8949.333,309.0996
8960.000,309.0996
8970.667,307.3193
8981.333,305.5493
8992.000,303.7895
9002.667,300.3002
9013.333,296.8509
9024.000,290.0708
9034.667,286.7391
9045.333,283.4456
9056.000,281.8131
9066.667,281.8131
9077.333,281.8131
9088.000,280.1900
9098.667,280.1900
9109.333,278.5762
9120.000,276.9717
9130.667,275.3765
9141.333,275.3765
9152.000,273.7904
9162.667,273.7904
9173.333,273.7904
9184.000,273.7904
9194.667,275.3765
9205.333,276.9717
9216.000,276.9717
9226.667,278.5762
9237.333,278.5762
9248.000,278.5762
9258.667,276.9717
9269.333,276.9717
9280.000,276.9717
9290.667,276.9717
9301.333,275.3765
9312.000,276.9717
9322.667,276.9717
9333.333,276.9717
9344.000,276.9717
9354.667,276.9717
9365.333,276.9717
9376.000,276.9717
9386.667,278.5762
9397.333,278.5762
9408.000,280.1900
9418.667,280.1900
9429.333,281.8131
9440.000,286.7391
9450.667,291.7512
9461.333,307.3193
9472.000,310.8902
9482.667,312.6912
9493.333,312.6912
9504.000,312.6912
9514.667,312.6912
9525.333,310.8902
9536.000,310.8902
9546.667,310.8902
9557.333,312.6912
9568.000,316.3245
9578.667,320.0000
9589.333,331.2848
9600.000,340.9922
9610.667,346.9526
9621.333,348.9625
9632.000,350.9840
9642.667,348.9625
9653.333,348.9625
9664.000,346.9526
9674.667,346.9526
9685.333,346.9526
9696.000,346.9526
9706.667,348.9625
9717.333,350.9840
9728.000,350.9840
9738.667,350.9840
9749.333,348.9625
9760.000,346.9526
9770.667,346.9526
9781.333,344.9543
9792.000,344.9543
9802.667,344.9543
9813.333,346.9526
9824.000,348.9625
9834.667,348.9625
9845.333,350.9840
9856.000,350.9840
9866.667,350.9840
9877.333,350.9840
9888.000,348.9625
9898.667,348.9625
9909.333,348.9625
9920.000,348.9625
9930.667,348.9625
9941.333,348.9625
9952.000,348.9625
9962.667,348.9625
9973.333,348.9625
9984.000,348.9625
9994.667,348.9625
10005.333,348.9625
10016.000,348.9625
10026.667,346.9526
10037.333,344.9543
10048.000,342.9675
10058.667,340.9922
10069.333,339.0282
10080.000,339.0282
10090.667,340.9922
10101.333,344.9543
10112.000,361.2686
10122.667,369.7129
10133.333,371.8546
10144.000,369.7129
10154.667,363.3614
10165.333,353.0172
10176.000,346.9526
10186.667,342.9675
10197.333,339.0282
10208.000,337.0755
10218.667,333.2039
10229.333,331.2848
10240.000,329.3767
10250.667,335.1341
10261.333,342.9675
10272.000,344.9543
10282.667,344.9543
10293.333,348.9625
10304.000,350.9840
10314.667,355.0622
10325.333,355.0622
10336.000,357.1191
10346.667,357.1191
10357.333,357.1191
10368.000,357.1191
10378.667,353.0172
10389.333,350.9840
10400.000,346.9526
10410.667,348.9625
10421.333,346.9526
10432.000,348.9625
10442.667,350.9840
10453.333,350.9840
10464.000,350.9840
10474.667,357.1191
10485.333,357.1191
10496.000,361.2686
10506.667,363.3614
10517.333,363.3614
10528.000,361.2686
10538.667,359.1879
10549.333,353.0172
10560.000,353.0172
10570.667,355.0622
10581.333,353.0172
10592.000,350.9840
10602.667,350.9840
10613.333,357.1191
10624.000,357.1191
10634.667,363.3614
10645.333,365.4663
10656.000,363.3614
10666.667,361.2686
10677.333,363.3614
10688.000,357.1191
10698.667,359.1879
10709.333,359.1879
10720.000,361.2686
10730.667,0.0000
10741.333,0.0000
10752.000,0.0000
10762.667,0.0000
10773.333,0.0000
10784.000,0.0000
10794.667,0.0000
10805.333,0.0000
10816.000,0.0000
10826.667,0.0000
10837.333,0.0000
10848.000,0.0000
10858.667,0.0000
10869.333,0.0000
10880.000,0.0000
10890.667,0.0000
10901.333,0.0000
10912.000,0.0000
10922.667,0.0000
10933.333,0.0000
10944.000,0.0000
10954.667,0.0000
10965.333,0.0000
10976.000,0.0000
10986.667,0.0000
10997.333,0.0000
11008.000,0.0000
11018.667,0.0000
11029.333,0.0000
11040.000,0.0000
11050.667,0.0000
11061.333,0.0000
11072.000,0.0000
11082.667,0.0000
11093.333,0.0000
11104.000,0.0000
11114.667,0.0000
11125.333,0.0000
11136.000,0.0000
11146.667,0.0000
11157.333,0.0000
11168.000,0.0000
11178.667,0.0000
11189.333,0.0000
11200.000,0.0000
11210.667,0.0000
11221.333,0.0000
11232.000,0.0000
11242.667,0.0000
11253.333,0.0000
11264.000,0.0000
11274.667,0.0000
11285.333,0.0000
11296.000,0.0000
11306.667,0.0000
11317.333,0.0000
11328.000,0.0000
11338.667,0.0000
11349.333,0.0000
11360.000,0.0000
11370.667,0.0000
11381.333,0.0000
11392.000,0.0000
11402.667,0.0000
11413.333,0.0000
11424.000,0.0000
11434.667,0.0000
11445.333,0.0000
11456.000,0.0000
11466.667,0.0000
11477.333,0.0000
11488.000,0.0000
11498.667,189.1772
11509.333,192.4840
11520.000,198.1242
11530.667,200.4263
11541.333,202.7552
11552.000,205.1111
11562.667,206.2992
11573.333,207.4943
11584.000,208.6963
11594.667,208.6963
11605.333,209.9053
11616.000,209.9053
11626.667,209.9053
11637.333,208.6963
11648.000,208.6963
11658.667,208.6963
11669.333,208.6963
11680.000,208.6963
11690.667,208.6963
11701.333,207.4943
11712.000,207.4943
11722.667,208.6963
11733.333,208.6963
11744.000,207.4943
11754.667,0.0000
11765.333,0.0000
11776.000,0.0000
11786.667,0.0000
11797.333,0.0000
11808.000,0.0000
11818.667,0.0000
11829.333,0.0000
11840.000,0.0000
11850.667,0.0000
11861.333,0.0000
11872.000,303.7895
11882.667,329.3767
11893.333,331.2848
11904.000,333.2039
11914.667,333.2039
11925.333,335.1341
11936.000,335.1341
11946.667,331.2848
11957.333,323.7182
11968.000,316.3245
11978.667,314.5026
11989.333,314.5026
12000.000,312.6912
12010.667,312.6912
12021.333,312.6912
12032.000,312.6912
12042.667,312.6912
12053.333,312.6912
12064.000,310.8902
12074.667,310.8902
12085.333,309.0996
12096.000,309.0996
12106.667,307.3193
12117.333,307.3193
12128.000,307.3193
12138.667,309.0996
12149.333,309.0996
12160.000,309.0996
12170.667,309.0996
12181.333,309.0996
12192.000,309.0996
12202.667,307.3193
12213.333,305.5493
12224.000,302.0398
12234.667,298.5706
12245.333,293.4413
12256.000,286.7391
12266.667,283.4456
12277.333,280.1900
12288.000,278.5762
12298.667,278.5762
12309.333,278.5762
12320.000,276.9717
12330.667,276.9717
12341.333,275.3765
12352.000,275.3765
12362.667,272.2135
12373.333,267.5370
12384.000,258.4237
12394.667,273.7904
12405.333,280.1900
12416.000,280.1900
12426.667,281.8131
12437.333,280.1900
12448.000,0.0000
12458.667,0.0000
12469.333,0.0000
12480.000,0.0000
12490.667,275.3765
12501.333,280.1900
12512.000,281.8131
12522.667,281.8131
12533.333,280.1900
12544.000,278.5762
12554.667,276.9717
12565.333,276.9717
12576.000,275.3765
12586.667,275.3765
12597.333,275.3765
12608.000,276.9717
12618.667,276.9717
12629.333,278.5762
12640.000,278.5762
12650.667,278.5762
12661.333,276.9717
12672.000,276.9717
12682.667,276.9717
12693.333,276.9717
12704.000,276.9717
12714.667,276.9717
12725.333,276.9717
12736.000,275.3765
12746.667,275.3765
12757.333,275.3765
12768.000,275.3765
12778.667,275.3765
12789.333,276.9717
12800.000,276.9717
12810.667,276.9717
12821.333,276.9717
12832.000,276.9717
12842.667,276.9717
12853.333,276.9717
12864.000,275.3765
12874.667,276.9717
12885.333,316.3245
12896.000,318.1569
12906.667,318.1569
12917.333,316.3245
12928.000,316.3245
12938.667,312.6912
12949.333,307.3193
12960.000,0.0000
12970.667,0.0000
12981.333,0.0000
12992.000,0.0000
13002.667,0.0000
13013.333,0.0000
13024.000,0.0000
13034.667,0.0000
13045.333,0.0000
13056.000,325.5935
13066.667,327.4796
13077.333,314.5026
13088.000,325.5935
13098.667,339.0282
13109.333,342.9675
13120.000,340.9922
13130.667,339.0282
13141.333,335.1341
13152.000,325.5935
13162.667,316.3245
13173.333,312.6912
13184.000,310.8902
13194.667,310.8902
13205.333,310.8902
13216.000,310.8902
13226.667,310.8902
13237.333,310.8902
13248.000,310.8902
13258.667,312.6912
13269.333,312.6912
13280.000,312.6912
13290.667,312.6912
13301.333,312.6912
13312.000,312.6912
13322.667,312.6912
13333.333,310.8902
13344.000,310.8902
13354.667,310.8902
13365.333,310.8902
13376.000,310.8902
13386.667,310.8902
13397.333,309.0996
13408.000,309.0996
13418.667,310.8902
13429.333,310.8902
13440.000,309.0996
13450.667,309.0996
13461.333,309.0996
13472.000,309.0996
13482.667,309.0996
13493.333,309.0996
13504.000,309.0996
13514.667,310.8902
13525.333,310.8902
13536.000,309.0996
13546.667,305.5493
13557.333,300.3002
13568.000,296.8509
13578.667,293.4413
13589.333,288.4001
13600.000,280.1900
13610.667,316.3245
13621.333,314.5026
13632.000,275.3765
13642.667,275.3765
13653.333,275.3765
13664.000,273.7904
13674.667,270.6457
13685.333,251.0669
13696.000,251.0669
13706.667,0.0000
13717.333,0.0000
13728.000,0.0000
13738.667,0.0000
13749.333,0.0000
13760.000,0.0000
13770.667,0.0000
13781.333,0.0000
13792.000,0.0000
13802.667,0.0000
13813.333,0.0000
13824.000,251.0669
13834.667,262.9409
13845.333,264.4641
13856.000,269.0869
13866.667,275.3765
13877.333,280.1900
13888.000,281.8131
13898.667,281.8131
13909.333,281.8131
13920.000,281.8131
13930.667,281.8131
13941.333,280.1900
13952.000,278.5762
13962.667,276.9717
13973.333,275.3765
13984.000,275.3765
13994.667,273.7904
14005.333,272.2135
14016.000,272.2135
14026.667,272.2135
14037.333,272.2135
14048.000,273.7904
14058.667,273.7904
14069.333,275.3765
14080.000,275.3765
14090.667,275.3765
14101.333,276.9717
14112.000,276.9717
14122.667,276.9717
14133.333,276.9717
14144.000,276.9717
14154.667,276.9717
14165.333,276.9717
14176.000,276.9717
14186.667,276.9717
14197.333,278.5762
14208.000,278.5762
14218.667,278.5762
14229.333,278.5762
14240.000,278.5762
14250.667,278.5762
14261.333,278.5762
14272.000,278.5762
14282.667,276.9717
14293.333,276.9717
14304.000,276.9717
14314.667,276.9717
14325.333,276.9717
14336.000,276.9717
14346.667,276.9717
14357.333,276.9717
14368.000,276.9717
14378.667,278.5762
14389.333,280.1900
14400.000,280.1900
14410.667,280.1900
14421.333,280.1900
14432.000,278.5762
14442.667,278.5762
14453.333,276.9717
14464.000,276.9717
14474.667,275.3765
14485.333,275.3765
14496.000,273.7904
14506.667,273.7904
14517.333,272.2135
14528.000,273.7904
14538.667,275.3765
14549.333,276.9717
14560.000,276.9717
14570.667,278.5762
14581.333,278.5762
14592.000,278.5762
14602.667,278.5762
14613.333,278.5762
14624.000,278.5762
14634.667,278.5762
14645.333,278.5762
14656.000,278.5762
14666.667,276.9717
14677.333,276.9717
14688.000,276.9717
14698.667,275.3765
14709.333,276.9717
14720.000,275.3765
14730.667,276.9717
14741.333,276.9717
14752.000,276.9717
14762.667,276.9717
14773.333,276.9717
14784.000,276.9717
14794.667,276.9717
14805.333,275.3765
14816.000,275.3765
14826.667,275.3765
14837.333,276.9717
14848.000,275.3765
14858.667,276.9717
14869.333,278.5762
14880.000,0.0000
14890.667,0.0000
14901.333,0.0000
14912.000,0.0000
14922.667,0.0000
14933.333,0.0000
14944.000,0.0000
14954.667,0.0000
14965.333,0.0000
14976.000,0.0000
14986.667,0.0000
14997.333,0.0000
15008.000,0.0000
15018.667,0.0000
15029.333,0.0000
15040.000,0.0000
15050.667,0.0000
15061.333,278.5762
15072.000,278.5762
15082.667,276.9717
15093.333,276.9717
15104.000,276.9717
15114.667,276.9717
15125.333,276.9717
15136.000,275.3765
15146.667,276.9717
15157.333,275.3765
15168.000,276.9717
15178.667,275.3765
15189.333,275.3765
15200.000,275.3765
15210.667,278.5762
15221.333,278.5762
15232.000,281.8131
15242.667,281.8131
15253.333,283.4456
15264.000,281.8131
15274.667,281.8131
15285.333,283.4456
15296.000,288.4001
15306.667,286.7391
15317.333,288.4001
15328.000,285.0876
15338.667,285.0876
15349.333,285.0876
15360.000,283.4456
15370.667,283.4456
15381.333,278.5762
15392.000,275.3765
15402.667,273.7904
15413.333,272.2135
15424.000,272.2135
15434.667,272.2135
15445.333,272.2135
15456.000,270.6457
15466.667,270.6457
15477.333,267.5370
15488.000,265.9961
15498.667,265.9961
15509.333,267.5370
15520.000,270.6457
15530.667,272.2135
15541.333,275.3765
15552.000,275.3765
15562.667,275.3765
15573.333,275.3765
15584.000,276.9717
15594.667,278.5762
15605.333,275.3765
15616.000,275.3765
15626.667,275.3765
15637.333,272.2135
15648.000,272.2135
15658.667,0.0000
15669.333,0.0000
15680.000,0.0000
15690.667,0.0000
15701.333,0.0000
15712.000,0.0000
15722.667,0.0000
15733.333,0.0000
15744.000,0.0000
15754.667,0.0000
15765.333,0.0000
15776.000,261.4265
15786.667,258.4237
15797.333,259.9208
15808.000,259.9208
15818.667,264.4641
15829.333,261.4265
15840.000,262.9409
15850.667,261.4265
15861.333,0.0000
15872.000,0.0000
15882.667,0.0000
15893.333,0.0000
15904.000,0.0000
15914.667,0.0000
15925.333,0.0000
15936.000,0.0000
15946.667,275.3765
15957.333,273.7904
15968.000,270.6457
15978.667,270.6457
15989.333,267.5370
16000.000,267.5370
16010.667,265.9961
16021.333,264.4641
16032.000,265.9961
16042.667,259.9208
16053.333,0.0000
16064.000,0.0000
16074.667,0.0000
16085.333,0.0000
16096.000,0.0000
16106.667,0.0000
16117.333,0.0000
16128.000,0.0000
16138.667,0.0000
16149.333,621.7804
16160.000,629.0052
16170.667,629.0052
16181.333,632.6490
16192.000,629.0052
16202.667,629.0052
16213.333,625.3824
16224.000,625.3824
16234.667,621.7804
16245.333,621.7804
16256.000,621.7804
16266.667,625.3824
16277.333,625.3824
16288.000,625.3824
16298.667,621.7804
16309.333,621.7804
16320.000,618.1993
16330.667,618.1993
16341.333,611.0986
16352.000,597.1411
16362.667,590.2824
16373.333,583.5024
16384.000,0.0000
16394.667,0.0000
16405.333,0.0000
16416.000,0.0000
16426.667,0.0000
16437.333,0.0000
16448.000,0.0000
16458.667,0.0000
16469.333,0.0000
16480.000,0.0000
16490.667,0.0000
16501.333,0.0000
16512.000,0.0000
16522.667,0.0000
16533.333,0.0000
16544.000,0.0000
16554.667,0.0000
16565.333,0.0000
16576.000,0.0000
16586.667,0.0000
16597.333,0.0000
16608.000,0.0000
16618.667,0.0000
16629.333,0.0000
16640.000,0.0000
16650.667,0.0000
16661.333,0.0000
16672.000,0.0000
16682.667,0.0000
16693.333,0.0000
16704.000,0.0000
16714.667,0.0000
16725.333,0.0000
16736.000,0.0000
16746.667,0.0000
16757.333,0.0000
16768.000,0.0000
16778.667,0.0000
16789.333,0.0000
16800.000,0.0000
16810.667,0.0000
16821.333,0.0000
16832.000,0.0000
16842.667,0.0000
16853.333,0.0000
16864.000,0.0000
16874.667,0.0000
16885.333,0.0000
16896.000,0.0000
16906.667,0.0000
16917.333,0.0000
16928.000,0.0000
16938.667,0.0000
16949.333,0.0000
16960.000,0.0000
16970.667,0.0000
16981.333,0.0000
16992.000,0.0000
17002.667,0.0000
17013.333,0.0000
17024.000,0.0000
17034.667,0.0000
17045.333,0.0000
17056.000,0.0000
17066.667,0.0000
17077.333,0.0000
17088.000,0.0000
17098.667,0.0000
17109.333,0.0000
17120.000,0.0000
17130.667,0.0000
17141.333,0.0000
17152.000,0.0000
17162.667,0.0000
17173.333,0.0000
17184.000,0.0000
17194.667,0.0000
17205.333,0.0000
17216.000,0.0000
17226.667,0.0000
17237.333,0.0000
17248.000,0.0000
17258.667,0.0000
17269.333,0.0000
17280.000,541.2913
17290.667,547.5808
17301.333,550.7529
17312.000,557.1524
17322.667,553.9434
17333.333,550.7529
17344.000,550.7529
17354.667,550.7529
17365.333,550.7529
17376.000,550.7529
17386.667,550.7529
17397.333,550.7529
17408.000,550.7529
17418.667,553.9434
17429.333,550.7529
17440.000,547.5808
17450.667,544.4270
17461.333,535.0741
17472.000,528.9282
17482.667,0.0000
17493.333,0.0000
17504.000,0.0000
17514.667,0.0000
17525.333,0.0000
17536.000,0.0000
17546.667,0.0000
17557.333,0.0000
17568.000,0.0000
17578.667,0.0000
17589.333,0.0000
17600.000,0.0000
17610.667,0.0000
17621.333,0.0000
17632.000,0.0000
17642.667,0.0000
17653.333,0.0000
17664.000,0.0000
17674.667,0.0000
17685.333,0.0000
17696.000,0.0000
17706.667,0.0000
17717.333,0.0000
17728.000,0.0000
17738.667,0.0000
17749.333,0.0000
17760.000,0.0000
17770.667,0.0000
17781.333,0.0000
17792.000,0.0000
17802.667,0.0000
17813.333,0.0000
17824.000,0.0000
17834.667,0.0000
17845.333,0.0000
17856.000,0.0000
17866.667,0.0000
17877.333,0.0000
17888.000,0.0000
17898.667,0.0000
17909.333,0.0000
17920.000,0.0000
17930.667,0.0000
17941.333,0.0000
17952.000,0.0000
17962.667,0.0000
17973.333,0.0000
17984.000,0.0000
17994.667,0.0000
18005.333,0.0000
18016.000,0.0000
18026.667,0.0000
18037.333,0.0000
18048.000,0.0000
18058.667,0.0000
18069.333,0.0000
18080.000,0.0000
18090.667,0.0000
18101.333,0.0000
18112.000,0.0000
18122.667,0.0000
18133.333,0.0000
18144.000,0.0000
18154.667,0.0000
18165.333,0.0000
18176.000,0.0000
18186.667,0.0000
18197.333,0.0000
18208.000,0.0000
18218.667,0.0000
18229.333,0.0000
18240.000,0.0000
18250.667,0.0000
18261.333,0.0000
18272.000,0.0000
18282.667,0.0000
18293.333,0.0000
18304.000,0.0000
18314.667,0.0000
18325.333,0.0000
18336.000,0.0000
18346.667,0.0000
18357.333,0.0000
18368.000,0.0000
18378.667,0.0000
18389.333,0.0000
18400.000,290.0708
18410.667,290.0708
18421.333,288.4001
18432.000,285.0876
18442.667,276.9717
18453.333,273.7904
18464.000,273.7904
18474.667,273.7904
18485.333,273.7904
18496.000,273.7904
18506.667,272.2135
18517.333,269.0869
18528.000,265.9961
18538.667,264.4641
18549.333,264.4641
18560.000,262.9409
18570.667,261.4265
18581.333,261.4265
18592.000,261.4265
18602.667,261.4265
18613.333,261.4265
18624.000,261.4265
18634.667,261.4265
18645.333,261.4265
18656.000,261.4265
18666.667,261.4265
18677.333,261.4265
18688.000,261.4265
18698.667,261.4265
18709.333,261.4265
18720.000,261.4265
18730.667,261.4265
18741.333,261.4265
18752.000,261.4265
18762.667,261.4265
18773.333,261.4265
18784.000,261.4265
18794.667,261.4265
18805.333,259.9208
18816.000,259.9208
18826.667,261.4265
18837.333,261.4265
18848.000,261.4265
18858.667,261.4265
18869.333,261.4265
18880.000,261.4265
18890.667,261.4265
18901.333,261.4265
18912.000,261.4265
18922.667,261.4265
18933.333,261.4265
18944.000,261.4265
18954.667,261.4265
18965.333,262.9409
18976.000,262.9409
18986.667,264.4641
18997.333,267.5370
19008.000,276.9717
19018.667,276.9717
19029.333,278.5762
19040.000,278.5762
19050.667,276.9717
19061.333,275.3765
19072.000,264.4641
19082.667,262.9409
19093.333,258.4237
19104.000,259.9208
19114.667,265.9961
19125.333,0.0000
19136.000,0.0000
19146.667,0.0000
19157.333,0.0000
19168.000,0.0000
19178.667,0.0000
19189.333,0.0000
19200.000,0.0000
19210.667,0.0000
19221.333,0.0000
19232.000,255.4555
19242.667,276.9717
19253.333,295.1412
19264.000,295.1412
19274.667,295.1412
19285.333,295.1412
19296.000,280.1900
19306.667,276.9717
19317.333,275.3765
19328.000,275.3765
19338.667,275.3765
19349.333,276.9717
19360.000,278.5762
19370.667,278.5762
19381.333,278.5762
19392.000,280.1900
19402.667,280.1900
19413.333,280.1900
19424.000,280.1900
19434.667,280.1900
19445.333,278.5762
19456.000,278.5762
19466.667,276.9717
19477.333,276.9717
19488.000,275.3765
19498.667,276.9717
19509.333,276.9717
19520.000,276.9717
19530.667,276.9717
19541.333,276.9717
19552.000,276.9717
19562.667,276.9717
19573.333,275.3765
19584.000,275.3765
19594.667,273.7904
19605.333,270.6457
19616.000,269.0869
19626.667,270.6457
19637.333,270.6457
19648.000,272.2135
19658.667,272.2135
19669.333,275.3765
19680.000,275.3765
19690.667,276.9717
19701.333,276.9717
19712.000,276.9717
19722.667,278.5762
19733.333,278.5762
19744.000,280.1900
19754.667,281.8131
19765.333,281.8131
19776.000,281.8131
19786.667,280.1900
19797.333,278.5762
19808.000,276.9717
19818.667,276.9717
19829.333,276.9717
19840.000,275.3765
19850.667,276.9717
19861.333,276.9717
19872.000,273.7904
19882.667,270.6457
19893.333,269.0869
19904.000,269.0869
19914.667,248.1832
19925.333,248.1832
19936.000,248.1832
19946.667,248.1832
19957.333,270.6457
19968.000,273.7904
19978.667,0.0000
19989.333,0.0000
20000.000,0.0000
20010.667,0.0000
20021.333,275.3765
20032.000,293.4413
20042.667,302.0398
20053.333,300.3002
20064.000,300.3002
20074.667,300.3002
20085.333,298.5706
20096.000,298.5706
20106.667,275.3765
20117.333,273.7904
20128.000,273.7904
20138.667,273.7904
20149.333,275.3765
20160.000,276.9717
20170.667,276.9717
20181.333,278.5762
20192.000,278.5762
20202.667,278.5762
20213.333,276.9717
20224.000,276.9717
20234.667,276.9717
20245.333,276.9717
20256.000,275.3765
20266.667,275.3765
20277.333,275.3765
20288.000,273.7904
20298.667,273.7904
20309.333,273.7904
20320.000,275.3765
20330.667,275.3765
20341.333,276.9717
20352.000,278.5762
20362.667,278.5762
20373.333,280.1900
20384.000,280.1900
20394.667,280.1900
20405.333,280.1900
20416.000,281.8131
20426.667,281.8131
20437.333,281.8131
20448.000,280.1900
20458.667,280.1900
20469.333,278.5762
20480.000,276.9717
20490.667,276.9717
20501.333,276.9717
20512.000,276.9717
20522.667,275.3765
20533.333,275.3765
20544.000,273.7904
20554.667,273.7904
20565.333,272.2135
20576.000,269.0869
20586.667,267.5370
20597.333,261.4265
20608.000,259.9208
20618.667,258.4237
20629.333,258.4237
20640.000,258.4237
20650.667,258.4237
20661.333,259.9208
20672.000,258.4237
20682.667,242.5147
20693.333,249.6209
20704.000,0.0000
20714.667,0.0000
20725.333,0.0000
20736.000,0.0000
20746.667,0.0000
20757.333,0.0000
20768.000,0.0000
20778.667,0.0000
20789.333,0.0000
20800.000,0.0000
20810.667,281.8131
20821.333,296.8509
20832.000,293.4413
20842.667,293.4413
20853.333,288.4001
20864.000,281.8131
20874.667,275.3765
20885.333,273.7904
20896.000,272.2135
20906.667,272.2135
20917.333,273.7904
20928.000,273.7904
20938.667,275.3765
20949.333,276.9717
20960.000,276.9717
20970.667,276.9717
20981.333,276.9717
20992.000,275.3765
21002.667,275.3765
21013.333,275.3765
21024.000,273.7904
21034.667,273.7904
21045.333,270.6457
21056.000,270.6457
21066.667,272.2135
21077.333,245.3325
21088.000,243.9195
21098.667,243.9195
21109.333,0.0000
21120.000,0.0000
21130.667,0.0000
21141.333,0.0000
21152.000,0.0000
21162.667,0.0000
21173.333,0.0000
21184.000,0.0000
21194.667,0.0000
21205.333,0.0000
21216.000,267.5370
21226.667,290.0708
21237.333,291.7512
21248.000,291.7512
21258.667,290.0708
21269.333,288.4001
21280.000,280.1900
21290.667,276.9717
21301.333,275.3765
21312.000,273.7904
21322.667,272.2135
21333.333,272.2135
21344.000,272.2135
21354.667,272.2135
21365.333,270.6457
21376.000,270.6457
21386.667,270.6457
21397.333,270.6457
21408.000,269.0869
21418.667,267.5370
21429.333,264.4641
21440.000,262.9409
21450.667,261.4265
21461.333,261.4265
21472.000,261.4265
21482.667,261.4265
21493.333,261.4265
21504.000,261.4265
21514.667,261.4265
21525.333,261.4265
21536.000,232.9045
21546.667,238.3484
21557.333,0.0000
21568.000,0.0000
21578.667,0.0000
21589.333,0.0000
21600.000,0.0000
21610.667,0.0000
21621.333,0.0000
21632.000,275.3765
21642.667,285.0876
21653.333,285.0876
21664.000,283.4456
21674.667,281.8131
21685.333,280.1900
21696.000,276.9717
21706.667,275.3765
21717.333,270.6457
21728.000,269.0869
21738.667,265.9961
21749.333,264.4641
21760.000,264.4641
21770.667,265.9961
21781.333,267.5370
21792.000,269.0869
21802.667,269.0869
21813.333,269.0869
21824.000,267.5370
21834.667,265.9961
21845.333,264.4641
21856.000,262.9409
21866.667,262.9409
21877.333,262.9409
21888.000,264.4641
21898.667,264.4641
21909.333,264.4641
21920.000,262.9409
21930.667,262.9409
21941.333,262.9409
21952.000,261.4265
21962.667,261.4265
21973.333,259.9208
21984.000,259.9208
21994.667,259.9208
22005.333,261.4265
22016.000,261.4265
22026.667,261.4265
22037.333,261.4265
22048.000,261.4265
22058.667,261.4265
22069.333,261.4265
22080.000,261.4265
22090.667,261.4265
22101.333,261.4265
22112.000,261.4265
22122.667,261.4265
22133.333,261.4265
22144.000,261.4265
22154.667,261.4265
22165.333,261.4265
22176.000,261.4265
22186.667,262.9409
22197.333,264.4641
22208.000,262.9409
22218.667,261.4265
22229.333,278.5762
22240.000,278.5762
22250.667,278.5762
22261.333,278.5762
22272.000,278.5762
22282.667,276.9717
22293.333,275.3765
22304.000,276.9717
22314.667,267.5370
22325.333,262.9409
22336.000,264.4641
22346.667,264.4641
22357.333,0.0000
22368.000,0.0000
22378.667,0.0000
22389.333,0.0000
22400.000,0.0000
22410.667,0.0000
22421.333,0.0000
22432.000,280.1900
22442.667,290.0708
22453.333,291.7512
22464.000,293.4413
22474.667,293.4413
22485.333,290.0708
22496.000,286.7391
22506.667,283.4456
22517.333,281.8131
22528.000,275.3765
22538.667,273.7904
22549.333,273.7904
22560.000,275.3765
22570.667,276.9717
22581.333,276.9717
22592.000,276.9717
22602.667,276.9717
22613.333,276.9717
22624.000,275.3765
22634.667,275.3765
22645.333,275.3765
22656.000,275.3765
22666.667,275.3765
22677.333,275.3765
22688.000,275.3765
22698.667,275.3765
22709.333,275.3765
22720.000,275.3765
22730.667,275.3765
22741.333,273.7904
22752.000,273.7904
22762.667,272.2135
22773.333,272.2135
22784.000,272.2135
22794.667,275.3765
22805.333,278.5762
22816.000,278.5762
22826.667,278.5762
22837.333,275.3765
22848.000,273.7904
22858.667,245.3325
22869.333,243.9195
22880.000,243.9195
22890.667,243.9195
22901.333,243.9195
22912.000,242.5147
22922.667,275.3765
22933.333,275.3765
22944.000,275.3765
22954.667,276.9717
22965.333,278.5762
22976.000,281.8131
22986.667,296.8509
22997.333,303.7895
23008.000,307.3193
23018.667,314.5026
23029.333,314.5026
23040.000,312.6912
23050.667,310.8902
23061.333,309.0996
23072.000,300.3002
23082.667,295.1412
23093.333,285.0876
23104.000,264.4641
23114.667,256.9353
23125.333,238.3484
23136.000,231.5631
23146.667,0.0000
23157.333,0.0000
23168.000,0.0000
23178.667,0.0000
23189.333,0.0000
23200.000,0.0000
23210.667,0.0000
23221.333,0.0000
23232.000,288.4001
23242.667,295.1412
23253.333,283.4456
23264.000,283.4456
23274.667,280.1900
23285.333,278.5762
23296.000,276.9717
23306.667,273.7904
23317.333,267.5370
23328.000,262.9409
23338.667,261.4265
23349.333,261.4265
23360.000,261.4265
23370.667,261.4265
23381.333,261.4265
23392.000,262.9409
23402.667,262.9409
23413.333,262.9409
23424.000,262.9409
23434.667,261.4265
23445.333,259.9208
23456.000,259.9208
23466.667,259.9208
23477.333,259.9208
23488.000,259.9208
23498.667,259.9208
23509.333,259.9208
23520.000,261.4265
23530.667,261.4265
23541.333,261.4265
23552.000,262.9409
23562.667,262.9409
23573.333,262.9409
23584.000,262.9409
23594.667,261.4265
23605.333,261.4265
23616.000,261.4265
23626.667,261.4265
23637.333,259.9208
23648.000,262.9409
23658.667,272.2135
23669.333,276.9717
23680.000,276.9717
23690.667,276.9717
23701.333,276.9717
23712.000,276.9717
23722.667,275.3765
23733.333,275.3765
23744.000,273.7904
23754.667,273.7904
23765.333,273.7904
23776.000,273.7904
23786.667,275.3765
23797.333,275.3765
23808.000,275.3765
23818.667,275.3765
23829.333,275.3765
23840.000,273.7904
23850.667,270.6457
23861.333,267.5370
23872.000,264.4641
23882.667,262.9409
23893.333,261.4265
23904.000,259.9208
23914.667,265.9961
23925.333,239.7291
23936.000,238.3484
23946.667,238.3484
23957.333,238.3484
23968.000,238.3484
23978.667,238.3484
23989.333,0.0000
24000.000,0.0000
24010.667,0.0000
24021.333,276.9717
24032.000,276.9717
24042.667,276.9717
24053.333,270.6457
24064.000,269.0869
24074.667,267.5370
24085.333,267.5370
24096.000,265.9961
24106.667,265.9961
24117.333,264.4641
24128.000,262.9409
24138.667,262.9409
24149.333,262.9409
24160.000,262.9409
24170.667,262.9409
24181.333,264.4641
24192.000,264.4641
24202.667,264.4641
24213.333,262.9409
24224.000,261.4265
24234.667,261.4265
24245.333,259.9208
24256.000,259.9208
24266.667,258.4237
24277.333,258.4237
24288.000,258.4237
24298.667,258.4237
24309.333,256.9353
24320.000,264.4641
24330.667,252.5213
24341.333,0.0000
24352.000,0.0000
24362.667,0.0000
24373.333,0.0000
24384.000,0.0000
24394.667,0.0000
24405.333,0.0000
24416.000,0.0000
24426.667,0.0000
24437.333,0.0000
24448.000,0.0000
24458.667,283.4456
24469.333,285.0876
24480.000,288.4001
24490.667,298.5706
24501.333,300.3002
24512.000,302.0398
24522.667,300.3002
24533.333,296.8509
24544.000,285.0876
24554.667,276.9717
24565.333,276.9717
24576.000,276.9717
24586.667,276.9717
24597.333,275.3765
24608.000,275.3765
24618.667,273.7904
24629.333,272.2135
24640.000,270.6457
24650.667,269.0869
24661.333,265.9961
24672.000,241.1179
24682.667,242.5147
24693.333,243.9195
24704.000,242.5147
24714.667,243.9195
24725.333,245.3325
24736.000,245.3325
24746.667,246.7537
24757.333,246.7537
24768.000,248.1832
24778.667,252.5213
24789.333,256.9353
24800.000,261.4265
24810.667,262.9409
24821.333,264.4641
24832.000,265.9961
24842.667,267.5370
24853.333,269.0869
24864.000,269.0869
24874.667,267.5370
24885.333,265.9961
24896.000,264.4641
24906.667,264.4641
24917.333,264.4641
24928.000,262.9409
24938.667,261.4265
24949.333,261.4265
24960.000,261.4265
24970.667,261.4265
24981.333,261.4265
24992.000,261.4265
25002.667,261.4265
25013.333,261.4265
25024.000,261.4265
25034.667,261.4265
25045.333,261.4265
25056.000,261.4265
25066.667,261.4265
25077.333,259.9208
25088.000,261.4265
25098.667,261.4265
25109.333,261.4265
25120.000,261.4265
25130.667,261.4265
25141.333,261.4265
25152.000,261.4265
25162.667,261.4265
25173.333,261.4265
25184.000,261.4265
25194.667,261.4265
25205.333,261.4265
25216.000,261.4265
25226.667,261.4265
25237.333,261.4265
25248.000,261.4265
25258.667,261.4265
25269.333,261.4265
25280.000,261.4265
25290.667,261.4265
25301.333,261.4265
25312.000,261.4265
25322.667,261.4265
25333.333,261.4265
25344.000,261.4265
25354.667,261.4265
25365.333,261.4265
25376.000,259.9208
25386.667,259.9208
25397.333,261.4265
25408.000,262.9409
25418.667,265.9961
25429.333,269.0869
25440.000,270.6457
25450.667,275.3765
25461.333,276.9717
25472.000,276.9717
25482.667,276.9717
25493.333,276.9717
25504.000,275.3765
25514.667,275.3765
25525.333,273.7904
25536.000,273.7904
25546.667,273.7904
25557.333,273.7904
25568.000,275.3765
25578.667,273.7904
25589.333,273.7904
25600.000,273.7904
25610.667,267.5370
25621.333,264.4641
25632.000,265.9961
25642.667,272.2135
25653.333,273.7904
25664.000,276.9717
25674.667,280.1900
25685.333,281.8131
25696.000,280.1900
25706.667,280.1900
25717.333,278.5762
25728.000,278.5762
25738.667,276.9717
25749.333,275.3765
25760.000,273.7904
25770.667,273.7904
25781.333,273.7904
25792.000,275.3765
25802.667,276.9717
25813.333,276.9717
25824.000,276.9717
25834.667,276.9717
25845.333,276.9717
25856.000,276.9717
25866.667,276.9717
25877.333,275.3765
25888.000,273.7904
25898.667,273.7904
25909.333,273.7904
25920.000,273.7904
25930.667,273.7904
25941.333,275.3765
25952.000,275.3765
25962.667,276.9717
25973.333,276.9717
25984.000,276.9717
25994.667,276.9717
26005.333,276.9717
26016.000,275.3765
26026.667,275.3765
26037.333,275.3765
26048.000,275.3765
26058.667,273.7904
26069.333,273.7904
26080.000,273.7904
26090.667,275.3765
26101.333,272.2135
26112.000,272.2135
26122.667,270.6457
26133.333,270.6457
26144.000,270.6457
26154.667,0.0000
26165.333,272.2135
26176.000,275.3765
26186.667,276.9717
26197.333,276.9717
26208.000,276.9717
26218.667,278.5762
26229.333,276.9717
26240.000,276.9717
26250.667,276.9717
26261.333,276.9717
26272.000,276.9717
26282.667,276.9717
26293.333,276.9717
26304.000,280.1900
26314.667,280.1900
26325.333,288.4001
26336.000,295.1412
26346.667,296.8509
26357.333,298.5706
26368.000,296.8509
26378.667,288.4001
26389.333,269.0869
26400.000,269.0869
26410.667,248.1832
26421.333,238.3484
26432.000,234.2537
26442.667,214.8116
26453.333,239.7291
26464.000,0.0000
26474.667,0.0000
26485.333,0.0000
26496.000,0.0000
26506.667,270.6457
26517.333,291.7512
26528.000,293.4413
26538.667,298.5706
26549.333,300.3002
26560.000,302.0398
26570.667,0.0000
26581.333,0.0000
26592.000,276.9717
26602.667,275.3765
26613.333,275.3765
26624.000,275.3765
26634.667,275.3765
26645.333,273.7904
26656.000,273.7904
26666.667,272.2135
26677.333,272.2135
26688.000,272.2135
26698.667,272.2135
26709.333,270.6457
26720.000,267.5370
26730.667,264.4641
26741.333,262.9409
26752.000,261.4265
26762.667,262.9409
26773.333,265.9961
26784.000,261.4265
26794.667,259.9208
26805.333,259.9208
26816.000,262.9409
26826.667,265.9961
26837.333,269.0869
26848.000,273.7904
26858.667,276.9717
26869.333,276.9717
26880.000,267.5370
26890.667,269.0869
26901.333,269.0869
26912.000,272.2135
26922.667,281.8131
26933.333,281.8131
26944.000,280.1900
26954.667,278.5762
26965.333,276.9717
26976.000,275.3765
26986.667,275.3765
26997.333,273.7904
27008.000,273.7904
27018.667,273.7904
27029.333,275.3765
27040.000,276.9717
27050.667,276.9717
27061.333,276.9717
27072.000,275.3765
27082.667,272.2135
27093.333,269.0869
27104.000,267.5370
27114.667,264.4641
27125.333,259.9208
27136.000,259.9208
27146.667,259.9208
27157.333,259.9208
27168.000,259.9208
27178.667,259.9208
27189.333,259.9208
27200.000,259.9208
27210.667,261.4265
27221.333,262.9409
27232.000,265.9961
27242.667,265.9961
27253.333,267.5370
27264.000,264.4641
27274.667,276.9717
27285.333,276.9717
27296.000,278.5762
27306.667,280.1900
27317.333,280.1900
27328.000,280.1900
27338.667,280.1900
27349.333,278.5762
27360.000,276.9717
27370.667,275.3765
27381.333,273.7904
27392.000,270.6457
27402.667,269.0869
27413.333,267.5370
27424.000,265.9961
27434.667,264.4641
27445.333,264.4641
27456.000,262.9409
27466.667,262.9409
27477.333,261.4265
27488.000,261.4265
27498.667,261.4265
27509.333,261.4265
27520.000,261.4265
27530.667,261.4265
27541.333,261.4265
27552.000,261.4265
27562.667,261.4265
27573.333,261.4265
27584.000,261.4265
27594.667,262.9409
27605.333,262.9409
27616.000,262.9409
27626.667,264.4641
27637.333,265.9961
27648.000,269.0869
27658.667,270.6457
27669.333,272.2135
27680.000,273.7904
27690.667,275.3765
27701.333,276.9717
27712.000,278.5762
27722.667,278.5762
27733.333,278.5762
27744.000,278.5762
27754.667,278.5762
27765.333,278.5762
27776.000,276.9717
27786.667,276.9717
27797.333,275.3765
27808.000,275.3765
27818.667,275.3765
27829.333,275.3765
27840.000,275.3765
27850.667,275.3765
27861.333,275.3765
27872.000,275.3765
27882.667,275.3765
27893.333,275.3765
27904.000,275.3765
27914.667,273.7904
27925.333,272.2135
27936.000,269.0869
27946.667,265.9961
27957.333,262.9409
27968.000,262.9409
27978.667,261.4265
27989.333,261.4265
28000.000,261.4265
28010.667,261.4265
28021.333,262.9409
28032.000,264.4641
28042.667,264.4641
28053.333,264.4641
28064.000,264.4641
28074.667,264.4641
28085.333,265.9961
28096.000,267.5370
28106.667,267.5370
28117.333,269.0869
28128.000,270.6457
28138.667,272.2135
28149.333,272.2135
28160.000,272.2135
28170.667,273.7904
28181.333,273.7904
28192.000,275.3765
28202.667,273.7904
28213.333,272.2135
28224.000,270.6457
28234.667,269.0869
28245.333,269.0869
28256.000,267.5370
28266.667,265.9961
28277.333,265.9961
28288.000,264.4641
28298.667,262.9409
28309.333,261.4265
28320.000,261.4265
28330.667,261.4265
28341.333,259.9208
28352.000,259.9208
28362.667,259.9208
28373.333,259.9208
28384.000,259.9208
28394.667,259.9208
28405.333,259.9208
28416.000,259.9208
28426.667,259.9208
28437.333,259.9208
28448.000,261.4265
28458.667,261.4265
28469.333,261.4265
28480.000,261.4265
28490.667,262.9409
28501.333,262.9409
28512.000,262.9409
28522.667,261.4265
28533.333,261.4265
28544.000,261.4265
28554.667,261.4265
28565.333,261.4265
28576.000,261.4265
28586.667,261.4265
28597.333,261.4265
28608.000,261.4265
28618.667,261.4265
28629.333,261.4265
28640.000,262.9409
28650.667,262.9409
28661.333,262.9409
28672.000,261.4265
28682.667,261.4265
28693.333,261.4265
28704.000,262.9409
28714.667,262.9409
28725.333,262.9409
28736.000,264.4641
28746.667,264.4641
28757.333,267.5370
28768.000,273.7904
28778.667,276.9717
28789.333,276.9717
28800.000,276.9717
28810.667,276.9717
28821.333,276.9717
28832.000,276.9717
28842.667,278.5762
28853.333,278.5762
28864.000,276.9717
28874.667,275.3765
28885.333,275.3765
28896.000,275.3765
28906.667,276.9717
28917.333,275.3765
28928.000,280.1900
28938.667,280.1900
28949.333,280.1900
28960.000,278.5762
28970.667,276.9717
28981.333,275.3765
28992.000,273.7904
29002.667,272.2135
29013.333,270.6457
29024.000,269.0869
29034.667,269.0869
29045.333,272.2135
29056.000,273.7904
29066.667,278.5762
29077.333,280.1900
29088.000,281.8131
29098.667,280.1900
29109.333,278.5762
29120.000,278.5762
29130.667,276.9717
29141.333,275.3765
29152.000,273.7904
29162.667,273.7904
29173.333,273.7904
29184.000,273.7904
29194.667,273.7904
29205.333,273.7904
29216.000,273.7904
29226.667,275.3765
29237.333,275.3765
29248.000,275.3765
29258.667,275.3765
29269.333,275.3765
29280.000,276.9717
29290.667,280.1900
29301.333,281.8131
29312.000,281.8131
29322.667,281.8131
29333.333,280.1900
29344.000,280.1900
29354.667,280.1900
29365.333,278.5762
29376.000,275.3765
29386.667,272.2135
29397.333,269.0869
29408.000,265.9961
29418.667,0.0000
29429.333,0.0000
29440.000,0.0000
29450.667,0.0000
29461.333,0.0000
29472.000,0.0000
29482.667,0.0000
29493.333,0.0000
29504.000,0.0000
29514.667,0.0000
29525.333,0.0000
29536.000,0.0000
29546.667,0.0000
29557.333,0.0000
29568.000,0.0000
29578.667,0.0000
29589.333,0.0000
29600.000,0.0000
29610.667,0.0000
29621.333,0.0000
29632.000,0.0000
29642.667,0.0000
29653.333,0.0000
29664.000,0.0000
29674.667,253.9842
29685.333,253.9842
29696.000,251.0669
29706.667,253.9842
29717.333,267.5370
29728.000,290.0708
29738.667,302.0398
29749.333,303.7895
29760.000,302.0398
29770.667,300.3002
29781.333,296.8509
29792.000,291.7512
29802.667,286.7391
29813.333,283.4456
29824.000,281.8131
29834.667,281.8131
29845.333,280.1900
29856.000,280.1900
29866.667,280.1900
29877.333,278.5762
29888.000,278.5762
29898.667,276.9717
29909.333,276.9717
29920.000,275.3765
29930.667,273.7904
29941.333,273.7904
29952.000,275.3765
29962.667,275.3765
29973.333,276.9717
29984.000,276.9717
29994.667,276.9717
30005.333,276.9717
30016.000,276.9717
30026.667,276.9717
30037.333,276.9717
30048.000,276.9717
30058.667,276.9717
30069.333,276.9717
30080.000,276.9717
30090.667,276.9717
30101.333,276.9717
30112.000,276.9717
30122.667,276.9717
30133.333,276.9717
30144.000,276.9717
30154.667,276.9717
30165.333,276.9717
30176.000,276.9717
30186.667,276.9717
30197.333,276.9717
30208.000,275.3765
30218.667,275.3765
30229.333,275.3765
30240.000,275.3765
30250.667,276.9717
30261.333,276.9717
30272.000,275.3765
30282.667,275.3765
30293.333,276.9717
30304.000,276.9717
30314.667,276.9717
30325.333,276.9717
30336.000,275.3765
30346.667,275.3765
30357.333,276.9717
30368.000,275.3765
30378.667,276.9717
30389.333,272.2135
30400.000,270.6457
30410.667,0.0000
30421.333,0.0000
30432.000,0.0000
30442.667,0.0000
30453.333,0.0000
30464.000,0.0000
30474.667,0.0000
30485.333,0.0000
30496.000,0.0000
30506.667,0.0000
30517.333,0.0000
30528.000,0.0000
30538.667,0.0000
30549.333,290.0708
30560.000,291.7512
30570.667,296.8509
30581.333,298.5706
30592.000,298.5706
30602.667,290.0708
30613.333,281.8131
30624.000,280.1900
30634.667,280.1900
30645.333,280.1900
30656.000,278.5762
30666.667,276.9717
30677.333,276.9717
30688.000,275.3765
30698.667,275.3765
30709.333,273.7904
30720.000,273.7904
30730.667,272.2135
30741.333,270.6457
30752.000,269.0869
30762.667,269.0869
30773.333,267.5370
30784.000,0.0000
30794.667,0.0000
30805.333,0.0000
30816.000,0.0000
30826.667,0.0000
30837.333,0.0000
30848.000,0.0000
30858.667,0.0000
30869.333,0.0000
30880.000,0.0000
30890.667,0.0000
30901.333,273.7904
30912.000,275.3765
30922.667,293.4413
30933.333,321.8537
30944.000,323.7182
30954.667,327.4796
30965.333,331.2848
30976.000,333.2039
30986.667,333.2039
30997.333,329.3767
31008.000,321.8537
31018.667,316.3245
31029.333,314.5026
31040.000,312.6912
31050.667,310.8902
31061.333,310.8902
31072.000,310.8902
31082.667,310.8902
31093.333,310.8902
31104.000,312.6912
31114.667,312.6912
31125.333,312.6912
31136.000,310.8902
31146.667,307.3193
31157.333,310.8902
31168.000,0.0000
31178.667,0.0000
31189.333,0.0000
31200.000,0.0000
31210.667,0.0000
31221.333,0.0000
31232.000,0.0000
31242.667,0.0000
31253.333,0.0000
31264.000,0.0000
31274.667,0.0000
31285.333,0.0000
31296.000,493.5075
31306.667,499.2417
31317.333,502.1338
31328.000,0.0000
31338.667,0.0000
31349.333,414.9887
31360.000,405.5103
31370.667,396.2484
31381.333,384.9680
31392.000,380.5463
31402.667,378.3545
31413.333,376.1753
31424.000,374.0087
31434.667,371.8546
31445.333,369.7129
31456.000,367.5835
31466.667,367.5835
31477.333,367.5835
31488.000,367.5835
31498.667,369.7129
31509.333,369.7129
31520.000,369.7129
31530.667,367.5835
31541.333,367.5835
31552.000,367.5835
31562.667,367.5835
31573.333,369.7129
31584.000,369.7129
31594.667,371.8546
31605.333,371.8546
31616.000,371.8546
31626.667,369.7129
31637.333,369.7129
31648.000,367.5835
31658.667,365.4663
31669.333,365.4663
31680.000,363.3614
31690.667,363.3614
31701.333,363.3614
31712.000,363.3614
31722.667,363.3614
31733.333,363.3614
31744.000,363.3614
31754.667,361.2686
31765.333,359.1879
31776.000,357.1191
31786.667,0.0000
31797.333,0.0000
31808.000,0.0000
31818.667,0.0000
31829.333,0.0000
31840.000,0.0000
31850.667,0.0000
31861.333,0.0000
31872.000,0.0000
31882.667,0.0000
31893.333,344.9543
31904.000,355.0622
31914.667,359.1879
31925.333,363.3614
31936.000,363.3614
31946.667,365.4663
31957.333,365.4663
31968.000,363.3614
31978.667,363.3614
31989.333,365.4663
32000.000,365.4663
32010.667,367.5835
32021.333,367.5835
32032.000,367.5835
32042.667,363.3614
32053.333,361.2686
32064.000,357.1191
32074.667,355.0622
32085.333,348.9625
32096.000,357.1191
32106.667,361.2686
32117.333,363.3614
32128.000,363.3614
32138.667,361.2686
32149.333,357.1191
32160.000,353.0172
32170.667,353.0172
32181.333,365.4663
32192.000,378.3545
32202.667,380.5463
32213.333,382.7508
32224.000,382.7508
32234.667,378.3545
32245.333,371.8546
32256.000,367.5835
32266.667,365.4663
32277.333,363.3614
32288.000,363.3614
32298.667,363.3614
32309.333,361.2686
32320.000,361.2686
32330.667,359.1879
32341.333,357.1191
32352.000,355.0622
32362.667,350.9840
32373.333,346.9526
32384.000,344.9543
32394.667,344.9543
32405.333,344.9543
32416.000,344.9543
32426.667,344.9543
32437.333,342.9675
32448.000,342.9675
32458.667,342.9675
32469.333,342.9675
32480.000,340.9922
32490.667,333.2039
32501.333,323.7182
32512.000,320.0000
32522.667,316.3245
32533.333,312.6912
32544.000,310.8902
32554.667,309.0996
32565.333,0.0000
32576.000,0.0000
32586.667,0.0000
32597.333,0.0000
32608.000,0.0000
32618.667,0.0000
32629.333,0.0000
32640.000,0.0000
32650.667,0.0000
32661.333,0.0000
32672.000,0.0000
32682.667,344.9543
32693.333,344.9543
32704.000,346.9526
32714.667,346.9526
32725.333,344.9543
32736.000,346.9526
32746.667,346.9526
32757.333,348.9625
32768.000,350.9840
32778.667,361.2686
32789.333,363.3614
32800.000,365.4663
32810.667,361.2686
32821.333,359.1879
32832.000,359.1879
32842.667,355.0622
32853.333,350.9840
32864.000,346.9526
32874.667,335.1341
32885.333,327.4796
32896.000,329.3767
32906.667,333.2039
32917.333,340.9922
32928.000,339.0282
32938.667,0.0000
32949.333,0.0000
32960.000,367.5835
32970.667,369.7129
32981.333,378.3545
32992.000,374.0087
33002.667,374.0087
33013.333,371.8546
33024.000,371.8546
33034.667,369.7129
33045.333,369.7129
33056.000,369.7129
33066.667,367.5835
33077.333,367.5835
33088.000,367.5835
33098.667,367.5835
33109.333,367.5835
33120.000,365.4663
33130.667,365.4663
33141.333,363.3614
33152.000,361.2686
33162.667,359.1879
33173.333,363.3614
33184.000,365.4663
33194.667,359.1879
33205.333,359.1879
33216.000,0.0000
33226.667,0.0000
33237.333,0.0000
33248.000,0.0000
33258.667,0.0000
33269.333,0.0000
33280.000,0.0000
33290.667,0.0000
33301.333,0.0000
33312.000,0.0000
33322.667,0.0000
33333.333,376.1753
33344.000,378.3545
33354.667,376.1753
33365.333,376.1753
33376.000,348.9625
33386.667,350.9840
33397.333,353.0172
33408.000,353.0172
33418.667,350.9840
33429.333,348.9625
33440.000,348.9625
33450.667,348.9625
33461.333,348.9625
33472.000,348.9625
33482.667,346.9526
33493.333,346.9526
33504.000,346.9526
33514.667,348.9625
33525.333,348.9625
33536.000,348.9625
33546.667,346.9526
33557.333,346.9526
33568.000,346.9526
33578.667,346.9526
33589.333,348.9625
33600.000,346.9526
33610.667,348.9625
33621.333,348.9625
33632.000,348.9625
33642.667,348.9625
33653.333,348.9625
33664.000,348.9625
33674.667,348.9625
33685.333,348.9625
33696.000,348.9625
33706.667,348.9625
33717.333,348.9625
33728.000,0.0000
33738.667,291.7512
33749.333,290.0708
33760.000,290.0708
33770.667,288.4001
33781.333,286.7391
33792.000,283.4456
33802.667,283.4456
33813.333,276.9717
33824.000,275.3765
33834.667,275.3765
33845.333,276.9717
33856.000,276.9717
33866.667,276.9717
33877.333,275.3765
33888.000,273.7904
33898.667,275.3765
33909.333,275.3765
33920.000,275.3765
33930.667,276.9717
33941.333,276.9717
33952.000,276.9717
33962.667,278.5762
33973.333,278.5762
33984.000,278.5762
33994.667,276.9717
34005.333,276.9717
34016.000,276.9717
34026.667,276.9717
34037.333,276.9717
34048.000,276.9717
34058.667,276.9717
34069.333,276.9717
34080.000,276.9717
34090.667,276.9717
34101.333,276.9717
34112.000,275.3765
34122.667,275.3765
34133.333,273.7904
34144.000,272.2135
34154.667,243.9195
34165.333,245.3325
34176.000,242.5147
34186.667,231.5631
34197.333,218.5664
34208.000,213.5744
34218.667,213.5744
34229.333,212.3443
34240.000,209.9053
34250.667,208.6963
34261.333,208.6963
34272.000,208.6963
34282.667,208.6963
34293.333,207.4943
34304.000,208.6963
34314.667,207.4943
34325.333,207.4943
34336.000,207.4943
34346.667,207.4943
34357.333,207.4943
34368.000,207.4943
34378.667,207.4943
34389.333,208.6963
34400.000,208.6963
34410.667,208.6963
34421.333,205.1111
34432.000,205.1111
34442.667,211.1213
34453.333,0.0000
34464.000,0.0000
34474.667,0.0000
34485.333,0.0000
34496.000,0.0000
34506.667,0.0000
34517.333,0.0000
34528.000,0.0000
34538.667,0.0000
34549.333,0.0000
34560.000,0.0000
34570.667,321.8537
34581.333,325.5935
34592.000,333.2039
34602.667,357.1191
34613.333,374.0087
34624.000,359.1879
34634.667,350.9840
34645.333,340.9922
34656.000,333.2039
34666.667,327.4796
34677.333,325.5935
34688.000,320.0000
34698.667,316.3245
34709.333,314.5026
34720.000,312.6912
34730.667,312.6912
34741.333,312.6912
34752.000,312.6912
34762.667,312.6912
34773.333,310.8902
34784.000,310.8902
34794.667,309.0996
34805.333,309.0996
34816.000,309.0996
34826.667,309.0996
34837.333,309.0996
34848.000,309.0996
34858.667,309.0996
34869.333,309.0996
34880.000,309.0996
34890.667,309.0996
34901.333,309.0996
34912.000,310.8902
34922.667,310.8902
34933.333,310.8902
34944.000,310.8902
34954.667,310.8902
34965.333,310.8902
34976.000,310.8902
34986.667,310.8902
34997.333,310.8902
35008.000,310.8902
35018.667,310.8902
35029.333,310.8902
35040.000,310.8902
35050.667,310.8902
35061.333,310.8902
35072.000,310.8902
35082.667,310.8902
35093.333,310.8902
35104.000,309.0996
35114.667,307.3193
35125.333,305.5493
35136.000,303.7895
35146.667,295.1412
35157.333,288.4001
35168.000,286.7391
35178.667,280.1900
35189.333,275.3765
35200.000,275.3765
35210.667,276.9717
35221.333,276.9717
35232.000,276.9717
35242.667,278.5762
35253.333,278.5762
35264.000,278.5762
35274.667,278.5762
35285.333,278.5762
35296.000,278.5762
35306.667,276.9717
35317.333,276.9717
35328.000,275.3765
35338.667,276.9717
35349.333,276.9717
35360.000,276.9717
35370.667,276.9717
35381.333,276.9717
35392.000,278.5762
35402.667,280.1900
35413.333,280.1900
35424.000,281.8131
35434.667,280.1900
35445.333,278.5762
35456.000,278.5762
35466.667,276.9717
35477.333,275.3765
35488.000,273.7904
35498.667,273.7904
35509.333,272.2135
35520.000,273.7904
35530.667,273.7904
35541.333,276.9717
35552.000,276.9717
35562.667,278.5762
35573.333,278.5762
35584.000,278.5762
35594.667,278.5762
35605.333,276.9717
35616.000,275.3765
35626.667,273.7904
35637.333,273.7904
35648.000,272.2135
35658.667,272.2135
35669.333,273.7904
35680.000,275.3765
35690.667,275.3765
35701.333,276.9717
35712.000,276.9717
35722.667,276.9717
35733.333,276.9717
35744.000,276.9717
35754.667,276.9717
35765.333,276.9717
35776.000,276.9717
35786.667,276.9717
35797.333,275.3765
35808.000,273.7904
35818.667,275.3765
35829.333,276.9717
35840.000,276.9717
35850.667,275.3765
35861.333,275.3765
35872.000,276.9717
35882.667,243.9195
35893.333,242.5147
35904.000,241.1179
35914.667,242.5147
35925.333,275.3765
35936.000,276.9717
35946.667,278.5762
35957.333,285.0876
35968.000,291.7512
35978.667,302.0398
35989.333,318.1569
36000.000,327.4796
36010.667,331.2848
36021.333,329.3767
36032.000,325.5935
36042.667,321.8537
36053.333,318.1569
36064.000,314.5026
36074.667,307.3193
36085.333,298.5706
36096.000,281.8131
36106.667,269.0869
36117.333,261.4265
36128.000,252.5213
36138.667,239.7291
36149.333,0.0000
36160.000,0.0000
36170.667,0.0000
36181.333,0.0000
36192.000,0.0000
36202.667,0.0000
36213.333,0.0000
36224.000,249.6209
36234.667,258.4237
36245.333,270.6457
36256.000,273.7904
36266.667,275.3765
36277.333,278.5762
36288.000,280.1900
36298.667,280.1900
36309.333,278.5762
36320.000,278.5762
36330.667,276.9717
36341.333,276.9717
36352.000,275.3765
36362.667,275.3765
36373.333,273.7904
36384.000,273.7904
36394.667,272.2135
36405.333,270.6457
36416.000,269.0869
36426.667,265.9961
36437.333,264.4641
36448.000,251.0669
36458.667,238.3484
36469.333,235.6107
36480.000,0.0000
36490.667,0.0000
36501.333,0.0000
36512.000,0.0000
36522.667,0.0000
36533.333,0.0000
36544.000,0.0000
36554.667,0.0000
36565.333,248.1832
36576.000,261.4265
36586.667,270.6457
36597.333,278.5762
36608.000,281.8131
36618.667,285.0876
36629.333,285.0876
36640.000,278.5762
36650.667,276.9717
36661.333,276.9717
36672.000,276.9717
36682.667,276.9717
36693.333,276.9717
36704.000,278.5762
36714.667,278.5762
36725.333,276.9717
36736.000,276.9717
36746.667,276.9717
36757.333,276.9717
36768.000,275.3765
36778.667,275.3765
36789.333,276.9717
36800.000,276.9717
36810.667,276.9717
36821.333,276.9717
36832.000,276.9717
36842.667,276.9717
36853.333,276.9717
36864.000,275.3765
36874.667,275.3765
36885.333,275.3765
36896.000,275.3765
36906.667,273.7904
36917.333,273.7904
36928.000,273.7904
36938.667,273.7904
36949.333,272.2135
36960.000,272.2135
36970.667,265.9961
36981.333,265.9961
36992.000,265.9961
37002.667,267.5370
37013.333,269.0869
37024.000,275.3765
37034.667,278.5762
37045.333,278.5762
37056.000,278.5762
37066.667,278.5762
37077.333,278.5762
37088.000,276.9717
37098.667,276.9717
37109.333,275.3765
37120.000,275.3765
37130.667,275.3765
37141.333,275.3765
37152.000,275.3765
37162.667,275.3765
37173.333,275.3765
37184.000,275.3765
37194.667,275.3765
37205.333,275.3765
37216.000,273.7904
37226.667,273.7904
37237.333,273.7904
37248.000,269.0869
37258.667,262.9409
37269.333,264.4641
37280.000,265.9961
37290.667,267.5370
37301.333,265.9961
37312.000,264.4641
37322.667,262.9409
37333.333,264.4641
37344.000,264.4641
37354.667,265.9961
37365.333,269.0869
37376.000,272.2135
37386.667,275.3765
37397.333,290.0708
37408.000,298.5706
37418.667,305.5493
37429.333,312.6912
37440.000,316.3245
37450.667,316.3245
37461.333,316.3245
37472.000,314.5026
37482.667,312.6912
37493.333,310.8902
37504.000,310.8902
37514.667,310.8902
37525.333,310.8902
37536.000,310.8902
37546.667,310.8902
37557.333,310.8902
37568.000,310.8902
37578.667,310.8902
37589.333,310.8902
37600.000,310.8902
37610.667,312.6912
37621.333,312.6912
37632.000,312.6912
37642.667,312.6912
37653.333,310.8902
37664.000,310.8902
37674.667,309.0996
37685.333,310.8902
37696.000,310.8902
37706.667,312.6912
37717.333,0.0000
37728.000,0.0000
37738.667,0.0000
37749.333,0.0000
37760.000,0.0000
37770.667,0.0000
37781.333,0.0000
37792.000,0.0000
37802.667,0.0000
37813.333,0.0000
37824.000,376.1753
37834.667,378.3545
37845.333,378.3545
37856.000,378.3545
37866.667,378.3545
37877.333,371.8546
37888.000,367.5835
37898.667,365.4663
37909.333,363.3614
37920.000,363.3614
37930.667,365.4663
37941.333,365.4663
37952.000,367.5835
37962.667,367.5835
37973.333,367.5835
37984.000,369.7129
37994.667,369.7129
38005.333,369.7129
38016.000,369.7129
38026.667,369.7129
38037.333,369.7129
38048.000,369.7129
38058.667,369.7129
38069.333,369.7129
38080.000,369.7129
38090.667,371.8546
38101.333,371.8546
38112.000,371.8546
38122.667,369.7129
38133.333,369.7129
38144.000,369.7129
38154.667,369.7129
38165.333,369.7129
38176.000,369.7129
38186.667,369.7129
38197.333,369.7129
38208.000,369.7129
38218.667,369.7129
38229.333,369.7129
38240.000,369.7129
38250.667,369.7129
38261.333,369.7129
38272.000,369.7129
38282.667,369.7129
38293.333,369.7129
38304.000,369.7129
38314.667,369.7129
38325.333,369.7129
38336.000,369.7129
38346.667,369.7129
38357.333,369.7129
38368.000,369.7129
38378.667,367.5835
38389.333,367.5835
38400.000,369.7129
38410.667,369.7129
38421.333,363.3614
38432.000,361.2686
38442.667,344.9543
38453.333,344.9543
38464.000,344.9543
38474.667,346.9526
38485.333,350.9840
38496.000,355.0622
38506.667,357.1191
38517.333,357.1191
38528.000,359.1879
38538.667,355.0622
38549.333,355.0622
38560.000,355.0622
38570.667,355.0622
38581.333,353.0172
38592.000,353.0172
38602.667,350.9840
38613.333,350.9840
38624.000,348.9625
38634.667,348.9625
38645.333,346.9526
38656.000,346.9526
38666.667,346.9526
38677.333,346.9526
38688.000,348.9625
38698.667,348.9625
38709.333,348.9625
38720.000,348.9625
38730.667,348.9625
38741.333,348.9625
38752.000,348.9625
38762.667,348.9625
38773.333,348.9625
38784.000,346.9526
38794.667,346.9526
38805.333,346.9526
38816.000,346.9526
38826.667,346.9526
38837.333,346.9526
38848.000,346.9526
38858.667,348.9625
38869.333,348.9625
38880.000,348.9625
38890.667,348.9625
38901.333,350.9840
38912.000,350.9840
38922.667,350.9840
38933.333,348.9625
38944.000,348.9625
38954.667,346.9526
38965.333,342.9675
38976.000,340.9922
38986.667,0.0000
38997.333,0.0000
39008.000,0.0000
39018.667,0.0000
39029.333,0.0000
39040.000,0.0000
39050.667,0.0000
39061.333,0.0000
39072.000,0.0000
39082.667,0.0000
39093.333,325.5935
39104.000,321.8537
39114.667,320.0000
39125.333,314.5026
39136.000,310.8902
39146.667,309.0996
39157.333,310.8902
39168.000,312.6912
39178.667,316.3245
39189.333,320.0000
39200.000,325.5935
39210.667,333.2039
39221.333,342.9675
39232.000,346.9526
39242.667,348.9625
39253.333,350.9840
39264.000,350.9840
39274.667,350.9840
39285.333,350.9840
39296.000,348.9625
39306.667,348.9625
39317.333,348.9625
39328.000,348.9625
39338.667,348.9625
39349.333,348.9625
39360.000,348.9625
39370.667,346.9526
39381.333,346.9526
39392.000,346.9526
39402.667,346.9526
39413.333,346.9526
39424.000,346.9526
39434.667,348.9625
39445.333,348.9625
39456.000,348.9625
39466.667,348.9625
39477.333,348.9625
39488.000,348.9625
39498.667,348.9625
39509.333,348.9625
39520.000,348.9625
39530.667,348.9625
39541.333,348.9625
39552.000,348.9625
39562.667,348.9625
39573.333,346.9526
39584.000,346.9526
39594.667,348.9625
39605.333,348.9625
39616.000,348.9625
39626.667,348.9625
39637.333,348.9625
39648.000,348.9625
39658.667,348.9625
39669.333,348.9625
39680.000,348.9625
39690.667,348.9625
39701.333,348.9625
39712.000,348.9625
39722.667,348.9625
39733.333,348.9625
39744.000,348.9625
39754.667,348.9625
39765.333,348.9625
39776.000,348.9625
39786.667,348.9625
39797.333,348.9625
39808.000,348.9625
39818.667,348.9625
39829.333,348.9625
39840.000,348.9625
39850.667,348.9625
39861.333,348.9625
39872.000,348.9625
39882.667,346.9526
39893.333,346.9526
39904.000,346.9526
39914.667,346.9526
39925.333,348.9625
39936.000,348.9625
39946.667,346.9526
39957.333,346.9526
39968.000,346.9526
39978.667,344.9543
39989.333,344.9543
40000.000,346.9526
40010.667,346.9526
40021.333,348.9625
40032.000,348.9625
40042.667,350.9840
40053.333,350.9840
40064.000,350.9840
40074.667,0.0000
40085.333,0.0000
40096.000,0.0000
40106.667,0.0000
40117.333,0.0000
40128.000,0.0000
40138.667,0.0000
40149.333,320.0000
40160.000,316.3245
40170.667,314.5026
40181.333,312.6912
40192.000,310.8902
40202.667,309.0996
40213.333,309.0996
40224.000,309.0996
40234.667,309.0996
40245.333,309.0996
40256.000,309.0996
40266.667,309.0996
40277.333,309.0996
40288.000,309.0996
40298.667,310.8902
40309.333,310.8902
40320.000,310.8902
40330.667,312.6912
40341.333,312.6912
40352.000,312.6912
40362.667,312.6912
40373.333,310.8902
40384.000,310.8902
40394.667,309.0996
40405.333,309.0996
40416.000,309.0996
40426.667,307.3193
40437.333,307.3193
40448.000,323.7182
40458.667,323.7182
40469.333,323.7182
40480.000,321.8537
40490.667,283.4456
40501.333,0.0000
40512.000,0.0000
40522.667,0.0000
40533.333,0.0000
40544.000,0.0000
40554.667,0.0000
40565.333,0.0000
40576.000,0.0000
40586.667,0.0000
40597.333,0.0000
40608.000,0.0000
40618.667,0.0000
40629.333,0.0000
40640.000,0.0000
40650.667,0.0000
40661.333,0.0000
40672.000,0.0000
40682.667,0.0000
40693.333,0.0000
40704.000,0.0000
40714.667,0.0000
40725.333,0.0000
40736.000,0.0000
40746.667,0.0000
40757.333,0.0000
40768.000,0.0000
40778.667,0.0000
40789.333,0.0000
40800.000,0.0000
40810.667,0.0000
40821.333,0.0000
40832.000,0.0000
40842.667,0.0000
40853.333,0.0000
40864.000,0.0000
40874.667,0.0000
40885.333,276.9717
40896.000,281.8131
40906.667,283.4456
40917.333,278.5762
40928.000,280.1900
40938.667,276.9717
40949.333,278.5762
40960.000,283.4456
40970.667,280.1900
40981.333,281.8131
40992.000,258.4237
41002.667,272.2135
41013.333,253.9842
41024.000,238.3484
41034.667,241.1179
41045.333,243.9195
41056.000,280.1900
41066.667,293.4413
41077.333,300.3002
41088.000,307.3193
41098.667,307.3193
41109.333,307.3193
41120.000,305.5493
41130.667,303.7895
41141.333,296.8509
41152.000,288.4001
41162.667,251.0669
41173.333,245.3325
41184.000,214.8116
41194.667,0.0000
41205.333,178.5595
41216.000,177.5311
41226.667,175.4920
41237.333,176.5086
41248.000,177.5311
41258.667,182.7332
41269.333,199.2719
41280.000,205.1111
41290.667,206.2992
41301.333,205.1111
41312.000,203.9297
41322.667,202.7552
41333.333,200.4263
41344.000,200.4263
41354.667,202.7552
41365.333,205.1111
41376.000,209.9053
41386.667,214.8116
41397.333,221.1061
41408.000,219.8326
41418.667,226.2742
41429.333,0.0000
41440.000,0.0000
41450.667,0.0000
41461.333,288.4001
41472.000,300.3002
41482.667,327.4796
41493.333,335.1341
41504.000,355.0622
41514.667,359.1879
41525.333,361.2686
41536.000,359.1879
41546.667,359.1879
41557.333,355.0622
41568.000,353.0172
41578.667,350.9840
41589.333,346.9526
41600.000,344.9543
41610.667,344.9543
41621.333,344.9543
41632.000,344.9543
41642.667,346.9526
41653.333,346.9526
41664.000,346.9526
41674.667,346.9526
41685.333,346.9526
41696.000,344.9543
41706.667,342.9675
41717.333,339.0282
41728.000,337.0755
41738.667,333.2039
41749.333,325.5935
41760.000,321.8537
41770.667,320.0000
41781.333,321.8537
41792.000,323.7182
41802.667,321.8537
41813.333,318.1569
41824.000,310.8902
41834.667,312.6912
41845.333,312.6912
41856.000,314.5026
41866.667,321.8537
41877.333,321.8537
41888.000,320.0000
41898.667,320.0000
41909.333,318.1569
41920.000,316.3245
41930.667,314.5026
41941.333,312.6912
41952.000,309.0996
41962.667,307.3193
41973.333,307.3193
41984.000,305.5493
41994.667,303.7895
42005.333,303.7895
42016.000,303.7895
42026.667,302.0398
42037.333,300.3002
42048.000,296.8509
42058.667,293.4413
42069.333,290.0708
42080.000,286.7391
42090.667,296.8509
42101.333,298.5706
42112.000,0.0000
42122.667,0.0000
42133.333,0.0000
42144.000,0.0000
42154.667,0.0000
42165.333,0.0000
42176.000,0.0000
42186.667,0.0000
42197.333,0.0000
42208.000,0.0000
42218.667,275.3765
42229.333,275.3765
42240.000,275.3765
42250.667,283.4456
42261.333,283.4456
42272.000,283.4456
42282.667,293.4413
42293.333,307.3193
42304.000,307.3193
42314.667,309.0996
42325.333,309.0996
42336.000,307.3193
42346.667,305.5493
42357.333,302.0398
42368.000,298.5706
42378.667,293.4413
42389.333,288.4001
42400.000,286.7391
42410.667,285.0876
42421.333,281.8131
42432.000,280.1900
42442.667,280.1900
42453.333,280.1900
42464.000,278.5762
42474.667,276.9717
42485.333,275.3765
42496.000,275.3765
42506.667,273.7904
42517.333,273.7904
42528.000,272.2135
42538.667,272.2135
42549.333,281.8131
42560.000,278.5762
42570.667,276.9717
42581.333,276.9717
42592.000,276.9717
42602.667,278.5762
42613.333,278.5762
42624.000,278.5762
42634.667,0.0000
42645.333,264.4641
42656.000,291.7512
42666.667,300.3002
42677.333,310.8902
42688.000,333.2039
42698.667,339.0282
42709.333,340.9922
42720.000,342.9675
42730.667,346.9526
42741.333,346.9526
42752.000,346.9526
42762.667,344.9543
42773.333,339.0282
42784.000,333.2039
42794.667,329.3767
42805.333,327.4796
42816.000,321.8537
42826.667,320.0000
42837.333,316.3245
42848.000,314.5026
42858.667,312.6912
42869.333,310.8902
42880.000,310.8902
42890.667,310.8902
42901.333,309.0996
42912.000,309.0996
42922.667,309.0996
42933.333,309.0996
42944.000,309.0996
42954.667,309.0996
42965.333,309.0996
42976.000,309.0996
42986.667,309.0996
42997.333,309.0996
43008.000,307.3193
43018.667,307.3193
43029.333,309.0996
43040.000,309.0996
43050.667,309.0996
43061.333,309.0996
43072.000,309.0996
43082.667,307.3193
43093.333,307.3193
43104.000,307.3193
43114.667,309.0996
43125.333,309.0996
43136.000,309.0996
43146.667,309.0996
43157.333,307.3193
43168.000,307.3193
43178.667,307.3193
43189.333,305.5493
43200.000,300.3002
43210.667,291.7512
43221.333,290.0708
43232.000,286.7391
43242.667,281.8131
43253.333,281.8131
43264.000,298.5706
43274.667,298.5706
43285.333,296.8509
43296.000,0.0000
43306.667,0.0000
43317.333,0.0000
43328.000,0.0000
43338.667,0.0000
43349.333,0.0000
43360.000,0.0000
43370.667,0.0000
43381.333,0.0000
43392.000,0.0000
43402.667,0.0000
43413.333,0.0000
43424.000,0.0000
43434.667,0.0000
43445.333,0.0000
43456.000,0.0000
43466.667,238.3484
43477.333,252.5213
43488.000,278.5762
43498.667,295.1412
43509.333,298.5706
43520.000,305.5493
43530.667,305.5493
43541.333,307.3193
43552.000,300.3002
43562.667,288.4001
43573.333,285.0876
43584.000,281.8131
43594.667,280.1900
43605.333,278.5762
43616.000,276.9717
43626.667,276.9717
43637.333,276.9717
43648.000,276.9717
43658.667,276.9717
43669.333,276.9717
43680.000,276.9717
43690.667,276.9717
43701.333,275.3765
43712.000,275.3765
43722.667,275.3765
43733.333,275.3765
43744.000,273.7904
43754.667,273.7904
43765.333,273.7904
43776.000,273.7904
43786.667,273.7904
43797.333,275.3765
43808.000,275.3765
43818.667,275.3765
43829.333,275.3765
43840.000,276.9717
43850.667,276.9717
43861.333,276.9717
43872.000,276.9717
43882.667,276.9717
43893.333,276.9717
43904.000,278.5762
43914.667,278.5762
43925.333,278.5762
43936.000,278.5762
43946.667,278.5762
43957.333,278.5762
43968.000,276.9717
43978.667,276.9717
43989.333,275.3765
44000.000,275.3765
44010.667,275.3765
44021.333,275.3765
44032.000,275.3765
44042.667,275.3765
44053.333,276.9717
44064.000,276.9717
44074.667,276.9717
44085.333,278.5762
44096.000,278.5762
44106.667,276.9717
44117.333,276.9717
44128.000,275.3765
44138.667,275.3765
44149.333,273.7904
44160.000,275.3765
44170.667,276.9717
44181.333,280.1900
44192.000,281.8131
44202.667,281.8131
44213.333,281.8131
44224.000,280.1900
44234.667,278.5762
44245.333,276.9717
44256.000,275.3765
44266.667,273.7904
44277.333,272.2135
44288.000,273.7904
44298.667,273.7904
44309.333,275.3765
44320.000,275.3765
44330.667,278.5762
44341.333,273.7904
44352.000,276.9717
44362.667,276.9717
44373.333,276.9717
44384.000,278.5762
44394.667,276.9717
44405.333,278.5762
44416.000,278.5762
44426.667,278.5762
44437.333,278.5762
44448.000,280.1900
44458.667,280.1900
44469.333,278.5762
44480.000,276.9717
44490.667,275.3765
44501.333,276.9717
44512.000,276.9717
44522.667,276.9717
44533.333,278.5762
44544.000,278.5762
44554.667,278.5762
44565.333,278.5762
44576.000,275.3765
44586.667,275.3765
44597.333,276.9717
44608.000,278.5762
44618.667,278.5762
44629.333,276.9717
44640.000,276.9717
44650.667,276.9717
44661.333,276.9717
44672.000,276.9717
44682.667,276.9717
44693.333,278.5762
44704.000,278.5762
44714.667,280.1900
44725.333,280.1900
44736.000,281.8131
44746.667,281.8131
44757.333,0.0000
44768.000,0.0000
44778.667,0.0000
44789.333,0.0000
44800.000,0.0000
44810.667,0.0000
44821.333,0.0000
44832.000,0.0000
44842.667,0.0000
44853.333,0.0000
44864.000,697.9249
44874.667,697.9249
44885.333,697.9249
44896.000,697.9249
44906.667,697.9249
44917.333,697.9249
44928.000,693.9052
44938.667,693.9052
44949.333,701.9680
44960.000,697.9249
44970.667,697.9249
44981.333,697.9249
44992.000,697.9249
45002.667,697.9249
45013.333,697.9249
45024.000,697.9249
45034.667,693.9052
45045.333,693.9052
45056.000,693.9052
45066.667,697.9249
45077.333,697.9249
45088.000,693.9052
45098.667,693.9052
45109.333,693.9052
45120.000,693.9052
45130.667,693.9052
45141.333,693.9052
45152.000,0.0000
45162.667,0.0000
45173.333,0.0000
45184.000,0.0000
45194.667,0.0000
45205.333,468.5074
45216.000,468.5074
45226.667,468.5074
45237.333,468.5074
45248.000,468.5074
45258.667,473.9512
45269.333,479.4583
45280.000,479.4583
45290.667,471.2215
45301.333,468.5074
45312.000,465.8090
45322.667,465.8090
45333.333,465.8090
45344.000,465.8090
45354.667,465.8090
45365.333,468.5074
45376.000,471.2215
45386.667,471.2215
45397.333,468.5074
45408.000,468.5074
45418.667,468.5074
45429.333,468.5074
45440.000,465.8090
45450.667,465.8090
45461.333,465.8090
45472.000,465.8090
45482.667,463.1262
45493.333,463.1262
45504.000,463.1262
45514.667,465.8090
45525.333,465.8090
45536.000,468.5074
45546.667,0.0000
45557.333,0.0000
45568.000,348.9625
45578.667,348.9625
45589.333,348.9625
45600.000,348.9625
45610.667,350.9840
45621.333,350.9840
45632.000,350.9840
45642.667,0.0000
45653.333,0.0000
45664.000,0.0000
45674.667,0.0000
45685.333,0.0000
45696.000,346.9526
45706.667,348.9625
45717.333,348.9625
45728.000,348.9625
45738.667,348.9625
45749.333,346.9526
45760.000,0.0000
45770.667,0.0000
45781.333,0.0000
45792.000,471.2215
45802.667,473.9512
45813.333,471.2215
45824.000,471.2215
45834.667,471.2215
45845.333,471.2215
45856.000,471.2215
45866.667,468.5074
45877.333,465.8090
45888.000,465.8090
45898.667,465.8090
45909.333,465.8090
45920.000,465.8090
45930.667,465.8090
45941.333,465.8090
45952.000,463.1262
45962.667,463.1262
45973.333,465.8090
45984.000,465.8090
45994.667,463.1262
46005.333,463.1262
46016.000,460.4587
46026.667,0.0000
46037.333,0.0000
46048.000,0.0000
46058.667,0.0000
46069.333,0.0000
46080.000,0.0000
46090.667,444.7738
46101.333,437.1329
46112.000,427.1488
46122.667,422.2425
46133.333,419.8106
46144.000,422.2425
46154.667,444.7738
46165.333,460.4587
46176.000,463.1262
46186.667,465.8090
46197.333,465.8090
46208.000,465.8090
46218.667,465.8090
46229.333,463.1262
46240.000,463.1262
46250.667,465.8090
46261.333,465.8090
46272.000,463.1262
46282.667,0.0000
46293.333,0.0000
46304.000,0.0000
46314.667,0.0000
46325.333,0.0000
46336.000,0.0000
46346.667,0.0000
46357.333,0.0000
46368.000,0.0000
46378.667,0.0000
46389.333,0.0000
46400.000,0.0000
46410.667,0.0000
46421.333,0.0000
46432.000,0.0000
46442.667,442.2121
46453.333,414.9887
46464.000,417.3927
46474.667,422.2425
46485.333,424.6886
46496.000,427.1488
46506.667,432.1120
46517.333,427.1488
46528.000,432.1120
46538.667,432.1120
46549.333,434.6152
46560.000,429.6232
46570.667,432.1120
46581.333,437.1329
46592.000,447.3504
46602.667,452.5483
46613.333,457.8067
46624.000,457.8067
46634.667,449.9419
46645.333,434.6152
46656.000,424.6886
46666.667,419.8106
46677.333,419.8106
46688.000,419.8106
46698.667,419.8106
46709.333,417.3927
46720.000,417.3927
46730.667,417.3927
46741.333,417.3927
46752.000,417.3927
46762.667,417.3927
46773.333,417.3927
46784.000,417.3927
46794.667,417.3927
46805.333,417.3927
46816.000,419.8106
46826.667,419.8106
46837.333,419.8106
46848.000,422.2425
46858.667,424.6886
46869.333,429.6232
46880.000,427.1488
46890.667,424.6886
46901.333,422.2425
46912.000,419.8106
46922.667,419.8106
46933.333,417.3927
46944.000,417.3927
46954.667,417.3927
46965.333,417.3927
46976.000,419.8106
46986.667,417.3927
46997.333,417.3927
47008.000,0.0000
47018.667,0.0000
47029.333,0.0000
47040.000,0.0000
47050.667,0.0000
47061.333,0.0000
47072.000,0.0000
47082.667,0.0000
47093.333,0.0000
47104.000,139.2881
47114.667,139.2881
47125.333,138.4858
47136.000,138.4858
47146.667,138.4858
47157.333,138.4858
47168.000,138.4858
47178.667,138.4858
47189.333,138.4858
47200.000,138.4858
47210.667,139.2881
47221.333,139.2881
47232.000,139.2881
47242.667,139.2881
47253.333,138.4858
47264.000,138.4858
47274.667,138.4858
47285.333,138.4858
47296.000,138.4858
47306.667,137.6882
47317.333,136.8952
47328.000,137.6882
47338.667,138.4858
47349.333,138.4858
47360.000,138.4858
47370.667,139.2881
47381.333,139.2881
47392.000,140.0950
47402.667,139.2881
47413.333,139.2881
47424.000,139.2881
47434.667,139.2881
47445.333,140.0950
47456.000,139.2881
47466.667,139.2881
47477.333,140.0950
47488.000,139.2881
47498.667,139.2881
47509.333,139.2881
47520.000,139.2881
47530.667,138.4858
47541.333,138.4858
47552.000,138.4858
47562.667,138.4858
47573.333,138.4858
47584.000,138.4858
47594.667,137.6882
47605.333,137.6882
47616.000,137.6882
47626.667,137.6882
47637.333,137.6882
47648.000,138.4858
47658.667,138.4858
47669.333,138.4858
47680.000,138.4858
47690.667,138.4858
47701.333,138.4858
47712.000,138.4858
47722.667,138.4858
47733.333,138.4858
47744.000,138.4858
47754.667,139.2881
47765.333,139.2881
47776.000,139.2881
47786.667,140.0950
47797.333,140.0950
47808.000,140.9065
47818.667,140.0950
47829.333,139.2881
47840.000,138.4858
47850.667,138.4858
47861.333,138.4858
47872.000,138.4858
47882.667,138.4858
47893.333,138.4858
47904.000,139.2881
47914.667,139.2881
47925.333,139.2881
47936.000,138.4858
47946.667,139.2881
47957.333,138.4858
47968.000,138.4858
47978.667,138.4858
47989.333,137.6882
48000.000,138.4858
48010.667,138.4858
48021.333,138.4858
48032.000,139.2881
48042.667,138.4858
48053.333,139.2881
48064.000,140.9065
48074.667,140.0950
48085.333,0.0000
48096.000,0.0000
48106.667,0.0000
48117.333,0.0000
48128.000,0.0000
48138.667,269.0869
48149.333,275.3765
48160.000,275.3765
48170.667,278.5762
48181.333,278.5762
48192.000,276.9717
48202.667,276.9717
48213.333,275.3765
48224.000,275.3765
48234.667,0.0000
48245.333,0.0000
48256.000,0.0000
48266.667,0.0000
48277.333,0.0000
48288.000,0.0000
48298.667,275.3765
48309.333,273.7904
48320.000,275.3765
48330.667,275.3765
48341.333,275.3765
48352.000,276.9717
48362.667,276.9717
48373.333,278.5762
48384.000,278.5762
48394.667,276.9717
48405.333,276.9717
48416.000,275.3765
48426.667,275.3765
48437.333,275.3765
48448.000,278.5762
48458.667,278.5762
48469.333,278.5762
48480.000,278.5762
48490.667,276.9717
48501.333,276.9717
48512.000,276.9717
48522.667,278.5762
48533.333,278.5762
48544.000,278.5762
48554.667,278.5762
48565.333,276.9717
48576.000,276.9717
48586.667,275.3765
48597.333,273.7904
48608.000,275.3765
48618.667,275.3765
48629.333,276.9717
48640.000,276.9717
48650.667,276.9717
48661.333,276.9717
48672.000,275.3765
48682.667,275.3765
48693.333,273.7904
48704.000,273.7904
48714.667,275.3765
48725.333,275.3765
48736.000,275.3765
48746.667,275.3765
48757.333,275.3765
48768.000,275.3765
48778.667,275.3765
48789.333,280.1900
48800.000,281.8131
48810.667,278.5762
48821.333,278.5762
48832.000,273.7904
48842.667,275.3765
48853.333,275.3765
48864.000,275.3765
48874.667,275.3765
48885.333,276.9717
48896.000,283.4456
48906.667,285.0876
48917.333,283.4456
48928.000,0.0000
48938.667,0.0000
48949.333,0.0000
48960.000,0.0000
48970.667,0.0000
48981.333,0.0000
48992.000,285.0876
49002.667,283.4456
49013.333,275.3765
49024.000,280.1900
49034.667,278.5762
49045.333,278.5762
49056.000,280.1900
49066.667,278.5762
49077.333,280.1900
49088.000,276.9717
49098.667,276.9717
49109.333,278.5762
49120.000,278.5762
49130.667,276.9717
49141.333,273.7904
49152.000,275.3765
49162.667,276.9717
49173.333,278.5762
49184.000,280.1900
49194.667,280.1900
49205.333,278.5762
49216.000,275.3765
49226.667,276.9717
49237.333,275.3765
49248.000,280.1900
49258.667,280.1900
49269.333,280.1900
49280.000,280.1900
49290.667,278.5762
49301.333,278.5762
49312.000,280.1900
49322.667,281.8131
49333.333,283.4456
49344.000,288.4001
49354.667,286.7391
49365.333,286.7391
49376.000,283.4456
49386.667,281.8131
49397.333,283.4456
49408.000,280.1900
49418.667,278.5762
49429.333,283.4456
49440.000,288.4001
49450.667,280.1900
49461.333,280.1900
49472.000,278.5762
49482.667,276.9717
49493.333,285.0876
49504.000,276.9717
49514.667,296.8509
49525.333,275.3765
49536.000,0.0000
49546.667,0.0000
49557.333,0.0000
49568.000,0.0000
49578.667,0.0000
49589.333,0.0000
49600.000,0.0000
49610.667,0.0000
49621.333,0.0000
49632.000,0.0000
49642.667,0.0000
49653.333,0.0000
49664.000,0.0000
49674.667,0.0000
49685.333,0.0000
49696.000,0.0000
49706.667,0.0000
49717.333,0.0000
49728.000,0.0000
49738.667,0.0000
49749.333,0.0000
49760.000,0.0000
49770.667,0.0000
49781.333,0.0000
49792.000,0.0000
49802.667,0.0000
49813.333,0.0000
49824.000,0.0000
49834.667,0.0000
49845.333,0.0000
49856.000,0.0000
49866.667,0.0000
49877.333,0.0000
49888.000,0.0000
49898.667,0.0000
49909.333,0.0000
49920.000,0.0000
49930.667,0.0000
49941.333,0.0000
49952.000,0.0000
49962.667,0.0000
49973.333,0.0000
49984.000,0.0000
49994.667,0.0000
50005.333,0.0000
50016.000,0.0000
50026.667,0.0000
50037.333,0.0000
50048.000,0.0000
50058.667,0.0000
50069.333,0.0000
50080.000,0.0000
50090.667,0.0000
50101.333,0.0000
50112.000,0.0000
50122.667,0.0000
50133.333,0.0000
50144.000,0.0000
50154.667,0.0000
50165.333,0.0000
50176.000,0.0000
50186.667,0.0000
50197.333,0.0000
50208.000,0.0000
50218.667,0.0000
50229.333,0.0000
50240.000,0.0000
50250.667,0.0000
50261.333,0.0000
50272.000,0.0000
50282.667,0.0000
50293.333,0.0000
50304.000,0.0000
50314.667,0.0000
50325.333,0.0000
50336.000,0.0000
50346.667,0.0000
50357.333,0.0000
50368.000,0.0000
50378.667,0.0000
50389.333,0.0000
50400.000,0.0000
50410.667,0.0000
50421.333,0.0000
50432.000,0.0000
50442.667,0.0000
50453.333,0.0000
50464.000,0.0000
50474.667,0.0000
50485.333,0.0000
50496.000,0.0000
50506.667,0.0000
50517.333,0.0000
50528.000,0.0000
50538.667,0.0000
50549.333,0.0000
50560.000,0.0000
50570.667,0.0000
50581.333,0.0000
50592.000,0.0000
50602.667,0.0000
50613.333,0.0000
50624.000,0.0000
50634.667,0.0000
50645.333,0.0000
50656.000,0.0000
50666.667,0.0000
50677.333,0.0000
50688.000,0.0000
50698.667,0.0000
50709.333,0.0000
50720.000,0.0000
50730.667,0.0000
50741.333,0.0000
50752.000,0.0000
50762.667,0.0000
50773.333,0.0000
50784.000,0.0000
50794.667,0.0000
50805.333,0.0000
50816.000,0.0000
50826.667,0.0000
50837.333,0.0000
50848.000,0.0000
50858.667,0.0000
50869.333,0.0000
50880.000,0.0000
50890.667,0.0000
50901.333,0.0000
50912.000,0.0000
50922.667,0.0000
50933.333,0.0000
50944.000,0.0000
50954.667,0.0000
50965.333,0.0000
50976.000,0.0000
50986.667,0.0000
50997.333,0.0000
51008.000,0.0000
51018.667,0.0000
51029.333,0.0000
51040.000,0.0000
51050.667,0.0000
51061.333,0.0000
51072.000,0.0000
51082.667,0.0000
51093.333,0.0000
51104.000,0.0000
51114.667,0.0000
51125.333,0.0000
51136.000,0.0000
51146.667,0.0000
51157.333,0.0000
51168.000,0.0000
51178.667,0.0000
51189.333,0.0000
51200.000,0.0000
51210.667,0.0000
51221.333,0.0000
51232.000,0.0000
51242.667,0.0000
51253.333,0.0000
51264.000,0.0000
51274.667,0.0000
51285.333,0.0000
51296.000,0.0000
51306.667,0.0000
51317.333,0.0000
51328.000,0.0000
51338.667,0.0000
51349.333,0.0000
51360.000,0.0000
51370.667,0.0000
51381.333,0.0000
51392.000,0.0000
51402.667,0.0000
51413.333,0.0000
51424.000,0.0000
51434.667,0.0000
51445.333,0.0000
51456.000,0.0000
51466.667,0.0000
51477.333,0.0000
51488.000,0.0000
51498.667,0.0000
51509.333,0.0000
51520.000,0.0000
51530.667,0.0000
51541.333,0.0000
51552.000,0.0000
51562.667,0.0000
51573.333,0.0000
51584.000,0.0000
51594.667,0.0000
51605.333,0.0000
51616.000,0.0000
51626.667,0.0000
51637.333,0.0000
51648.000,0.0000
51658.667,0.0000
51669.333,0.0000
51680.000,0.0000
51690.667,0.0000
51701.333,0.0000
51712.000,0.0000
51722.667,0.0000
51733.333,0.0000
51744.000,0.0000
51754.667,0.0000
51765.333,0.0000
51776.000,0.0000
51786.667,0.0000
51797.333,0.0000
51808.000,0.0000
51818.667,0.0000
51829.333,0.0000
51840.000,0.0000
51850.667,0.0000
51861.333,0.0000
51872.000,0.0000
51882.667,0.0000
51893.333,0.0000
51904.000,0.0000
51914.667,0.0000
51925.333,0.0000
51936.000,0.0000
51946.667,0.0000
51957.333,0.0000
51968.000,0.0000
51978.667,0.0000
51989.333,0.0000
52000.000,0.0000
52010.667,0.0000
52021.333,0.0000
52032.000,0.0000
52042.667,0.0000
52053.333,0.0000
52064.000,0.0000
52074.667,0.0000
52085.333,0.0000
52096.000,0.0000
52106.667,0.0000
52117.333,0.0000
52128.000,0.0000
52138.667,0.0000
52149.333,0.0000
52160.000,0.0000
52170.667,0.0000
52181.333,0.0000
52192.000,0.0000
52202.667,0.0000
52213.333,0.0000
52224.000,0.0000
52234.667,0.0000
52245.333,0.0000
52256.000,0.0000
52266.667,0.0000
52277.333,0.0000
52288.000,0.0000
52298.667,0.0000
52309.333,0.0000
52320.000,0.0000
52330.667,0.0000
52341.333,0.0000
52352.000,0.0000
52362.667,0.0000
52373.333,0.0000
52384.000,0.0000
52394.667,0.0000
52405.333,0.0000
52416.000,0.0000
52426.667,0.0000
52437.333,0.0000
52448.000,0.0000
52458.667,0.0000
52469.333,0.0000
52480.000,0.0000
52490.667,0.0000
52501.333,0.0000
52512.000,0.0000
52522.667,0.0000
52533.333,0.0000
52544.000,0.0000
52554.667,0.0000
52565.333,0.0000
52576.000,0.0000
52586.667,0.0000
52597.333,0.0000
52608.000,0.0000
52618.667,0.0000
52629.333,0.0000
52640.000,0.0000
52650.667,0.0000
52661.333,0.0000
52672.000,0.0000
52682.667,0.0000
52693.333,0.0000
52704.000,0.0000
52714.667,0.0000
52725.333,0.0000
52736.000,0.0000
52746.667,0.0000
52757.333,0.0000
52768.000,0.0000
52778.667,0.0000
52789.333,0.0000
52800.000,0.0000
52810.667,0.0000
52821.333,0.0000
52832.000,0.0000
52842.667,0.0000
52853.333,0.0000
52864.000,0.0000
52874.667,0.0000
52885.333,0.0000
52896.000,0.0000
52906.667,0.0000
52917.333,0.0000
52928.000,0.0000
52938.667,0.0000
52949.333,0.0000
52960.000,0.0000
52970.667,0.0000
52981.333,0.0000
52992.000,0.0000
53002.667,0.0000
53013.333,0.0000
53024.000,0.0000
53034.667,0.0000
53045.333,0.0000
53056.000,0.0000
53066.667,0.0000
53077.333,0.0000
53088.000,0.0000
53098.667,0.0000
53109.333,0.0000
53120.000,0.0000
53130.667,0.0000
53141.333,0.0000
53152.000,0.0000
53162.667,0.0000
53173.333,0.0000
53184.000,0.0000
53194.667,0.0000
53205.333,0.0000
53216.000,0.0000
53226.667,0.0000
53237.333,0.0000
53248.000,0.0000
53258.667,0.0000
53269.333,0.0000
53280.000,0.0000
53290.667,0.0000
53301.333,0.0000
53312.000,0.0000
53322.667,0.0000
53333.333,0.0000
53344.000,0.0000
53354.667,0.0000
53365.333,0.0000
53376.000,0.0000
53386.667,0.0000
53397.333,0.0000
53408.000,0.0000
53418.667,0.0000
53429.333,0.0000
53440.000,0.0000
53450.667,0.0000
53461.333,0.0000
53472.000,0.0000
53482.667,0.0000
53493.333,0.0000
53504.000,0.0000
53514.667,0.0000
53525.333,0.0000
53536.000,0.0000
53546.667,0.0000
53557.333,0.0000
53568.000,0.0000
53578.667,0.0000
53589.333,0.0000
53600.000,0.0000
53610.667,0.0000
53621.333,0.0000
53632.000,0.0000
53642.667,0.0000
53653.333,0.0000
53664.000,0.0000
53674.667,0.0000
53685.333,0.0000
53696.000,0.0000
53706.667,0.0000
53717.333,0.0000
53728.000,0.0000
53738.667,0.0000
53749.333,0.0000
53760.000,0.0000
53770.667,0.0000
53781.333,0.0000
53792.000,0.0000
53802.667,0.0000
53813.333,0.0000
53824.000,0.0000
53834.667,0.0000
53845.333,0.0000
53856.000,0.0000
53866.667,0.0000
53877.333,0.0000
53888.000,0.0000
53898.667,0.0000
53909.333,0.0000
53920.000,0.0000
53930.667,0.0000
53941.333,0.0000
53952.000,0.0000
53962.667,0.0000
53973.333,0.0000
53984.000,0.0000
53994.667,0.0000
54005.333,0.0000
54016.000,0.0000
54026.667,0.0000
54037.333,0.0000
54048.000,0.0000
54058.667,0.0000
54069.333,0.0000
54080.000,0.0000
54090.667,0.0000
54101.333,0.0000
54112.000,0.0000
54122.667,0.0000
54133.333,0.0000
54144.000,0.0000
54154.667,0.0000
54165.333,0.0000
54176.000,0.0000
54186.667,0.0000
54197.333,0.0000
54208.000,0.0000
54218.667,0.0000
54229.333,0.0000
54240.000,0.0000
54250.667,0.0000
54261.333,0.0000
54272.000,0.0000
54282.667,0.0000
54293.333,0.0000
54304.000,0.0000
54314.667,0.0000
54325.333,0.0000
54336.000,0.0000
54346.667,0.0000
54357.333,0.0000
54368.000,0.0000
54378.667,0.0000
54389.333,0.0000
54400.000,0.0000
54410.667,0.0000
54421.333,0.0000
54432.000,0.0000
54442.667,0.0000
54453.333,0.0000
54464.000,0.0000
54474.667,0.0000
54485.333,0.0000
54496.000,0.0000
54506.667,0.0000
54517.333,0.0000
54528.000,0.0000
54538.667,0.0000
54549.333,0.0000
54560.000,0.0000
54570.667,0.0000
54581.333,0.0000
54592.000,0.0000
54602.667,0.0000
54613.333,0.0000
54624.000,0.0000
54634.667,0.0000
54645.333,0.0000
54656.000,0.0000
54666.667,0.0000
54677.333,0.0000
54688.000,0.0000
54698.667,0.0000
54709.333,0.0000
54720.000,0.0000
54730.667,0.0000
54741.333,0.0000
54752.000,0.0000
54762.667,0.0000
54773.333,0.0000
54784.000,0.0000
54794.667,0.0000
54805.333,0.0000
54816.000,0.0000
54826.667,0.0000
54837.333,0.0000
54848.000,0.0000
54858.667,0.0000
54869.333,0.0000
54880.000,0.0000
54890.667,0.0000
54901.333,0.0000
54912.000,0.0000
54922.667,0.0000
54933.333,0.0000
54944.000,0.0000
54954.667,0.0000
54965.333,0.0000
54976.000,0.0000
54986.667,0.0000
54997.333,0.0000
55008.000,0.0000
55018.667,0.0000
55029.333,0.0000
55040.000,0.0000
55050.667,0.0000
55061.333,0.0000
55072.000,0.0000
55082.667,0.0000
55093.333,0.0000
55104.000,0.0000
55114.667,0.0000
55125.333,0.0000
55136.000,0.0000
55146.667,0.0000
55157.333,0.0000
55168.000,0.0000
55178.667,0.0000
55189.333,0.0000
55200.000,0.0000
55210.667,0.0000
55221.333,0.0000
55232.000,0.0000
55242.667,0.0000
55253.333,0.0000
55264.000,0.0000
55274.667,0.0000
55285.333,0.0000
55296.000,0.0000
55306.667,0.0000
55317.333,0.0000
55328.000,0.0000
55338.667,0.0000
55349.333,0.0000
55360.000,0.0000
55370.667,0.0000
55381.333,0.0000
55392.000,0.0000
55402.667,0.0000
55413.333,0.0000
55424.000,0.0000
55434.667,0.0000
55445.333,0.0000
55456.000,0.0000
55466.667,0.0000
55477.333,0.0000
55488.000,0.0000
55498.667,0.0000
55509.333,0.0000
55520.000,0.0000
55530.667,0.0000
55541.333,0.0000
55552.000,0.0000
55562.667,0.0000
55573.333,0.0000
55584.000,0.0000
55594.667,0.0000
55605.333,0.0000
55616.000,0.0000
55626.667,0.0000
55637.333,0.0000
55648.000,0.0000
55658.667,0.0000
55669.333,0.0000
55680.000,0.0000
55690.667,0.0000
55701.333,0.0000
55712.000,0.0000
55722.667,0.0000
55733.333,0.0000
55744.000,0.0000
55754.667,0.0000
55765.333,0.0000
55776.000,0.0000
55786.667,0.0000
55797.333,0.0000
55808.000,0.0000
55818.667,0.0000
55829.333,0.0000
55840.000,0.0000
55850.667,0.0000
55861.333,0.0000
55872.000,0.0000
55882.667,0.0000
55893.333,0.0000
55904.000,0.0000
55914.667,0.0000
55925.333,0.0000
55936.000,0.0000
55946.667,0.0000
55957.333,0.0000
55968.000,0.0000
55978.667,0.0000
55989.333,0.0000
56000.000,0.0000
56010.667,0.0000
56021.333,0.0000
56032.000,0.0000
56042.667,0.0000
56053.333,0.0000
56064.000,0.0000
56074.667,0.0000
56085.333,0.0000
56096.000,0.0000
56106.667,0.0000
56117.333,0.0000
56128.000,0.0000
56138.667,0.0000
56149.333,0.0000
56160.000,0.0000
56170.667,0.0000
56181.333,0.0000
56192.000,0.0000
56202.667,0.0000
56213.333,0.0000
56224.000,0.0000
56234.667,0.0000
56245.333,0.0000
56256.000,0.0000
56266.667,0.0000
56277.333,0.0000
56288.000,0.0000
56298.667,0.0000
56309.333,0.0000
56320.000,0.0000
56330.667,0.0000
56341.333,0.0000
56352.000,0.0000
56362.667,0.0000
56373.333,0.0000
56384.000,0.0000
56394.667,0.0000
56405.333,0.0000
56416.000,0.0000
56426.667,0.0000
56437.333,0.0000
56448.000,0.0000
56458.667,0.0000
56469.333,0.0000
56480.000,0.0000
56490.667,0.0000
56501.333,0.0000
56512.000,0.0000
56522.667,0.0000
56533.333,0.0000
56544.000,0.0000
56554.667,0.0000
56565.333,0.0000
56576.000,0.0000
56586.667,0.0000
56597.333,0.0000
56608.000,0.0000
56618.667,0.0000
56629.333,0.0000
56640.000,0.0000
56650.667,0.0000
56661.333,0.0000
56672.000,0.0000
56682.667,0.0000
56693.333,0.0000
56704.000,0.0000
56714.667,0.0000
56725.333,0.0000
56736.000,0.0000
56746.667,0.0000
56757.333,0.0000
56768.000,0.0000
56778.667,0.0000
56789.333,0.0000
56800.000,0.0000
56810.667,0.0000
56821.333,0.0000
56832.000,0.0000
56842.667,0.0000
56853.333,0.0000
56864.000,0.0000
56874.667,0.0000
56885.333,0.0000
56896.000,0.0000
56906.667,0.0000
56917.333,0.0000
56928.000,0.0000
56938.667,0.0000
56949.333,0.0000
56960.000,0.0000
56970.667,0.0000
56981.333,0.0000
56992.000,0.0000
