timestamp_ms,frequency_hz
0.000,0.0000
10.667,0.0000
21.333,0.0000
32.000,0.0000
42.667,0.0000
53.333,0.0000
64.000,0.0000
74.667,0.0000
85.333,0.0000
96.000,0.0000
106.667,0.0000
117.333,0.0000
128.000,0.0000
138.667,0.0000
149.333,550.7529
160.000,553.9434
170.667,550.7529
181.333,550.7529
192.000,550.7529
202.667,547.5808
213.333,541.2913
224.000,531.9923
234.667,535.0741
245.333,531.9923
256.000,538.1737
266.667,538.1737
277.333,547.5808
288.000,547.5808
298.667,547.5808
309.333,547.5808
320.000,0.0000
330.667,0.0000
341.333,0.0000
352.000,0.0000
362.667,0.0000
373.333,0.0000
384.000,0.0000
394.667,0.0000
405.333,0.0000
416.000,0.0000
426.667,0.0000
437.333,0.0000
448.000,0.0000
458.667,0.0000
469.333,0.0000
480.000,0.0000
490.667,0.0000
501.333,0.0000
512.000,0.0000
522.667,0.0000
533.333,0.0000
544.000,0.0000
554.667,0.0000
565.333,0.0000
576.000,0.0000
586.667,0.0000
597.333,0.0000
608.000,0.0000
618.667,0.0000
629.333,0.0000
640.000,0.0000
650.667,0.0000
661.333,0.0000
672.000,0.0000
682.667,0.0000
693.333,0.0000
704.000,0.0000
714.667,0.0000
725.333,0.0000
736.000,0.0000
746.667,0.0000
757.333,0.0000
768.000,0.0000
778.667,0.0000
789.333,0.0000
800.000,0.0000
810.667,0.0000
821.333,0.0000
832.000,0.0000
842.667,0.0000
853.333,0.0000
864.000,0.0000
874.667,0.0000
885.333,0.0000
896.000,0.0000
906.667,0.0000
917.333,0.0000
928.000,0.0000
938.667,0.0000
949.333,0.0000
960.000,0.0000
970.667,0.0000
981.333,0.0000
992.000,0.0000
1002.667,0.0000
1013.333,0.0000
1024.000,0.0000
1034.667,0.0000
1045.333,0.0000
1056.000,0.0000
1066.667,0.0000
1077.333,0.0000
1088.000,0.0000
1098.667,0.0000
1109.333,0.0000
1120.000,553.9434
1130.667,550.7529
1141.333,550.7529
1152.000,550.7529
1162.667,553.9434
1173.333,553.9434
1184.000,553.9434
1194.667,553.9434
1205.333,553.9434
1216.000,553.9434
1226.667,553.9434
1237.333,550.7529
1248.000,550.7529
1258.667,553.9434
1269.333,553.9434
1280.000,553.9434
1290.667,550.7529
1301.333,550.7529
1312.000,550.7529
1322.667,0.0000
1333.333,0.0000
1344.000,0.0000
1354.667,0.0000
1365.333,0.0000
1376.000,0.0000
1386.667,0.0000
1397.333,0.0000
1408.000,0.0000
1418.667,0.0000
1429.333,0.0000
1440.000,0.0000
1450.667,0.0000
1461.333,0.0000
1472.000,0.0000
1482.667,0.0000
1493.333,0.0000
1504.000,0.0000
1514.667,0.0000
1525.333,0.0000
1536.000,0.0000
1546.667,0.0000
1557.333,0.0000
1568.000,0.0000
1578.667,0.0000
1589.333,0.0000
1600.000,516.8475
1610.667,510.9110
1621.333,485.0293
1632.000,485.0293
1642.667,499.2417
1653.333,499.2417
1664.000,502.1338
1674.667,0.0000
1685.333,0.0000
1696.000,0.0000
1706.667,0.0000
1717.333,0.0000
1728.000,0.0000
1738.667,0.0000
1749.333,0.0000
1760.000,212.3443
1770.667,213.5744
1781.333,216.0560
1792.000,219.8326
1802.667,219.8326
1813.333,221.1061
1824.000,236.9756
1834.667,212.3443
1845.333,207.4943
1856.000,207.4943
1866.667,211.1213
1877.333,219.8326
1888.000,219.8326
1898.667,219.8326
1909.333,218.5664
1920.000,212.3443
1930.667,212.3443
1941.333,211.1213
1952.000,207.4943
1962.667,207.4943
1973.333,212.3443
1984.000,213.5744
1994.667,217.3076
2005.333,217.3076
2016.000,219.8326
2026.667,217.3076
2037.333,216.0560
2048.000,214.8116
2058.667,214.8116
2069.333,214.8116
2080.000,217.3076
2090.667,219.8326
2101.333,217.3076
2112.000,216.0560
2122.667,214.8116
2133.333,217.3076
2144.000,214.8116
2154.667,214.8116
2165.333,214.8116
2176.000,214.8116
2186.667,214.8116
2197.333,214.8116
2208.000,207.4943
2218.667,207.4943
2229.333,207.4943
2240.000,185.9273
2250.667,185.9273
2261.333,185.9273
2272.000,201.5874
2282.667,191.3754
2293.333,191.3754
2304.000,189.1772
2314.667,183.7917
2325.333,187.0044
2336.000,183.7917
2346.667,0.0000
2357.333,0.0000
2368.000,0.0000
2378.667,0.0000
2389.333,0.0000
2400.000,0.0000
2410.667,0.0000
2421.333,185.9273
2432.000,184.8564
2442.667,184.8564
2453.333,185.9273
2464.000,185.9273
2474.667,0.0000
2485.333,0.0000
2496.000,0.0000
2506.667,0.0000
2517.333,0.0000
2528.000,0.0000
2538.667,0.0000
2549.333,0.0000
2560.000,0.0000
2570.667,0.0000
2581.333,0.0000
2592.000,0.0000
2602.667,0.0000
2613.333,110.5530
2624.000,108.0280
2634.667,108.0280
2645.333,109.2832
2656.000,109.9163
2666.667,111.1935
2677.333,111.1935
2688.000,111.1935
2698.667,111.1935
2709.333,111.8376
2720.000,0.0000
2730.667,109.9163
2741.333,108.6538
2752.000,108.6538
2762.667,109.2832
2773.333,108.6538
2784.000,108.6538
2794.667,108.6538
2805.333,110.5530
2816.000,109.9163
2826.667,109.9163
2837.333,108.6538
2848.000,109.9163
2858.667,109.2832
2869.333,109.2832
2880.000,0.0000
2890.667,0.0000
2901.333,0.0000
2912.000,0.0000
2922.667,0.0000
2933.333,0.0000
2944.000,0.0000
2954.667,0.0000
2965.333,0.0000
2976.000,0.0000
2986.667,0.0000
2997.333,0.0000
3008.000,0.0000
3018.667,0.0000
3029.333,0.0000
3040.000,226.2742
3050.667,224.9709
3061.333,226.2742
3072.000,224.9709
3082.667,224.9709
3093.333,224.9709
3104.000,221.1061
3114.667,217.3076
3125.333,219.8326
3136.000,219.8326
3146.667,219.8326
3157.333,219.8326
3168.000,219.8326
3178.667,224.9709
3189.333,223.6752
3200.000,222.3869
3210.667,219.8326
3221.333,218.5664
3232.000,217.3076
3242.667,218.5664
3253.333,218.5664
3264.000,222.3869
3274.667,222.3869
3285.333,221.1061
3296.000,221.1061
3306.667,218.5664
3317.333,217.3076
3328.000,217.3076
3338.667,217.3076
3349.333,217.3076
3360.000,218.5664
3370.667,217.3076
3381.333,221.1061
3392.000,219.8326
3402.667,219.8326
3413.333,219.8326
3424.000,219.8326
3434.667,219.8326
3445.333,224.9709
3456.000,235.6107
3466.667,235.6107
3477.333,238.3484
3488.000,239.7291
3498.667,241.1179
3509.333,246.7537
3520.000,241.1179
3530.667,0.0000
3541.333,0.0000
3552.000,0.0000
3562.667,0.0000
3573.333,0.0000
3584.000,0.0000
3594.667,0.0000
3605.333,0.0000
3616.000,0.0000
3626.667,0.0000
3637.333,110.5530
3648.000,110.5530
3658.667,110.5530
3669.333,110.5530
3680.000,109.9163
3690.667,110.5530
3701.333,110.5530
3712.000,110.5530
3722.667,110.5530
3733.333,109.9163
3744.000,110.5530
3754.667,110.5530
3765.333,110.5530
3776.000,110.5530
3786.667,109.9163
3797.333,111.1935
3808.000,111.1935
3818.667,111.1935
3829.333,0.0000
3840.000,0.0000
3850.667,0.0000
3861.333,0.0000
3872.000,0.0000
3882.667,0.0000
3893.333,0.0000
3904.000,0.0000
3914.667,0.0000
3925.333,0.0000
3936.000,0.0000
3946.667,0.0000
3957.333,0.0000
3968.000,0.0000
3978.667,0.0000
3989.333,0.0000
4000.000,0.0000
4010.667,0.0000
4021.333,0.0000
4032.000,0.0000
4042.667,0.0000
4053.333,0.0000
4064.000,0.0000
4074.667,0.0000
4085.333,0.0000
4096.000,0.0000
4106.667,0.0000
4117.333,0.0000
4128.000,0.0000
4138.667,0.0000
4149.333,0.0000
4160.000,0.0000
4170.667,0.0000
4181.333,0.0000
4192.000,0.0000
4202.667,0.0000
4213.333,0.0000
4224.000,0.0000
4234.667,0.0000
4245.333,0.0000
4256.000,0.0000
4266.667,0.0000
4277.333,0.0000
4288.000,0.0000
4298.667,0.0000
4309.333,0.0000
4320.000,0.0000
4330.667,0.0000
4341.333,0.0000
4352.000,0.0000
4362.667,0.0000
4373.333,0.0000
4384.000,0.0000
4394.667,0.0000
4405.333,0.0000
4416.000,0.0000
4426.667,0.0000
4437.333,0.0000
4448.000,0.0000
4458.667,0.0000
4469.333,0.0000
4480.000,0.0000
4490.667,0.0000
4501.333,0.0000
4512.000,0.0000
4522.667,0.0000
4533.333,0.0000
4544.000,0.0000
4554.667,0.0000
4565.333,0.0000
4576.000,0.0000
4586.667,0.0000
4597.333,0.0000
4608.000,0.0000
4618.667,0.0000
4629.333,0.0000
4640.000,0.0000
4650.667,0.0000
4661.333,0.0000
4672.000,0.0000
4682.667,0.0000
4693.333,0.0000
4704.000,0.0000
4714.667,0.0000
4725.333,0.0000
4736.000,0.0000
4746.667,0.0000
4757.333,0.0000
4768.000,0.0000
4778.667,0.0000
4789.333,0.0000
4800.000,0.0000
4810.667,0.0000
4821.333,0.0000
4832.000,0.0000
4842.667,0.0000
4853.333,0.0000
4864.000,0.0000
4874.667,0.0000
4885.333,0.0000
4896.000,0.0000
4906.667,0.0000
4917.333,0.0000
4928.000,0.0000
4938.667,0.0000
4949.333,0.0000
4960.000,0.0000
4970.667,0.0000
4981.333,0.0000
4992.000,0.0000
5002.667,0.0000
5013.333,0.0000
5024.000,0.0000
5034.667,0.0000
5045.333,0.0000
5056.000,0.0000
5066.667,0.0000
5077.333,0.0000
5088.000,0.0000
5098.667,0.0000
5109.333,0.0000
5120.000,0.0000
5130.667,0.0000
5141.333,0.0000
5152.000,0.0000
5162.667,0.0000
5173.333,0.0000
5184.000,0.0000
5194.667,0.0000
5205.333,0.0000
5216.000,0.0000
5226.667,0.0000
5237.333,0.0000
5248.000,0.0000
5258.667,0.0000
5269.333,0.0000
5280.000,0.0000
5290.667,0.0000
5301.333,0.0000
5312.000,0.0000
5322.667,0.0000
5333.333,0.0000
5344.000,0.0000
5354.667,0.0000
5365.333,0.0000
5376.000,0.0000
5386.667,0.0000
5397.333,0.0000
5408.000,0.0000
5418.667,0.0000
5429.333,0.0000
5440.000,0.0000
5450.667,0.0000
5461.333,0.0000
5472.000,0.0000
5482.667,0.0000
5493.333,0.0000
5504.000,0.0000
5514.667,0.0000
5525.333,0.0000
5536.000,0.0000
5546.667,0.0000
5557.333,0.0000
5568.000,0.0000
5578.667,0.0000
5589.333,0.0000
5600.000,0.0000
5610.667,0.0000
5621.333,0.0000
5632.000,0.0000
5642.667,0.0000
5653.333,0.0000
5664.000,0.0000
5674.667,0.0000
5685.333,0.0000
5696.000,0.0000
5706.667,0.0000
5717.333,0.0000
5728.000,0.0000
5738.667,0.0000
5749.333,0.0000
5760.000,0.0000
5770.667,0.0000
5781.333,0.0000
5792.000,0.0000
5802.667,0.0000
5813.333,0.0000
5824.000,0.0000
5834.667,0.0000
5845.333,0.0000
5856.000,0.0000
5866.667,0.0000
5877.333,0.0000
5888.000,0.0000
5898.667,0.0000
5909.333,0.0000
5920.000,0.0000
5930.667,0.0000
5941.333,0.0000
5952.000,0.0000
5962.667,0.0000
5973.333,0.0000
5984.000,0.0000
5994.667,0.0000
6005.333,0.0000
6016.000,0.0000
6026.667,0.0000
6037.333,0.0000
6048.000,0.0000
6058.667,0.0000
6069.333,0.0000
6080.000,0.0000
6090.667,0.0000
6101.333,0.0000
6112.000,0.0000
6122.667,0.0000
6133.333,0.0000
6144.000,0.0000
6154.667,0.0000
6165.333,0.0000
6176.000,0.0000
6186.667,0.0000
6197.333,0.0000
6208.000,0.0000
6218.667,0.0000
6229.333,0.0000
6240.000,0.0000
6250.667,0.0000
6261.333,0.0000
6272.000,0.0000
6282.667,0.0000
6293.333,0.0000
6304.000,0.0000
6314.667,0.0000
6325.333,0.0000
6336.000,0.0000
6346.667,0.0000
6357.333,0.0000
6368.000,0.0000
6378.667,0.0000
6389.333,0.0000
6400.000,0.0000
6410.667,0.0000
6421.333,0.0000
6432.000,0.0000
6442.667,0.0000
6453.333,0.0000
6464.000,0.0000
6474.667,0.0000
6485.333,0.0000
6496.000,0.0000
6506.667,0.0000
6517.333,0.0000
6528.000,0.0000
6538.667,0.0000
6549.333,0.0000
6560.000,0.0000
6570.667,0.0000
6581.333,0.0000
6592.000,0.0000
6602.667,0.0000
6613.333,0.0000
6624.000,0.0000
6634.667,0.0000
6645.333,0.0000
6656.000,0.0000
6666.667,0.0000
6677.333,0.0000
6688.000,0.0000
6698.667,0.0000
6709.333,0.0000
6720.000,0.0000
6730.667,0.0000
6741.333,0.0000
6752.000,0.0000
6762.667,0.0000
6773.333,0.0000
6784.000,0.0000
6794.667,0.0000
6805.333,0.0000
6816.000,0.0000
6826.667,0.0000
6837.333,0.0000
6848.000,0.0000
6858.667,0.0000
6869.333,0.0000
6880.000,0.0000
6890.667,0.0000
6901.333,0.0000
6912.000,0.0000
6922.667,0.0000
6933.333,0.0000
6944.000,0.0000
6954.667,0.0000
6965.333,0.0000
6976.000,0.0000
6986.667,0.0000
6997.333,0.0000
7008.000,0.0000
7018.667,0.0000
7029.333,0.0000
7040.000,0.0000
7050.667,0.0000
7061.333,0.0000
7072.000,0.0000
7082.667,0.0000
7093.333,0.0000
7104.000,0.0000
7114.667,0.0000
7125.333,0.0000
7136.000,0.0000
7146.667,0.0000
7157.333,0.0000
7168.000,0.0000
7178.667,0.0000
7189.333,0.0000
7200.000,0.0000
7210.667,0.0000
7221.333,0.0000
7232.000,0.0000
7242.667,0.0000
7253.333,0.0000
7264.000,0.0000
7274.667,0.0000
7285.333,0.0000
7296.000,0.0000
7306.667,0.0000
7317.333,0.0000
7328.000,0.0000
7338.667,0.0000
7349.333,0.0000
7360.000,0.0000
7370.667,0.0000
7381.333,0.0000
7392.000,0.0000
7402.667,0.0000
7413.333,0.0000
7424.000,0.0000
7434.667,0.0000
7445.333,0.0000
7456.000,0.0000
7466.667,0.0000
7477.333,0.0000
7488.000,0.0000
7498.667,0.0000
7509.333,0.0000
7520.000,0.0000
7530.667,0.0000
7541.333,0.0000
7552.000,0.0000
7562.667,0.0000
7573.333,0.0000
7584.000,0.0000
7594.667,0.0000
7605.333,0.0000
7616.000,0.0000
7626.667,0.0000
7637.333,0.0000
7648.000,0.0000
7658.667,0.0000
7669.333,0.0000
7680.000,0.0000
7690.667,0.0000
7701.333,0.0000
7712.000,0.0000
7722.667,0.0000
7733.333,0.0000
7744.000,0.0000
7754.667,0.0000
7765.333,0.0000
7776.000,0.0000
7786.667,0.0000
7797.333,0.0000
7808.000,0.0000
7818.667,0.0000
7829.333,0.0000
7840.000,0.0000
7850.667,0.0000
7861.333,0.0000
7872.000,0.0000
7882.667,0.0000
7893.333,0.0000
7904.000,0.0000
7914.667,0.0000
7925.333,0.0000
7936.000,0.0000
7946.667,0.0000
7957.333,0.0000
7968.000,0.0000
7978.667,0.0000
7989.333,0.0000
8000.000,0.0000
8010.667,0.0000
8021.333,0.0000
8032.000,0.0000
8042.667,0.0000
8053.333,0.0000
8064.000,0.0000
8074.667,0.0000
8085.333,0.0000
8096.000,0.0000
8106.667,0.0000
8117.333,0.0000
8128.000,0.0000
8138.667,0.0000
8149.333,0.0000
8160.000,0.0000
8170.667,0.0000
8181.333,0.0000
8192.000,0.0000
8202.667,0.0000
8213.333,0.0000
8224.000,0.0000
8234.667,0.0000
8245.333,0.0000
8256.000,0.0000
8266.667,0.0000
8277.333,0.0000
8288.000,0.0000
8298.667,0.0000
8309.333,0.0000
8320.000,0.0000
8330.667,0.0000
8341.333,0.0000
8352.000,0.0000
8362.667,0.0000
8373.333,0.0000
8384.000,0.0000
8394.667,0.0000
8405.333,0.0000
8416.000,0.0000
8426.667,0.0000
8437.333,0.0000
8448.000,0.0000
8458.667,0.0000
8469.333,0.0000
8480.000,0.0000
8490.667,0.0000
8501.333,0.0000
8512.000,0.0000
8522.667,0.0000
8533.333,0.0000
8544.000,0.0000
8554.667,0.0000
8565.333,0.0000
8576.000,0.0000
8586.667,0.0000
8597.333,0.0000
8608.000,0.0000
8618.667,0.0000
8629.333,0.0000
8640.000,0.0000
8650.667,0.0000
8661.333,0.0000
8672.000,0.0000
8682.667,0.0000
8693.333,0.0000
8704.000,0.0000
8714.667,0.0000
8725.333,0.0000
8736.000,0.0000
8746.667,0.0000
8757.333,0.0000
8768.000,0.0000
8778.667,0.0000
8789.333,0.0000
8800.000,0.0000
8810.667,0.0000
8821.333,0.0000
8832.000,0.0000
8842.667,0.0000
8853.333,0.0000
8864.000,0.0000
8874.667,0.0000
8885.333,0.0000
8896.000,0.0000
8906.667,0.0000
8917.333,0.0000
8928.000,0.0000
8938.667,0.0000
8949.333,0.0000
8960.000,0.0000
8970.667,0.0000
8981.333,0.0000
8992.000,0.0000
9002.667,0.0000
9013.333,0.0000
9024.000,0.0000
9034.667,0.0000
9045.333,0.0000
9056.000,0.0000
9066.667,0.0000
9077.333,0.0000
9088.000,0.0000
9098.667,0.0000
9109.333,0.0000
9120.000,0.0000
9130.667,0.0000
9141.333,0.0000
9152.000,0.0000
9162.667,0.0000
9173.333,0.0000
9184.000,0.0000
9194.667,0.0000
9205.333,0.0000
9216.000,0.0000
9226.667,0.0000
9237.333,0.0000
9248.000,0.0000
9258.667,0.0000
9269.333,0.0000
9280.000,0.0000
9290.667,0.0000
9301.333,0.0000
9312.000,0.0000
9322.667,0.0000
9333.333,0.0000
9344.000,0.0000
9354.667,0.0000
9365.333,0.0000
9376.000,0.0000
9386.667,0.0000
9397.333,0.0000
9408.000,0.0000
9418.667,0.0000
9429.333,0.0000
9440.000,0.0000
9450.667,0.0000
9461.333,0.0000
9472.000,0.0000
9482.667,0.0000
9493.333,0.0000
9504.000,0.0000
9514.667,0.0000
9525.333,0.0000
9536.000,0.0000
9546.667,0.0000
9557.333,0.0000
9568.000,0.0000
9578.667,0.0000
9589.333,0.0000
9600.000,0.0000
9610.667,0.0000
9621.333,0.0000
9632.000,0.0000
9642.667,0.0000
9653.333,0.0000
9664.000,0.0000
9674.667,0.0000
9685.333,0.0000
9696.000,0.0000
9706.667,0.0000
9717.333,0.0000
9728.000,0.0000
9738.667,0.0000
9749.333,0.0000
9760.000,0.0000
9770.667,0.0000
9781.333,0.0000
9792.000,0.0000
9802.667,0.0000
9813.333,0.0000
9824.000,0.0000
9834.667,0.0000
9845.333,0.0000
9856.000,0.0000
9866.667,0.0000
9877.333,0.0000
9888.000,0.0000
9898.667,0.0000
9909.333,0.0000
9920.000,0.0000
9930.667,0.0000
9941.333,0.0000
9952.000,0.0000
9962.667,0.0000
9973.333,0.0000
9984.000,0.0000
9994.667,0.0000
10005.333,0.0000
10016.000,0.0000
10026.667,0.0000
10037.333,0.0000
10048.000,0.0000
10058.667,0.0000
10069.333,117.8054
10080.000,135.3228
10090.667,144.2001
10101.333,137.6882
10112.000,144.2001
10122.667,145.0354
10133.333,146.7206
10144.000,147.5706
10154.667,149.2853
10165.333,150.1501
10176.000,151.8947
10186.667,153.6597
10197.333,157.2513
10208.000,159.0785
10218.667,160.9269
10229.333,161.8591
10240.000,162.7968
10250.667,164.6884
10261.333,165.6424
10272.000,165.6424
10282.667,165.6424
10293.333,165.6424
10304.000,166.6019
10314.667,166.6019
10325.333,166.6019
10336.000,165.6424
10346.667,165.6424
10357.333,163.7398
10368.000,159.0785
10378.667,159.0785
10389.333,157.2513
10400.000,158.1622
10410.667,163.7398
10421.333,164.6884
10432.000,166.6019
10442.667,166.6019
10453.333,167.5671
10464.000,166.6019
10474.667,164.6884
10485.333,160.0000
10496.000,155.4451
10506.667,149.2853
10517.333,149.2853
10528.000,165.6424
10538.667,165.6424
10549.333,166.6019
10560.000,169.5141
10570.667,168.5378
10581.333,166.6019
10592.000,168.5378
10602.667,167.5671
10613.333,167.5671
10624.000,165.6424
10634.667,164.6884
10645.333,162.7968
10656.000,160.9269
10666.667,158.1622
10677.333,155.4451
10688.000,153.6597
10698.667,157.2513
10709.333,162.7968
10720.000,163.7398
10730.667,163.7398
10741.333,160.9269
10752.000,156.3456
10762.667,157.2513
10773.333,157.2513
10784.000,163.7398
10794.667,165.6424
10805.333,167.5671
10816.000,175.4920
10826.667,178.5595
10837.333,179.5939
10848.000,0.0000
10858.667,0.0000
10869.333,0.0000
10880.000,177.5311
10890.667,176.5086
10901.333,175.4920
10912.000,174.4812
10922.667,170.4961
10933.333,166.6019
10944.000,164.6884
10954.667,163.7398
10965.333,163.7398
10976.000,163.7398
10986.667,163.7398
10997.333,164.6884
11008.000,159.0785
11018.667,159.0785
11029.333,0.0000
11040.000,0.0000
11050.667,0.0000
11061.333,0.0000
11072.000,0.0000
11082.667,0.0000
11093.333,0.0000
11104.000,0.0000
11114.667,0.0000
11125.333,0.0000
11136.000,0.0000
11146.667,0.0000
11157.333,0.0000
11168.000,0.0000
11178.667,0.0000
11189.333,0.0000
11200.000,0.0000
11210.667,174.4812
11221.333,174.4812
11232.000,171.4838
11242.667,170.4961
11253.333,168.5378
11264.000,165.6424
11274.667,164.6884
11285.333,163.7398
11296.000,162.7968
11306.667,162.7968
11317.333,162.7968
11328.000,163.7398
11338.667,164.6884
11349.333,163.7398
11360.000,163.7398
11370.667,163.7398
11381.333,0.0000
11392.000,0.0000
11402.667,0.0000
11413.333,0.0000
11424.000,0.0000
11434.667,0.0000
11445.333,0.0000
11456.000,0.0000
11466.667,0.0000
11477.333,0.0000
11488.000,0.0000
11498.667,0.0000
11509.333,170.4961
11520.000,167.5671
11530.667,167.5671
11541.333,163.7398
11552.000,160.9269
11562.667,152.7747
11573.333,155.4451
11584.000,0.0000
11594.667,0.0000
11605.333,0.0000
11616.000,0.0000
11626.667,0.0000
11637.333,0.0000
11648.000,0.0000
11658.667,0.0000
11669.333,178.5595
11680.000,174.4812
11690.667,172.4771
11701.333,170.4961
11712.000,167.5671
11722.667,166.6019
11733.333,165.6424
11744.000,165.6424
11754.667,164.6884
11765.333,163.7398
11776.000,163.7398
11786.667,163.7398
11797.333,162.7968
11808.000,163.7398
11818.667,163.7398
11829.333,164.6884
11840.000,164.6884
11850.667,164.6884
11861.333,164.6884
11872.000,163.7398
11882.667,164.6884
11893.333,165.6424
11904.000,165.6424
11914.667,165.6424
11925.333,164.6884
11936.000,164.6884
11946.667,163.7398
11957.333,164.6884
11968.000,167.5671
11978.667,166.6019
11989.333,166.6019
12000.000,166.6019
12010.667,166.6019
12021.333,166.6019
12032.000,166.6019
12042.667,166.6019
12053.333,166.6019
12064.000,163.7398
12074.667,160.9269
12085.333,160.9269
12096.000,162.7968
12106.667,164.6884
12117.333,167.5671
12128.000,167.5671
12138.667,169.5141
12149.333,169.5141
12160.000,169.5141
12170.667,169.5141
12181.333,165.6424
12192.000,151.0199
12202.667,151.0199
12213.333,151.0199
12224.000,0.0000
12234.667,0.0000
12245.333,0.0000
12256.000,0.0000
12266.667,0.0000
12277.333,0.0000
12288.000,180.6343
12298.667,176.5086
12309.333,172.4771
12320.000,171.4838
12330.667,170.4961
12341.333,169.5141
12352.000,166.6019
12362.667,160.0000
12373.333,156.3456
12384.000,152.7747
12394.667,157.2513
12405.333,168.5378
12416.000,151.0199
12426.667,157.2513
12437.333,172.4771
12448.000,169.5141
12458.667,169.5141
12469.333,169.5141
12480.000,169.5141
12490.667,165.6424
12501.333,160.9269
12512.000,153.6597
12522.667,148.4255
12533.333,145.8756
12544.000,145.0354
12554.667,144.2001
12565.333,145.0354
12576.000,142.5438
12586.667,0.0000
12597.333,172.4771
12608.000,168.5378
12618.667,168.5378
12629.333,166.6019
12640.000,165.6424
12650.667,164.6884
12661.333,163.7398
12672.000,163.7398
12682.667,163.7398
12693.333,163.7398
12704.000,163.7398
12714.667,163.7398
12725.333,163.7398
12736.000,163.7398
12746.667,163.7398
12757.333,163.7398
12768.000,163.7398
12778.667,163.7398
12789.333,163.7398
12800.000,163.7398
12810.667,163.7398
12821.333,164.6884
12832.000,164.6884
12842.667,164.6884
12853.333,165.6424
12864.000,165.6424
12874.667,166.6019
12885.333,166.6019
12896.000,165.6424
12906.667,164.6884
12917.333,164.6884
12928.000,165.6424
12938.667,166.6019
12949.333,167.5671
12960.000,168.5378
12970.667,167.5671
12981.333,167.5671
12992.000,167.5671
13002.667,166.6019
13013.333,166.6019
13024.000,167.5671
13034.667,167.5671
13045.333,167.5671
13056.000,166.6019
13066.667,164.6884
13077.333,163.7398
13088.000,163.7398
13098.667,164.6884
13109.333,162.7968
13120.000,162.7968
13130.667,146.7206
13141.333,162.7968
13152.000,153.6597
13162.667,151.0199
13173.333,151.0199
13184.000,155.4451
13194.667,168.5378
13205.333,172.4771
13216.000,175.4920
13226.667,181.6807
13237.333,185.9273
13248.000,188.0877
13258.667,190.2731
13269.333,191.3754
13280.000,192.4840
13290.667,193.5991
13301.333,194.7206
13312.000,195.8486
13322.667,196.9831
13333.333,196.9831
13344.000,196.9831
13354.667,196.9831
13365.333,196.9831
13376.000,196.9831
13386.667,195.8486
13397.333,194.7206
13408.000,195.8486
13418.667,195.8486
13429.333,195.8486
13440.000,194.7206
13450.667,194.7206
13461.333,195.8486
13472.000,196.9831
13482.667,199.2719
13493.333,200.4263
13504.000,202.7552
13514.667,205.1111
13525.333,206.2992
13536.000,207.4943
13546.667,208.6963
13557.333,208.6963
13568.000,209.9053
13578.667,209.9053
13589.333,208.6963
13600.000,199.2719
13610.667,200.4263
13621.333,198.1242
13632.000,194.7206
13642.667,194.7206
13653.333,194.7206
13664.000,196.9831
13674.667,190.2731
13685.333,185.9273
13696.000,193.5991
13706.667,196.9831
13717.333,200.4263
13728.000,201.5874
13738.667,202.7552
13749.333,203.9297
13760.000,203.9297
13770.667,203.9297
13781.333,203.9297
13792.000,205.1111
13802.667,205.1111
13813.333,205.1111
13824.000,206.2992
13834.667,206.2992
13845.333,207.4943
13856.000,208.6963
13866.667,208.6963
13877.333,209.9053
13888.000,209.9053
13898.667,208.6963
13909.333,207.4943
13920.000,206.2992
13930.667,205.1111
13941.333,206.2992
13952.000,207.4943
13962.667,209.9053
13973.333,211.1213
13984.000,213.5744
13994.667,214.8116
14005.333,216.0560
14016.000,213.5744
14026.667,211.1213
14037.333,208.6963
14048.000,206.2992
14058.667,203.9297
14069.333,201.5874
14080.000,199.2719
14090.667,200.4263
14101.333,201.5874
14112.000,205.1111
14122.667,208.6963
14133.333,211.1213
14144.000,212.3443
14154.667,212.3443
14165.333,211.1213
14176.000,209.9053
14186.667,206.2992
14197.333,202.7552
14208.000,200.4263
14218.667,195.8486
14229.333,194.7206
14240.000,201.5874
14250.667,203.9297
14261.333,208.6963
14272.000,213.5744
14282.667,214.8116
14293.333,214.8116
14304.000,0.0000
14314.667,0.0000
14325.333,0.0000
14336.000,194.7206
14346.667,189.1772
14357.333,189.1772
14368.000,174.4812
14378.667,174.4812
14389.333,177.5311
14400.000,180.6343
14410.667,190.2731
14421.333,182.7332
14432.000,188.0877
14442.667,182.7332
14453.333,188.0877
14464.000,189.1772
14474.667,189.1772
14485.333,203.9297
14496.000,203.9297
14506.667,203.9297
14517.333,205.1111
14528.000,206.2992
14538.667,207.4943
14549.333,208.6963
14560.000,209.9053
14570.667,211.1213
14581.333,211.1213
14592.000,207.4943
14602.667,205.1111
14613.333,189.1772
14624.000,182.7332
14634.667,175.4920
14645.333,176.5086
14656.000,167.5671
14666.667,167.5671
14677.333,166.6019
14688.000,166.6019
14698.667,166.6019
14709.333,165.6424
14720.000,164.6884
14730.667,163.7398
14741.333,162.7968
14752.000,161.8591
14762.667,160.9269
14773.333,160.9269
14784.000,161.8591
14794.667,167.5671
14805.333,178.5595
14816.000,181.6807
14826.667,189.1772
14837.333,188.0877
14848.000,188.0877
14858.667,188.0877
14869.333,187.0044
14880.000,184.8564
14890.667,183.7917
14901.333,182.7332
14912.000,182.7332
14922.667,182.7332
14933.333,183.7917
14944.000,183.7917
14954.667,184.8564
14965.333,185.9273
14976.000,185.9273
14986.667,185.9273
14997.333,185.9273
15008.000,185.9273
15018.667,185.9273
15029.333,184.8564
15040.000,183.7917
15050.667,182.7332
15061.333,163.7398
15072.000,172.4771
15082.667,182.7332
15093.333,196.9831
15104.000,211.1213
15114.667,218.5664
15125.333,223.6752
15136.000,245.3325
15146.667,245.3325
15157.333,246.7537
15168.000,246.7537
15178.667,246.7537
15189.333,246.7537
15200.000,246.7537
15210.667,245.3325
15221.333,242.5147
15232.000,239.7291
15242.667,234.2537
15253.333,227.5850
15264.000,214.8116
15274.667,202.7552
15285.333,195.8486
15296.000,193.5991
15306.667,191.3754
15317.333,190.2731
15328.000,190.2731
15338.667,190.2731
15349.333,191.3754
15360.000,191.3754
15370.667,192.4840
15381.333,194.7206
15392.000,195.8486
15402.667,196.9831
15413.333,198.1242
15424.000,200.4263
15434.667,201.5874
15445.333,202.7552
15456.000,201.5874
15466.667,199.2719
15477.333,187.0044
15488.000,0.0000
15498.667,0.0000
15509.333,0.0000
15520.000,0.0000
15530.667,0.0000
15541.333,0.0000
15552.000,0.0000
15562.667,0.0000
15573.333,0.0000
15584.000,199.2719
15594.667,199.2719
15605.333,201.5874
15616.000,202.7552
15626.667,202.7552
15637.333,202.7552
15648.000,203.9297
15658.667,203.9297
15669.333,205.1111
15680.000,206.2992
15690.667,207.4943
15701.333,208.6963
15712.000,211.1213
15722.667,211.1213
15733.333,209.9053
15744.000,208.6963
15754.667,206.2992
15765.333,205.1111
15776.000,205.1111
15786.667,196.9831
15797.333,183.7917
15808.000,166.6019
15818.667,166.6019
15829.333,160.9269
15840.000,0.0000
15850.667,0.0000
15861.333,0.0000
15872.000,213.5744
15882.667,212.3443
15893.333,209.9053
15904.000,208.6963
15914.667,207.4943
15925.333,206.2992
15936.000,206.2992
15946.667,207.4943
15957.333,208.6963
15968.000,209.9053
15978.667,209.9053
15989.333,209.9053
16000.000,206.2992
16010.667,202.7552
16021.333,211.1213
16032.000,209.9053
16042.667,209.9053
16053.333,209.9053
16064.000,211.1213
16074.667,209.9053
16085.333,208.6963
16096.000,208.6963
16106.667,208.6963
16117.333,207.4943
16128.000,207.4943
16138.667,207.4943
16149.333,209.9053
16160.000,209.9053
16170.667,218.5664
16181.333,218.5664
16192.000,218.5664
16202.667,217.3076
16213.333,211.1213
16224.000,208.6963
16234.667,0.0000
16245.333,207.4943
16256.000,207.4943
16266.667,208.6963
16277.333,208.6963
16288.000,207.4943
16298.667,0.0000
16309.333,0.0000
16320.000,0.0000
16330.667,195.8486
16341.333,195.8486
16352.000,191.3754
16362.667,189.1772
16373.333,187.0044
16384.000,185.9273
16394.667,184.8564
16405.333,183.7917
16416.000,183.7917
16426.667,183.7917
16437.333,182.7332
16448.000,182.7332
16458.667,181.6807
16469.333,177.5311
16480.000,177.5311
16490.667,172.4771
16501.333,180.6343
16512.000,180.6343
16522.667,181.6807
16533.333,182.7332
16544.000,182.7332
16554.667,183.7917
16565.333,183.7917
16576.000,184.8564
16586.667,184.8564
16597.333,171.4838
16608.000,170.4961
16618.667,168.5378
16629.333,165.6424
16640.000,162.7968
16650.667,170.4961
16661.333,180.6343
16672.000,185.9273
16682.667,187.0044
16693.333,185.9273
16704.000,185.9273
16714.667,184.8564
16725.333,183.7917
16736.000,182.7332
16746.667,182.7332
16757.333,182.7332
16768.000,183.7917
16778.667,184.8564
16789.333,184.8564
16800.000,185.9273
16810.667,187.0044
16821.333,188.0877
16832.000,188.0877
16842.667,188.0877
16853.333,188.0877
16864.000,188.0877
16874.667,189.1772
16885.333,180.6343
16896.000,0.0000
16906.667,0.0000
16917.333,0.0000
16928.000,0.0000
16938.667,0.0000
16949.333,0.0000
16960.000,0.0000
16970.667,0.0000
16981.333,0.0000
16992.000,0.0000
17002.667,200.4263
17013.333,194.7206
17024.000,191.3754
17034.667,190.2731
17045.333,188.0877
17056.000,185.9273
17066.667,183.7917
17077.333,182.7332
17088.000,182.7332
17098.667,184.8564
17109.333,0.0000
17120.000,0.0000
17130.667,0.0000
17141.333,0.0000
17152.000,0.0000
17162.667,0.0000
17173.333,0.0000
17184.000,0.0000
17194.667,0.0000
17205.333,0.0000
17216.000,0.0000
17226.667,0.0000
17237.333,0.0000
17248.000,0.0000
17258.667,0.0000
17269.333,0.0000
17280.000,0.0000
17290.667,0.0000
17301.333,0.0000
17312.000,0.0000
17322.667,0.0000
17333.333,0.0000
17344.000,0.0000
17354.667,0.0000
17365.333,0.0000
17376.000,0.0000
17386.667,0.0000
17397.333,0.0000
17408.000,0.0000
17418.667,203.9297
17429.333,228.9033
17440.000,203.9297
17450.667,194.7206
17461.333,190.2731
17472.000,187.0044
17482.667,182.7332
17493.333,177.5311
17504.000,171.4838
17514.667,164.6884
17525.333,176.5086
17536.000,187.0044
17546.667,181.6807
17557.333,180.6343
17568.000,190.2731
17578.667,190.2731
17589.333,0.0000
17600.000,0.0000
17610.667,191.3754
17621.333,191.3754
17632.000,190.2731
17642.667,189.1772
17653.333,187.0044
17664.000,185.9273
17674.667,184.8564
17685.333,184.8564
17696.000,184.8564
17706.667,184.8564
17717.333,184.8564
17728.000,184.8564
17738.667,184.8564
17749.333,183.7917
17760.000,183.7917
17770.667,183.7917
17781.333,181.6807
17792.000,171.4838
17802.667,0.0000
17813.333,0.0000
17824.000,0.0000
17834.667,0.0000
17845.333,0.0000
17856.000,0.0000
17866.667,0.0000
17877.333,0.0000
17888.000,187.0044
17898.667,187.0044
17909.333,188.0877
17920.000,190.2731
17930.667,189.1772
17941.333,189.1772
17952.000,187.0044
17962.667,185.9273
17973.333,184.8564
17984.000,184.8564
17994.667,184.8564
18005.333,184.8564
18016.000,184.8564
18026.667,184.8564
18037.333,185.9273
18048.000,185.9273
18058.667,185.9273
18069.333,185.9273
18080.000,185.9273
18090.667,185.9273
18101.333,185.9273
18112.000,185.9273
18122.667,187.0044
18133.333,187.0044
18144.000,187.0044
18154.667,185.9273
18165.333,185.9273
18176.000,185.9273
18186.667,185.9273
18197.333,185.9273
18208.000,185.9273
18218.667,185.9273
18229.333,185.9273
18240.000,185.9273
18250.667,184.8564
18261.333,184.8564
18272.000,178.5595
18282.667,180.6343
18293.333,182.7332
18304.000,183.7917
18314.667,190.2731
18325.333,0.0000
18336.000,0.0000
18346.667,0.0000
18357.333,0.0000
18368.000,0.0000
18378.667,0.0000
18389.333,167.5671
18400.000,166.6019
18410.667,164.6884
18421.333,163.7398
18432.000,162.7968
18442.667,162.7968
18453.333,163.7398
18464.000,164.6884
18474.667,165.6424
18485.333,165.6424
18496.000,165.6424
18506.667,162.7968
18517.333,156.3456
18528.000,166.6019
18538.667,0.0000
18549.333,0.0000
18560.000,0.0000
18570.667,0.0000
18581.333,0.0000
18592.000,0.0000
18602.667,0.0000
18613.333,0.0000
18624.000,0.0000
18634.667,0.0000
18645.333,0.0000
18656.000,0.0000
18666.667,0.0000
18677.333,138.4858
18688.000,130.7132
18698.667,131.4705
18709.333,135.3228
18720.000,134.5434
18730.667,136.1067
18741.333,136.8952
18752.000,137.6882
18762.667,137.6882
18773.333,137.6882
18784.000,137.6882
18794.667,138.4858
18805.333,139.2881
18816.000,140.0950
18826.667,140.9065
18837.333,140.9065
18848.000,141.7228
18858.667,140.0950
18869.333,141.7228
18880.000,0.0000
18890.667,0.0000
18901.333,0.0000
18912.000,140.9065
18922.667,139.2881
18933.333,140.0950
18944.000,138.4858
18954.667,141.7228
18965.333,140.0950
18976.000,143.3695
18986.667,152.7747
18997.333,155.4451
19008.000,158.1622
19018.667,155.4451
19029.333,145.8756
19040.000,146.7206
19050.667,144.2001
19061.333,141.7228
19072.000,145.8756
19082.667,0.0000
19093.333,0.0000
19104.000,0.0000
19114.667,0.0000
19125.333,0.0000
19136.000,0.0000
19146.667,0.0000
19157.333,0.0000
19168.000,0.0000
19178.667,0.0000
19189.333,0.0000
19200.000,0.0000
19210.667,0.0000
19221.333,0.0000
19232.000,0.0000
19242.667,0.0000
19253.333,0.0000
19264.000,0.0000
19274.667,0.0000
19285.333,0.0000
19296.000,0.0000
19306.667,0.0000
19317.333,0.0000
19328.000,0.0000
19338.667,0.0000
19349.333,0.0000
19360.000,0.0000
19370.667,0.0000
19381.333,0.0000
19392.000,0.0000
19402.667,0.0000
19413.333,181.6807
19424.000,174.4812
19434.667,190.2731
19445.333,182.7332
19456.000,203.9297
19466.667,206.2992
19477.333,207.4943
19488.000,206.2992
19498.667,205.1111
19509.333,205.1111
19520.000,205.1111
19530.667,206.2992
19541.333,207.4943
19552.000,209.9053
19562.667,209.9053
19573.333,211.1213
19584.000,209.9053
19594.667,206.2992
19605.333,201.5874
19616.000,189.1772
19626.667,188.0877
19637.333,188.0877
19648.000,166.6019
19658.667,166.6019
19669.333,0.0000
19680.000,0.0000
19690.667,0.0000
19701.333,0.0000
19712.000,0.0000
19722.667,0.0000
19733.333,162.7968
19744.000,161.8591
19754.667,161.8591
19765.333,160.9269
19776.000,160.9269
19786.667,159.0785
19797.333,160.0000
19808.000,160.0000
19818.667,182.7332
19829.333,187.0044
19840.000,188.0877
19850.667,188.0877
19861.333,188.0877
19872.000,187.0044
19882.667,184.8564
19893.333,183.7917
19904.000,182.7332
19914.667,182.7332
19925.333,182.7332
19936.000,0.0000
19946.667,144.2001
19957.333,143.3695
19968.000,140.9065
19978.667,140.0950
19989.333,137.6882
20000.000,136.1067
20010.667,132.2321
20021.333,133.7685
20032.000,139.2881
20042.667,139.2881
20053.333,140.0950
20064.000,142.5438
20074.667,147.5706
20085.333,154.5498
20096.000,160.9269
20106.667,169.5141
20117.333,173.4763
20128.000,176.5086
20138.667,178.5595
20149.333,182.7332
20160.000,184.8564
20170.667,185.9273
20181.333,187.0044
20192.000,188.0877
20202.667,189.1772
20213.333,189.1772
20224.000,188.0877
20234.667,185.9273
20245.333,182.7332
20256.000,185.9273
20266.667,192.4840
20277.333,202.7552
20288.000,208.6963
20298.667,211.1213
20309.333,212.3443
20320.000,212.3443
20330.667,212.3443
20341.333,211.1213
20352.000,206.2992
20362.667,203.9297
20373.333,201.5874
20384.000,201.5874
20394.667,202.7552
20405.333,205.1111
20416.000,207.4943
20426.667,209.9053
20437.333,211.1213
20448.000,212.3443
20458.667,212.3443
20469.333,209.9053
20480.000,207.4943
20490.667,195.8486
20501.333,0.0000
20512.000,0.0000
20522.667,0.0000
20533.333,0.0000
20544.000,0.0000
20554.667,0.0000
20565.333,0.0000
20576.000,0.0000
20586.667,0.0000
20597.333,219.8326
20608.000,217.3076
20618.667,212.3443
20629.333,209.9053
20640.000,207.4943
20650.667,206.2992
20661.333,206.2992
20672.000,207.4943
20682.667,207.4943
20693.333,208.6963
20704.000,208.6963
20714.667,205.1111
20725.333,199.2719
20736.000,193.5991
20746.667,195.8486
20757.333,194.7206
20768.000,195.8486
20778.667,196.9831
20789.333,187.0044
20800.000,187.0044
20810.667,0.0000
20821.333,0.0000
20832.000,0.0000
20842.667,0.0000
20853.333,209.9053
20864.000,214.8116
20874.667,207.4943
20885.333,206.2992
20896.000,205.1111
20906.667,202.7552
20917.333,200.4263
20928.000,0.0000
20938.667,0.0000
20949.333,0.0000
20960.000,0.0000
20970.667,0.0000
20981.333,0.0000
20992.000,0.0000
21002.667,0.0000
21013.333,0.0000
21024.000,0.0000
21034.667,198.1242
21045.333,213.5744
21056.000,212.3443
21066.667,211.1213
21077.333,211.1213
21088.000,209.9053
21098.667,208.6963
21109.333,208.6963
21120.000,207.4943
21130.667,207.4943
21141.333,208.6963
21152.000,208.6963
21162.667,208.6963
21173.333,206.2992
21184.000,205.1111
21194.667,207.4943
21205.333,207.4943
21216.000,208.6963
21226.667,208.6963
21237.333,208.6963
21248.000,193.5991
21258.667,185.9273
21269.333,0.0000
21280.000,0.0000
21290.667,0.0000
21301.333,0.0000
21312.000,0.0000
21322.667,0.0000
21333.333,0.0000
21344.000,212.3443
21354.667,212.3443
21365.333,211.1213
21376.000,209.9053
21386.667,209.9053
21397.333,208.6963
21408.000,208.6963
21418.667,207.4943
21429.333,207.4943
21440.000,211.1213
21450.667,208.6963
21461.333,198.1242
21472.000,196.9831
21482.667,196.9831
21493.333,0.0000
21504.000,0.0000
21514.667,0.0000
21525.333,0.0000
21536.000,226.2742
21546.667,211.1213
21557.333,211.1213
21568.000,209.9053
21578.667,208.6963
21589.333,207.4943
21600.000,206.2992
21610.667,205.1111
21621.333,205.1111
21632.000,205.1111
21642.667,206.2992
21653.333,206.2992
21664.000,206.2992
21674.667,206.2992
21685.333,206.2992
21696.000,205.1111
21706.667,205.1111
21717.333,202.7552
21728.000,192.4840
21738.667,183.7917
21749.333,179.5939
21760.000,184.8564
21770.667,185.9273
21781.333,198.1242
21792.000,202.7552
21802.667,0.0000
21813.333,0.0000
21824.000,0.0000
21834.667,213.5744
21845.333,211.1213
21856.000,211.1213
21866.667,209.9053
21877.333,208.6963
21888.000,206.2992
21898.667,206.2992
21909.333,206.2992
21920.000,206.2992
21930.667,206.2992
21941.333,205.1111
21952.000,203.9297
21962.667,199.2719
21973.333,188.0877
21984.000,188.0877
21994.667,0.0000
22005.333,0.0000
22016.000,0.0000
22026.667,0.0000
22037.333,0.0000
22048.000,0.0000
22058.667,198.1242
22069.333,199.2719
22080.000,211.1213
22090.667,208.6963
22101.333,208.6963
22112.000,207.4943
22122.667,207.4943
22133.333,0.0000
22144.000,213.5744
22154.667,209.9053
22165.333,211.1213
22176.000,209.9053
22186.667,209.9053
22197.333,207.4943
22208.000,206.2992
22218.667,206.2992
22229.333,205.1111
22240.000,203.9297
22250.667,203.9297
22261.333,203.9297
22272.000,203.9297
22282.667,205.1111
22293.333,206.2992
22304.000,208.6963
22314.667,209.9053
22325.333,209.9053
22336.000,208.6963
22346.667,207.4943
22357.333,206.2992
22368.000,205.1111
22378.667,205.1111
22389.333,205.1111
22400.000,205.1111
22410.667,205.1111
22421.333,206.2992
22432.000,207.4943
22442.667,208.6963
22453.333,208.6963
22464.000,208.6963
22474.667,208.6963
22485.333,206.2992
22496.000,205.1111
22506.667,202.7552
22517.333,193.5991
22528.000,0.0000
22538.667,0.0000
22549.333,0.0000
22560.000,0.0000
22570.667,0.0000
22581.333,0.0000
22592.000,0.0000
22602.667,0.0000
22613.333,232.9045
22624.000,239.7291
22634.667,242.5147
22645.333,245.3325
22656.000,246.7537
22666.667,249.6209
22677.333,249.6209
22688.000,246.7537
22698.667,242.5147
22709.333,234.2537
22720.000,234.2537
22730.667,213.5744
22741.333,0.0000
22752.000,0.0000
22762.667,0.0000
22773.333,0.0000
22784.000,0.0000
22794.667,0.0000
22805.333,0.0000
22816.000,0.0000
22826.667,0.0000
22837.333,0.0000
22848.000,0.0000
22858.667,0.0000
22869.333,176.5086
22880.000,172.4771
22890.667,183.7917
22901.333,181.6807
22912.000,185.9273
22922.667,185.9273
22933.333,187.0044
22944.000,187.0044
22954.667,187.0044
22965.333,187.0044
22976.000,188.0877
22986.667,188.0877
22997.333,190.2731
23008.000,200.4263
23018.667,202.7552
23029.333,205.1111
23040.000,206.2992
23050.667,207.4943
23061.333,208.6963
23072.000,208.6963
23082.667,208.6963
23093.333,207.4943
23104.000,207.4943
23114.667,206.2992
23125.333,207.4943
23136.000,207.4943
23146.667,208.6963
23157.333,208.6963
23168.000,207.4943
23178.667,205.1111
23189.333,202.7552
23200.000,194.7206
23210.667,194.7206
23221.333,199.2719
23232.000,192.4840
23242.667,192.4840
23253.333,192.4840
23264.000,190.2731
23274.667,188.0877
23285.333,187.0044
23296.000,184.8564
23306.667,184.8564
23317.333,184.8564
23328.000,187.0044
23338.667,188.0877
23349.333,189.1772
23360.000,183.7917
23370.667,182.7332
23381.333,184.8564
23392.000,187.0044
23402.667,185.9273
23413.333,184.8564
23424.000,184.8564
23434.667,184.8564
23445.333,187.0044
23456.000,187.0044
23466.667,187.0044
23477.333,187.0044
23488.000,180.6343
23498.667,166.6019
23509.333,163.7398
23520.000,161.8591
23530.667,160.9269
23541.333,154.5498
23552.000,0.0000
23562.667,0.0000
23573.333,0.0000
23584.000,0.0000
23594.667,0.0000
23605.333,0.0000
23616.000,0.0000
23626.667,0.0000
23637.333,0.0000
23648.000,0.0000
23658.667,0.0000
23669.333,0.0000
23680.000,0.0000
23690.667,0.0000
23701.333,193.5991
23712.000,193.5991
23722.667,193.5991
23733.333,193.5991
23744.000,193.5991
23754.667,192.4840
23765.333,191.3754
23776.000,189.1772
23786.667,187.0044
23797.333,185.9273
23808.000,185.9273
23818.667,187.0044
23829.333,188.0877
23840.000,192.4840
23850.667,198.1242
23861.333,201.5874
23872.000,205.1111
23882.667,206.2992
23893.333,207.4943
23904.000,207.4943
23914.667,206.2992
23925.333,206.2992
23936.000,205.1111
23946.667,205.1111
23957.333,203.9297
23968.000,205.1111
23978.667,205.1111
23989.333,205.1111
24000.000,206.2992
24010.667,206.2992
24021.333,207.4943
24032.000,207.4943
24042.667,208.6963
24053.333,208.6963
24064.000,208.6963
24074.667,207.4943
24085.333,207.4943
24096.000,207.4943
24106.667,207.4943
24117.333,207.4943
24128.000,207.4943
24138.667,207.4943
24149.333,208.6963
24160.000,208.6963
24170.667,208.6963
24181.333,208.6963
24192.000,208.6963
24202.667,207.4943
24213.333,207.4943
24224.000,207.4943
24234.667,207.4943
24245.333,207.4943
24256.000,207.4943
24266.667,206.2992
24277.333,205.1111
24288.000,203.9297
24298.667,203.9297
24309.333,0.0000
24320.000,0.0000
24330.667,0.0000
24341.333,0.0000
24352.000,0.0000
24362.667,0.0000
24373.333,0.0000
24384.000,0.0000
24394.667,0.0000
24405.333,0.0000
24416.000,187.0044
24426.667,193.5991
24437.333,196.9831
24448.000,200.4263
24458.667,198.1242
24469.333,196.9831
24480.000,195.8486
24490.667,192.4840
24501.333,188.0877
24512.000,185.9273
24522.667,183.7917
24533.333,182.7332
24544.000,182.7332
24554.667,181.6807
24565.333,180.6343
24576.000,178.5595
24586.667,176.5086
24597.333,156.3456
24608.000,153.6597
24618.667,152.7747
24629.333,152.7747
24640.000,154.5498
24650.667,156.3456
24661.333,159.0785
24672.000,160.9269
24682.667,162.7968
24693.333,162.7968
24704.000,163.7398
24714.667,164.6884
24725.333,163.7398
24736.000,162.7968
24746.667,161.8591
24757.333,161.8591
24768.000,0.0000
24778.667,161.8591
24789.333,177.5311
24800.000,177.5311
24810.667,183.7917
24821.333,184.8564
24832.000,188.0877
24842.667,188.0877
24853.333,188.0877
24864.000,188.0877
24874.667,184.8564
24885.333,182.7332
24896.000,182.7332
24906.667,163.7398
24917.333,165.6424
24928.000,165.6424
24938.667,165.6424
24949.333,165.6424
24960.000,165.6424
24970.667,166.6019
24981.333,166.6019
24992.000,167.5671
25002.667,167.5671
25013.333,161.8591
25024.000,159.0785
25034.667,156.3456
25045.333,156.3456
25056.000,155.4451
25066.667,162.7968
25077.333,168.5378
25088.000,169.5141
25098.667,169.5141
25109.333,168.5378
25120.000,164.6884
25130.667,164.6884
25141.333,163.7398
25152.000,157.2513
25162.667,157.2513
25173.333,158.1622
25184.000,159.0785
25194.667,165.6424
25205.333,166.6019
25216.000,167.5671
25226.667,167.5671
25237.333,167.5671
25248.000,166.6019
25258.667,164.6884
25269.333,162.7968
25280.000,161.8591
25290.667,161.8591
25301.333,161.8591
25312.000,162.7968
25322.667,164.6884
25333.333,166.6019
25344.000,167.5671
25354.667,167.5671
25365.333,167.5671
25376.000,166.6019
25386.667,166.6019
25397.333,166.6019
25408.000,168.5378
25418.667,166.6019
25429.333,159.0785
25440.000,0.0000
25450.667,0.0000
25461.333,0.0000
25472.000,0.0000
25482.667,0.0000
25493.333,0.0000
25504.000,0.0000
25514.667,0.0000
25525.333,0.0000
25536.000,0.0000
25546.667,0.0000
25557.333,0.0000
25568.000,0.0000
25578.667,255.4555
25589.333,256.9353
25600.000,261.4265
25610.667,258.4237
25621.333,256.9353
25632.000,251.0669
25642.667,248.1832
25653.333,248.1832
25664.000,248.1832
25674.667,249.6209
25685.333,248.1832
25696.000,221.1061
25706.667,207.4943
25717.333,203.9297
25728.000,180.6343
25738.667,164.6884
25749.333,171.4838
25760.000,172.4771
25770.667,185.9273
25781.333,0.0000
25792.000,0.0000
25802.667,0.0000
25813.333,0.0000
25824.000,0.0000
25834.667,0.0000
25845.333,0.0000
25856.000,0.0000
25866.667,0.0000
25877.333,0.0000
25888.000,0.0000
25898.667,0.0000
25909.333,0.0000
25920.000,0.0000
25930.667,0.0000
25941.333,0.0000
25952.000,0.0000
25962.667,0.0000
25973.333,0.0000
25984.000,0.0000
25994.667,0.0000
26005.333,0.0000
26016.000,0.0000
26026.667,0.0000
26037.333,209.9053
26048.000,209.9053
26058.667,211.1213
26069.333,212.3443
26080.000,212.3443
26090.667,211.1213
26101.333,209.9053
26112.000,208.6963
26122.667,207.4943
26133.333,206.2992
26144.000,206.2992
26154.667,206.2992
26165.333,206.2992
26176.000,205.1111
26186.667,205.1111
26197.333,205.1111
26208.000,206.2992
26218.667,207.4943
26229.333,208.6963
26240.000,209.9053
26250.667,209.9053
26261.333,211.1213
26272.000,209.9053
26282.667,208.6963
26293.333,207.4943
26304.000,206.2992
26314.667,203.9297
26325.333,200.4263
26336.000,195.8486
26346.667,188.0877
26357.333,188.0877
26368.000,188.0877
26378.667,187.0044
26389.333,187.0044
26400.000,185.9273
26410.667,185.9273
26421.333,184.8564
26432.000,184.8564
26442.667,184.8564
26453.333,184.8564
26464.000,184.8564
26474.667,184.8564
26485.333,184.8564
26496.000,184.8564
26506.667,184.8564
26517.333,184.8564
26528.000,184.8564
26538.667,184.8564
26549.333,184.8564
26560.000,184.8564
26570.667,184.8564
26581.333,184.8564
26592.000,183.7917
26602.667,183.7917
26613.333,184.8564
26624.000,185.9273
26634.667,185.9273
26645.333,187.0044
26656.000,187.0044
26666.667,187.0044
26677.333,187.0044
26688.000,178.5595
26698.667,179.5939
26709.333,177.5311
26720.000,184.8564
26730.667,179.5939
26741.333,165.6424
26752.000,0.0000
26762.667,0.0000
26773.333,0.0000
26784.000,0.0000
26794.667,0.0000
26805.333,0.0000
26816.000,0.0000
26826.667,189.1772
26837.333,189.1772
26848.000,187.0044
26858.667,187.0044
26869.333,185.9273
26880.000,184.8564
26890.667,183.7917
26901.333,183.7917
26912.000,183.7917
26922.667,179.5939
26933.333,172.4771
26944.000,171.4838
26954.667,176.5086
26965.333,183.7917
26976.000,172.4771
26986.667,165.6424
26997.333,167.5671
27008.000,171.4838
27018.667,171.4838
27029.333,171.4838
27040.000,180.6343
27050.667,182.7332
27061.333,185.9273
27072.000,188.0877
27082.667,0.0000
27093.333,194.7206
27104.000,188.0877
27114.667,189.1772
27125.333,193.5991
27136.000,193.5991
27146.667,192.4840
27157.333,190.2731
27168.000,188.0877
27178.667,185.9273
27189.333,184.8564
27200.000,184.8564
27210.667,184.8564
27221.333,184.8564
27232.000,183.7917
27242.667,181.6807
27253.333,0.0000
27264.000,0.0000
27274.667,0.0000
27285.333,0.0000
27296.000,0.0000
27306.667,0.0000
27317.333,0.0000
27328.000,0.0000
27338.667,0.0000
27349.333,0.0000
27360.000,0.0000
27370.667,0.0000
27381.333,0.0000
27392.000,0.0000
27402.667,0.0000
27413.333,0.0000
27424.000,0.0000
27434.667,181.6807
27445.333,187.0044
27456.000,187.0044
27466.667,188.0877
27477.333,189.1772
27488.000,189.1772
27498.667,188.0877
27509.333,188.0877
27520.000,188.0877
27530.667,188.0877
27541.333,188.0877
27552.000,188.0877
27562.667,188.0877
27573.333,187.0044
27584.000,187.0044
27594.667,187.0044
27605.333,185.9273
27616.000,187.0044
27626.667,185.9273
27637.333,185.9273
27648.000,185.9273
27658.667,184.8564
27669.333,184.8564
27680.000,183.7917
27690.667,183.7917
27701.333,183.7917
27712.000,184.8564
27722.667,185.9273
27733.333,185.9273
27744.000,187.0044
27754.667,187.0044
27765.333,187.0044
27776.000,187.0044
27786.667,185.9273
27797.333,184.8564
27808.000,184.8564
27818.667,184.8564
27829.333,184.8564
27840.000,184.8564
27850.667,185.9273
27861.333,185.9273
27872.000,185.9273
27882.667,185.9273
27893.333,185.9273
27904.000,185.9273
27914.667,185.9273
27925.333,185.9273
27936.000,185.9273
27946.667,184.8564
27957.333,184.8564
27968.000,184.8564
27978.667,183.7917
27989.333,183.7917
28000.000,183.7917
28010.667,177.5311
28021.333,185.9273
28032.000,0.0000
28042.667,0.0000
28053.333,0.0000
28064.000,0.0000
28074.667,0.0000
28085.333,0.0000
28096.000,0.0000
28106.667,0.0000
28117.333,0.0000
28128.000,0.0000
28138.667,0.0000
28149.333,0.0000
28160.000,0.0000
28170.667,0.0000
28181.333,0.0000
28192.000,0.0000
28202.667,192.4840
28213.333,193.5991
28224.000,195.8486
28234.667,195.8486
28245.333,189.1772
28256.000,187.0044
28266.667,184.8564
28277.333,183.7917
28288.000,182.7332
28298.667,182.7332
28309.333,182.7332
28320.000,183.7917
28330.667,185.9273
28341.333,188.0877
28352.000,189.1772
28362.667,189.1772
28373.333,189.1772
28384.000,189.1772
28394.667,187.0044
28405.333,0.0000
28416.000,185.9273
28426.667,187.0044
28437.333,187.0044
28448.000,187.0044
28458.667,187.0044
28469.333,0.0000
28480.000,0.0000
28490.667,0.0000
28501.333,0.0000
28512.000,0.0000
28522.667,0.0000
28533.333,0.0000
28544.000,0.0000
28554.667,0.0000
28565.333,0.0000
28576.000,0.0000
28586.667,0.0000
28597.333,0.0000
28608.000,0.0000
28618.667,0.0000
28629.333,0.0000
28640.000,0.0000
28650.667,0.0000
28661.333,0.0000
28672.000,155.4451
28682.667,140.9065
28693.333,140.0950
28704.000,140.0950
28714.667,138.4858
28725.333,137.6882
28736.000,137.6882
28746.667,138.4858
28757.333,138.4858
28768.000,139.2881
28778.667,139.2881
28789.333,139.2881
28800.000,139.2881
28810.667,138.4858
28821.333,138.4858
28832.000,138.4858
28842.667,138.4858
28853.333,139.2881
28864.000,139.2881
28874.667,140.0950
28885.333,136.1067
28896.000,0.0000
28906.667,0.0000
28917.333,0.0000
28928.000,0.0000
28938.667,0.0000
28949.333,0.0000
28960.000,0.0000
28970.667,0.0000
28981.333,0.0000
28992.000,0.0000
29002.667,116.4523
29013.333,113.7925
29024.000,113.7925
29034.667,111.1935
29045.333,110.5530
29056.000,109.9163
29066.667,109.2832
29077.333,109.2832
29088.000,109.9163
29098.667,109.2832
29109.333,108.6538
29120.000,108.0280
29130.667,106.1721
29141.333,106.1721
29152.000,103.7472
29162.667,103.7472
29173.333,103.1496
29184.000,103.1496
29194.667,103.1496
29205.333,103.7472
29216.000,103.7472
29226.667,103.7472
29237.333,103.7472
29248.000,103.7472
29258.667,103.7472
29269.333,103.7472
29280.000,104.3482
29290.667,104.9526
29301.333,105.5606
29312.000,105.5606
29322.667,106.7872
29333.333,104.3482
29344.000,102.5555
29354.667,97.3603
29365.333,90.3172
29376.000,94.0438
29386.667,81.8699
29397.333,87.2406
29408.000,82.3442
29418.667,80.4634
29429.333,80.4634
29440.000,82.3442
29450.667,95.1366
29461.333,0.0000
29472.000,0.0000
29482.667,132.2321
29493.333,132.2321
29504.000,132.2321
29514.667,132.9981
29525.333,132.9981
29536.000,132.9981
29546.667,129.9604
29557.333,129.9604
29568.000,129.9604
29578.667,129.9604
29589.333,131.4705
29600.000,131.4705
29610.667,132.2321
29621.333,133.7685
29632.000,135.3228
29642.667,137.6882
29653.333,137.6882
29664.000,138.4858
29674.667,138.4858
29685.333,141.7228
29696.000,141.7228
29706.667,140.9065
29717.333,140.0950
29728.000,139.2881
29738.667,139.2881
29749.333,138.4858
29760.000,138.4858
29770.667,137.6882
29781.333,137.6882
29792.000,136.8952
29802.667,136.1067
29813.333,134.5434
29824.000,134.5434
29834.667,134.5434
29845.333,135.3228
29856.000,136.8952
29866.667,139.2881
29877.333,140.9065
29888.000,142.5438
29898.667,142.5438
29909.333,141.7228
29920.000,140.9065
29930.667,140.0950
29941.333,139.2881
29952.000,136.1067
29962.667,120.5589
29973.333,118.4878
29984.000,113.7925
29994.667,115.1147
30005.333,0.0000
30016.000,0.0000
30026.667,0.0000
30037.333,0.0000
30048.000,0.0000
30058.667,0.0000
30069.333,0.0000
30080.000,0.0000
30090.667,135.3228
30101.333,138.4858
30112.000,135.3228
30122.667,136.1067
30133.333,136.1067
30144.000,136.1067
30154.667,136.8952
30165.333,136.8952
30176.000,137.6882
30186.667,138.4858
30197.333,138.4858
30208.000,139.2881
30218.667,139.2881
30229.333,139.2881
30240.000,139.2881
30250.667,139.2881
30261.333,139.2881
30272.000,139.2881
30282.667,139.2881
30293.333,139.2881
30304.000,140.0950
30314.667,140.0950
30325.333,140.9065
30336.000,140.9065
30346.667,140.9065
30357.333,140.9065
30368.000,136.8952
30378.667,136.1067
30389.333,135.3228
30400.000,135.3228
30410.667,135.3228
30421.333,135.3228
30432.000,135.3228
30442.667,136.1067
30453.333,136.8952
30464.000,137.6882
30474.667,138.4858
30485.333,139.2881
30496.000,139.2881
30506.667,139.2881
30517.333,138.4858
30528.000,138.4858
30538.667,138.4858
30549.333,138.4858
30560.000,139.2881
30570.667,139.2881
30581.333,139.2881
30592.000,139.2881
30602.667,140.0950
30613.333,139.2881
30624.000,138.4858
30634.667,137.6882
30645.333,136.8952
30656.000,136.8952
30666.667,136.8952
30677.333,136.1067
30688.000,136.1067
30698.667,136.8952
30709.333,139.2881
30720.000,138.4858
30730.667,138.4858
30741.333,138.4858
30752.000,138.4858
30762.667,138.4858
30773.333,137.6882
30784.000,137.6882
30794.667,137.6882
30805.333,137.6882
30816.000,136.8952
30826.667,137.6882
30837.333,137.6882
30848.000,137.6882
30858.667,137.6882
30869.333,138.4858
30880.000,139.2881
30890.667,140.0950
30901.333,140.0950
30912.000,140.0950
30922.667,139.2881
30933.333,140.0950
30944.000,139.2881
30954.667,140.0950
30965.333,139.2881
30976.000,139.2881
30986.667,139.2881
30997.333,139.2881
31008.000,138.4858
31018.667,137.6882
31029.333,135.3228
31040.000,133.7685
31050.667,125.5335
31061.333,125.5335
31072.000,124.8104
31082.667,124.0916
31093.333,123.3769
31104.000,122.6663
31114.667,121.9598
31125.333,121.2573
31136.000,121.2573
31146.667,121.2573
31157.333,122.6663
31168.000,122.6663
31178.667,123.3769
31189.333,124.0916
31200.000,125.5335
31210.667,126.2607
31221.333,126.9921
31232.000,126.9921
31242.667,125.5335
31253.333,124.8104
31264.000,121.2573
31274.667,119.1742
31285.333,117.1269
31296.000,115.7815
31306.667,115.7815
31317.333,116.4523
31328.000,117.1269
31338.667,117.8054
31349.333,120.5589
31360.000,121.9598
31370.667,135.3228
31381.333,138.4858
31392.000,140.0950
31402.667,140.0950
31413.333,140.9065
31424.000,140.0950
31434.667,140.0950
31445.333,137.6882
31456.000,136.8952
31466.667,136.8952
31477.333,136.8952
31488.000,139.2881
31498.667,140.0950
31509.333,140.0950
31520.000,137.6882
31530.667,136.1067
31541.333,130.7132
31552.000,123.3769
31562.667,125.5335
31573.333,0.0000
31584.000,0.0000
31594.667,0.0000
31605.333,0.0000
31616.000,0.0000
31626.667,0.0000
31637.333,0.0000
31648.000,0.0000
31658.667,0.0000
31669.333,181.6807
31680.000,187.0044
31690.667,185.9273
31701.333,185.9273
31712.000,185.9273
31722.667,183.7917
31733.333,182.7332
31744.000,183.7917
31754.667,185.9273
31765.333,191.3754
31776.000,194.7206
31786.667,199.2719
31797.333,206.2992
31808.000,209.9053
31818.667,209.9053
31829.333,209.9053
31840.000,209.9053
31850.667,207.4943
31861.333,207.4943
31872.000,207.4943
31882.667,207.4943
31893.333,208.6963
31904.000,209.9053
31914.667,208.6963
31925.333,206.2992
31936.000,194.7206
31946.667,178.5595
31957.333,161.8591
31968.000,163.7398
31978.667,164.6884
31989.333,165.6424
32000.000,165.6424
32010.667,166.6019
32021.333,166.6019
32032.000,166.6019
32042.667,166.6019
32053.333,164.6884
32064.000,162.7968
32074.667,162.7968
32085.333,164.6884
32096.000,169.5141
32106.667,173.4763
32117.333,179.5939
32128.000,183.7917
32138.667,187.0044
32149.333,188.0877
32160.000,188.0877
32170.667,188.0877
32181.333,187.0044
32192.000,184.8564
32202.667,183.7917
32213.333,182.7332
32224.000,182.7332
32234.667,184.8564
32245.333,185.9273
32256.000,187.0044
32266.667,185.9273
32277.333,185.9273
32288.000,184.8564
32298.667,0.0000
32309.333,0.0000
32320.000,0.0000
32330.667,0.0000
32341.333,0.0000
32352.000,0.0000
32362.667,0.0000
32373.333,0.0000
32384.000,0.0000
32394.667,0.0000
32405.333,0.0000
32416.000,0.0000
32426.667,0.0000
32437.333,0.0000
32448.000,0.0000
32458.667,0.0000
32469.333,0.0000
32480.000,0.0000
32490.667,0.0000
32501.333,0.0000
32512.000,0.0000
32522.667,0.0000
32533.333,0.0000
32544.000,0.0000
32554.667,0.0000
32565.333,0.0000
32576.000,0.0000
32586.667,168.5378
32597.333,168.5378
32608.000,168.5378
32618.667,170.4961
32629.333,169.5141
32640.000,169.5141
32650.667,168.5378
32661.333,167.5671
32672.000,166.6019
32682.667,163.7398
32693.333,163.7398
32704.000,163.7398
32714.667,163.7398
32725.333,165.6424
32736.000,166.6019
32746.667,169.5141
32757.333,171.4838
32768.000,173.4763
32778.667,177.5311
32789.333,184.8564
32800.000,185.9273
32810.667,185.9273
32821.333,187.0044
32832.000,187.0044
32842.667,187.0044
32853.333,187.0044
32864.000,185.9273
32874.667,184.8564
32885.333,183.7917
32896.000,182.7332
32906.667,182.7332
32917.333,182.7332
32928.000,183.7917
32938.667,184.8564
32949.333,184.8564
32960.000,185.9273
32970.667,185.9273
32981.333,178.5595
32992.000,166.6019
33002.667,166.6019
33013.333,177.5311
33024.000,187.0044
33034.667,201.5874
33045.333,206.2992
33056.000,208.6963
33066.667,209.9053
33077.333,209.9053
33088.000,209.9053
33098.667,207.4943
33109.333,206.2992
33120.000,213.5744
33130.667,213.5744
33141.333,0.0000
33152.000,0.0000
33162.667,0.0000
33173.333,0.0000
33184.000,0.0000
33194.667,0.0000
33205.333,202.7552
33216.000,180.6343
33226.667,187.0044
33237.333,188.0877
33248.000,188.0877
33258.667,188.0877
33269.333,187.0044
33280.000,185.9273
33290.667,184.8564
33301.333,183.7917
33312.000,183.7917
33322.667,183.7917
33333.333,183.7917
33344.000,184.8564
33354.667,185.9273
33365.333,185.9273
33376.000,185.9273
33386.667,185.9273
33397.333,184.8564
33408.000,185.9273
33418.667,185.9273
33429.333,185.9273
33440.000,185.9273
33450.667,187.0044
33461.333,188.0877
33472.000,187.0044
33482.667,185.9273
33493.333,182.7332
33504.000,180.6343
33514.667,178.5595
33525.333,170.4961
33536.000,165.6424
33546.667,165.6424
33557.333,165.6424
33568.000,165.6424
33578.667,165.6424
33589.333,165.6424
33600.000,165.6424
33610.667,164.6884
33621.333,164.6884
33632.000,164.6884
33642.667,163.7398
33653.333,163.7398
33664.000,163.7398
33674.667,164.6884
33685.333,165.6424
33696.000,165.6424
33706.667,162.7968
33717.333,162.7968
33728.000,152.7747
33738.667,148.4255
33749.333,141.7228
33760.000,139.2881
33770.667,126.9921
33781.333,0.0000
33792.000,0.0000
33802.667,0.0000
33813.333,0.0000
33824.000,0.0000
33834.667,0.0000
33845.333,119.8646
33856.000,119.8646
33866.667,121.2573
33877.333,121.9598
33888.000,122.6663
33898.667,122.6663
33909.333,123.3769
33920.000,123.3769
33930.667,123.3769
33941.333,123.3769
33952.000,126.2607
33962.667,126.9921
33973.333,129.9604
33984.000,132.2321
33994.667,135.3228
34005.333,136.8952
34016.000,139.2881
34026.667,139.2881
34037.333,140.9065
34048.000,140.0950
34058.667,137.6882
34069.333,137.6882
34080.000,0.0000
34090.667,0.0000
34101.333,0.0000
34112.000,0.0000
34122.667,0.0000
34133.333,0.0000
34144.000,0.0000
34154.667,165.6424
34165.333,170.4961
34176.000,171.4838
34186.667,170.4961
34197.333,170.4961
34208.000,168.5378
34218.667,167.5671
34229.333,163.7398
34240.000,160.0000
34250.667,159.0785
34261.333,159.0785
34272.000,159.0785
34282.667,165.6424
34293.333,166.6019
34304.000,166.6019
34314.667,167.5671
34325.333,167.5671
34336.000,166.6019
34346.667,166.6019
34357.333,165.6424
34368.000,163.7398
34378.667,163.7398
34389.333,162.7968
34400.000,162.7968
34410.667,163.7398
34421.333,163.7398
34432.000,163.7398
34442.667,162.7968
34453.333,161.8591
34464.000,0.0000
34474.667,0.0000
34485.333,0.0000
34496.000,0.0000
34506.667,202.7552
34517.333,202.7552
34528.000,203.9297
34538.667,205.1111
34549.333,206.2992
34560.000,207.4943
34570.667,207.4943
34581.333,207.4943
34592.000,207.4943
34602.667,207.4943
34613.333,207.4943
34624.000,207.4943
34634.667,190.2731
34645.333,189.1772
34656.000,188.0877
34666.667,185.9273
34677.333,183.7917
34688.000,182.7332
34698.667,182.7332
34709.333,182.7332
34720.000,184.8564
34730.667,187.0044
34741.333,187.0044
34752.000,179.5939
34762.667,175.4920
34773.333,171.4838
34784.000,171.4838
34794.667,162.7968
34805.333,162.7968
34816.000,163.7398
34826.667,164.6884
34837.333,164.6884
34848.000,164.6884
34858.667,164.6884
34869.333,164.6884
34880.000,164.6884
34890.667,166.6019
34901.333,168.5378
34912.000,172.4771
34922.667,175.4920
34933.333,179.5939
34944.000,182.7332
34954.667,184.8564
34965.333,185.9273
34976.000,187.0044
34986.667,188.0877
34997.333,187.0044
35008.000,187.0044
35018.667,184.8564
35029.333,182.7332
35040.000,176.5086
35050.667,175.4920
35061.333,172.4771
35072.000,163.7398
35082.667,161.8591
35093.333,159.0785
35104.000,159.0785
35114.667,158.1622
35125.333,157.2513
35136.000,156.3456
35146.667,149.2853
35157.333,149.2853
35168.000,150.1501
35178.667,140.0950
35189.333,138.4858
35200.000,138.4858
35210.667,138.4858
35221.333,138.4858
35232.000,140.0950
35242.667,140.9065
35253.333,140.9065
35264.000,140.9065
35274.667,140.0950
35285.333,139.2881
35296.000,139.2881
35306.667,138.4858
35317.333,138.4858
35328.000,138.4858
35338.667,137.6882
35349.333,137.6882
35360.000,136.8952
35370.667,131.4705
35381.333,132.9981
35392.000,134.5434
35402.667,133.7685
35413.333,133.7685
35424.000,152.7747
35434.667,152.7747
35445.333,159.0785
35456.000,155.4451
35466.667,155.4451
35477.333,0.0000
35488.000,0.0000
35498.667,0.0000
35509.333,0.0000
35520.000,0.0000
35530.667,0.0000
35541.333,0.0000
35552.000,0.0000
35562.667,0.0000
35573.333,0.0000
35584.000,0.0000
35594.667,0.0000
35605.333,0.0000
35616.000,0.0000
35626.667,0.0000
35637.333,0.0000
35648.000,0.0000
35658.667,0.0000
35669.333,0.0000
35680.000,0.0000
35690.667,0.0000
35701.333,0.0000
35712.000,0.0000
35722.667,242.5147
35733.333,239.7291
35744.000,238.3484
35754.667,241.1179
35765.333,248.1832
35776.000,251.0669
35786.667,252.5213
35797.333,249.6209
35808.000,248.1832
35818.667,246.7537
35829.333,246.7537
35840.000,248.1832
35850.667,246.7537
35861.333,243.9195
35872.000,236.9756
35882.667,231.5631
35893.333,219.8326
35904.000,217.3076
35914.667,193.5991
35925.333,191.3754
35936.000,187.0044
35946.667,185.9273
35957.333,183.7917
35968.000,182.7332
35978.667,183.7917
35989.333,190.2731
36000.000,190.2731
36010.667,190.2731
36021.333,190.2731
36032.000,189.1772
36042.667,187.0044
36053.333,182.7332
36064.000,182.7332
36074.667,181.6807
36085.333,181.6807
36096.000,180.6343
36106.667,180.6343
36117.333,180.6343
36128.000,181.6807
36138.667,182.7332
36149.333,185.9273
36160.000,191.3754
36170.667,194.7206
36181.333,200.4263
36192.000,202.7552
36202.667,205.1111
36213.333,207.4943
36224.000,209.9053
36234.667,209.9053
36245.333,211.1213
36256.000,211.1213
36266.667,208.6963
36277.333,200.4263
36288.000,188.0877
36298.667,166.6019
36309.333,166.6019
36320.000,179.5939
36330.667,200.4263
36341.333,200.4263
36352.000,193.5991
36362.667,198.1242
36373.333,200.4263
36384.000,199.2719
36394.667,198.1242
36405.333,194.7206
36416.000,191.3754
36426.667,188.0877
36437.333,187.0044
36448.000,187.0044
36458.667,188.0877
36469.333,188.0877
36480.000,188.0877
36490.667,183.7917
36501.333,182.7332
36512.000,180.6343
36522.667,174.4812
36533.333,169.5141
36544.000,168.5378
36554.667,167.5671
36565.333,167.5671
36576.000,166.6019
36586.667,166.6019
36597.333,166.6019
36608.000,165.6424
36618.667,164.6884
36629.333,164.6884
36640.000,164.6884
36650.667,165.6424
36661.333,165.6424
36672.000,165.6424
36682.667,165.6424
36693.333,165.6424
36704.000,165.6424
36714.667,164.6884
36725.333,163.7398
36736.000,163.7398
36746.667,163.7398
36757.333,162.7968
36768.000,163.7398
36778.667,164.6884
36789.333,165.6424
36800.000,165.6424
36810.667,165.6424
36821.333,165.6424
36832.000,165.6424
36842.667,165.6424
36853.333,165.6424
36864.000,165.6424
36874.667,165.6424
36885.333,166.6019
36896.000,167.5671
36906.667,168.5378
36917.333,168.5378
36928.000,168.5378
36938.667,167.5671
36949.333,161.8591
36960.000,158.1622
36970.667,148.4255
36981.333,141.7228
36992.000,140.9065
37002.667,140.0950
37013.333,138.4858
37024.000,137.6882
37034.667,137.6882
37045.333,137.6882
37056.000,137.6882
37066.667,137.6882
37077.333,136.8952
37088.000,136.8952
37098.667,136.8952
37109.333,136.8952
37120.000,138.4858
37130.667,139.2881
37141.333,140.0950
37152.000,140.9065
37162.667,142.5438
37173.333,142.5438
37184.000,142.5438
37194.667,139.2881
37205.333,131.4705
37216.000,132.2321
37226.667,0.0000
37237.333,0.0000
37248.000,0.0000
37258.667,0.0000
37269.333,0.0000
37280.000,0.0000
37290.667,0.0000
37301.333,0.0000
37312.000,0.0000
37322.667,0.0000
37333.333,0.0000
37344.000,0.0000
37354.667,0.0000
37365.333,0.0000
37376.000,0.0000
37386.667,0.0000
37397.333,0.0000
37408.000,0.0000
37418.667,0.0000
37429.333,0.0000
37440.000,0.0000
37450.667,0.0000
37461.333,0.0000
37472.000,0.0000
37482.667,0.0000
37493.333,0.0000
37504.000,0.0000
37514.667,0.0000
37525.333,0.0000
37536.000,0.0000
37546.667,0.0000
37557.333,0.0000
37568.000,0.0000
37578.667,0.0000
37589.333,0.0000
37600.000,0.0000
37610.667,159.0785
37621.333,159.0785
37632.000,161.8591
37642.667,162.7968
37653.333,163.7398
37664.000,163.7398
37674.667,163.7398
37685.333,164.6884
37696.000,165.6424
37706.667,165.6424
37717.333,166.6019
37728.000,168.5378
37738.667,170.4961
37749.333,172.4771
37760.000,175.4920
37770.667,180.6343
37781.333,182.7332
37792.000,184.8564
37802.667,184.8564
37813.333,184.8564
37824.000,183.7917
37834.667,183.7917
37845.333,183.7917
37856.000,183.7917
37866.667,184.8564
37877.333,184.8564
37888.000,185.9273
37898.667,185.9273
37909.333,185.9273
37920.000,185.9273
37930.667,184.8564
37941.333,184.8564
37952.000,184.8564
37962.667,184.8564
37973.333,183.7917
37984.000,183.7917
37994.667,180.6343
38005.333,174.4812
38016.000,170.4961
38026.667,168.5378
38037.333,177.5311
38048.000,188.0877
38058.667,188.0877
38069.333,188.0877
38080.000,188.0877
38090.667,188.0877
38101.333,187.0044
38112.000,185.9273
38122.667,184.8564
38133.333,183.7917
38144.000,173.4763
38154.667,171.4838
38165.333,166.6019
38176.000,0.0000
38186.667,0.0000
38197.333,176.5086
38208.000,198.1242
38218.667,199.2719
38229.333,199.2719
38240.000,203.9297
38250.667,205.1111
38261.333,203.9297
38272.000,202.7552
38282.667,201.5874
38293.333,183.7917
38304.000,181.6807
38314.667,180.6343
38325.333,180.6343
38336.000,181.6807
38346.667,183.7917
38357.333,187.0044
38368.000,188.0877
38378.667,188.0877
38389.333,187.0044
38400.000,185.9273
38410.667,185.9273
38421.333,184.8564
38432.000,184.8564
38442.667,184.8564
38453.333,185.9273
38464.000,185.9273
38474.667,185.9273
38485.333,187.0044
38496.000,187.0044
38506.667,164.6884
38517.333,0.0000
38528.000,0.0000
38538.667,0.0000
38549.333,0.0000
38560.000,155.4451
38570.667,166.6019
38581.333,166.6019
38592.000,165.6424
38602.667,164.6884
38613.333,161.8591
38624.000,161.8591
38634.667,161.8591
38645.333,162.7968
38656.000,163.7398
38666.667,164.6884
38677.333,165.6424
38688.000,169.5141
38698.667,170.4961
38709.333,170.4961
38720.000,169.5141
38730.667,158.1622
38741.333,151.0199
38752.000,147.5706
38762.667,145.0354
38773.333,144.2001
38784.000,0.0000
38794.667,0.0000
38805.333,0.0000
38816.000,181.6807
38826.667,181.6807
38837.333,179.5939
38848.000,181.6807
38858.667,182.7332
38869.333,184.8564
38880.000,185.9273
38890.667,187.0044
38901.333,188.0877
38912.000,184.8564
38922.667,183.7917
38933.333,182.7332
38944.000,182.7332
38954.667,182.7332
38965.333,182.7332
38976.000,184.8564
38986.667,187.0044
38997.333,188.0877
39008.000,189.1772
39018.667,188.0877
39029.333,184.8564
39040.000,184.8564
39050.667,180.6343
39061.333,181.6807
39072.000,182.7332
39082.667,183.7917
39093.333,182.7332
39104.000,181.6807
39114.667,0.0000
39125.333,160.0000
39136.000,169.5141
39146.667,160.9269
39157.333,162.7968
39168.000,164.6884
39178.667,164.6884
39189.333,165.6424
39200.000,165.6424
39210.667,164.6884
39221.333,163.7398
39232.000,162.7968
39242.667,161.8591
39253.333,161.8591
39264.000,162.7968
39274.667,162.7968
39285.333,162.7968
39296.000,163.7398
39306.667,164.6884
39317.333,164.6884
39328.000,164.6884
39338.667,164.6884
39349.333,164.6884
39360.000,165.6424
39370.667,164.6884
39381.333,163.7398
39392.000,162.7968
39402.667,157.2513
39413.333,154.5498
39424.000,147.5706
39434.667,145.0354
39445.333,140.0950
39456.000,140.0950
39466.667,140.0950
39477.333,140.0950
39488.000,139.2881
39498.667,140.0950
39509.333,139.2881
39520.000,140.0950
39530.667,140.0950
39541.333,140.0950
39552.000,140.0950
39562.667,139.2881
39573.333,139.2881
39584.000,138.4858
39594.667,137.6882
39605.333,136.8952
39616.000,136.8952
39626.667,136.8952
39637.333,0.0000
39648.000,0.0000
39658.667,0.0000
39669.333,0.0000
39680.000,0.0000
39690.667,0.0000
39701.333,0.0000
39712.000,0.0000
39722.667,0.0000
39733.333,0.0000
39744.000,0.0000
39754.667,0.0000
39765.333,0.0000
39776.000,0.0000
39786.667,136.1067
39797.333,135.3228
39808.000,135.3228
39818.667,135.3228
39829.333,136.1067
39840.000,136.1067
39850.667,136.1067
39861.333,136.1067
39872.000,136.1067
39882.667,136.1067
39893.333,136.8952
39904.000,138.4858
39914.667,140.0950
39925.333,140.0950
39936.000,140.9065
39946.667,141.7228
39957.333,142.5438
39968.000,139.2881
39978.667,129.9604
39989.333,132.2321
40000.000,124.8104
40010.667,118.4878
40021.333,120.5589
40032.000,122.6663
40042.667,136.8952
40053.333,136.8952
40064.000,133.7685
40074.667,0.0000
40085.333,0.0000
40096.000,0.0000
40106.667,140.0950
40117.333,140.0950
40128.000,140.0950
40138.667,139.2881
40149.333,138.4858
40160.000,137.6882
40170.667,136.8952
40181.333,136.1067
40192.000,135.3228
40202.667,135.3228
40213.333,137.6882
40224.000,139.2881
40234.667,140.0950
40245.333,140.9065
40256.000,140.0950
40266.667,139.2881
40277.333,138.4858
40288.000,138.4858
40298.667,139.2881
40309.333,140.0950
40320.000,140.0950
40330.667,140.9065
40341.333,140.9065
40352.000,140.0950
40362.667,140.0950
40373.333,140.9065
40384.000,142.5438
40394.667,137.6882
40405.333,0.0000
40416.000,0.0000
40426.667,0.0000
40437.333,0.0000
40448.000,0.0000
40458.667,0.0000
40469.333,0.0000
40480.000,0.0000
40490.667,0.0000
40501.333,0.0000
40512.000,0.0000
40522.667,0.0000
40533.333,0.0000
40544.000,0.0000
40554.667,0.0000
40565.333,0.0000
40576.000,0.0000
40586.667,0.0000
40597.333,0.0000
40608.000,0.0000
40618.667,0.0000
40629.333,0.0000
40640.000,0.0000
40650.667,0.0000
40661.333,0.0000
40672.000,0.0000
40682.667,0.0000
40693.333,0.0000
40704.000,0.0000
40714.667,0.0000
40725.333,0.0000
40736.000,140.9065
40746.667,139.2881
40757.333,139.2881
40768.000,138.4858
40778.667,138.4858
40789.333,139.2881
40800.000,139.2881
40810.667,140.0950
40821.333,140.0950
40832.000,141.7228
40842.667,141.7228
40853.333,142.5438
40864.000,141.7228
40874.667,136.8952
40885.333,132.9981
40896.000,120.5589
40906.667,0.0000
40917.333,0.0000
40928.000,0.0000
40938.667,0.0000
40949.333,0.0000
40960.000,0.0000
40970.667,0.0000
40981.333,0.0000
40992.000,0.0000
41002.667,0.0000
41013.333,0.0000
41024.000,0.0000
41034.667,0.0000
41045.333,0.0000
41056.000,126.2607
41066.667,125.5335
41077.333,122.6663
41088.000,122.6663
41098.667,122.6663
41109.333,122.6663
41120.000,123.3769
41130.667,124.0916
41141.333,124.8104
41152.000,124.8104
41162.667,124.8104
41173.333,124.0916
41184.000,124.0916
41194.667,115.7815
41205.333,115.1147
41216.000,115.7815
41226.667,117.8054
41237.333,117.8054
41248.000,122.6663
41258.667,124.8104
41269.333,124.8104
41280.000,124.0916
41290.667,0.0000
41301.333,0.0000
41312.000,0.0000
41322.667,0.0000
41333.333,0.0000
41344.000,0.0000
41354.667,0.0000
41365.333,0.0000
41376.000,140.9065
41386.667,140.9065
41397.333,140.9065
41408.000,137.6882
41418.667,137.6882
41429.333,137.6882
41440.000,137.6882
41450.667,137.6882
41461.333,138.4858
41472.000,138.4858
41482.667,139.2881
41493.333,140.0950
41504.000,140.0950
41514.667,140.0950
41525.333,139.2881
41536.000,138.4858
41546.667,140.9065
41557.333,137.6882
41568.000,138.4858
41578.667,137.6882
41589.333,0.0000
41600.000,0.0000
41610.667,0.0000
41621.333,0.0000
41632.000,0.0000
41642.667,0.0000
41653.333,0.0000
41664.000,0.0000
41674.667,0.0000
41685.333,0.0000
41696.000,190.2731
41706.667,190.2731
41717.333,189.1772
41728.000,188.0877
41738.667,185.9273
41749.333,183.7917
41760.000,183.7917
41770.667,183.7917
41781.333,187.0044
41792.000,191.3754
41802.667,195.8486
41813.333,200.4263
41824.000,201.5874
41834.667,205.1111
41845.333,206.2992
41856.000,207.4943
41866.667,202.7552
41877.333,202.7552
41888.000,201.5874
41898.667,201.5874
41909.333,198.1242
41920.000,196.9831
41930.667,193.5991
41941.333,190.2731
41952.000,189.1772
41962.667,0.0000
41973.333,165.6424
41984.000,166.6019
41994.667,166.6019
42005.333,165.6424
42016.000,165.6424
42026.667,164.6884
42037.333,164.6884
42048.000,163.7398
42058.667,162.7968
42069.333,162.7968
42080.000,163.7398
42090.667,164.6884
42101.333,169.5141
42112.000,174.4812
42122.667,179.5939
42133.333,182.7332
42144.000,185.9273
42154.667,188.0877
42165.333,188.0877
42176.000,187.0044
42186.667,185.9273
42197.333,182.7332
42208.000,182.7332
42218.667,182.7332
42229.333,182.7332
42240.000,183.7917
42250.667,183.7917
42261.333,185.9273
42272.000,181.6807
42282.667,0.0000
42293.333,0.0000
42304.000,0.0000
42314.667,0.0000
42325.333,0.0000
42336.000,0.0000
42346.667,0.0000
42357.333,0.0000
42368.000,0.0000
42378.667,0.0000
42389.333,0.0000
42400.000,0.0000
42410.667,0.0000
42421.333,0.0000
42432.000,0.0000
42442.667,0.0000
42453.333,0.0000
42464.000,0.0000
42474.667,0.0000
42485.333,0.0000
42496.000,0.0000
42506.667,0.0000
42517.333,0.0000
42528.000,0.0000
42538.667,0.0000
42549.333,0.0000
42560.000,0.0000
42570.667,0.0000
42581.333,0.0000
42592.000,183.7917
42602.667,183.7917
42613.333,184.8564
42624.000,185.9273
42634.667,185.9273
42645.333,184.8564
42656.000,184.8564
42666.667,184.8564
42677.333,184.8564
42688.000,184.8564
42698.667,184.8564
42709.333,185.9273
42720.000,185.9273
42730.667,185.9273
42741.333,185.9273
42752.000,187.0044
42762.667,177.5311
42773.333,176.5086
42784.000,194.7206
42794.667,195.8486
42805.333,193.5991
42816.000,192.4840
42826.667,190.2731
42837.333,189.1772
42848.000,188.0877
42858.667,187.0044
42869.333,184.8564
42880.000,184.8564
42890.667,184.8564
42901.333,185.9273
42912.000,185.9273
42922.667,185.9273
42933.333,184.8564
42944.000,184.8564
42954.667,183.7917
42965.333,182.7332
42976.000,182.7332
42986.667,182.7332
42997.333,181.6807
43008.000,182.7332
43018.667,184.8564
43029.333,187.0044
43040.000,190.2731
43050.667,202.7552
43061.333,207.4943
43072.000,208.6963
43082.667,208.6963
43093.333,208.6963
43104.000,208.6963
43114.667,207.4943
43125.333,207.4943
43136.000,207.4943
43146.667,207.4943
43157.333,207.4943
43168.000,208.6963
43178.667,209.9053
43189.333,208.6963
43200.000,206.2992
43210.667,200.4263
43221.333,185.9273
43232.000,188.0877
43242.667,188.0877
43253.333,188.0877
43264.000,188.0877
43274.667,187.0044
43285.333,185.9273
43296.000,185.9273
43306.667,184.8564
43317.333,183.7917
43328.000,182.7332
43338.667,182.7332
43349.333,182.7332
43360.000,182.7332
43370.667,176.5086
43381.333,167.5671
43392.000,0.0000
43402.667,0.0000
43413.333,0.0000
43424.000,0.0000
43434.667,0.0000
43445.333,0.0000
43456.000,0.0000
43466.667,0.0000
43477.333,0.0000
43488.000,0.0000
43498.667,0.0000
43509.333,0.0000
43520.000,0.0000
43530.667,0.0000
43541.333,0.0000
43552.000,166.6019
43562.667,166.6019
43573.333,165.6424
43584.000,164.6884
43594.667,163.7398
43605.333,161.8591
43616.000,160.9269
43626.667,160.0000
43637.333,160.0000
43648.000,161.8591
43658.667,165.6424
43669.333,166.6019
43680.000,167.5671
43690.667,168.5378
43701.333,167.5671
43712.000,166.6019
43722.667,164.6884
43733.333,164.6884
43744.000,162.7968
43754.667,160.9269
43765.333,160.0000
43776.000,156.3456
43786.667,156.3456
43797.333,0.0000
43808.000,0.0000
43818.667,0.0000
43829.333,0.0000
43840.000,0.0000
43850.667,0.0000
43861.333,0.0000
43872.000,0.0000
43882.667,0.0000
43893.333,0.0000
43904.000,0.0000
43914.667,0.0000
43925.333,0.0000
43936.000,135.3228
43946.667,135.3228
43957.333,136.8952
43968.000,136.8952
43978.667,137.6882
43989.333,139.2881
44000.000,140.0950
44010.667,140.9065
44021.333,140.9065
44032.000,141.7228
44042.667,141.7228
44053.333,140.0950
44064.000,126.2607
44074.667,135.3228
44085.333,134.5434
44096.000,141.7228
44106.667,140.9065
44117.333,139.2881
44128.000,134.5434
44138.667,0.0000
44149.333,0.0000
44160.000,174.4812
44170.667,167.5671
44181.333,166.6019
44192.000,166.6019
44202.667,166.6019
44213.333,166.6019
44224.000,166.6019
44234.667,164.6884
44245.333,163.7398
44256.000,162.7968
44266.667,161.8591
44277.333,161.8591
44288.000,163.7398
44298.667,165.6424
44309.333,166.6019
44320.000,168.5378
44330.667,168.5378
44341.333,168.5378
44352.000,167.5671
44362.667,162.7968
44373.333,169.5141
44384.000,173.4763
44394.667,171.4838
44405.333,168.5378
44416.000,172.4771
44426.667,189.1772
44437.333,195.8486
44448.000,0.0000
44458.667,0.0000
44469.333,0.0000
44480.000,202.7552
44490.667,203.9297
44501.333,205.1111
44512.000,206.2992
44522.667,207.4943
44533.333,208.6963
44544.000,208.6963
44554.667,208.6963
44565.333,208.6963
44576.000,208.6963
44586.667,207.4943
44597.333,207.4943
44608.000,202.7552
44618.667,192.4840
44629.333,191.3754
44640.000,189.1772
44650.667,188.0877
44661.333,187.0044
44672.000,187.0044
44682.667,188.0877
44693.333,188.0877
44704.000,188.0877
44714.667,188.0877
44725.333,188.0877
44736.000,185.9273
44746.667,182.7332
44757.333,180.6343
44768.000,176.5086
44778.667,176.5086
44789.333,172.4771
44800.000,168.5378
44810.667,164.6884
44821.333,164.6884
44832.000,164.6884
44842.667,164.6884
44853.333,164.6884
44864.000,163.7398
44874.667,163.7398
44885.333,163.7398
44896.000,163.7398
44906.667,167.5671
44917.333,172.4771
44928.000,176.5086
44938.667,181.6807
44949.333,184.8564
44960.000,187.0044
44970.667,188.0877
44981.333,188.0877
44992.000,187.0044
45002.667,185.9273
45013.333,185.9273
45024.000,185.9273
45034.667,185.9273
45045.333,185.9273
45056.000,182.7332
45066.667,180.6343
45077.333,178.5595
45088.000,176.5086
45098.667,175.4920
45109.333,173.4763
45120.000,171.4838
45130.667,168.5378
45141.333,159.0785
45152.000,158.1622
45162.667,157.2513
45173.333,155.4451
45184.000,149.2853
45194.667,145.8756
45205.333,139.2881
45216.000,139.2881
45226.667,136.1067
45237.333,136.1067
45248.000,136.8952
45258.667,137.6882
45269.333,139.2881
45280.000,140.0950
45290.667,140.0950
45301.333,140.0950
45312.000,140.9065
45322.667,140.0950
45333.333,140.0950
45344.000,132.9981
45354.667,136.1067
45365.333,0.0000
45376.000,0.0000
45386.667,0.0000
45397.333,0.0000
45408.000,0.0000
45418.667,0.0000
45429.333,0.0000
45440.000,0.0000
45450.667,0.0000
45461.333,0.0000
45472.000,0.0000
45482.667,0.0000
45493.333,0.0000
45504.000,0.0000
45514.667,0.0000
45525.333,0.0000
45536.000,0.0000
45546.667,0.0000
45557.333,0.0000
45568.000,0.0000
45578.667,0.0000
45589.333,0.0000
45600.000,0.0000
45610.667,0.0000
45621.333,0.0000
45632.000,0.0000
45642.667,0.0000
45653.333,0.0000
45664.000,0.0000
45674.667,0.0000
45685.333,0.0000
45696.000,0.0000
45706.667,0.0000
45717.333,0.0000
45728.000,0.0000
45738.667,0.0000
45749.333,249.6209
45760.000,248.1832
45770.667,248.1832
45781.333,248.1832
45792.000,246.7537
45802.667,245.3325
45813.333,243.9195
45824.000,217.3076
45834.667,211.1213
45845.333,203.9297
45856.000,205.1111
45866.667,202.7552
45877.333,198.1242
45888.000,195.8486
45898.667,193.5991
45909.333,191.3754
45920.000,189.1772
45930.667,188.0877
45941.333,187.0044
45952.000,187.0044
45962.667,185.9273
45973.333,184.8564
45984.000,184.8564
45994.667,183.7917
46005.333,184.8564
46016.000,184.8564
46026.667,185.9273
46037.333,185.9273
46048.000,187.0044
46058.667,185.9273
46069.333,185.9273
46080.000,185.9273
46090.667,185.9273
46101.333,185.9273
46112.000,187.0044
46122.667,189.1772
46133.333,192.4840
46144.000,198.1242
46154.667,201.5874
46165.333,205.1111
46176.000,207.4943
46186.667,208.6963
46197.333,208.6963
46208.000,208.6963
46218.667,208.6963
46229.333,208.6963
46240.000,208.6963
46250.667,207.4943
46261.333,206.2992
46272.000,201.5874
46282.667,201.5874
46293.333,0.0000
46304.000,200.4263
46314.667,200.4263
46325.333,205.1111
46336.000,205.1111
46346.667,203.9297
46357.333,201.5874
46368.000,199.2719
46378.667,196.9831
46389.333,195.8486
46400.000,193.5991
46410.667,192.4840
46421.333,187.0044
46432.000,185.9273
46442.667,184.8564
46453.333,183.7917
46464.000,181.6807
46474.667,179.5939
46485.333,178.5595
46496.000,176.5086
46506.667,174.4812
46517.333,172.4771
46528.000,171.4838
46538.667,165.6424
46549.333,163.7398
46560.000,164.6884
46570.667,164.6884
46581.333,163.7398
46592.000,162.7968
46602.667,162.7968
46613.333,163.7398
46624.000,163.7398
46634.667,164.6884
46645.333,164.6884
46656.000,164.6884
46666.667,165.6424
46677.333,165.6424
46688.000,166.6019
46698.667,165.6424
46709.333,165.6424
46720.000,164.6884
46730.667,164.6884
46741.333,163.7398
46752.000,162.7968
46762.667,162.7968
46773.333,162.7968
46784.000,163.7398
46794.667,163.7398
46805.333,163.7398
46816.000,163.7398
46826.667,160.0000
46837.333,157.2513
46848.000,155.4451
46858.667,153.6597
46869.333,148.4255
46880.000,147.5706
46890.667,146.7206
46901.333,145.0354
46912.000,144.2001
46922.667,144.2001
46933.333,143.3695
46944.000,141.7228
46954.667,140.9065
46965.333,138.4858
46976.000,138.4858
46986.667,138.4858
46997.333,139.2881
47008.000,140.0950
47018.667,140.9065
47029.333,141.7228
47040.000,141.7228
47050.667,142.5438
47061.333,139.2881
47072.000,137.6882
47082.667,136.8952
47093.333,137.6882
47104.000,137.6882
47114.667,138.4858
47125.333,139.2881
47136.000,139.2881
47146.667,140.0950
47157.333,140.9065
47168.000,145.8756
47178.667,145.0354
47189.333,145.0354
47200.000,0.0000
47210.667,0.0000
47221.333,0.0000
47232.000,0.0000
47242.667,0.0000
47253.333,0.0000
47264.000,0.0000
47274.667,0.0000
47285.333,0.0000
47296.000,0.0000
47306.667,0.0000
47317.333,142.5438
47328.000,141.7228
47338.667,140.0950
47349.333,139.2881
47360.000,138.4858
47370.667,136.8952
47381.333,136.8952
47392.000,137.6882
47402.667,139.2881
47413.333,140.9065
47424.000,142.5438
47434.667,143.3695
47445.333,143.3695
47456.000,143.3695
47466.667,138.4858
47477.333,125.5335
47488.000,124.0916
47498.667,119.1742
47509.333,0.0000
47520.000,0.0000
47530.667,0.0000
47541.333,0.0000
47552.000,0.0000
47562.667,0.0000
47573.333,0.0000
47584.000,0.0000
47594.667,0.0000
47605.333,0.0000
47616.000,0.0000
47626.667,0.0000
47637.333,243.9195
47648.000,245.3325
47658.667,246.7537
47669.333,248.1832
47680.000,248.1832
47690.667,246.7537
47701.333,243.9195
47712.000,224.9709
47722.667,218.5664
47733.333,217.3076
47744.000,216.0560
47754.667,212.3443
47765.333,213.5744
47776.000,205.1111
47786.667,201.5874
47797.333,199.2719
47808.000,191.3754
47818.667,187.0044
47829.333,187.0044
47840.000,187.0044
47850.667,188.0877
47861.333,187.0044
47872.000,187.0044
47882.667,187.0044
47893.333,187.0044
47904.000,185.9273
47914.667,187.0044
47925.333,187.0044
47936.000,185.9273
47946.667,185.9273
47957.333,184.8564
47968.000,183.7917
47978.667,182.7332
47989.333,182.7332
48000.000,183.7917
48010.667,185.9273
48021.333,188.0877
48032.000,192.4840
48042.667,198.1242
48053.333,202.7552
48064.000,205.1111
48074.667,206.2992
48085.333,207.4943
48096.000,207.4943
48106.667,207.4943
48117.333,206.2992
48128.000,206.2992
48138.667,205.1111
48149.333,203.9297
48160.000,200.4263
48170.667,193.5991
48181.333,187.0044
48192.000,187.0044
48202.667,187.0044
48213.333,0.0000
48224.000,0.0000
48234.667,0.0000
48245.333,0.0000
48256.000,0.0000
48266.667,0.0000
48277.333,0.0000
48288.000,0.0000
48298.667,0.0000
48309.333,0.0000
48320.000,0.0000
48330.667,0.0000
48341.333,0.0000
48352.000,0.0000
48362.667,0.0000
48373.333,0.0000
48384.000,0.0000
48394.667,0.0000
48405.333,166.6019
48416.000,165.6424
48426.667,164.6884
48437.333,164.6884
48448.000,163.7398
48458.667,163.7398
48469.333,162.7968
48480.000,161.8591
48490.667,162.7968
48501.333,157.2513
48512.000,158.1622
48522.667,160.0000
48533.333,164.6884
48544.000,165.6424
48554.667,166.6019
48565.333,166.6019
48576.000,165.6424
48586.667,165.6424
48597.333,165.6424
48608.000,165.6424
48618.667,165.6424
48629.333,165.6424
48640.000,165.6424
48650.667,164.6884
48661.333,162.7968
48672.000,160.0000
48682.667,157.2513
48693.333,154.5498
48704.000,151.0199
48714.667,144.2001
48725.333,141.7228
48736.000,140.0950
48746.667,138.4858
48757.333,138.4858
48768.000,138.4858
48778.667,139.2881
48789.333,140.0950
48800.000,140.9065
48810.667,140.9065
48821.333,140.9065
48832.000,140.0950
48842.667,140.0950
48853.333,138.4858
48864.000,138.4858
48874.667,138.4858
48885.333,138.4858
48896.000,138.4858
48906.667,138.4858
48917.333,138.4858
48928.000,139.2881
48938.667,139.2881
48949.333,140.0950
48960.000,140.0950
48970.667,140.0950
48981.333,140.0950
48992.000,140.0950
49002.667,140.0950
49013.333,139.2881
49024.000,137.6882
49034.667,137.6882
49045.333,145.0354
49056.000,139.2881
49066.667,139.2881
49077.333,140.9065
49088.000,140.9065
49098.667,140.0950
49109.333,140.0950
49120.000,138.4858
49130.667,139.2881
49141.333,0.0000
49152.000,0.0000
49162.667,0.0000
49173.333,0.0000
49184.000,117.1269
49194.667,115.7815
49205.333,109.9163
49216.000,107.4058
49226.667,104.3482
49237.333,103.1496
49248.000,102.5555
49258.667,102.5555
49269.333,103.1496
49280.000,102.5555
49290.667,103.1496
49301.333,103.1496
49312.000,103.1496
49322.667,103.1496
49333.333,103.1496
49344.000,103.1496
49354.667,103.1496
49365.333,103.1496
49376.000,103.7472
49386.667,103.7472
49397.333,104.3482
49408.000,104.3482
49418.667,104.3482
49429.333,104.3482
49440.000,104.3482
49450.667,103.7472
49461.333,103.7472
49472.000,0.0000
49482.667,0.0000
49493.333,110.5530
49504.000,111.8376
49514.667,114.4517
49525.333,116.4523
49536.000,119.8646
49546.667,121.9598
49557.333,122.6663
49568.000,123.3769
49578.667,124.0916
49589.333,124.0916
49600.000,124.0916
49610.667,124.0916
49621.333,124.0916
49632.000,124.0916
49642.667,124.0916
49653.333,124.8104
49664.000,124.8104
49674.667,124.8104
49685.333,125.5335
49696.000,125.5335
49706.667,124.8104
49717.333,124.0916
49728.000,123.3769
49738.667,122.6663
49749.333,121.9598
49760.000,121.2573
49770.667,121.2573
49781.333,121.2573
49792.000,121.9598
49802.667,122.6663
49813.333,123.3769
49824.000,124.0916
49834.667,124.8104
49845.333,126.2607
49856.000,126.9921
49866.667,132.2321
49877.333,133.7685
49888.000,139.2881
49898.667,139.2881
49909.333,139.2881
49920.000,140.0950
49930.667,140.9065
49941.333,140.9065
49952.000,139.2881
49962.667,138.4858
49973.333,138.4858
49984.000,139.2881
49994.667,140.0950
50005.333,142.5438
50016.000,144.2001
50026.667,143.3695
50037.333,137.6882
50048.000,140.0950
50058.667,140.9065
50069.333,140.9065
50080.000,140.0950
50090.667,139.2881
50101.333,138.4858
50112.000,137.6882
50122.667,139.2881
50133.333,140.0950
50144.000,139.2881
50154.667,138.4858
50165.333,136.8952
50176.000,136.1067
50186.667,139.2881
50197.333,140.0950
50208.000,144.2001
50218.667,144.2001
50229.333,145.8756
50240.000,145.8756
50250.667,135.3228
50261.333,132.9981
50272.000,133.7685
50282.667,134.5434
50293.333,132.2321
50304.000,131.4705
50314.667,129.9604
50325.333,132.2321
50336.000,132.2321
50346.667,135.3228
50357.333,139.2881
50368.000,140.9065
50378.667,140.9065
50389.333,140.0950
50400.000,140.9065
50410.667,136.8952
50421.333,136.1067
50432.000,133.7685
50442.667,133.7685
50453.333,133.7685
50464.000,131.4705
50474.667,125.5335
50485.333,129.9604
50496.000,136.8952
50506.667,136.8952
50517.333,129.9604
50528.000,126.2607
50538.667,123.3769
50549.333,126.2607
50560.000,124.8104
50570.667,0.0000
50581.333,0.0000
50592.000,0.0000
50602.667,0.0000
50613.333,0.0000
50624.000,0.0000
50634.667,0.0000
50645.333,0.0000
50656.000,0.0000
50666.667,0.0000
50677.333,0.0000
50688.000,0.0000
50698.667,0.0000
50709.333,0.0000
50720.000,0.0000
50730.667,0.0000
50741.333,0.0000
50752.000,0.0000
50762.667,0.0000
50773.333,0.0000
50784.000,0.0000
50794.667,0.0000
50805.333,0.0000
50816.000,0.0000
50826.667,0.0000
50837.333,0.0000
50848.000,0.0000
50858.667,0.0000
50869.333,0.0000
50880.000,0.0000
50890.667,0.0000
50901.333,0.0000
50912.000,0.0000
50922.667,0.0000
50933.333,0.0000
50944.000,0.0000
50954.667,0.0000
50965.333,0.0000
50976.000,0.0000
50986.667,0.0000
50997.333,0.0000
51008.000,0.0000
51018.667,0.0000
51029.333,157.2513
51040.000,156.3456
51050.667,156.3456
51061.333,157.2513
51072.000,160.9269
51082.667,162.7968
51093.333,164.6884
51104.000,165.6424
51114.667,168.5378
51125.333,167.5671
51136.000,167.5671
51146.667,168.5378
51157.333,170.4961
51168.000,174.4812
51178.667,184.8564
51189.333,187.0044
51200.000,187.0044
51210.667,187.0044
51221.333,187.0044
51232.000,187.0044
51242.667,187.0044
51253.333,187.0044
51264.000,187.0044
51274.667,187.0044
51285.333,187.0044
51296.000,185.9273
51306.667,184.8564
51317.333,183.7917
51328.000,182.7332
51338.667,181.6807
51349.333,183.7917
51360.000,185.9273
51370.667,187.0044
51381.333,187.0044
51392.000,187.0044
51402.667,185.9273
51413.333,185.9273
51424.000,187.0044
51434.667,191.3754
51445.333,196.9831
51456.000,201.5874
51466.667,205.1111
51477.333,206.2992
51488.000,207.4943
51498.667,208.6963
51509.333,208.6963
51520.000,208.6963
51530.667,208.6963
51541.333,207.4943
51552.000,208.6963
51562.667,208.6963
51573.333,208.6963
51584.000,208.6963
51594.667,208.6963
51605.333,207.4943
51616.000,205.1111
51626.667,205.1111
51637.333,192.4840
51648.000,191.3754
51658.667,194.7206
51669.333,192.4840
51680.000,191.3754
51690.667,190.2731
51701.333,189.1772
51712.000,185.9273
51722.667,178.5595
51733.333,182.7332
51744.000,180.6343
51754.667,0.0000
51765.333,177.5311
51776.000,175.4920
51786.667,170.4961
51797.333,170.4961
51808.000,169.5141
51818.667,168.5378
51829.333,172.4771
51840.000,169.5141
51850.667,171.4838
51861.333,165.6424
51872.000,0.0000
51882.667,0.0000
51893.333,0.0000
51904.000,0.0000
51914.667,0.0000
51925.333,0.0000
51936.000,0.0000
51946.667,0.0000
51957.333,0.0000
51968.000,0.0000
51978.667,167.5671
51989.333,167.5671
52000.000,167.5671
52010.667,166.6019
52021.333,165.6424
52032.000,164.6884
52042.667,162.7968
52053.333,161.8591
52064.000,160.9269
52074.667,161.8591
52085.333,162.7968
52096.000,165.6424
52106.667,166.6019
52117.333,167.5671
52128.000,167.5671
52138.667,167.5671
52149.333,0.0000
52160.000,0.0000
52170.667,0.0000
52181.333,0.0000
52192.000,0.0000
52202.667,0.0000
52213.333,0.0000
52224.000,0.0000
52234.667,0.0000
52245.333,170.4961
52256.000,167.5671
52266.667,165.6424
52277.333,165.6424
52288.000,165.6424
52298.667,165.6424
52309.333,165.6424
52320.000,164.6884
52330.667,164.6884
52341.333,164.6884
52352.000,165.6424
52362.667,168.5378
52373.333,171.4838
52384.000,175.4920
52394.667,179.5939
52405.333,182.7332
52416.000,184.8564
52426.667,185.9273
52437.333,187.0044
52448.000,185.9273
52458.667,184.8564
52469.333,184.8564
52480.000,184.8564
52490.667,185.9273
52501.333,185.9273
52512.000,185.9273
52522.667,185.9273
52533.333,185.9273
52544.000,181.6807
52554.667,174.4812
52565.333,180.6343
52576.000,180.6343
52586.667,184.8564
52597.333,185.9273
52608.000,185.9273
52618.667,182.7332
52629.333,183.7917
52640.000,183.7917
52650.667,183.7917
52661.333,183.7917
52672.000,183.7917
52682.667,183.7917
52693.333,183.7917
52704.000,183.7917
52714.667,184.8564
52725.333,184.8564
52736.000,184.8564
52746.667,184.8564
52757.333,184.8564
52768.000,185.9273
52778.667,188.0877
52789.333,0.0000
52800.000,0.0000
52810.667,0.0000
52821.333,0.0000
52832.000,0.0000
52842.667,365.4663
52853.333,361.2686
52864.000,361.2686
52874.667,359.1879
52885.333,363.3614
52896.000,365.4663
52906.667,363.3614
52917.333,365.4663
52928.000,365.4663
52938.667,363.3614
52949.333,365.4663
52960.000,365.4663
52970.667,369.7129
52981.333,369.7129
52992.000,369.7129
53002.667,369.7129
53013.333,369.7129
53024.000,369.7129
53034.667,369.7129
53045.333,0.0000
53056.000,0.0000
53066.667,0.0000
53077.333,0.0000
53088.000,0.0000
53098.667,0.0000
53109.333,0.0000
53120.000,0.0000
53130.667,0.0000
53141.333,0.0000
53152.000,0.0000
53162.667,0.0000
53173.333,0.0000
53184.000,0.0000
53194.667,0.0000
53205.333,0.0000
53216.000,0.0000
53226.667,0.0000
53237.333,0.0000
53248.000,0.0000
53258.667,367.5835
53269.333,367.5835
53280.000,367.5835
53290.667,367.5835
53301.333,371.8546
53312.000,0.0000
53322.667,0.0000
53333.333,0.0000
53344.000,0.0000
53354.667,0.0000
53365.333,0.0000
53376.000,0.0000
53386.667,0.0000
53397.333,0.0000
53408.000,0.0000
53418.667,0.0000
53429.333,0.0000
53440.000,0.0000
53450.667,0.0000
53461.333,0.0000
53472.000,0.0000
53482.667,0.0000
53493.333,0.0000
53504.000,0.0000
53514.667,0.0000
53525.333,162.7968
53536.000,162.7968
53546.667,163.7398
53557.333,164.6884
53568.000,162.7968
53578.667,160.9269
53589.333,158.1622
53600.000,151.8947
53610.667,151.0199
53621.333,144.2001
53632.000,0.0000
53642.667,0.0000
53653.333,0.0000
53664.000,0.0000
53674.667,194.7206
53685.333,191.3754
53696.000,189.1772
53706.667,188.0877
53717.333,187.0044
53728.000,185.9273
53738.667,184.8564
53749.333,184.8564
53760.000,181.6807
53770.667,178.5595
53781.333,174.4812
53792.000,167.5671
53802.667,162.7968
53813.333,153.6597
53824.000,176.5086
53834.667,180.6343
53845.333,183.7917
53856.000,183.7917
53866.667,185.9273
53877.333,187.0044
53888.000,187.0044
53898.667,185.9273
53909.333,185.9273
53920.000,185.9273
53930.667,187.0044
53941.333,190.2731
53952.000,195.8486
53962.667,200.4263
53973.333,201.5874
53984.000,205.1111
53994.667,208.6963
54005.333,208.6963
54016.000,208.6963
54026.667,207.4943
54037.333,207.4943
54048.000,206.2992
54058.667,206.2992
54069.333,206.2992
54080.000,206.2992
54090.667,205.1111
54101.333,205.1111
54112.000,202.7552
54122.667,198.1242
54133.333,193.5991
54144.000,192.4840
54154.667,191.3754
54165.333,190.2731
54176.000,190.2731
54186.667,189.1772
54197.333,188.0877
54208.000,187.0044
54218.667,185.9273
54229.333,183.7917
54240.000,181.6807
54250.667,179.5939
54261.333,178.5595
54272.000,176.5086
54282.667,174.4812
54293.333,181.6807
54304.000,178.5595
54314.667,162.7968
54325.333,163.7398
54336.000,163.7398
54346.667,163.7398
54357.333,165.6424
54368.000,163.7398
54378.667,163.7398
54389.333,164.6884
54400.000,165.6424
54410.667,166.6019
54421.333,166.6019
54432.000,166.6019
54442.667,166.6019
54453.333,165.6424
54464.000,164.6884
54474.667,164.6884
54485.333,164.6884
54496.000,163.7398
54506.667,163.7398
54517.333,162.7968
54528.000,163.7398
54538.667,163.7398
54549.333,164.6884
54560.000,164.6884
54570.667,164.6884
54581.333,164.6884
54592.000,165.6424
54602.667,166.6019
54613.333,166.6019
54624.000,167.5671
54634.667,167.5671
54645.333,167.5671
54656.000,165.6424
54666.667,159.0785
54677.333,160.0000
54688.000,159.0785
54698.667,160.0000
54709.333,160.9269
54720.000,161.8591
54730.667,161.8591
54741.333,162.7968
54752.000,163.7398
54762.667,164.6884
54773.333,166.6019
54784.000,166.6019
54794.667,164.6884
54805.333,163.7398
54816.000,163.7398
54826.667,163.7398
54837.333,164.6884
54848.000,166.6019
54858.667,168.5378
54869.333,172.4771
54880.000,181.6807
54890.667,183.7917
54901.333,184.8564
54912.000,185.9273
54922.667,185.9273
54933.333,185.9273
54944.000,185.9273
54954.667,184.8564
54965.333,184.8564
54976.000,184.8564
54986.667,183.7917
54997.333,183.7917
55008.000,181.6807
55018.667,176.5086
55029.333,177.5311
55040.000,175.4920
55050.667,175.4920
55061.333,182.7332
55072.000,191.3754
55082.667,0.0000
55093.333,0.0000
55104.000,0.0000
55114.667,0.0000
55125.333,0.0000
55136.000,155.4451
55146.667,154.5498
55157.333,151.8947
55168.000,149.2853
55178.667,145.0354
55189.333,145.0354
55200.000,145.8756
55210.667,134.5434
55221.333,135.3228
55232.000,139.2881
55242.667,135.3228
55253.333,135.3228
55264.000,153.6597
55274.667,152.7747
55285.333,153.6597
55296.000,154.5498
55306.667,0.0000
55317.333,0.0000
55328.000,0.0000
55338.667,0.0000
55349.333,0.0000
55360.000,0.0000
55370.667,0.0000
55381.333,0.0000
55392.000,0.0000
55402.667,0.0000
55413.333,0.0000
55424.000,0.0000
55434.667,0.0000
55445.333,0.0000
55456.000,0.0000
55466.667,0.0000
55477.333,0.0000
55488.000,0.0000
55498.667,0.0000
55509.333,0.0000
55520.000,0.0000
55530.667,0.0000
55541.333,0.0000
55552.000,0.0000
55562.667,0.0000
55573.333,0.0000
55584.000,0.0000
55594.667,0.0000
55605.333,0.0000
55616.000,0.0000
55626.667,0.0000
55637.333,0.0000
55648.000,0.0000
55658.667,0.0000
55669.333,0.0000
55680.000,0.0000
55690.667,0.0000
55701.333,0.0000
55712.000,0.0000
55722.667,0.0000
55733.333,0.0000
55744.000,0.0000
55754.667,0.0000
55765.333,0.0000
55776.000,0.0000
55786.667,0.0000
55797.333,0.0000
55808.000,0.0000
55818.667,0.0000
55829.333,0.0000
55840.000,0.0000
55850.667,0.0000
55861.333,0.0000
55872.000,0.0000
55882.667,0.0000
55893.333,0.0000
55904.000,109.9163
55914.667,121.2573
55925.333,122.6663
55936.000,121.2573
55946.667,120.5589
55957.333,119.1742
55968.000,120.5589
55978.667,123.3769
55989.333,126.9921
56000.000,0.0000
56010.667,160.9269
56021.333,162.7968
56032.000,163.7398
56042.667,164.6884
56053.333,166.6019
56064.000,166.6019
56074.667,165.6424
56085.333,164.6884
56096.000,163.7398
56106.667,162.7968
56117.333,163.7398
56128.000,168.5378
56138.667,174.4812
56149.333,177.5311
56160.000,185.9273
56170.667,188.0877
56181.333,188.0877
56192.000,188.0877
56202.667,187.0044
56213.333,185.9273
56224.000,184.8564
56234.667,184.8564
56245.333,183.7917
56256.000,181.6807
56266.667,180.6343
56277.333,179.5939
56288.000,178.5595
56298.667,161.8591
56309.333,155.4451
56320.000,157.2513
56330.667,156.3456
56341.333,177.5311
56352.000,182.7332
56362.667,183.7917
56373.333,184.8564
56384.000,184.8564
56394.667,184.8564
56405.333,184.8564
56416.000,184.8564
56426.667,184.8564
56437.333,188.0877
56448.000,191.3754
56458.667,194.7206
56469.333,199.2719
56480.000,203.9297
56490.667,207.4943
56501.333,208.6963
56512.000,209.9053
56522.667,209.9053
56533.333,208.6963
56544.000,207.4943
56554.667,206.2992
56565.333,206.2992
56576.000,206.2992
56586.667,206.2992
56597.333,205.1111
56608.000,205.1111
56618.667,203.9297
56629.333,202.7552
56640.000,202.7552
56650.667,0.0000
56661.333,0.0000
56672.000,0.0000
56682.667,0.0000
56693.333,0.0000
56704.000,0.0000
56714.667,138.4858
56725.333,138.4858
56736.000,138.4858
56746.667,138.4858
56757.333,136.8952
56768.000,136.8952
56778.667,140.0950
56789.333,136.8952
56800.000,136.8952
56810.667,142.5438
56821.333,0.0000
56832.000,0.0000
56842.667,0.0000
56853.333,0.0000
56864.000,0.0000
56874.667,0.0000
56885.333,0.0000
56896.000,0.0000
56906.667,0.0000
56917.333,0.0000
56928.000,0.0000
56938.667,0.0000
56949.333,172.4771
56960.000,171.4838
56970.667,170.4961
56981.333,170.4961
56992.000,170.4961
57002.667,169.5141
57013.333,169.5141
57024.000,167.5671
57034.667,164.6884
57045.333,161.8591
57056.000,160.0000
57066.667,159.0785
57077.333,160.0000
57088.000,162.7968
57098.667,164.6884
57109.333,165.6424
57120.000,165.6424
57130.667,166.6019
57141.333,166.6019
57152.000,166.6019
57162.667,166.6019
57173.333,165.6424
57184.000,165.6424
57194.667,165.6424
57205.333,165.6424
57216.000,164.6884
57226.667,164.6884
57237.333,163.7398
57248.000,163.7398
57258.667,163.7398
57269.333,164.6884
57280.000,165.6424
57290.667,166.6019
57301.333,167.5671
57312.000,168.5378
57322.667,168.5378
57333.333,167.5671
57344.000,167.5671
57354.667,170.4961
57365.333,173.4763
57376.000,179.5939
57386.667,182.7332
57397.333,183.7917
57408.000,185.9273
57418.667,187.0044
57429.333,187.0044
57440.000,185.9273
57450.667,185.9273
57461.333,185.9273
57472.000,184.8564
57482.667,184.8564
57493.333,184.8564
57504.000,183.7917
57514.667,183.7917
57525.333,183.7917
57536.000,174.4812
57546.667,185.9273
57557.333,0.0000
57568.000,0.0000
57578.667,0.0000
57589.333,0.0000
57600.000,0.0000
57610.667,0.0000
57621.333,0.0000
57632.000,187.0044
57642.667,187.0044
57653.333,185.9273
57664.000,185.9273
57674.667,184.8564
57685.333,183.7917
57696.000,183.7917
57706.667,184.8564
57717.333,188.0877
57728.000,188.0877
57738.667,187.0044
57749.333,184.8564
57760.000,184.8564
57770.667,188.0877
57781.333,187.0044
57792.000,184.8564
57802.667,184.8564
57813.333,184.8564
57824.000,185.9273
57834.667,0.0000
57845.333,0.0000
57856.000,0.0000
57866.667,0.0000
57877.333,0.0000
57888.000,0.0000
57898.667,0.0000
57909.333,0.0000
57920.000,0.0000
57930.667,0.0000
57941.333,0.0000
57952.000,0.0000
57962.667,0.0000
57973.333,0.0000
57984.000,0.0000
57994.667,0.0000
58005.333,0.0000
58016.000,0.0000
58026.667,0.0000
58037.333,0.0000
58048.000,0.0000
58058.667,0.0000
58069.333,0.0000
58080.000,0.0000
58090.667,0.0000
58101.333,0.0000
58112.000,0.0000
58122.667,0.0000
58133.333,0.0000
58144.000,0.0000
58154.667,0.0000
58165.333,0.0000
58176.000,0.0000
58186.667,0.0000
58197.333,0.0000
58208.000,0.0000
58218.667,0.0000
58229.333,0.0000
58240.000,0.0000
58250.667,0.0000
58261.333,0.0000
58272.000,0.0000
58282.667,0.0000
58293.333,0.0000
58304.000,0.0000
58314.667,0.0000
58325.333,0.0000
58336.000,0.0000
58346.667,0.0000
58357.333,0.0000
58368.000,0.0000
58378.667,0.0000
58389.333,0.0000
58400.000,0.0000
58410.667,0.0000
58421.333,0.0000
58432.000,0.0000
58442.667,0.0000
58453.333,0.0000
58464.000,0.0000
58474.667,0.0000
58485.333,0.0000
58496.000,0.0000
58506.667,0.0000
58517.333,0.0000
58528.000,0.0000
58538.667,0.0000
58549.333,162.7968
58560.000,162.7968
58570.667,163.7398
58581.333,163.7398
58592.000,163.7398
58602.667,162.7968
58613.333,161.8591
58624.000,160.0000
58634.667,161.8591
58645.333,168.5378
58656.000,172.4771
58666.667,182.7332
58677.333,184.8564
58688.000,185.9273
58698.667,185.9273
58709.333,185.9273
58720.000,185.9273
58730.667,185.9273
58741.333,185.9273
58752.000,185.9273
58762.667,185.9273
58773.333,185.9273
58784.000,184.8564
58794.667,184.8564
58805.333,183.7917
58816.000,183.7917
58826.667,182.7332
58837.333,183.7917
58848.000,184.8564
58858.667,185.9273
58869.333,187.0044
58880.000,185.9273
58890.667,185.9273
58901.333,184.8564
58912.000,183.7917
58922.667,185.9273
58933.333,187.0044
58944.000,190.2731
58954.667,195.8486
58965.333,200.4263
58976.000,205.1111
58986.667,207.4943
58997.333,208.6963
59008.000,208.6963
59018.667,208.6963
59029.333,208.6963
59040.000,208.6963
59050.667,208.6963
59061.333,207.4943
59072.000,207.4943
59082.667,207.4943
59093.333,206.2992
59104.000,205.1111
59114.667,206.2992
59125.333,200.4263
59136.000,202.7552
59146.667,190.2731
59157.333,190.2731
59168.000,189.1772
59178.667,188.0877
59189.333,187.0044
59200.000,185.9273
59210.667,182.7332
59221.333,168.5378
59232.000,183.7917
59242.667,167.5671
59253.333,171.4838
59264.000,160.0000
59274.667,160.9269
59285.333,163.7398
59296.000,164.6884
59306.667,166.6019
59317.333,167.5671
59328.000,167.5671
59338.667,167.5671
59349.333,166.6019
59360.000,165.6424
59370.667,164.6884
59381.333,164.6884
59392.000,163.7398
59402.667,0.0000
59413.333,0.0000
59424.000,0.0000
59434.667,0.0000
59445.333,0.0000
59456.000,0.0000
59466.667,0.0000
59477.333,165.6424
59488.000,166.6019
59498.667,167.5671
59509.333,166.6019
59520.000,166.6019
59530.667,165.6424
59541.333,164.6884
59552.000,163.7398
59562.667,163.7398
59573.333,165.6424
59584.000,168.5378
59594.667,173.4763
59605.333,176.5086
59616.000,180.6343
59626.667,183.7917
59637.333,185.9273
59648.000,187.0044
59658.667,187.0044
59669.333,187.0044
59680.000,185.9273
59690.667,185.9273
59701.333,185.9273
59712.000,185.9273
59722.667,184.8564
59733.333,184.8564
59744.000,184.8564
59754.667,184.8564
59765.333,185.9273
59776.000,185.9273
59786.667,185.9273
59797.333,184.8564
59808.000,184.8564
59818.667,184.8564
59829.333,184.8564
59840.000,185.9273
59850.667,185.9273
59861.333,184.8564
59872.000,184.8564
59882.667,184.8564
59893.333,185.9273
59904.000,185.9273
59914.667,185.9273
59925.333,184.8564
59936.000,183.7917
59946.667,180.6343
59957.333,174.4812
59968.000,167.5671
59978.667,166.6019
59989.333,164.6884
60000.000,162.7968
60010.667,0.0000
60021.333,0.0000
60032.000,0.0000
60042.667,0.0000
60053.333,0.0000
60064.000,0.0000
60074.667,138.4858
60085.333,138.4858
60096.000,137.6882
60106.667,137.6882
60117.333,137.6882
60128.000,136.8952
60138.667,145.0354
60149.333,142.5438
60160.000,142.5438
60170.667,140.0950
60181.333,145.8756
60192.000,146.7206
60202.667,154.5498
60213.333,175.4920
60224.000,166.6019
60234.667,175.4920
60245.333,0.0000
60256.000,0.0000
60266.667,0.0000
60277.333,0.0000
60288.000,0.0000
60298.667,0.0000
60309.333,0.0000
60320.000,0.0000
60330.667,0.0000
60341.333,0.0000
60352.000,0.0000
60362.667,369.7129
60373.333,369.7129
60384.000,369.7129
60394.667,369.7129
60405.333,367.5835
60416.000,367.5835
60426.667,367.5835
60437.333,371.8546
60448.000,369.7129
60458.667,369.7129
60469.333,371.8546
60480.000,371.8546
60490.667,374.0087
60501.333,374.0087
60512.000,374.0087
60522.667,374.0087
60533.333,0.0000
60544.000,0.0000
60554.667,0.0000
60565.333,0.0000
60576.000,0.0000
60586.667,0.0000
60597.333,0.0000
60608.000,0.0000
60618.667,0.0000
60629.333,0.0000
60640.000,0.0000
60650.667,0.0000
60661.333,0.0000
60672.000,0.0000
60682.667,0.0000
60693.333,0.0000
60704.000,0.0000
60714.667,0.0000
60725.333,0.0000
60736.000,0.0000
60746.667,0.0000
60757.333,0.0000
60768.000,0.0000
60778.667,0.0000
60789.333,0.0000
60800.000,0.0000
60810.667,0.0000
60821.333,0.0000
60832.000,0.0000
60842.667,222.3869
60853.333,223.6752
60864.000,219.8326
60874.667,211.1213
60885.333,189.1772
60896.000,188.0877
60906.667,188.0877
60917.333,191.3754
60928.000,194.7206
60938.667,201.5874
60949.333,211.1213
60960.000,216.0560
60970.667,211.1213
60981.333,208.6963
60992.000,0.0000
61002.667,176.5086
61013.333,176.5086
61024.000,177.5311
61034.667,180.6343
61045.333,184.8564
61056.000,187.0044
61066.667,187.0044
61077.333,185.9273
61088.000,183.7917
61098.667,181.6807
61109.333,181.6807
61120.000,183.7917
61130.667,185.9273
61141.333,187.0044
61152.000,189.1772
61162.667,187.0044
61173.333,185.9273
61184.000,187.0044
61194.667,187.0044
61205.333,0.0000
61216.000,0.0000
61226.667,0.0000
61237.333,0.0000
61248.000,0.0000
61258.667,0.0000
61269.333,0.0000
61280.000,185.9273
61290.667,175.4920
61301.333,180.6343
61312.000,178.5595
61322.667,181.6807
61333.333,185.9273
61344.000,188.0877
61354.667,188.0877
61365.333,187.0044
61376.000,184.8564
61386.667,183.7917
61397.333,183.7917
61408.000,184.8564
61418.667,187.0044
61429.333,196.9831
61440.000,202.7552
61450.667,205.1111
61461.333,208.6963
61472.000,209.9053
61482.667,209.9053
61493.333,209.9053
61504.000,208.6963
61514.667,207.4943
61525.333,206.2992
61536.000,203.9297
61546.667,202.7552
61557.333,200.4263
61568.000,202.7552
61578.667,205.1111
61589.333,205.1111
61600.000,0.0000
61610.667,0.0000
61621.333,0.0000
61632.000,0.0000
61642.667,0.0000
61653.333,243.9195
61664.000,245.3325
61674.667,248.1832
61685.333,249.6209
61696.000,249.6209
61706.667,249.6209
61717.333,249.6209
61728.000,248.1832
61738.667,245.3325
61749.333,232.9045
61760.000,218.5664
61770.667,213.5744
61781.333,216.0560
61792.000,212.3443
61802.667,211.1213
61813.333,209.9053
61824.000,209.9053
61834.667,208.6963
61845.333,207.4943
61856.000,206.2992
61866.667,205.1111
61877.333,205.1111
61888.000,206.2992
61898.667,208.6963
61909.333,206.2992
61920.000,0.0000
61930.667,0.0000
61941.333,0.0000
61952.000,191.3754
61962.667,192.4840
61973.333,192.4840
61984.000,189.1772
61994.667,189.1772
62005.333,188.0877
62016.000,187.0044
62026.667,187.0044
62037.333,187.0044
62048.000,185.9273
62058.667,184.8564
62069.333,184.8564
62080.000,181.6807
62090.667,181.6807
62101.333,180.6343
62112.000,177.5311
62122.667,168.5378
62133.333,163.7398
62144.000,162.7968
62154.667,162.7968
62165.333,161.8591
62176.000,163.7398
62186.667,165.6424
62197.333,166.6019
62208.000,166.6019
62218.667,167.5671
62229.333,166.6019
62240.000,166.6019
62250.667,165.6424
62261.333,165.6424
62272.000,165.6424
62282.667,165.6424
62293.333,165.6424
62304.000,165.6424
62314.667,165.6424
62325.333,164.6884
62336.000,163.7398
62346.667,162.7968
62357.333,162.7968
62368.000,162.7968
62378.667,162.7968
62389.333,163.7398
62400.000,165.6424
62410.667,166.6019
62421.333,167.5671
62432.000,167.5671
62442.667,166.6019
62453.333,166.6019
62464.000,165.6424
62474.667,164.6884
62485.333,163.7398
62496.000,163.7398
62506.667,163.7398
62517.333,163.7398
62528.000,164.6884
62538.667,164.6884
62549.333,164.6884
62560.000,164.6884
62570.667,164.6884
62581.333,164.6884
62592.000,164.6884
62602.667,165.6424
62613.333,164.6884
62624.000,163.7398
62634.667,163.7398
62645.333,165.6424
62656.000,168.5378
62666.667,170.4961
62677.333,174.4812
62688.000,179.5939
62698.667,183.7917
62709.333,185.9273
62720.000,185.9273
62730.667,185.9273
62741.333,185.9273
62752.000,184.8564
62762.667,183.7917
62773.333,183.7917
62784.000,184.8564
62794.667,185.9273
62805.333,185.9273
62816.000,185.9273
62826.667,184.8564
62837.333,184.8564
62848.000,185.9273
62858.667,184.8564
62869.333,182.7332
62880.000,180.6343
62890.667,179.5939
62901.333,180.6343
62912.000,179.5939
62922.667,177.5311
62933.333,177.5311
62944.000,177.5311
62954.667,177.5311
62965.333,178.5595
62976.000,177.5311
62986.667,176.5086
62997.333,177.5311
63008.000,0.0000
63018.667,0.0000
63029.333,0.0000
63040.000,0.0000
63050.667,0.0000
63061.333,0.0000
63072.000,0.0000
63082.667,0.0000
63093.333,0.0000
63104.000,0.0000
63114.667,0.0000
63125.333,0.0000
63136.000,0.0000
63146.667,0.0000
63157.333,0.0000
63168.000,0.0000
63178.667,0.0000
63189.333,179.5939
63200.000,182.7332
63210.667,162.7968
63221.333,162.7968
63232.000,162.7968
63242.667,164.6884
63253.333,179.5939
63264.000,180.6343
63274.667,181.6807
63285.333,182.7332
63296.000,182.7332
63306.667,181.6807
63317.333,180.6343
63328.000,180.6343
63338.667,180.6343
63349.333,179.5939
63360.000,0.0000
63370.667,0.0000
63381.333,0.0000
63392.000,0.0000
63402.667,0.0000
63413.333,276.9717
63424.000,273.7904
63434.667,273.7904
63445.333,273.7904
63456.000,278.5762
63466.667,283.4456
63477.333,283.4456
63488.000,285.0876
63498.667,296.8509
63509.333,325.5935
63520.000,331.2848
63530.667,335.1341
63541.333,335.1341
63552.000,335.1341
63562.667,0.0000
63573.333,0.0000
63584.000,0.0000
63594.667,0.0000
63605.333,0.0000
63616.000,0.0000
63626.667,167.5671
63637.333,170.4961
63648.000,172.4771
63658.667,178.5595
63669.333,183.7917
63680.000,185.9273
63690.667,185.9273
63701.333,185.9273
63712.000,184.8564
63722.667,184.8564
63733.333,184.8564
63744.000,185.9273
63754.667,185.9273
63765.333,185.9273
63776.000,184.8564
63786.667,180.6343
63797.333,165.6424
63808.000,168.5378
63818.667,177.5311
63829.333,180.6343
63840.000,185.9273
63850.667,185.9273
63861.333,184.8564
63872.000,185.9273
63882.667,184.8564
63893.333,184.8564
63904.000,184.8564
63914.667,183.7917
63925.333,185.9273
63936.000,187.0044
63946.667,191.3754
63957.333,196.9831
63968.000,203.9297
63978.667,206.2992
63989.333,207.4943
64000.000,207.4943
64010.667,207.4943
64021.333,207.4943
64032.000,206.2992
64042.667,207.4943
64053.333,207.4943
64064.000,207.4943
64074.667,203.9297
64085.333,200.4263
64096.000,200.4263
64106.667,0.0000
64117.333,0.0000
64128.000,0.0000
64138.667,0.0000
64149.333,0.0000
64160.000,0.0000
64170.667,0.0000
64181.333,0.0000
64192.000,185.9273
64202.667,185.9273
64213.333,185.9273
64224.000,184.8564
64234.667,184.8564
64245.333,185.9273
64256.000,185.9273
64266.667,185.9273
64277.333,185.9273
64288.000,180.6343
64298.667,187.0044
64309.333,190.2731
64320.000,0.0000
64330.667,0.0000
64341.333,0.0000
64352.000,0.0000
64362.667,0.0000
64373.333,0.0000
64384.000,0.0000
64394.667,0.0000
64405.333,0.0000
64416.000,0.0000
64426.667,0.0000
64437.333,0.0000
64448.000,165.6424
64458.667,159.0785
64469.333,156.3456
64480.000,160.0000
64490.667,162.7968
64501.333,164.6884
64512.000,165.6424
64522.667,165.6424
64533.333,165.6424
64544.000,165.6424
64554.667,164.6884
64565.333,164.6884
64576.000,164.6884
64586.667,164.6884
64597.333,165.6424
64608.000,165.6424
64618.667,166.6019
64629.333,166.6019
64640.000,166.6019
64650.667,166.6019
64661.333,166.6019
64672.000,165.6424
64682.667,165.6424
64693.333,165.6424
64704.000,165.6424
64714.667,164.6884
64725.333,163.7398
64736.000,163.7398
64746.667,163.7398
64757.333,164.6884
64768.000,166.6019
64778.667,166.6019
64789.333,165.6424
64800.000,165.6424
64810.667,164.6884
64821.333,163.7398
64832.000,163.7398
64842.667,164.6884
64853.333,167.5671
64864.000,170.4961
64874.667,173.4763
64885.333,177.5311
64896.000,181.6807
64906.667,183.7917
64917.333,184.8564
64928.000,184.8564
64938.667,184.8564
64949.333,184.8564
64960.000,184.8564
64970.667,183.7917
64981.333,182.7332
64992.000,182.7332
65002.667,184.8564
65013.333,185.9273
65024.000,187.0044
65034.667,187.0044
65045.333,183.7917
65056.000,187.0044
65066.667,0.0000
65077.333,0.0000
65088.000,0.0000
65098.667,0.0000
65109.333,0.0000
65120.000,0.0000
65130.667,0.0000
65141.333,0.0000
65152.000,0.0000
65162.667,0.0000
65173.333,157.2513
65184.000,153.6597
65194.667,145.8756
65205.333,138.4858
65216.000,136.1067
65226.667,136.1067
65237.333,136.1067
65248.000,139.2881
65258.667,139.2881
65269.333,139.2881
65280.000,138.4858
65290.667,139.2881
65301.333,139.2881
65312.000,139.2881
65322.667,138.4858
65333.333,137.6882
65344.000,136.8952
65354.667,136.8952
65365.333,137.6882
65376.000,139.2881
65386.667,140.9065
65397.333,141.7228
65408.000,141.7228
65418.667,140.9065
65429.333,140.0950
65440.000,139.2881
65450.667,139.2881
65461.333,138.4858
65472.000,138.4858
65482.667,138.4858
65493.333,138.4858
65504.000,138.4858
65514.667,137.6882
65525.333,137.6882
65536.000,139.2881
65546.667,140.9065
65557.333,141.7228
65568.000,141.7228
65578.667,140.9065
65589.333,140.9065
65600.000,139.2881
65610.667,138.4858
65621.333,137.6882
65632.000,137.6882
65642.667,137.6882
65653.333,138.4858
65664.000,137.6882
65674.667,136.8952
65685.333,140.9065
65696.000,141.7228
65706.667,140.9065
65717.333,139.2881
65728.000,138.4858
65738.667,138.4858
65749.333,137.6882
65760.000,137.6882
65770.667,138.4858
65781.333,138.4858
65792.000,138.4858
65802.667,138.4858
65813.333,137.6882
65824.000,137.6882
65834.667,138.4858
65845.333,139.2881
65856.000,139.2881
65866.667,140.0950
65877.333,142.5438
65888.000,140.9065
65898.667,141.7228
65909.333,139.2881
65920.000,133.7685
65930.667,141.7228
65941.333,141.7228
65952.000,146.7206
65962.667,146.7206
65973.333,0.0000
65984.000,0.0000
65994.667,0.0000
66005.333,0.0000
66016.000,0.0000
66026.667,0.0000
66037.333,165.6424
66048.000,166.6019
66058.667,166.6019
66069.333,166.6019
66080.000,165.6424
66090.667,165.6424
66101.333,165.6424
66112.000,165.6424
66122.667,165.6424
66133.333,166.6019
66144.000,166.6019
66154.667,165.6424
66165.333,175.4920
66176.000,181.6807
66186.667,182.7332
66197.333,183.7917
66208.000,183.7917
66218.667,183.7917
66229.333,184.8564
66240.000,184.8564
66250.667,184.8564
66261.333,184.8564
66272.000,184.8564
66282.667,184.8564
66293.333,184.8564
66304.000,184.8564
66314.667,183.7917
66325.333,183.7917
66336.000,183.7917
66346.667,184.8564
66357.333,184.8564
66368.000,183.7917
66378.667,183.7917
66389.333,183.7917
66400.000,184.8564
66410.667,185.9273
66421.333,188.0877
66432.000,192.4840
66442.667,196.9831
66453.333,203.9297
66464.000,206.2992
66474.667,205.1111
66485.333,206.2992
66496.000,206.2992
66506.667,207.4943
66517.333,207.4943
66528.000,205.1111
66538.667,205.1111
66549.333,205.1111
66560.000,209.9053
66570.667,209.9053
66581.333,208.6963
66592.000,218.5664
66602.667,0.0000
66613.333,0.0000
66624.000,0.0000
66634.667,0.0000
66645.333,0.0000
66656.000,0.0000
66666.667,0.0000
66677.333,0.0000
66688.000,0.0000
66698.667,145.0354
66709.333,140.0950
66720.000,139.2881
66730.667,138.4858
66741.333,138.4858
66752.000,139.2881
66762.667,140.0950
66773.333,140.0950
66784.000,140.0950
66794.667,140.0950
66805.333,140.9065
66816.000,140.0950
66826.667,138.4858
66837.333,134.5434
66848.000,132.9981
66858.667,0.0000
66869.333,0.0000
66880.000,0.0000
66890.667,0.0000
66901.333,0.0000
66912.000,0.0000
66922.667,0.0000
66933.333,0.0000
66944.000,0.0000
66954.667,0.0000
66965.333,0.0000
66976.000,169.5141
66986.667,168.5378
66997.333,167.5671
67008.000,161.8591
67018.667,160.9269
67029.333,159.0785
67040.000,156.3456
67050.667,154.5498
67061.333,156.3456
67072.000,158.1622
67082.667,160.9269
67093.333,164.6884
67104.000,165.6424
67114.667,166.6019
67125.333,166.6019
67136.000,166.6019
67146.667,166.6019
67157.333,165.6424
67168.000,164.6884
67178.667,163.7398
67189.333,163.7398
67200.000,163.7398
67210.667,164.6884
67221.333,162.7968
67232.000,161.8591
67242.667,160.0000
67253.333,159.0785
67264.000,161.8591
67274.667,165.6424
67285.333,171.4838
67296.000,171.4838
67306.667,170.4961
67317.333,170.4961
67328.000,169.5141
67338.667,168.5378
67349.333,167.5671
67360.000,167.5671
67370.667,167.5671
67381.333,174.4812
67392.000,177.5311
67402.667,179.5939
67413.333,181.6807
67424.000,183.7917
67434.667,183.7917
67445.333,183.7917
67456.000,183.7917
67466.667,183.7917
67477.333,183.7917
67488.000,183.7917
67498.667,184.8564
67509.333,184.8564
67520.000,185.9273
67530.667,187.0044
67541.333,188.0877
67552.000,187.0044
67562.667,185.9273
67573.333,185.9273
67584.000,187.0044
67594.667,188.0877
67605.333,188.0877
67616.000,187.0044
67626.667,185.9273
67637.333,185.9273
67648.000,185.9273
67658.667,185.9273
67669.333,184.8564
67680.000,183.7917
67690.667,183.7917
67701.333,183.7917
67712.000,184.8564
67722.667,183.7917
67733.333,182.7332
67744.000,181.6807
67754.667,183.7917
67765.333,183.7917
67776.000,182.7332
67786.667,182.7332
67797.333,182.7332
67808.000,183.7917
67818.667,182.7332
67829.333,0.0000
67840.000,0.0000
67850.667,0.0000
67861.333,0.0000
67872.000,0.0000
67882.667,0.0000
67893.333,0.0000
67904.000,0.0000
67914.667,0.0000
67925.333,0.0000
67936.000,0.0000
67946.667,0.0000
67957.333,0.0000
67968.000,0.0000
67978.667,0.0000
67989.333,0.0000
68000.000,0.0000
68010.667,0.0000
68021.333,0.0000
68032.000,0.0000
68042.667,0.0000
68053.333,0.0000
68064.000,0.0000
68074.667,0.0000
68085.333,0.0000
68096.000,0.0000
68106.667,0.0000
68117.333,0.0000
68128.000,0.0000
68138.667,0.0000
68149.333,0.0000
68160.000,0.0000
68170.667,0.0000
68181.333,0.0000
68192.000,0.0000
68202.667,0.0000
68213.333,0.0000
68224.000,0.0000
68234.667,0.0000
68245.333,0.0000
68256.000,0.0000
68266.667,0.0000
68277.333,0.0000
68288.000,0.0000
68298.667,0.0000
68309.333,0.0000
68320.000,0.0000
68330.667,0.0000
68341.333,0.0000
68352.000,0.0000
68362.667,0.0000
68373.333,0.0000
68384.000,0.0000
68394.667,0.0000
68405.333,0.0000
68416.000,0.0000
68426.667,0.0000
68437.333,0.0000
68448.000,0.0000
68458.667,0.0000
68469.333,0.0000
68480.000,0.0000
68490.667,0.0000
68501.333,0.0000
68512.000,0.0000
68522.667,0.0000
68533.333,0.0000
68544.000,0.0000
68554.667,0.0000
68565.333,164.6884
68576.000,163.7398
68586.667,163.7398
68597.333,162.7968
68608.000,162.7968
68618.667,161.8591
68629.333,162.7968
68640.000,165.6424
68650.667,171.4838
68661.333,178.5595
68672.000,183.7917
68682.667,184.8564
68693.333,187.0044
68704.000,187.0044
68714.667,187.0044
68725.333,185.9273
68736.000,184.8564
68746.667,183.7917
68757.333,184.8564
68768.000,184.8564
68778.667,185.9273
68789.333,185.9273
68800.000,185.9273
68810.667,185.9273
68821.333,184.8564
68832.000,183.7917
68842.667,183.7917
68853.333,185.9273
68864.000,187.0044
68874.667,185.9273
68885.333,185.9273
68896.000,184.8564
68906.667,184.8564
68917.333,184.8564
68928.000,184.8564
68938.667,185.9273
68949.333,189.1772
68960.000,198.1242
68970.667,203.9297
68981.333,206.2992
68992.000,207.4943
69002.667,208.6963
69013.333,208.6963
69024.000,207.4943
69034.667,207.4943
69045.333,207.4943
69056.000,206.2992
69066.667,206.2992
69077.333,206.2992
69088.000,206.2992
69098.667,205.1111
69109.333,203.9297
69120.000,203.9297
69130.667,199.2719
69141.333,183.7917
69152.000,187.0044
69162.667,190.2731
69173.333,189.1772
69184.000,188.0877
69194.667,187.0044
69205.333,185.9273
69216.000,181.6807
69226.667,178.5595
69237.333,169.5141
69248.000,183.7917
69258.667,172.4771
69269.333,171.4838
69280.000,0.0000
69290.667,159.0785
69301.333,165.6424
69312.000,163.7398
69322.667,163.7398
69333.333,163.7398
69344.000,163.7398
69354.667,164.6884
69365.333,164.6884
69376.000,164.6884
69386.667,164.6884
69397.333,163.7398
69408.000,162.7968
69418.667,159.0785
69429.333,164.6884
69440.000,161.8591
69450.667,0.0000
69461.333,0.0000
69472.000,164.6884
69482.667,164.6884
69493.333,163.7398
69504.000,167.5671
69514.667,167.5671
69525.333,166.6019
69536.000,166.6019
69546.667,165.6424
69557.333,164.6884
69568.000,163.7398
69578.667,163.7398
69589.333,163.7398
69600.000,165.6424
69610.667,0.0000
69621.333,0.0000
69632.000,0.0000
69642.667,0.0000
69653.333,184.8564
69664.000,184.8564
69674.667,185.9273
69685.333,185.9273
69696.000,184.8564
69706.667,184.8564
69717.333,184.8564
69728.000,183.7917
69738.667,183.7917
69749.333,183.7917
69760.000,184.8564
69770.667,184.8564
69781.333,184.8564
69792.000,185.9273
69802.667,185.9273
69813.333,185.9273
69824.000,185.9273
69834.667,185.9273
69845.333,185.9273
69856.000,185.9273
69866.667,185.9273
69877.333,185.9273
69888.000,185.9273
69898.667,185.9273
69909.333,184.8564
69920.000,183.7917
69930.667,179.5939
69941.333,168.5378
69952.000,167.5671
69962.667,167.5671
69973.333,166.6019
69984.000,164.6884
69994.667,157.2513
70005.333,150.1501
70016.000,147.5706
70026.667,140.0950
70037.333,140.9065
70048.000,140.0950
70058.667,139.2881
70069.333,138.4858
70080.000,138.4858
70090.667,139.2881
70101.333,138.4858
70112.000,137.6882
70122.667,137.6882
70133.333,138.4858
70144.000,138.4858
70154.667,138.4858
70165.333,137.6882
70176.000,138.4858
70186.667,138.4858
70197.333,146.7206
70208.000,146.7206
70218.667,0.0000
70229.333,124.8104
70240.000,129.9604
70250.667,131.4705
70261.333,133.7685
70272.000,136.1067
70282.667,136.8952
70293.333,136.8952
70304.000,136.8952
70314.667,136.8952
70325.333,137.6882
70336.000,137.6882
70346.667,137.6882
70357.333,137.6882
70368.000,137.6882
70378.667,137.6882
70389.333,138.4858
70400.000,138.4858
70410.667,139.2881
70421.333,139.2881
70432.000,139.2881
70442.667,140.0950
70453.333,140.0950
70464.000,140.0950
70474.667,139.2881
70485.333,139.2881
70496.000,138.4858
70506.667,138.4858
70517.333,138.4858
70528.000,138.4858
70538.667,139.2881
70549.333,138.4858
70560.000,139.2881
70570.667,140.0950
70581.333,140.0950
70592.000,140.9065
70602.667,141.7228
70613.333,141.7228
70624.000,141.7228
70634.667,142.5438
70645.333,142.5438
70656.000,141.7228
70666.667,140.9065
70677.333,140.0950
70688.000,137.6882
70698.667,136.8952
70709.333,136.8952
70720.000,136.1067
70730.667,136.8952
70741.333,137.6882
70752.000,0.0000
70762.667,0.0000
70773.333,0.0000
70784.000,0.0000
70794.667,0.0000
70805.333,162.7968
70816.000,162.7968
70826.667,158.1622
70837.333,159.0785
70848.000,160.0000
70858.667,160.9269
70869.333,160.9269
70880.000,160.9269
70890.667,160.9269
70901.333,161.8591
70912.000,161.8591
70922.667,161.8591
70933.333,161.8591
70944.000,161.8591
70954.667,160.9269
70965.333,161.8591
70976.000,161.8591
70986.667,162.7968
70997.333,163.7398
71008.000,163.7398
71018.667,164.6884
71029.333,165.6424
71040.000,166.6019
71050.667,166.6019
71061.333,166.6019
71072.000,166.6019
71082.667,167.5671
71093.333,166.6019
71104.000,166.6019
71114.667,165.6424
71125.333,164.6884
71136.000,164.6884
71146.667,164.6884
71157.333,163.7398
71168.000,163.7398
71178.667,163.7398
71189.333,163.7398
71200.000,162.7968
71210.667,162.7968
71221.333,163.7398
71232.000,163.7398
71242.667,163.7398
71253.333,163.7398
71264.000,163.7398
71274.667,164.6884
71285.333,164.6884
71296.000,164.6884
71306.667,164.6884
71317.333,163.7398
71328.000,163.7398
71338.667,162.7968
71349.333,161.8591
71360.000,163.7398
71370.667,164.6884
71381.333,165.6424
71392.000,166.6019
71402.667,166.6019
71413.333,166.6019
71424.000,166.6019
71434.667,165.6424
71445.333,165.6424
71456.000,170.4961
71466.667,171.4838
71477.333,173.4763
71488.000,174.4812
71498.667,177.5311
71509.333,179.5939
71520.000,181.6807
71530.667,183.7917
71541.333,184.8564
71552.000,182.7332
71562.667,183.7917
71573.333,183.7917
71584.000,184.8564
71594.667,184.8564
71605.333,184.8564
71616.000,184.8564
71626.667,184.8564
71637.333,185.9273
71648.000,187.0044
71658.667,187.0044
71669.333,185.9273
71680.000,185.9273
71690.667,185.9273
71701.333,185.9273
71712.000,184.8564
71722.667,184.8564
71733.333,183.7917
71744.000,183.7917
71754.667,183.7917
71765.333,184.8564
71776.000,184.8564
71786.667,185.9273
71797.333,187.0044
71808.000,187.0044
71818.667,187.0044
71829.333,187.0044
71840.000,187.0044
71850.667,185.9273
71861.333,184.8564
71872.000,184.8564
71882.667,184.8564
71893.333,184.8564
71904.000,184.8564
71914.667,184.8564
71925.333,184.8564
71936.000,185.9273
71946.667,185.9273
71957.333,185.9273
71968.000,187.0044
71978.667,187.0044
71989.333,185.9273
72000.000,185.9273
72010.667,185.9273
72021.333,185.9273
72032.000,185.9273
72042.667,184.8564
72053.333,185.9273
72064.000,187.0044
72074.667,188.0877
72085.333,188.0877
72096.000,189.1772
72106.667,0.0000
72117.333,0.0000
72128.000,0.0000
72138.667,0.0000
72149.333,0.0000
72160.000,0.0000
72170.667,0.0000
72181.333,205.1111
72192.000,205.1111
72202.667,205.1111
72213.333,205.1111
72224.000,205.1111
72234.667,206.2992
72245.333,207.4943
72256.000,208.6963
72266.667,208.6963
72277.333,208.6963
72288.000,208.6963
72298.667,207.4943
72309.333,208.6963
72320.000,208.6963
72330.667,206.2992
72341.333,205.1111
72352.000,205.1111
72362.667,205.1111
72373.333,206.2992
72384.000,206.2992
72394.667,0.0000
72405.333,0.0000
72416.000,0.0000
72426.667,0.0000
72437.333,0.0000
72448.000,422.2425
72458.667,419.8106
72469.333,417.3927
72480.000,417.3927
72490.667,414.9887
72501.333,412.5985
72512.000,412.5985
72522.667,412.5985
72533.333,417.3927
72544.000,424.6886
72554.667,429.6232
72565.333,434.6152
72576.000,437.1329
72586.667,432.1120
72597.333,424.6886
72608.000,419.8106
72618.667,417.3927
72629.333,422.2425
72640.000,427.1488
72650.667,424.6886
72661.333,424.6886
72672.000,422.2425
72682.667,0.0000
72693.333,0.0000
72704.000,0.0000
72714.667,0.0000
72725.333,0.0000
72736.000,0.0000
72746.667,0.0000
72757.333,422.2425
72768.000,422.2425
72778.667,419.8106
72789.333,419.8106
72800.000,419.8106
72810.667,417.3927
72821.333,417.3927
72832.000,417.3927
72842.667,414.9887
72853.333,417.3927
72864.000,417.3927
72874.667,414.9887
72885.333,414.9887
72896.000,417.3927
72906.667,419.8106
72917.333,419.8106
72928.000,419.8106
72938.667,419.8106
72949.333,419.8106
72960.000,417.3927
72970.667,417.3927
72981.333,414.9887
72992.000,417.3927
73002.667,419.8106
73013.333,419.8106
73024.000,422.2425
73034.667,422.2425
73045.333,414.9887
73056.000,417.3927
73066.667,419.8106
73077.333,419.8106
73088.000,424.6886
73098.667,424.6886
73109.333,419.8106
73120.000,419.8106
73130.667,419.8106
73141.333,419.8106
73152.000,417.3927
73162.667,414.9887
73173.333,407.8594
73184.000,407.8594
73194.667,0.0000
73205.333,0.0000
73216.000,0.0000
73226.667,0.0000
73237.333,0.0000
73248.000,0.0000
73258.667,0.0000
73269.333,0.0000
73280.000,0.0000
73290.667,0.0000
73301.333,0.0000
73312.000,0.0000
73322.667,0.0000
73333.333,0.0000
73344.000,0.0000
73354.667,0.0000
73365.333,0.0000
73376.000,0.0000
73386.667,0.0000
73397.333,0.0000
73408.000,0.0000
73418.667,0.0000
73429.333,0.0000
73440.000,0.0000
73450.667,0.0000
73461.333,0.0000
73472.000,0.0000
73482.667,0.0000
73493.333,0.0000
73504.000,0.0000
73514.667,0.0000
73525.333,0.0000
73536.000,0.0000
73546.667,0.0000
73557.333,166.6019
73568.000,164.6884
73578.667,163.7398
73589.333,163.7398
73600.000,161.8591
73610.667,160.9269
73621.333,161.8591
73632.000,161.8591
73642.667,166.6019
73653.333,172.4771
73664.000,176.5086
73674.667,182.7332
73685.333,188.0877
73696.000,188.0877
73706.667,189.1772
73717.333,188.0877
73728.000,185.9273
73738.667,184.8564
73749.333,182.7332
73760.000,183.7917
73770.667,184.8564
73781.333,185.9273
73792.000,185.9273
73802.667,185.9273
73813.333,185.9273
73824.000,185.9273
73834.667,185.9273
73845.333,185.9273
73856.000,185.9273
73866.667,185.9273
73877.333,187.0044
73888.000,187.0044
73898.667,185.9273
73909.333,185.9273
73920.000,185.9273
73930.667,188.0877
73941.333,190.2731
73952.000,194.7206
73962.667,199.2719
73973.333,203.9297
73984.000,207.4943
73994.667,208.6963
74005.333,208.6963
74016.000,207.4943
74026.667,207.4943
74037.333,207.4943
74048.000,207.4943
74058.667,206.2992
74069.333,206.2992
74080.000,206.2992
74090.667,206.2992
74101.333,206.2992
74112.000,206.2992
74122.667,205.1111
74133.333,196.9831
74144.000,189.1772
74154.667,189.1772
74165.333,190.2731
74176.000,189.1772
74186.667,188.0877
74197.333,187.0044
74208.000,183.7917
74218.667,181.6807
74229.333,180.6343
74240.000,182.7332
74250.667,181.6807
74261.333,179.5939
74272.000,171.4838
74282.667,154.5498
74293.333,160.0000
74304.000,162.7968
74314.667,163.7398
74325.333,165.6424
74336.000,165.6424
74346.667,166.6019
74357.333,166.6019
74368.000,165.6424
74378.667,164.6884
74389.333,164.6884
74400.000,164.6884
74410.667,0.0000
74421.333,0.0000
74432.000,0.0000
74442.667,0.0000
74453.333,0.0000
74464.000,160.9269
74474.667,161.8591
74485.333,164.6884
74496.000,165.6424
74506.667,165.6424
74517.333,164.6884
74528.000,164.6884
74538.667,163.7398
74549.333,163.7398
74560.000,163.7398
74570.667,162.7968
74581.333,162.7968
74592.000,162.7968
74602.667,163.7398
74613.333,0.0000
74624.000,0.0000
74634.667,177.5311
74645.333,181.6807
74656.000,182.7332
74666.667,184.8564
74677.333,184.8564
74688.000,184.8564
74698.667,184.8564
74709.333,183.7917
74720.000,183.7917
74730.667,183.7917
74741.333,183.7917
74752.000,183.7917
74762.667,183.7917
74773.333,184.8564
74784.000,184.8564
74794.667,184.8564
74805.333,184.8564
74816.000,184.8564
74826.667,184.8564
74837.333,184.8564
74848.000,184.8564
74858.667,184.8564
74869.333,184.8564
74880.000,184.8564
74890.667,184.8564
74901.333,183.7917
74912.000,182.7332
74922.667,181.6807
74933.333,179.5939
74944.000,178.5595
74954.667,177.5311
74965.333,171.4838
74976.000,170.4961
74986.667,160.9269
74997.333,160.0000
75008.000,157.2513
75018.667,0.0000
75029.333,149.2853
75040.000,146.7206
75050.667,138.4858
75061.333,138.4858
75072.000,132.2321
75082.667,138.4858
75093.333,138.4858
75104.000,138.4858
75114.667,138.4858
75125.333,138.4858
75136.000,137.6882
75146.667,137.6882
75157.333,137.6882
75168.000,137.6882
75178.667,137.6882
75189.333,138.4858
75200.000,138.4858
75210.667,136.8952
75221.333,136.8952
75232.000,131.4705
75242.667,131.4705
75253.333,134.5434
75264.000,136.1067
75274.667,135.3228
75285.333,135.3228
75296.000,136.1067
75306.667,136.8952
75317.333,137.6882
75328.000,137.6882
75338.667,137.6882
75349.333,136.8952
75360.000,136.8952
75370.667,136.1067
75381.333,136.8952
75392.000,137.6882
75402.667,138.4858
75413.333,138.4858
75424.000,139.2881
75434.667,139.2881
75445.333,140.0950
75456.000,140.0950
75466.667,139.2881
75477.333,139.2881
75488.000,138.4858
75498.667,138.4858
75509.333,138.4858
75520.000,138.4858
75530.667,139.2881
75541.333,139.2881
75552.000,139.2881
75562.667,139.2881
75573.333,140.0950
75584.000,140.0950
75594.667,140.9065
75605.333,140.9065
75616.000,140.0950
75626.667,140.0950
75637.333,144.2001
75648.000,143.3695
75658.667,140.9065
75669.333,140.0950
75680.000,139.2881
75690.667,138.4858
75701.333,137.6882
75712.000,136.1067
75722.667,136.1067
75733.333,136.8952
75744.000,138.4858
75754.667,140.0950
75765.333,0.0000
75776.000,0.0000
75786.667,0.0000
75797.333,0.0000
75808.000,0.0000
75818.667,0.0000
75829.333,0.0000
75840.000,0.0000
75850.667,0.0000
75861.333,0.0000
75872.000,0.0000
75882.667,161.8591
75893.333,162.7968
75904.000,162.7968
75914.667,161.8591
75925.333,162.7968
75936.000,161.8591
75946.667,161.8591
75957.333,161.8591
75968.000,162.7968
75978.667,162.7968
75989.333,162.7968
76000.000,163.7398
76010.667,164.6884
76021.333,164.6884
76032.000,164.6884
76042.667,165.6424
76053.333,166.6019
76064.000,166.6019
76074.667,166.6019
76085.333,166.6019
76096.000,166.6019
76106.667,166.6019
76117.333,165.6424
76128.000,165.6424
76138.667,164.6884
76149.333,164.6884
76160.000,163.7398
76170.667,162.7968
76181.333,163.7398
76192.000,162.7968
76202.667,162.7968
76213.333,162.7968
76224.000,163.7398
76234.667,163.7398
76245.333,164.6884
76256.000,164.6884
76266.667,164.6884
76277.333,164.6884
76288.000,164.6884
76298.667,164.6884
76309.333,164.6884
76320.000,164.6884
76330.667,164.6884
76341.333,163.7398
76352.000,162.7968
76362.667,163.7398
76373.333,165.6424
76384.000,165.6424
76394.667,165.6424
76405.333,165.6424
76416.000,0.0000
76426.667,167.5671
76437.333,166.6019
76448.000,166.6019
76458.667,168.5378
76469.333,169.5141
76480.000,174.4812
76490.667,175.4920
76501.333,177.5311
76512.000,177.5311
76522.667,178.5595
76533.333,181.6807
76544.000,182.7332
76554.667,183.7917
76565.333,184.8564
76576.000,184.8564
76586.667,184.8564
76597.333,184.8564
76608.000,184.8564
76618.667,185.9273
76629.333,185.9273
76640.000,185.9273
76650.667,185.9273
76661.333,187.0044
76672.000,187.0044
76682.667,187.0044
76693.333,185.9273
76704.000,185.9273
76714.667,184.8564
76725.333,184.8564
76736.000,184.8564
76746.667,184.8564
76757.333,184.8564
76768.000,185.9273
76778.667,185.9273
76789.333,187.0044
76800.000,187.0044
76810.667,187.0044
76821.333,187.0044
76832.000,187.0044
76842.667,185.9273
76853.333,185.9273
76864.000,183.7917
76874.667,183.7917
76885.333,184.8564
76896.000,184.8564
76906.667,184.8564
76917.333,184.8564
76928.000,185.9273
76938.667,185.9273
76949.333,185.9273
76960.000,185.9273
76970.667,185.9273
76981.333,185.9273
76992.000,185.9273
77002.667,185.9273
77013.333,185.9273
77024.000,185.9273
77034.667,185.9273
77045.333,184.8564
77056.000,184.8564
77066.667,185.9273
77077.333,187.0044
77088.000,188.0877
77098.667,0.0000
77109.333,0.0000
77120.000,0.0000
77130.667,0.0000
77141.333,0.0000
77152.000,412.5985
77162.667,414.9887
77173.333,412.5985
77184.000,412.5985
77194.667,410.2221
77205.333,407.8594
77216.000,410.2221
77226.667,412.5985
77237.333,414.9887
77248.000,417.3927
77258.667,417.3927
77269.333,417.3927
77280.000,417.3927
77290.667,419.8106
77301.333,414.9887
77312.000,422.2425
77322.667,417.3927
77333.333,412.5985
77344.000,412.5985
77354.667,410.2221
77365.333,410.2221
77376.000,410.2221
77386.667,412.5985
77397.333,419.8106
77408.000,424.6886
77418.667,424.6886
77429.333,424.6886
77440.000,422.2425
77450.667,422.2425
77461.333,417.3927
77472.000,417.3927
77482.667,414.9887
77493.333,414.9887
77504.000,412.5985
77514.667,412.5985
77525.333,412.5985
77536.000,417.3927
77546.667,424.6886
77557.333,429.6232
77568.000,434.6152
77578.667,432.1120
77589.333,429.6232
77600.000,422.2425
77610.667,0.0000
77621.333,0.0000
77632.000,419.8106
77642.667,417.3927
77653.333,419.8106
77664.000,419.8106
77674.667,419.8106
77685.333,419.8106
77696.000,417.3927
77706.667,417.3927
77717.333,414.9887
77728.000,414.9887
77738.667,417.3927
77749.333,419.8106
77760.000,419.8106
77770.667,422.2425
77781.333,422.2425
77792.000,419.8106
77802.667,419.8106
77813.333,417.3927
77824.000,414.9887
77834.667,414.9887
77845.333,414.9887
77856.000,412.5985
77866.667,412.5985
77877.333,412.5985
77888.000,414.9887
77898.667,419.8106
77909.333,419.8106
77920.000,419.8106
77930.667,419.8106
77941.333,417.3927
77952.000,419.8106
77962.667,417.3927
77973.333,414.9887
77984.000,414.9887
77994.667,414.9887
78005.333,414.9887
78016.000,414.9887
78026.667,417.3927
78037.333,414.9887
78048.000,414.9887
78058.667,414.9887
78069.333,414.9887
78080.000,414.9887
78090.667,417.3927
78101.333,414.9887
78112.000,407.8594
78122.667,376.1753
78133.333,403.1747
78144.000,387.1981
78154.667,0.0000
78165.333,0.0000
78176.000,0.0000
78186.667,0.0000
78197.333,0.0000
78208.000,0.0000
78218.667,0.0000
78229.333,0.0000
78240.000,0.0000
78250.667,0.0000
78261.333,0.0000
78272.000,0.0000
78282.667,0.0000
78293.333,0.0000
78304.000,0.0000
78314.667,0.0000
78325.333,0.0000
78336.000,0.0000
78346.667,0.0000
78357.333,0.0000
78368.000,0.0000
78378.667,0.0000
78389.333,0.0000
78400.000,0.0000
78410.667,0.0000
78421.333,0.0000
78432.000,0.0000
78442.667,0.0000
78453.333,0.0000
78464.000,0.0000
78474.667,0.0000
78485.333,0.0000
78496.000,0.0000
78506.667,0.0000
78517.333,0.0000
78528.000,0.0000
78538.667,0.0000
78549.333,0.0000
78560.000,0.0000
78570.667,0.0000
78581.333,0.0000
78592.000,0.0000
78602.667,0.0000
78613.333,160.9269
78624.000,160.0000
78634.667,160.9269
78645.333,167.5671
78656.000,173.4763
78666.667,179.5939
78677.333,184.8564
78688.000,188.0877
78698.667,189.1772
78709.333,188.0877
78720.000,188.0877
78730.667,187.0044
78741.333,185.9273
78752.000,183.7917
78762.667,184.8564
78773.333,184.8564
78784.000,185.9273
78794.667,185.9273
78805.333,185.9273
78816.000,184.8564
78826.667,183.7917
78837.333,182.7332
78848.000,181.6807
78858.667,184.8564
78869.333,185.9273
78880.000,185.9273
78890.667,185.9273
78901.333,185.9273
78912.000,185.9273
78922.667,185.9273
78933.333,188.0877
78944.000,191.3754
78954.667,196.9831
78965.333,202.7552
78976.000,206.2992
78986.667,207.4943
78997.333,208.6963
79008.000,208.6963
79018.667,208.6963
79029.333,207.4943
79040.000,207.4943
79050.667,206.2992
79061.333,206.2992
79072.000,206.2992
79082.667,205.1111
79093.333,205.1111
79104.000,203.9297
79114.667,203.9297
79125.333,201.5874
79136.000,199.2719
79146.667,187.0044
79157.333,191.3754
79168.000,190.2731
79178.667,190.2731
79189.333,189.1772
79200.000,188.0877
79210.667,185.9273
79221.333,182.7332
79232.000,180.6343
79242.667,181.6807
79253.333,171.4838
79264.000,166.6019
79274.667,160.0000
79285.333,166.6019
79296.000,166.6019
79306.667,166.6019
79317.333,166.6019
79328.000,168.5378
79338.667,173.4763
79349.333,167.5671
79360.000,166.6019
79370.667,165.6424
79381.333,165.6424
79392.000,165.6424
79402.667,164.6884
79413.333,164.6884
79424.000,173.4763
79434.667,0.0000
79445.333,0.0000
79456.000,0.0000
79466.667,161.8591
79477.333,165.6424
79488.000,164.6884
79498.667,165.6424
79509.333,165.6424
79520.000,164.6884
79530.667,164.6884
79541.333,164.6884
79552.000,164.6884
79562.667,163.7398
79573.333,162.7968
79584.000,161.8591
79594.667,162.7968
79605.333,0.0000
79616.000,0.0000
79626.667,0.0000
79637.333,0.0000
79648.000,183.7917
79658.667,184.8564
79669.333,185.9273
79680.000,185.9273
79690.667,185.9273
79701.333,185.9273
79712.000,184.8564
79722.667,184.8564
79733.333,184.8564
79744.000,184.8564
79754.667,184.8564
79765.333,184.8564
79776.000,185.9273
79786.667,185.9273
79797.333,187.0044
79808.000,185.9273
79818.667,185.9273
79829.333,185.9273
79840.000,185.9273
79850.667,185.9273
79861.333,185.9273
79872.000,185.9273
79882.667,185.9273
79893.333,185.9273
79904.000,184.8564
79914.667,183.7917
79925.333,182.7332
79936.000,177.5311
79946.667,172.4771
79957.333,170.4961
79968.000,170.4961
79978.667,169.5141
79989.333,0.0000
80000.000,0.0000
80010.667,0.0000
80021.333,0.0000
80032.000,145.8756
80042.667,143.3695
80053.333,139.2881
80064.000,138.4858
80074.667,138.4858
80085.333,137.6882
80096.000,137.6882
80106.667,138.4858
80117.333,138.4858
80128.000,138.4858
80138.667,138.4858
80149.333,138.4858
80160.000,137.6882
80170.667,137.6882
80181.333,136.8952
80192.000,137.6882
80202.667,137.6882
80213.333,136.8952
80224.000,125.5335
80234.667,127.7277
80245.333,133.7685
80256.000,134.5434
80266.667,135.3228
80277.333,136.1067
80288.000,136.8952
80298.667,136.8952
80309.333,136.8952
80320.000,136.8952
80330.667,137.6882
80341.333,137.6882
80352.000,136.8952
80362.667,136.8952
80373.333,136.1067
80384.000,136.8952
80394.667,137.6882
80405.333,138.4858
80416.000,138.4858
80426.667,139.2881
80437.333,139.2881
80448.000,139.2881
80458.667,139.2881
80469.333,139.2881
80480.000,139.2881
80490.667,138.4858
80501.333,138.4858
80512.000,138.4858
80522.667,138.4858
80533.333,139.2881
80544.000,139.2881
80554.667,139.2881
80565.333,140.0950
80576.000,140.0950
80586.667,140.9065
80597.333,141.7228
80608.000,141.7228
80618.667,141.7228
80629.333,141.7228
80640.000,143.3695
80650.667,141.7228
80661.333,140.9065
80672.000,140.0950
80682.667,139.2881
80693.333,137.6882
80704.000,136.8952
80714.667,136.1067
80725.333,0.0000
80736.000,0.0000
80746.667,0.0000
80757.333,0.0000
80768.000,0.0000
80778.667,0.0000
80789.333,0.0000
80800.000,0.0000
80810.667,0.0000
80821.333,0.0000
80832.000,0.0000
80842.667,160.9269
80853.333,161.8591
80864.000,161.8591
80874.667,161.8591
80885.333,161.8591
80896.000,162.7968
80906.667,162.7968
80917.333,162.7968
80928.000,162.7968
80938.667,162.7968
80949.333,162.7968
80960.000,163.7398
80970.667,162.7968
80981.333,162.7968
80992.000,163.7398
81002.667,163.7398
81013.333,163.7398
81024.000,164.6884
81034.667,164.6884
81045.333,165.6424
81056.000,165.6424
81066.667,166.6019
81077.333,166.6019
81088.000,167.5671
81098.667,166.6019
81109.333,166.6019
81120.000,165.6424
81130.667,165.6424
81141.333,164.6884
81152.000,164.6884
81162.667,163.7398
81173.333,163.7398
81184.000,163.7398
81194.667,163.7398
81205.333,163.7398
81216.000,163.7398
81226.667,163.7398
81237.333,163.7398
81248.000,163.7398
81258.667,164.6884
81269.333,164.6884
81280.000,164.6884
81290.667,164.6884
81301.333,164.6884
81312.000,164.6884
81322.667,163.7398
81333.333,163.7398
81344.000,162.7968
81354.667,163.7398
81365.333,164.6884
81376.000,164.6884
81386.667,165.6424
81397.333,166.6019
81408.000,174.4812
81418.667,175.4920
81429.333,176.5086
81440.000,176.5086
81450.667,172.4771
81461.333,172.4771
81472.000,172.4771
81482.667,175.4920
81493.333,177.5311
81504.000,179.5939
81514.667,179.5939
81525.333,180.6343
81536.000,182.7332
81546.667,183.7917
81557.333,183.7917
81568.000,183.7917
81578.667,184.8564
81589.333,184.8564
81600.000,184.8564
81610.667,184.8564
81621.333,184.8564
81632.000,185.9273
81642.667,187.0044
81653.333,187.0044
81664.000,187.0044
81674.667,187.0044
81685.333,187.0044
81696.000,185.9273
81706.667,185.9273
81717.333,184.8564
81728.000,184.8564
81738.667,183.7917
81749.333,183.7917
81760.000,183.7917
81770.667,184.8564
81781.333,185.9273
81792.000,185.9273
81802.667,187.0044
81813.333,187.0044
81824.000,187.0044
81834.667,185.9273
81845.333,184.8564
81856.000,185.9273
81866.667,184.8564
81877.333,184.8564
81888.000,184.8564
81898.667,184.8564
81909.333,184.8564
81920.000,184.8564
81930.667,184.8564
81941.333,185.9273
81952.000,185.9273
81962.667,185.9273
81973.333,185.9273
81984.000,185.9273
81994.667,184.8564
82005.333,184.8564
82016.000,184.8564
82026.667,184.8564
82037.333,185.9273
82048.000,185.9273
82058.667,184.8564
82069.333,185.9273
82080.000,187.0044
82090.667,187.0044
82101.333,189.1772
82112.000,0.0000
82122.667,0.0000
82133.333,0.0000
82144.000,0.0000
82154.667,0.0000
82165.333,0.0000
82176.000,414.9887
82186.667,412.5985
82197.333,407.8594
82208.000,407.8594
82218.667,410.2221
82229.333,412.5985
82240.000,414.9887
82250.667,417.3927
82261.333,419.8106
82272.000,419.8106
82282.667,419.8106
82293.333,419.8106
82304.000,419.8106
82314.667,419.8106
82325.333,414.9887
82336.000,412.5985
82346.667,410.2221
82357.333,410.2221
82368.000,410.2221
82378.667,412.5985
82389.333,414.9887
82400.000,417.3927
82410.667,422.2425
82421.333,427.1488
82432.000,427.1488
82442.667,424.6886
82453.333,422.2425
82464.000,419.8106
82474.667,417.3927
82485.333,417.3927
82496.000,412.5985
82506.667,412.5985
82517.333,412.5985
82528.000,414.9887
82538.667,417.3927
82549.333,427.1488
82560.000,432.1120
82570.667,434.6152
82581.333,432.1120
82592.000,429.6232
82602.667,0.0000
82613.333,0.0000
82624.000,0.0000
82634.667,0.0000
82645.333,427.1488
82656.000,427.1488
82666.667,422.2425
82677.333,422.2425
82688.000,422.2425
82698.667,417.3927
82709.333,417.3927
82720.000,417.3927
82730.667,417.3927
82741.333,419.8106
82752.000,422.2425
82762.667,422.2425
82773.333,422.2425
82784.000,419.8106
82794.667,419.8106
82805.333,419.8106
82816.000,419.8106
82826.667,419.8106
82837.333,414.9887
82848.000,414.9887
82858.667,414.9887
82869.333,414.9887
82880.000,414.9887
82890.667,417.3927
82901.333,417.3927
82912.000,417.3927
82922.667,417.3927
82933.333,417.3927
82944.000,417.3927
82954.667,417.3927
82965.333,414.9887
82976.000,412.5985
82986.667,412.5985
82997.333,414.9887
83008.000,412.5985
83018.667,414.9887
83029.333,414.9887
83040.000,412.5985
83050.667,414.9887
83061.333,412.5985
83072.000,412.5985
83082.667,0.0000
83093.333,0.0000
83104.000,0.0000
83114.667,0.0000
83125.333,0.0000
83136.000,0.0000
83146.667,0.0000
83157.333,0.0000
83168.000,0.0000
83178.667,0.0000
83189.333,0.0000
83200.000,0.0000
83210.667,0.0000
83221.333,0.0000
83232.000,0.0000
83242.667,0.0000
83253.333,0.0000
83264.000,0.0000
83274.667,0.0000
83285.333,0.0000
83296.000,0.0000
83306.667,0.0000
83317.333,0.0000
83328.000,0.0000
83338.667,0.0000
83349.333,0.0000
83360.000,0.0000
83370.667,0.0000
83381.333,0.0000
83392.000,0.0000
83402.667,0.0000
83413.333,0.0000
83424.000,0.0000
83434.667,0.0000
83445.333,0.0000
83456.000,0.0000
83466.667,0.0000
83477.333,0.0000
83488.000,0.0000
83498.667,0.0000
83509.333,0.0000
83520.000,0.0000
83530.667,0.0000
83541.333,0.0000
83552.000,0.0000
83562.667,165.6424
83573.333,163.7398
83584.000,163.7398
83594.667,163.7398
83605.333,161.8591
83616.000,160.9269
83626.667,160.9269
83637.333,162.7968
83648.000,166.6019
83658.667,167.5671
83669.333,179.5939
83680.000,184.8564
83690.667,188.0877
83701.333,189.1772
83712.000,188.0877
83722.667,187.0044
83733.333,185.9273
83744.000,184.8564
83754.667,183.7917
83765.333,184.8564
83776.000,185.9273
83786.667,185.9273
83797.333,185.9273
83808.000,185.9273
83818.667,184.8564
83829.333,184.8564
83840.000,184.8564
83850.667,184.8564
83861.333,187.0044
83872.000,187.0044
83882.667,187.0044
83893.333,185.9273
83904.000,185.9273
83914.667,185.9273
83925.333,187.0044
83936.000,188.0877
83946.667,191.3754
83957.333,198.1242
83968.000,202.7552
83978.667,205.1111
83989.333,207.4943
84000.000,208.6963
84010.667,208.6963
84021.333,207.4943
84032.000,207.4943
84042.667,207.4943
84053.333,207.4943
84064.000,206.2992
84074.667,206.2992
84085.333,206.2992
84096.000,205.1111
84106.667,205.1111
84117.333,205.1111
84128.000,202.7552
84138.667,198.1242
84149.333,191.3754
84160.000,198.1242
84170.667,190.2731
84181.333,189.1772
84192.000,188.0877
84202.667,187.0044
84213.333,185.9273
84224.000,183.7917
84234.667,189.1772
84245.333,181.6807
84256.000,177.5311
84266.667,176.5086
84277.333,171.4838
84288.000,170.4961
84298.667,168.5378
84309.333,168.5378
84320.000,168.5378
84330.667,171.4838
84341.333,172.4771
84352.000,168.5378
84362.667,167.5671
84373.333,166.6019
84384.000,164.6884
84394.667,164.6884
84405.333,164.6884
84416.000,0.0000
84426.667,0.0000
84437.333,0.0000
84448.000,0.0000
84458.667,0.0000
84469.333,161.8591
84480.000,163.7398
84490.667,164.6884
84501.333,166.6019
84512.000,166.6019
84522.667,166.6019
84533.333,165.6424
84544.000,164.6884
84554.667,164.6884
84565.333,163.7398
84576.000,163.7398
84586.667,162.7968
84597.333,164.6884
84608.000,0.0000
84618.667,0.0000
84629.333,0.0000
84640.000,179.5939
84650.667,181.6807
84661.333,182.7332
84672.000,183.7917
84682.667,184.8564
84693.333,184.8564
84704.000,184.8564
84714.667,183.7917
84725.333,183.7917
84736.000,183.7917
84746.667,183.7917
84757.333,183.7917
84768.000,184.8564
84778.667,184.8564
84789.333,184.8564
84800.000,184.8564
84810.667,182.7332
84821.333,184.8564
84832.000,184.8564
84842.667,184.8564
84853.333,184.8564
84864.000,184.8564
84874.667,184.8564
84885.333,184.8564
84896.000,184.8564
84906.667,183.7917
84917.333,183.7917
84928.000,181.6807
84938.667,177.5311
84949.333,169.5141
84960.000,170.4961
84970.667,170.4961
84981.333,168.5378
84992.000,167.5671
85002.667,0.0000
85013.333,0.0000
85024.000,0.0000
85034.667,0.0000
85045.333,0.0000
85056.000,138.4858
85066.667,138.4858
85077.333,138.4858
85088.000,139.2881
85098.667,139.2881
85109.333,139.2881
85120.000,139.2881
85130.667,138.4858
85141.333,138.4858
85152.000,138.4858
85162.667,138.4858
85173.333,138.4858
85184.000,138.4858
85194.667,138.4858
85205.333,138.4858
85216.000,138.4858
85226.667,138.4858
85237.333,138.4858
85248.000,139.2881
85258.667,138.4858
85269.333,137.6882
85280.000,138.4858
85290.667,140.9065
85301.333,141.7228
85312.000,141.7228
85322.667,140.9065
85333.333,140.9065
85344.000,139.2881
85354.667,137.6882
85365.333,137.6882
85376.000,139.2881
85386.667,141.7228
85397.333,141.7228
85408.000,141.7228
85418.667,140.9065
85429.333,140.0950
85440.000,139.2881
85450.667,138.4858
85461.333,138.4858
85472.000,137.6882
85482.667,137.6882
85493.333,138.4858
85504.000,138.4858
85514.667,0.0000
85525.333,135.3228
85536.000,137.6882
85546.667,140.0950
85557.333,140.0950
85568.000,140.9065
85578.667,140.0950
85589.333,138.4858
85600.000,137.6882
85610.667,137.6882
85621.333,137.6882
85632.000,137.6882
85642.667,138.4858
85653.333,137.6882
85664.000,137.6882
85674.667,137.6882
85685.333,140.0950
85696.000,141.7228
85706.667,140.9065
85717.333,140.0950
85728.000,140.0950
85738.667,139.2881
85749.333,138.4858
85760.000,137.6882
85770.667,137.6882
85781.333,137.6882
85792.000,137.6882
85802.667,136.8952
85813.333,136.1067
85824.000,128.4677
85834.667,120.5589
85845.333,134.5434
85856.000,141.7228
85866.667,140.0950
85877.333,141.7228
85888.000,140.9065
85898.667,140.0950
85909.333,139.2881
85920.000,0.0000
85930.667,0.0000
85941.333,0.0000
85952.000,0.0000
85962.667,0.0000
85973.333,0.0000
85984.000,0.0000
85994.667,0.0000
86005.333,0.0000
86016.000,0.0000
86026.667,0.0000
86037.333,166.6019
86048.000,166.6019
86058.667,166.6019
86069.333,164.6884
86080.000,164.6884
86090.667,164.6884
86101.333,164.6884
86112.000,164.6884
86122.667,164.6884
86133.333,165.6424
86144.000,165.6424
86154.667,165.6424
86165.333,173.4763
86176.000,180.6343
86186.667,181.6807
86197.333,181.6807
86208.000,182.7332
86218.667,182.7332
86229.333,182.7332
86240.000,182.7332
86250.667,183.7917
86261.333,183.7917
86272.000,183.7917
86282.667,184.8564
86293.333,184.8564
86304.000,184.8564
86314.667,184.8564
86325.333,184.8564
86336.000,184.8564
86346.667,184.8564
86357.333,185.9273
86368.000,184.8564
86378.667,184.8564
86389.333,185.9273
86400.000,185.9273
86410.667,185.9273
86421.333,187.0044
86432.000,189.1772
86442.667,190.2731
86453.333,198.1242
86464.000,198.1242
86474.667,192.4840
86485.333,189.1772
86496.000,189.1772
86506.667,194.7206
86517.333,191.3754
86528.000,191.3754
86538.667,192.4840
86549.333,0.0000
86560.000,0.0000
86570.667,0.0000
86581.333,0.0000
86592.000,0.0000
86602.667,0.0000
86613.333,0.0000
86624.000,0.0000
86634.667,0.0000
86645.333,0.0000
86656.000,0.0000
86666.667,0.0000
86677.333,0.0000
86688.000,0.0000
86698.667,0.0000
86709.333,141.7228
86720.000,140.9065
86730.667,139.2881
86741.333,139.2881
86752.000,140.0950
86762.667,140.0950
86773.333,140.0950
86784.000,140.0950
86794.667,139.2881
86805.333,137.6882
86816.000,137.6882
86826.667,136.1067
86837.333,134.5434
86848.000,0.0000
86858.667,0.0000
86869.333,0.0000
86880.000,0.0000
86890.667,0.0000
86901.333,0.0000
86912.000,0.0000
86922.667,0.0000
86933.333,0.0000
86944.000,0.0000
86954.667,0.0000
86965.333,0.0000
86976.000,0.0000
86986.667,168.5378
86997.333,168.5378
87008.000,167.5671
87018.667,162.7968
87029.333,157.2513
87040.000,156.3456
87050.667,157.2513
87061.333,158.1622
87072.000,160.9269
87082.667,163.7398
87093.333,165.6424
87104.000,166.6019
87114.667,167.5671
87125.333,167.5671
87136.000,167.5671
87146.667,166.6019
87157.333,166.6019
87168.000,165.6424
87178.667,164.6884
87189.333,164.6884
87200.000,164.6884
87210.667,164.6884
87221.333,164.6884
87232.000,163.7398
87242.667,163.7398
87253.333,162.7968
87264.000,163.7398
87274.667,164.6884
87285.333,165.6424
87296.000,167.5671
87306.667,170.4961
87317.333,170.4961
87328.000,168.5378
87338.667,167.5671
87349.333,167.5671
87360.000,167.5671
87370.667,171.4838
87381.333,173.4763
87392.000,177.5311
87402.667,180.6343
87413.333,182.7332
87424.000,183.7917
87434.667,183.7917
87445.333,183.7917
87456.000,183.7917
87466.667,183.7917
87477.333,183.7917
87488.000,183.7917
87498.667,183.7917
87509.333,184.8564
87520.000,185.9273
87530.667,188.0877
87541.333,188.0877
87552.000,188.0877
87562.667,187.0044
87573.333,185.9273
87584.000,185.9273
87594.667,187.0044
87605.333,187.0044
87616.000,187.0044
87626.667,184.8564
87637.333,185.9273
87648.000,185.9273
87658.667,185.9273
87669.333,185.9273
87680.000,187.0044
87690.667,183.7917
87701.333,182.7332
87712.000,181.6807
87722.667,181.6807
87733.333,0.0000
87744.000,0.0000
87754.667,0.0000
87765.333,0.0000
87776.000,0.0000
87786.667,367.5835
87797.333,365.4663
87808.000,361.2686
87818.667,363.3614
87829.333,363.3614
87840.000,363.3614
87850.667,367.5835
87861.333,365.4663
87872.000,369.7129
87882.667,371.8546
87893.333,369.7129
87904.000,369.7129
87914.667,365.4663
87925.333,367.5835
87936.000,367.5835
87946.667,367.5835
87957.333,365.4663
87968.000,365.4663
87978.667,367.5835
87989.333,367.5835
88000.000,369.7129
88010.667,371.8546
88021.333,374.0087
88032.000,378.3545
88042.667,0.0000
88053.333,0.0000
88064.000,0.0000
88074.667,0.0000
88085.333,0.0000
88096.000,0.0000
88106.667,0.0000
88117.333,0.0000
88128.000,365.4663
88138.667,367.5835
88149.333,371.8546
88160.000,371.8546
88170.667,371.8546
88181.333,369.7129
88192.000,367.5835
88202.667,367.5835
88213.333,365.4663
88224.000,365.4663
88234.667,369.7129
88245.333,367.5835
88256.000,369.7129
88266.667,365.4663
88277.333,363.3614
88288.000,363.3614
88298.667,365.4663
88309.333,0.0000
88320.000,0.0000
88330.667,0.0000
88341.333,0.0000
88352.000,0.0000
88362.667,0.0000
88373.333,0.0000
88384.000,369.7129
88394.667,361.2686
88405.333,363.3614
88416.000,359.1879
88426.667,359.1879
88437.333,365.4663
88448.000,365.4663
88458.667,331.2848
88469.333,329.3767
88480.000,0.0000
88490.667,0.0000
88501.333,0.0000
88512.000,0.0000
88522.667,0.0000
88533.333,0.0000
88544.000,0.0000
88554.667,0.0000
88565.333,0.0000
88576.000,159.0785
88586.667,156.3456
88597.333,155.4451
88608.000,155.4451
88618.667,157.2513
88629.333,163.7398
88640.000,165.6424
88650.667,172.4771
88661.333,178.5595
88672.000,180.6343
88682.667,183.7917
88693.333,185.9273
88704.000,187.0044
88714.667,188.0877
88725.333,187.0044
88736.000,187.0044
88746.667,185.9273
88757.333,185.9273
88768.000,185.9273
88778.667,185.9273
88789.333,184.8564
88800.000,184.8564
88810.667,183.7917
88821.333,182.7332
88832.000,183.7917
88842.667,185.9273
88853.333,188.0877
88864.000,188.0877
88874.667,188.0877
88885.333,187.0044
88896.000,187.0044
88906.667,185.9273
88917.333,185.9273
88928.000,188.0877
88938.667,192.4840
88949.333,196.9831
88960.000,202.7552
88970.667,206.2992
88981.333,208.6963
88992.000,209.9053
89002.667,209.9053
89013.333,211.1213
89024.000,209.9053
89034.667,209.9053
89045.333,208.6963
89056.000,208.6963
89066.667,208.6963
89077.333,207.4943
89088.000,206.2992
89098.667,205.1111
89109.333,203.9297
89120.000,201.5874
89130.667,188.0877
89141.333,189.1772
89152.000,193.5991
89162.667,191.3754
89173.333,191.3754
89184.000,191.3754
89194.667,189.1772
89205.333,182.7332
89216.000,158.1622
89226.667,156.3456
89237.333,158.1622
89248.000,157.2513
89258.667,0.0000
89269.333,173.4763
89280.000,180.6343
89290.667,170.4961
89301.333,169.5141
89312.000,168.5378
89322.667,164.6884
89333.333,162.7968
89344.000,170.4961
89354.667,179.5939
89365.333,179.5939
89376.000,0.0000
89386.667,0.0000
89397.333,0.0000
89408.000,0.0000
89418.667,0.0000
89429.333,0.0000
89440.000,0.0000
89450.667,0.0000
89461.333,0.0000
89472.000,164.6884
89482.667,165.6424
89493.333,165.6424
89504.000,164.6884
89514.667,163.7398
89525.333,161.8591
89536.000,161.8591
89546.667,160.9269
89557.333,161.8591
89568.000,162.7968
89578.667,164.6884
89589.333,166.6019
89600.000,167.5671
89610.667,167.5671
89621.333,166.6019
89632.000,166.6019
89642.667,166.6019
89653.333,164.6884
89664.000,166.6019
89674.667,168.5378
89685.333,173.4763
89696.000,176.5086
89706.667,172.4771
89717.333,0.0000
89728.000,0.0000
89738.667,0.0000
89749.333,0.0000
89760.000,167.5671
89770.667,165.6424
89781.333,164.6884
89792.000,163.7398
89802.667,164.6884
89813.333,165.6424
89824.000,164.6884
89834.667,165.6424
89845.333,165.6424
89856.000,167.5671
89866.667,170.4961
89877.333,173.4763
89888.000,177.5311
89898.667,181.6807
89909.333,184.8564
89920.000,185.9273
89930.667,187.0044
89941.333,187.0044
89952.000,185.9273
89962.667,184.8564
89973.333,182.7332
89984.000,182.7332
89994.667,182.7332
90005.333,183.7917
90016.000,183.7917
90026.667,183.7917
90037.333,181.6807
90048.000,175.4920
90058.667,177.5311
90069.333,0.0000
90080.000,0.0000
90090.667,0.0000
90101.333,0.0000
90112.000,0.0000
90122.667,0.0000
90133.333,0.0000
90144.000,0.0000
90154.667,0.0000
90165.333,144.2001
90176.000,140.0950
90186.667,138.4858
90197.333,140.0950
90208.000,140.0950
90218.667,138.4858
90229.333,138.4858
90240.000,138.4858
90250.667,140.0950
90261.333,147.5706
90272.000,156.3456
90282.667,160.9269
90293.333,164.6884
90304.000,165.6424
90314.667,165.6424
90325.333,164.6884
90336.000,164.6884
90346.667,164.6884
90357.333,164.6884
90368.000,164.6884
90378.667,165.6424
90389.333,166.6019
90400.000,165.6424
90410.667,160.9269
90421.333,154.5498
90432.000,156.3456
90442.667,161.8591
90453.333,158.1622
90464.000,156.3456
90474.667,160.0000
90485.333,160.9269
90496.000,160.9269
90506.667,0.0000
90517.333,0.0000
90528.000,0.0000
90538.667,0.0000
90549.333,0.0000
90560.000,0.0000
90570.667,162.7968
90581.333,164.6884
90592.000,167.5671
90602.667,167.5671
90613.333,168.5378
90624.000,167.5671
90634.667,166.6019
90645.333,162.7968
90656.000,160.0000
90666.667,160.0000
90677.333,160.0000
90688.000,160.9269
90698.667,162.7968
90709.333,164.6884
90720.000,165.6424
90730.667,166.6019
90741.333,165.6424
90752.000,164.6884
90762.667,163.7398
90773.333,162.7968
90784.000,163.7398
90794.667,164.6884
90805.333,165.6424
90816.000,166.6019
90826.667,166.6019
90837.333,166.6019
90848.000,166.6019
90858.667,165.6424
90869.333,165.6424
90880.000,165.6424
90890.667,166.6019
90901.333,166.6019
90912.000,165.6424
90922.667,165.6424
90933.333,164.6884
90944.000,163.7398
90954.667,162.7968
90965.333,162.7968
90976.000,163.7398
90986.667,163.7398
90997.333,164.6884
91008.000,166.6019
91018.667,167.5671
91029.333,167.5671
91040.000,167.5671
91050.667,164.6884
91061.333,166.6019
91072.000,0.0000
91082.667,0.0000
91093.333,166.6019
91104.000,170.4961
91114.667,165.6424
91125.333,164.6884
91136.000,165.6424
91146.667,165.6424
91157.333,164.6884
91168.000,162.7968
91178.667,0.0000
91189.333,0.0000
91200.000,0.0000
91210.667,0.0000
91221.333,0.0000
91232.000,0.0000
91242.667,0.0000
91253.333,0.0000
91264.000,0.0000
91274.667,0.0000
91285.333,0.0000
91296.000,0.0000
91306.667,0.0000
91317.333,0.0000
91328.000,180.6343
91338.667,180.6343
91349.333,176.5086
91360.000,175.4920
91370.667,168.5378
91381.333,166.6019
91392.000,165.6424
91402.667,165.6424
91413.333,164.6884
91424.000,164.6884
91434.667,163.7398
91445.333,163.7398
91456.000,163.7398
91466.667,163.7398
91477.333,163.7398
91488.000,164.6884
91498.667,164.6884
91509.333,165.6424
91520.000,166.6019
91530.667,166.6019
91541.333,166.6019
91552.000,166.6019
91562.667,164.6884
91573.333,159.0785
91584.000,160.9269
91594.667,158.1622
91605.333,153.6597
91616.000,163.7398
91626.667,165.6424
91637.333,166.6019
91648.000,166.6019
91658.667,166.6019
91669.333,165.6424
91680.000,156.3456
91690.667,153.6597
91701.333,145.8756
91712.000,142.5438
91722.667,143.3695
91733.333,139.2881
91744.000,137.6882
91754.667,137.6882
91765.333,136.8952
91776.000,132.2321
91786.667,0.0000
91797.333,0.0000
91808.000,152.7747
91818.667,156.3456
91829.333,160.9269
91840.000,165.6424
91850.667,165.6424
91861.333,164.6884
91872.000,163.7398
91882.667,162.7968
91893.333,162.7968
91904.000,162.7968
91914.667,162.7968
91925.333,163.7398
91936.000,163.7398
91946.667,164.6884
91957.333,164.6884
91968.000,165.6424
91978.667,167.5671
91989.333,167.5671
92000.000,167.5671
92010.667,167.5671
92021.333,166.6019
92032.000,165.6424
92042.667,165.6424
92053.333,164.6884
92064.000,164.6884
92074.667,164.6884
92085.333,164.6884
92096.000,164.6884
92106.667,164.6884
92117.333,164.6884
92128.000,165.6424
92138.667,164.6884
92149.333,164.6884
92160.000,163.7398
92170.667,162.7968
92181.333,160.0000
92192.000,154.5498
92202.667,153.6597
92213.333,149.2853
92224.000,145.8756
92234.667,144.2001
92245.333,148.4255
92256.000,149.2853
92266.667,162.7968
92277.333,162.7968
92288.000,164.6884
92298.667,167.5671
92309.333,167.5671
92320.000,167.5671
92330.667,166.6019
92341.333,164.6884
92352.000,163.7398
92362.667,161.8591
92373.333,160.9269
92384.000,160.0000
92394.667,160.9269
92405.333,162.7968
92416.000,165.6424
92426.667,167.5671
92437.333,167.5671
92448.000,166.6019
92458.667,164.6884
92469.333,164.6884
92480.000,163.7398
92490.667,163.7398
92501.333,163.7398
92512.000,162.7968
92522.667,162.7968
92533.333,164.6884
92544.000,164.6884
92554.667,164.6884
92565.333,165.6424
92576.000,165.6424
92586.667,166.6019
92597.333,166.6019
92608.000,166.6019
92618.667,166.6019
92629.333,166.6019
92640.000,166.6019
92650.667,165.6424
92661.333,164.6884
92672.000,163.7398
92682.667,162.7968
92693.333,161.8591
92704.000,161.8591
92714.667,163.7398
92725.333,165.6424
92736.000,166.6019
92746.667,167.5671
92757.333,169.5141
92768.000,170.4961
92778.667,164.6884
92789.333,0.0000
92800.000,0.0000
92810.667,0.0000
92821.333,0.0000
92832.000,0.0000
92842.667,0.0000
92853.333,0.0000
92864.000,0.0000
92874.667,0.0000
92885.333,0.0000
92896.000,0.0000
92906.667,0.0000
92917.333,170.4961
92928.000,169.5141
92938.667,168.5378
92949.333,166.6019
92960.000,165.6424
92970.667,164.6884
92981.333,163.7398
92992.000,163.7398
