timestamp_ms,frequency_hz
0.000,228.9033
10.667,228.9033
21.333,228.9033
32.000,227.5850
42.667,227.5850
53.333,226.2742
64.000,224.9709
74.667,223.6752
85.333,221.1061
96.000,219.8326
106.667,217.3076
117.333,216.0560
128.000,214.8116
138.667,214.8116
149.333,216.0560
160.000,216.0560
170.667,218.5664
181.333,219.8326
192.000,221.1061
202.667,221.1061
213.333,222.3869
224.000,222.3869
234.667,221.1061
245.333,219.8326
256.000,218.5664
266.667,217.3076
277.333,216.0560
288.000,214.8116
298.667,212.3443
309.333,211.1213
320.000,211.1213
330.667,212.3443
341.333,214.8116
352.000,217.3076
362.667,221.1061
373.333,223.6752
384.000,223.6752
394.667,223.6752
405.333,222.3869
416.000,219.8326
426.667,218.5664
437.333,217.3076
448.000,214.8116
458.667,213.5744
469.333,214.8116
480.000,214.8116
490.667,216.0560
501.333,218.5664
512.000,219.8326
522.667,221.1061
533.333,223.6752
544.000,224.9709
554.667,226.2742
565.333,226.2742
576.000,227.5850
586.667,228.9033
597.333,224.9709
608.000,219.8326
618.667,214.8116
629.333,211.1213
640.000,209.9053
650.667,228.9033
661.333,226.2742
672.000,223.6752
682.667,222.3869
693.333,221.1061
704.000,219.8326
714.667,217.3076
725.333,217.3076
736.000,218.5664
746.667,218.5664
757.333,217.3076
768.000,214.8116
778.667,0.0000
789.333,0.0000
800.000,0.0000
810.667,0.0000
821.333,0.0000
832.000,0.0000
842.667,0.0000
853.333,0.0000
864.000,0.0000
874.667,0.0000
885.333,0.0000
896.000,0.0000
906.667,0.0000
917.333,180.6343
928.000,183.7917
938.667,185.9273
949.333,185.9273
960.000,184.8564
970.667,183.7917
981.333,183.7917
992.000,182.7332
1002.667,182.7332
1013.333,182.7332
1024.000,183.7917
1034.667,183.7917
1045.333,184.8564
1056.000,183.7917
1066.667,179.5939
1077.333,183.7917
1088.000,183.7917
1098.667,184.8564
1109.333,184.8564
1120.000,183.7917
1130.667,183.7917
1141.333,182.7332
1152.000,180.6343
1162.667,179.5939
1173.333,178.5595
1184.000,178.5595
1194.667,193.5991
1205.333,214.8116
1216.000,216.0560
1226.667,218.5664
1237.333,219.8326
1248.000,219.8326
1258.667,218.5664
1269.333,218.5664
1280.000,216.0560
1290.667,214.8116
1301.333,212.3443
1312.000,211.1213
1322.667,209.9053
1333.333,209.9053
1344.000,209.9053
1354.667,214.8116
1365.333,219.8326
1376.000,222.3869
1386.667,224.9709
1397.333,224.9709
1408.000,224.9709
1418.667,223.6752
1429.333,222.3869
1440.000,221.1061
1450.667,218.5664
1461.333,216.0560
1472.000,213.5744
1482.667,211.1213
1493.333,211.1213
1504.000,212.3443
1514.667,214.8116
1525.333,216.0560
1536.000,217.3076
1546.667,219.8326
1557.333,222.3869
1568.000,222.3869
1578.667,223.6752
1589.333,222.3869
1600.000,221.1061
1610.667,221.1061
1621.333,218.5664
1632.000,218.5664
1642.667,217.3076
1653.333,217.3076
1664.000,217.3076
1674.667,221.1061
1685.333,221.1061
1696.000,222.3869
1706.667,222.3869
1717.333,222.3869
1728.000,201.5874
1738.667,187.0044
1749.333,182.7332
1760.000,180.6343
1770.667,176.5086
1781.333,171.4838
1792.000,0.0000
1802.667,0.0000
1813.333,214.8116
1824.000,216.0560
1834.667,216.0560
1845.333,217.3076
1856.000,223.6752
1866.667,223.6752
1877.333,0.0000
1888.000,0.0000
1898.667,0.0000
1909.333,0.0000
1920.000,224.9709
1930.667,222.3869
1941.333,221.1061
1952.000,217.3076
1962.667,221.1061
1973.333,221.1061
1984.000,222.3869
1994.667,223.6752
2005.333,223.6752
2016.000,223.6752
2026.667,223.6752
2037.333,0.0000
2048.000,0.0000
2058.667,0.0000
2069.333,0.0000
2080.000,0.0000
2090.667,0.0000
2101.333,0.0000
2112.000,0.0000
2122.667,0.0000
2133.333,0.0000
2144.000,0.0000
2154.667,212.3443
2165.333,213.5744
2176.000,213.5744
2186.667,209.9053
2197.333,209.9053
2208.000,211.1213
2218.667,211.1213
2229.333,213.5744
2240.000,213.5744
2250.667,213.5744
2261.333,213.5744
2272.000,212.3443
2282.667,208.6963
2293.333,221.1061
2304.000,222.3869
2314.667,219.8326
2325.333,0.0000
2336.000,0.0000
2346.667,0.0000
2357.333,0.0000
2368.000,0.0000
2378.667,0.0000
2389.333,0.0000
2400.000,0.0000
2410.667,0.0000
2421.333,0.0000
2432.000,0.0000
2442.667,0.0000
2453.333,234.2537
2464.000,232.9045
2474.667,231.5631
2485.333,231.5631
2496.000,231.5631
2506.667,232.9045
2517.333,231.5631
2528.000,231.5631
2538.667,227.5850
2549.333,217.3076
2560.000,217.3076
2570.667,217.3076
2581.333,219.8326
2592.000,223.6752
2602.667,224.9709
2613.333,226.2742
2624.000,227.5850
2634.667,228.9033
2645.333,226.2742
2656.000,234.2537
2666.667,235.6107
2677.333,235.6107
2688.000,235.6107
2698.667,0.0000
2709.333,0.0000
2720.000,0.0000
2730.667,0.0000
2741.333,216.0560
2752.000,216.0560
2762.667,217.3076
2773.333,216.0560
2784.000,218.5664
2794.667,219.8326
2805.333,219.8326
2816.000,221.1061
2826.667,223.6752
2837.333,223.6752
2848.000,223.6752
2858.667,222.3869
2869.333,221.1061
2880.000,222.3869
2890.667,223.6752
2901.333,0.0000
2912.000,0.0000
2922.667,0.0000
2933.333,0.0000
2944.000,0.0000
2954.667,0.0000
2965.333,0.0000
2976.000,0.0000
2986.667,0.0000
2997.333,0.0000
3008.000,0.0000
3018.667,0.0000
3029.333,0.0000
3040.000,0.0000
3050.667,0.0000
3061.333,0.0000
3072.000,0.0000
3082.667,0.0000
3093.333,0.0000
3104.000,0.0000
3114.667,0.0000
3125.333,0.0000
3136.000,0.0000
3146.667,0.0000
3157.333,0.0000
3168.000,0.0000
3178.667,0.0000
3189.333,0.0000
3200.000,0.0000
3210.667,0.0000
3221.333,0.0000
3232.000,0.0000
3242.667,0.0000
3253.333,0.0000
3264.000,0.0000
3274.667,0.0000
3285.333,0.0000
3296.000,0.0000
3306.667,0.0000
3317.333,0.0000
3328.000,0.0000
3338.667,0.0000
3349.333,0.0000
3360.000,0.0000
3370.667,0.0000
3381.333,262.9409
3392.000,267.5370
3402.667,269.0869
3413.333,269.0869
3424.000,267.5370
3434.667,267.5370
3445.333,267.5370
3456.000,270.6457
3466.667,273.7904
3477.333,276.9717
3488.000,280.1900
3498.667,281.8131
3509.333,281.8131
3520.000,281.8131
3530.667,280.1900
3541.333,278.5762
3552.000,276.9717
3562.667,275.3765
3573.333,275.3765
3584.000,276.9717
3594.667,276.9717
3605.333,278.5762
3616.000,278.5762
3626.667,280.1900
3637.333,280.1900
3648.000,280.1900
3658.667,280.1900
3669.333,281.8131
3680.000,281.8131
3690.667,281.8131
3701.333,280.1900
3712.000,278.5762
3722.667,275.3765
3733.333,272.2135
3744.000,272.2135
3754.667,272.2135
3765.333,272.2135
3776.000,273.7904
3786.667,275.3765
3797.333,276.9717
3808.000,273.7904
3818.667,273.7904
3829.333,275.3765
3840.000,278.5762
3850.667,278.5762
3861.333,0.0000
3872.000,0.0000
3882.667,0.0000
3893.333,0.0000
3904.000,0.0000
3914.667,0.0000
3925.333,0.0000
3936.000,0.0000
3946.667,0.0000
3957.333,173.4763
3968.000,172.4771
3978.667,172.4771
3989.333,172.4771
4000.000,172.4771
4010.667,172.4771
4021.333,172.4771
4032.000,171.4838
4042.667,168.5378
4053.333,166.6019
4064.000,166.6019
4074.667,166.6019
4085.333,168.5378
4096.000,170.4961
4106.667,172.4771
4117.333,183.7917
4128.000,184.8564
4138.667,184.8564
4149.333,184.8564
4160.000,187.0044
4170.667,187.0044
4181.333,187.0044
4192.000,185.9273
4202.667,184.8564
4213.333,183.7917
4224.000,182.7332
4234.667,182.7332
4245.333,182.7332
4256.000,182.7332
4266.667,182.7332
4277.333,182.7332
4288.000,183.7917
4298.667,184.8564
4309.333,185.9273
4320.000,185.9273
4330.667,185.9273
4341.333,185.9273
4352.000,185.9273
4362.667,184.8564
4373.333,184.8564
4384.000,184.8564
4394.667,184.8564
4405.333,184.8564
4416.000,184.8564
4426.667,185.9273
4437.333,185.9273
4448.000,185.9273
4458.667,185.9273
4469.333,185.9273
4480.000,184.8564
4490.667,184.8564
4501.333,184.8564
4512.000,184.8564
4522.667,184.8564
4533.333,184.8564
4544.000,184.8564
4554.667,184.8564
4565.333,184.8564
4576.000,184.8564
4586.667,184.8564
4597.333,184.8564
4608.000,184.8564
4618.667,184.8564
4629.333,184.8564
4640.000,184.8564
4650.667,184.8564
4661.333,184.8564
4672.000,184.8564
4682.667,184.8564
4693.333,185.9273
4704.000,185.9273
4714.667,185.9273
4725.333,185.9273
4736.000,184.8564
4746.667,184.8564
4757.333,182.7332
4768.000,180.6343
4778.667,174.4812
4789.333,165.6424
4800.000,159.0785
4810.667,160.0000
4821.333,148.4255
4832.000,148.4255
4842.667,153.6597
4853.333,160.0000
4864.000,164.6884
4874.667,166.6019
4885.333,167.5671
4896.000,168.5378
4906.667,168.5378
4917.333,168.5378
4928.000,166.6019
4938.667,164.6884
4949.333,162.7968
4960.000,161.8591
4970.667,160.0000
4981.333,160.0000
4992.000,159.0785
5002.667,159.0785
5013.333,159.0785
5024.000,160.0000
5034.667,161.8591
5045.333,164.6884
5056.000,166.6019
5066.667,167.5671
5077.333,169.5141
5088.000,170.4961
5098.667,170.4961
5109.333,169.5141
5120.000,167.5671
5130.667,166.6019
5141.333,164.6884
5152.000,162.7968
5162.667,161.8591
5173.333,160.9269
5184.000,160.9269
5194.667,160.9269
5205.333,161.8591
5216.000,163.7398
5226.667,167.5671
5237.333,169.5141
5248.000,171.4838
5258.667,170.4961
5269.333,170.4961
5280.000,168.5378
5290.667,166.6019
5301.333,163.7398
5312.000,161.8591
5322.667,160.0000
5333.333,160.0000
5344.000,160.9269
5354.667,163.7398
5365.333,165.6424
5376.000,167.5671
5386.667,168.5378
5397.333,168.5378
5408.000,165.6424
5418.667,163.7398
5429.333,161.8591
5440.000,162.7968
5450.667,164.6884
5461.333,168.5378
5472.000,167.5671
5482.667,166.6019
5493.333,166.6019
5504.000,167.5671
5514.667,167.5671
5525.333,167.5671
5536.000,167.5671
5546.667,163.7398
5557.333,163.7398
5568.000,162.7968
5578.667,161.8591
5589.333,160.9269
5600.000,160.9269
5610.667,160.0000
5621.333,159.0785
5632.000,160.0000
5642.667,161.8591
5653.333,164.6884
5664.000,166.6019
5674.667,168.5378
5685.333,169.5141
5696.000,169.5141
5706.667,169.5141
5717.333,168.5378
5728.000,166.6019
5738.667,185.9273
5749.333,184.8564
5760.000,185.9273
5770.667,185.9273
5781.333,185.9273
5792.000,185.9273
5802.667,185.9273
5813.333,184.8564
5824.000,184.8564
5834.667,184.8564
5845.333,184.8564
5856.000,184.8564
5866.667,183.7917
5877.333,181.6807
5888.000,171.4838
5898.667,164.6884
5909.333,162.7968
5920.000,161.8591
5930.667,183.7917
5941.333,183.7917
5952.000,182.7332
5962.667,183.7917
5973.333,182.7332
5984.000,182.7332
5994.667,0.0000
6005.333,0.0000
6016.000,0.0000
6026.667,0.0000
6037.333,0.0000
6048.000,226.2742
6058.667,219.8326
6069.333,219.8326
6080.000,219.8326
6090.667,219.8326
6101.333,219.8326
6112.000,219.8326
6122.667,218.5664
6133.333,217.3076
6144.000,214.8116
6154.667,212.3443
6165.333,209.9053
6176.000,207.4943
6186.667,206.2992
6197.333,205.1111
6208.000,206.2992
6218.667,208.6963
6229.333,209.9053
6240.000,213.5744
6250.667,217.3076
6261.333,219.8326
6272.000,222.3869
6282.667,223.6752
6293.333,224.9709
6304.000,224.9709
6314.667,222.3869
6325.333,219.8326
6336.000,217.3076
6346.667,213.5744
6357.333,211.1213
6368.000,209.9053
6378.667,207.4943
6389.333,206.2992
6400.000,206.2992
6410.667,207.4943
6421.333,209.9053
6432.000,212.3443
6442.667,216.0560
6453.333,218.5664
6464.000,219.8326
6474.667,222.3869
6485.333,222.3869
6496.000,221.1061
6506.667,219.8326
6517.333,218.5664
6528.000,216.0560
6538.667,214.8116
6549.333,212.3443
6560.000,211.1213
6570.667,208.6963
6581.333,208.6963
6592.000,208.6963
6602.667,209.9053
6613.333,212.3443
6624.000,214.8116
6634.667,217.3076
6645.333,219.8326
6656.000,221.1061
6666.667,222.3869
6677.333,221.1061
6688.000,219.8326
6698.667,217.3076
6709.333,214.8116
6720.000,212.3443
6730.667,211.1213
6741.333,209.9053
6752.000,208.6963
6762.667,209.9053
6773.333,212.3443
6784.000,213.5744
6794.667,216.0560
6805.333,217.3076
6816.000,217.3076
6826.667,218.5664
6837.333,217.3076
6848.000,217.3076
6858.667,217.3076
6869.333,218.5664
6880.000,219.8326
6890.667,221.1061
6901.333,221.1061
6912.000,222.3869
6922.667,221.1061
6933.333,219.8326
6944.000,217.3076
6954.667,217.3076
6965.333,217.3076
6976.000,217.3076
6986.667,217.3076
6997.333,218.5664
7008.000,217.3076
7018.667,214.8116
7029.333,213.5744
7040.000,213.5744
7050.667,214.8116
7061.333,216.0560
7072.000,218.5664
7082.667,219.8326
7093.333,221.1061
7104.000,219.8326
7114.667,219.8326
7125.333,217.3076
7136.000,216.0560
7146.667,214.8116
7157.333,213.5744
7168.000,212.3443
7178.667,211.1213
7189.333,213.5744
7200.000,214.8116
7210.667,216.0560
7221.333,217.3076
7232.000,217.3076
7242.667,217.3076
7253.333,218.5664
7264.000,219.8326
7274.667,221.1061
7285.333,219.8326
7296.000,218.5664
7306.667,216.0560
7317.333,214.8116
7328.000,213.5744
7338.667,212.3443
7349.333,211.1213
7360.000,212.3443
7370.667,213.5744
7381.333,212.3443
7392.000,211.1213
7402.667,209.9053
7413.333,209.9053
7424.000,212.3443
7434.667,214.8116
7445.333,214.8116
7456.000,216.0560
7466.667,217.3076
7477.333,219.8326
7488.000,221.1061
7498.667,223.6752
7509.333,222.3869
7520.000,221.1061
7530.667,219.8326
7541.333,218.5664
7552.000,217.3076
7562.667,217.3076
7573.333,216.0560
7584.000,216.0560
7594.667,217.3076
7605.333,217.3076
7616.000,218.5664
7626.667,218.5664
7637.333,218.5664
7648.000,218.5664
7658.667,218.5664
7669.333,218.5664
7680.000,219.8326
7690.667,221.1061
7701.333,219.8326
7712.000,218.5664
7722.667,218.5664
7733.333,217.3076
7744.000,217.3076
7754.667,216.0560
7765.333,216.0560
7776.000,214.8116
7786.667,216.0560
7797.333,218.5664
7808.000,218.5664
7818.667,218.5664
7829.333,218.5664
7840.000,218.5664
7850.667,218.5664
7861.333,219.8326
7872.000,219.8326
7882.667,219.8326
7893.333,218.5664
7904.000,217.3076
7914.667,218.5664
7925.333,217.3076
7936.000,217.3076
7946.667,217.3076
7957.333,217.3076
7968.000,217.3076
7978.667,217.3076
7989.333,217.3076
8000.000,218.5664
8010.667,217.3076
8021.333,217.3076
8032.000,217.3076
8042.667,218.5664
8053.333,221.1061
8064.000,216.0560
8074.667,0.0000
8085.333,0.0000
8096.000,0.0000
8106.667,0.0000
8117.333,0.0000
8128.000,0.0000
8138.667,0.0000
8149.333,0.0000
8160.000,239.7291
8170.667,248.1832
8181.333,249.6209
8192.000,248.1832
8202.667,248.1832
8213.333,248.1832
8224.000,248.1832
8234.667,248.1832
8245.333,246.7537
8256.000,246.7537
8266.667,248.1832
8277.333,249.6209
8288.000,253.9842
8298.667,259.9208
8309.333,269.0869
8320.000,273.7904
8330.667,276.9717
8341.333,280.1900
8352.000,281.8131
8362.667,281.8131
8373.333,280.1900
8384.000,278.5762
8394.667,273.7904
8405.333,272.2135
8416.000,270.6457
8426.667,272.2135
8437.333,273.7904
8448.000,275.3765
8458.667,278.5762
8469.333,280.1900
8480.000,283.4456
8490.667,283.4456
8501.333,283.4456
8512.000,281.8131
8522.667,278.5762
8533.333,276.9717
8544.000,275.3765
8554.667,273.7904
8565.333,275.3765
8576.000,276.9717
8586.667,280.1900
8597.333,283.4456
8608.000,286.7391
8618.667,286.7391
8629.333,286.7391
8640.000,285.0876
8650.667,280.1900
8661.333,275.3765
8672.000,255.4555
8682.667,249.6209
8693.333,246.7537
8704.000,273.7904
8714.667,273.7904
8725.333,273.7904
8736.000,275.3765
8746.667,276.9717
8757.333,275.3765
8768.000,0.0000
8778.667,0.0000
8789.333,0.0000
8800.000,173.4763
8810.667,168.5378
8821.333,169.5141
8832.000,169.5141
8842.667,169.5141
8853.333,168.5378
8864.000,165.6424
8874.667,164.6884
8885.333,163.7398
8896.000,163.7398
8906.667,163.7398
8917.333,165.6424
8928.000,167.5671
8938.667,168.5378
8949.333,180.6343
8960.000,182.7332
8970.667,184.8564
8981.333,185.9273
8992.000,188.0877
9002.667,188.0877
9013.333,188.0877
9024.000,188.0877
9034.667,187.0044
9045.333,185.9273
9056.000,184.8564
9066.667,183.7917
9077.333,183.7917
9088.000,182.7332
9098.667,182.7332
9109.333,183.7917
9120.000,183.7917
9130.667,184.8564
9141.333,184.8564
9152.000,184.8564
9162.667,184.8564
9173.333,185.9273
9184.000,185.9273
9194.667,185.9273
9205.333,185.9273
9216.000,185.9273
9226.667,185.9273
9237.333,185.9273
9248.000,185.9273
9258.667,185.9273
9269.333,184.8564
9280.000,184.8564
9290.667,183.7917
9301.333,183.7917
9312.000,183.7917
9322.667,183.7917
9333.333,183.7917
9344.000,182.7332
9354.667,182.7332
9365.333,182.7332
9376.000,182.7332
9386.667,182.7332
9397.333,183.7917
9408.000,183.7917
9418.667,185.9273
9429.333,187.0044
9440.000,187.0044
9450.667,188.0877
9461.333,188.0877
9472.000,185.9273
9482.667,172.4771
9493.333,171.4838
9504.000,0.0000
9514.667,0.0000
9525.333,0.0000
9536.000,0.0000
9546.667,0.0000
9557.333,0.0000
9568.000,0.0000
9578.667,0.0000
9589.333,0.0000
9600.000,0.0000
9610.667,0.0000
9621.333,0.0000
9632.000,0.0000
9642.667,0.0000
9653.333,0.0000
9664.000,0.0000
9674.667,0.0000
9685.333,0.0000
9696.000,0.0000
9706.667,235.6107
9717.333,235.6107
9728.000,231.5631
9738.667,227.5850
9749.333,223.6752
9760.000,223.6752
9770.667,222.3869
9781.333,221.1061
9792.000,222.3869
9802.667,223.6752
9813.333,224.9709
9824.000,231.5631
9834.667,230.2294
9845.333,248.1832
9856.000,248.1832
9866.667,249.6209
9877.333,249.6209
9888.000,249.6209
9898.667,248.1832
9909.333,248.1832
9920.000,246.7537
9930.667,246.7537
9941.333,245.3325
9952.000,245.3325
9962.667,245.3325
9973.333,245.3325
9984.000,243.9195
9994.667,236.9756
10005.333,234.2537
10016.000,227.5850
10026.667,223.6752
10037.333,222.3869
10048.000,217.3076
10058.667,216.0560
10069.333,217.3076
10080.000,217.3076
10090.667,219.8326
10101.333,219.8326
10112.000,219.8326
10122.667,219.8326
10133.333,218.5664
10144.000,217.3076
10154.667,216.0560
10165.333,216.0560
10176.000,216.0560
10186.667,221.1061
10197.333,222.3869
10208.000,223.6752
10218.667,224.9709
10229.333,224.9709
10240.000,224.9709
10250.667,224.9709
10261.333,218.5664
10272.000,217.3076
10282.667,212.3443
10293.333,213.5744
10304.000,216.0560
10314.667,218.5664
10325.333,221.1061
10336.000,223.6752
10346.667,223.6752
10357.333,223.6752
10368.000,222.3869
10378.667,221.1061
10389.333,219.8326
10400.000,219.8326
10410.667,221.1061
10421.333,221.1061
10432.000,223.6752
10442.667,226.2742
10453.333,232.9045
10464.000,241.1179
10474.667,238.3484
10485.333,256.9353
10496.000,256.9353
10506.667,256.9353
10517.333,0.0000
10528.000,0.0000
10538.667,0.0000
10549.333,0.0000
10560.000,280.1900
10570.667,280.1900
10581.333,280.1900
10592.000,270.6457
10602.667,270.6457
10613.333,267.5370
10624.000,264.4641
10634.667,261.4265
10645.333,259.9208
10656.000,258.4237
10666.667,256.9353
10677.333,253.9842
10688.000,249.6209
10698.667,249.6209
10709.333,249.6209
10720.000,249.6209
10730.667,251.0669
10741.333,252.5213
10752.000,256.9353
10762.667,264.4641
10773.333,270.6457
10784.000,275.3765
10794.667,276.9717
10805.333,276.9717
10816.000,276.9717
10826.667,275.3765
10837.333,275.3765
10848.000,275.3765
10858.667,275.3765
10869.333,275.3765
10880.000,275.3765
10890.667,275.3765
10901.333,275.3765
10912.000,273.7904
10922.667,272.2135
10933.333,269.0869
10944.000,262.9409
10954.667,256.9353
10965.333,252.5213
10976.000,251.0669
10986.667,249.6209
10997.333,249.6209
11008.000,248.1832
11018.667,248.1832
11029.333,248.1832
11040.000,248.1832
11050.667,248.1832
11061.333,248.1832
11072.000,246.7537
11082.667,243.9195
11093.333,242.5147
11104.000,241.1179
11114.667,241.1179
11125.333,253.9842
11136.000,252.5213
11146.667,248.1832
11157.333,258.4237
11168.000,259.9208
11178.667,0.0000
11189.333,300.3002
11200.000,290.0708
11210.667,276.9717
11221.333,273.7904
11232.000,270.6457
11242.667,267.5370
11253.333,262.9409
11264.000,256.9353
11274.667,252.5213
11285.333,249.6209
11296.000,248.1832
11306.667,246.7537
11317.333,246.7537
11328.000,246.7537
11338.667,246.7537
11349.333,246.7537
11360.000,246.7537
11370.667,246.7537
11381.333,246.7537
11392.000,245.3325
11402.667,243.9195
11413.333,241.1179
11424.000,235.6107
11434.667,228.9033
11445.333,223.6752
11456.000,219.8326
11466.667,217.3076
11477.333,217.3076
11488.000,218.5664
11498.667,218.5664
11509.333,218.5664
11520.000,217.3076
11530.667,212.3443
11541.333,208.6963
11552.000,203.9297
11562.667,193.5991
11573.333,184.8564
11584.000,181.6807
11594.667,180.6343
11605.333,181.6807
11616.000,182.7332
11626.667,184.8564
11637.333,185.9273
11648.000,185.9273
11658.667,187.0044
11669.333,185.9273
11680.000,183.7917
11690.667,182.7332
11701.333,181.6807
11712.000,179.5939
11722.667,178.5595
11733.333,178.5595
11744.000,179.5939
11754.667,180.6343
11765.333,183.7917
11776.000,184.8564
11786.667,184.8564
11797.333,185.9273
11808.000,184.8564
11818.667,183.7917
11829.333,182.7332
11840.000,181.6807
11850.667,181.6807
11861.333,181.6807
11872.000,183.7917
11882.667,183.7917
11893.333,181.6807
11904.000,181.6807
11914.667,180.6343
11925.333,183.7917
11936.000,184.8564
11946.667,181.6807
11957.333,178.5595
11968.000,177.5311
11978.667,177.5311
11989.333,176.5086
12000.000,0.0000
12010.667,0.0000
12021.333,0.0000
12032.000,0.0000
12042.667,0.0000
12053.333,0.0000
12064.000,0.0000
12074.667,0.0000
12085.333,0.0000
12096.000,0.0000
12106.667,0.0000
12117.333,0.0000
12128.000,0.0000
12138.667,0.0000
12149.333,0.0000
12160.000,0.0000
12170.667,0.0000
12181.333,0.0000
12192.000,0.0000
12202.667,0.0000
12213.333,0.0000
12224.000,0.0000
12234.667,0.0000
12245.333,0.0000
12256.000,0.0000
12266.667,0.0000
12277.333,0.0000
12288.000,0.0000
12298.667,0.0000
12309.333,0.0000
12320.000,0.0000
12330.667,0.0000
12341.333,0.0000
12352.000,0.0000
12362.667,0.0000
12373.333,0.0000
12384.000,0.0000
12394.667,0.0000
12405.333,0.0000
12416.000,0.0000
12426.667,0.0000
12437.333,0.0000
12448.000,0.0000
12458.667,0.0000
12469.333,0.0000
12480.000,0.0000
12490.667,0.0000
12501.333,0.0000
12512.000,0.0000
12522.667,0.0000
12533.333,0.0000
12544.000,0.0000
12554.667,0.0000
12565.333,0.0000
12576.000,0.0000
12586.667,0.0000
12597.333,0.0000
12608.000,0.0000
12618.667,0.0000
12629.333,0.0000
12640.000,0.0000
12650.667,0.0000
12661.333,0.0000
12672.000,0.0000
12682.667,0.0000
12693.333,0.0000
12704.000,0.0000
12714.667,0.0000
12725.333,0.0000
12736.000,0.0000
12746.667,0.0000
12757.333,0.0000
12768.000,0.0000
12778.667,0.0000
12789.333,0.0000
12800.000,0.0000
12810.667,0.0000
12821.333,0.0000
12832.000,0.0000
12842.667,0.0000
12853.333,0.0000
12864.000,0.0000
12874.667,0.0000
12885.333,0.0000
12896.000,0.0000
12906.667,0.0000
12917.333,0.0000
12928.000,0.0000
12938.667,0.0000
12949.333,0.0000
12960.000,163.7398
12970.667,164.6884
12981.333,165.6424
12992.000,173.4763
13002.667,180.6343
13013.333,0.0000
13024.000,222.3869
13034.667,238.3484
13045.333,246.7537
13056.000,248.1832
13066.667,251.0669
13077.333,252.5213
13088.000,252.5213
13098.667,251.0669
13109.333,249.6209
13120.000,249.6209
13130.667,249.6209
13141.333,252.5213
13152.000,256.9353
13162.667,264.4641
13173.333,270.6457
13184.000,275.3765
13194.667,276.9717
13205.333,278.5762
13216.000,276.9717
13226.667,276.9717
13237.333,275.3765
13248.000,275.3765
13258.667,275.3765
13269.333,275.3765
13280.000,276.9717
13290.667,276.9717
13301.333,278.5762
13312.000,278.5762
13322.667,278.5762
13333.333,278.5762
13344.000,276.9717
13354.667,273.7904
13365.333,270.6457
13376.000,273.7904
13386.667,278.5762
13397.333,278.5762
13408.000,276.9717
13418.667,275.3765
13429.333,276.9717
13440.000,276.9717
13450.667,275.3765
13461.333,275.3765
13472.000,275.3765
13482.667,275.3765
13493.333,273.7904
13504.000,275.3765
13514.667,275.3765
13525.333,275.3765
13536.000,275.3765
13546.667,273.7904
13557.333,275.3765
13568.000,276.9717
13578.667,275.3765
13589.333,275.3765
13600.000,0.0000
13610.667,0.0000
13621.333,0.0000
13632.000,171.4838
13642.667,168.5378
13653.333,170.4961
13664.000,163.7398
13674.667,165.6424
13685.333,165.6424
13696.000,165.6424
13706.667,166.6019
13717.333,166.6019
13728.000,165.6424
13738.667,164.6884
13749.333,164.6884
13760.000,166.6019
13770.667,168.5378
13781.333,170.4961
13792.000,171.4838
13802.667,182.7332
13813.333,183.7917
13824.000,185.9273
13834.667,188.0877
13845.333,188.0877
13856.000,188.0877
13866.667,188.0877
13877.333,188.0877
13888.000,188.0877
13898.667,187.0044
13909.333,185.9273
13920.000,185.9273
13930.667,184.8564
13941.333,184.8564
13952.000,184.8564
13962.667,183.7917
13973.333,183.7917
13984.000,183.7917
13994.667,183.7917
14005.333,183.7917
14016.000,183.7917
14026.667,183.7917
14037.333,184.8564
14048.000,184.8564
14058.667,184.8564
14069.333,185.9273
14080.000,185.9273
14090.667,184.8564
14101.333,184.8564
14112.000,184.8564
14122.667,184.8564
14133.333,183.7917
14144.000,183.7917
14154.667,183.7917
14165.333,184.8564
14176.000,184.8564
14186.667,184.8564
14197.333,185.9273
14208.000,185.9273
14218.667,185.9273
14229.333,184.8564
14240.000,185.9273
14250.667,185.9273
14261.333,185.9273
14272.000,187.0044
14282.667,188.0877
14293.333,188.0877
14304.000,188.0877
14314.667,188.0877
14325.333,187.0044
14336.000,185.9273
14346.667,177.5311
14357.333,177.5311
14368.000,155.4451
14378.667,151.0199
14389.333,155.4451
14400.000,158.1622
14410.667,0.0000
14421.333,0.0000
14432.000,0.0000
14442.667,0.0000
14453.333,0.0000
14464.000,0.0000
14474.667,0.0000
14485.333,0.0000
14496.000,0.0000
14506.667,0.0000
14517.333,0.0000
14528.000,0.0000
14538.667,162.7968
14549.333,164.6884
14560.000,165.6424
14570.667,167.5671
14581.333,169.5141
14592.000,170.4961
14602.667,170.4961
14613.333,170.4961
14624.000,168.5378
14634.667,166.6019
14645.333,164.6884
14656.000,161.8591
14666.667,160.0000
14677.333,160.0000
14688.000,159.0785
14698.667,159.0785
14709.333,160.0000
14720.000,163.7398
14730.667,166.6019
14741.333,168.5378
14752.000,169.5141
14762.667,170.4961
14773.333,170.4961
14784.000,170.4961
14794.667,168.5378
14805.333,166.6019
14816.000,165.6424
14826.667,162.7968
14837.333,160.0000
14848.000,159.0785
14858.667,158.1622
14869.333,159.0785
14880.000,160.9269
14890.667,162.7968
14901.333,164.6884
14912.000,167.5671
14922.667,170.4961
14933.333,171.4838
14944.000,172.4771
14954.667,173.4763
14965.333,172.4771
14976.000,172.4771
14986.667,170.4961
14997.333,168.5378
15008.000,163.7398
15018.667,160.9269
15029.333,160.0000
15040.000,160.0000
15050.667,160.0000
15061.333,162.7968
15072.000,164.6884
15082.667,167.5671
15093.333,169.5141
15104.000,169.5141
15114.667,169.5141
15125.333,169.5141
15136.000,169.5141
15146.667,167.5671
15157.333,164.6884
15168.000,163.7398
15178.667,162.7968
15189.333,161.8591
15200.000,170.4961
15210.667,170.4961
15221.333,171.4838
15232.000,170.4961
15242.667,178.5595
15253.333,178.5595
15264.000,177.5311
15274.667,172.4771
15285.333,170.4961
15296.000,160.0000
15306.667,159.0785
15317.333,159.0785
15328.000,166.6019
15338.667,167.5671
15349.333,168.5378
15360.000,169.5141
15370.667,170.4961
15381.333,169.5141
15392.000,169.5141
15402.667,168.5378
15413.333,168.5378
15424.000,166.6019
15434.667,0.0000
15445.333,0.0000
15456.000,0.0000
15466.667,0.0000
15477.333,0.0000
15488.000,0.0000
15498.667,0.0000
15509.333,0.0000
15520.000,0.0000
15530.667,0.0000
15541.333,0.0000
15552.000,0.0000
15562.667,0.0000
15573.333,0.0000
15584.000,0.0000
15594.667,0.0000
15605.333,0.0000
15616.000,0.0000
15626.667,0.0000
15637.333,0.0000
15648.000,0.0000
15658.667,0.0000
15669.333,0.0000
15680.000,0.0000
15690.667,0.0000
15701.333,0.0000
15712.000,0.0000
15722.667,0.0000
15733.333,0.0000
15744.000,0.0000
15754.667,0.0000
15765.333,0.0000
15776.000,0.0000
15786.667,0.0000
15797.333,0.0000
15808.000,0.0000
15818.667,0.0000
15829.333,0.0000
15840.000,0.0000
15850.667,0.0000
15861.333,0.0000
15872.000,0.0000
15882.667,0.0000
15893.333,0.0000
15904.000,0.0000
15914.667,0.0000
15925.333,0.0000
15936.000,0.0000
15946.667,0.0000
15957.333,0.0000
15968.000,0.0000
15978.667,0.0000
15989.333,0.0000
16000.000,0.0000
16010.667,0.0000
16021.333,0.0000
16032.000,0.0000
16042.667,0.0000
16053.333,0.0000
16064.000,0.0000
16074.667,170.4961
16085.333,170.4961
16096.000,170.4961
16106.667,169.5141
16117.333,169.5141
16128.000,167.5671
16138.667,167.5671
16149.333,166.6019
16160.000,166.6019
16170.667,166.6019
16181.333,167.5671
16192.000,170.4961
16202.667,172.4771
16213.333,175.4920
16224.000,178.5595
16234.667,180.6343
16245.333,182.7332
16256.000,183.7917
16266.667,184.8564
16277.333,184.8564
16288.000,184.8564
16298.667,183.7917
16309.333,183.7917
16320.000,182.7332
16330.667,182.7332
16341.333,181.6807
16352.000,181.6807
16362.667,181.6807
16373.333,181.6807
16384.000,181.6807
16394.667,182.7332
16405.333,182.7332
16416.000,182.7332
16426.667,182.7332
16437.333,183.7917
16448.000,183.7917
16458.667,183.7917
16469.333,183.7917
16480.000,183.7917
16490.667,182.7332
16501.333,182.7332
16512.000,182.7332
16522.667,182.7332
16533.333,182.7332
16544.000,183.7917
16554.667,184.8564
16565.333,184.8564
16576.000,184.8564
16586.667,184.8564
16597.333,184.8564
16608.000,184.8564
16618.667,184.8564
16629.333,184.8564
16640.000,184.8564
16650.667,184.8564
16661.333,184.8564
16672.000,184.8564
16682.667,184.8564
16693.333,184.8564
16704.000,184.8564
16714.667,184.8564
16725.333,184.8564
16736.000,184.8564
16746.667,184.8564
16757.333,184.8564
16768.000,184.8564
16778.667,184.8564
16789.333,184.8564
16800.000,184.8564
16810.667,185.9273
16821.333,185.9273
16832.000,185.9273
16842.667,185.9273
16853.333,185.9273
16864.000,185.9273
16874.667,184.8564
16885.333,183.7917
16896.000,181.6807
16906.667,182.7332
16917.333,183.7917
16928.000,182.7332
16938.667,185.9273
16949.333,0.0000
16960.000,214.8116
16970.667,217.3076
16981.333,219.8326
16992.000,221.1061
17002.667,221.1061
17013.333,221.1061
17024.000,218.5664
17034.667,217.3076
17045.333,216.0560
17056.000,213.5744
17066.667,212.3443
17077.333,211.1213
17088.000,211.1213
17098.667,212.3443
17109.333,213.5744
17120.000,217.3076
17130.667,219.8326
17141.333,222.3869
17152.000,223.6752
17162.667,223.6752
17173.333,223.6752
17184.000,222.3869
17194.667,221.1061
17205.333,219.8326
17216.000,218.5664
17226.667,217.3076
17237.333,216.0560
17248.000,216.0560
17258.667,216.0560
17269.333,217.3076
17280.000,218.5664
17290.667,219.8326
17301.333,221.1061
17312.000,222.3869
17322.667,223.6752
17333.333,223.6752
17344.000,223.6752
17354.667,222.3869
17365.333,221.1061
17376.000,219.8326
17386.667,218.5664
17397.333,217.3076
17408.000,217.3076
17418.667,217.3076
17429.333,217.3076
17440.000,218.5664
17450.667,219.8326
17461.333,221.1061
17472.000,222.3869
17482.667,223.6752
17493.333,223.6752
17504.000,223.6752
17514.667,223.6752
17525.333,222.3869
17536.000,221.1061
17546.667,219.8326
17557.333,218.5664
17568.000,217.3076
17578.667,217.3076
17589.333,217.3076
17600.000,217.3076
17610.667,218.5664
17621.333,219.8326
17632.000,219.8326
17642.667,221.1061
17653.333,221.1061
17664.000,219.8326
17674.667,219.8326
17685.333,219.8326
17696.000,218.5664
17706.667,218.5664
17717.333,218.5664
17728.000,218.5664
17738.667,218.5664
17749.333,219.8326
17760.000,219.8326
17770.667,221.1061
17781.333,222.3869
17792.000,222.3869
17802.667,223.6752
17813.333,223.6752
17824.000,223.6752
17834.667,219.8326
17845.333,219.8326
17856.000,219.8326
17866.667,214.8116
17877.333,216.0560
17888.000,0.0000
17898.667,253.9842
17909.333,253.9842
17920.000,253.9842
17930.667,255.4555
17941.333,255.4555
17952.000,255.4555
17962.667,253.9842
17973.333,252.5213
17984.000,252.5213
17994.667,252.5213
18005.333,255.4555
18016.000,258.4237
18026.667,267.5370
18037.333,273.7904
18048.000,275.3765
18058.667,276.9717
18069.333,276.9717
18080.000,276.9717
18090.667,276.9717
18101.333,275.3765
18112.000,275.3765
18122.667,273.7904
18133.333,273.7904
18144.000,275.3765
18154.667,275.3765
18165.333,275.3765
18176.000,276.9717
18186.667,276.9717
18197.333,278.5762
18208.000,278.5762
18218.667,278.5762
18229.333,278.5762
18240.000,278.5762
18250.667,278.5762
18261.333,276.9717
18272.000,276.9717
18282.667,275.3765
18293.333,272.2135
18304.000,275.3765
18314.667,273.7904
18325.333,275.3765
18336.000,276.9717
18346.667,276.9717
18357.333,278.5762
18368.000,278.5762
18378.667,278.5762
18389.333,278.5762
18400.000,0.0000
18410.667,0.0000
18421.333,0.0000
18432.000,0.0000
18442.667,0.0000
18453.333,0.0000
18464.000,217.3076
18474.667,231.5631
18485.333,232.9045
18496.000,232.9045
18506.667,231.5631
18517.333,230.2294
18528.000,228.9033
18538.667,226.2742
18549.333,224.9709
18560.000,223.6752
18570.667,223.6752
18581.333,224.9709
18592.000,227.5850
18602.667,231.5631
18613.333,239.7291
18624.000,245.3325
18634.667,248.1832
18645.333,249.6209
18656.000,249.6209
18666.667,249.6209
18677.333,246.7537
18688.000,245.3325
18698.667,245.3325
18709.333,243.9195
18720.000,243.9195
18730.667,243.9195
18741.333,245.3325
18752.000,245.3325
18762.667,248.1832
18773.333,252.5213
18784.000,255.4555
18794.667,259.9208
18805.333,264.4641
18816.000,267.5370
18826.667,269.0869
18837.333,267.5370
18848.000,264.4641
18858.667,259.9208
18869.333,253.9842
18880.000,249.6209
18890.667,248.1832
18901.333,245.3325
18912.000,245.3325
18922.667,245.3325
18933.333,245.3325
18944.000,245.3325
18954.667,245.3325
18965.333,245.3325
18976.000,245.3325
18986.667,245.3325
18997.333,245.3325
19008.000,245.3325
19018.667,245.3325
19029.333,245.3325
19040.000,246.7537
19050.667,246.7537
19061.333,246.7537
19072.000,248.1832
19082.667,248.1832
19093.333,248.1832
19104.000,248.1832
19114.667,248.1832
19125.333,248.1832
19136.000,248.1832
19146.667,248.1832
19157.333,248.1832
19168.000,246.7537
19178.667,246.7537
19189.333,246.7537
19200.000,245.3325
19210.667,242.5147
19221.333,241.1179
19232.000,241.1179
19242.667,218.5664
19253.333,218.5664
19264.000,218.5664
19274.667,218.5664
19285.333,217.3076
19296.000,217.3076
19306.667,217.3076
19317.333,217.3076
19328.000,217.3076
19338.667,217.3076
19349.333,218.5664
19360.000,222.3869
19370.667,226.2742
19381.333,227.5850
19392.000,226.2742
19402.667,224.9709
19413.333,223.6752
19424.000,222.3869
19434.667,221.1061
19445.333,218.5664
19456.000,217.3076
19466.667,214.8116
19477.333,213.5744
19488.000,212.3443
19498.667,211.1213
19509.333,209.9053
19520.000,209.9053
19530.667,211.1213
19541.333,213.5744
19552.000,218.5664
19562.667,221.1061
19573.333,222.3869
19584.000,222.3869
19594.667,223.6752
19605.333,222.3869
19616.000,221.1061
19626.667,219.8326
19637.333,217.3076
19648.000,214.8116
19658.667,212.3443
19669.333,212.3443
19680.000,212.3443
19690.667,213.5744
19701.333,216.0560
19712.000,219.8326
19722.667,222.3869
19733.333,223.6752
19744.000,224.9709
19754.667,224.9709
19765.333,223.6752
19776.000,222.3869
19786.667,219.8326
19797.333,217.3076
19808.000,216.0560
19818.667,214.8116
19829.333,213.5744
19840.000,213.5744
19850.667,214.8116
19861.333,217.3076
19872.000,221.1061
19882.667,223.6752
19893.333,224.9709
19904.000,224.9709
19914.667,224.9709
19925.333,223.6752
19936.000,222.3869
19946.667,219.8326
19957.333,218.5664
19968.000,216.0560
19978.667,213.5744
19989.333,213.5744
20000.000,223.6752
20010.667,224.9709
20021.333,222.3869
20032.000,221.1061
20042.667,219.8326
20053.333,219.8326
20064.000,218.5664
20074.667,216.0560
20085.333,214.8116
20096.000,212.3443
20106.667,212.3443
20117.333,211.1213
20128.000,211.1213
20138.667,212.3443
20149.333,213.5744
20160.000,218.5664
20170.667,221.1061
20181.333,222.3869
20192.000,222.3869
20202.667,222.3869
20213.333,222.3869
20224.000,221.1061
20234.667,0.0000
20245.333,0.0000
20256.000,0.0000
20266.667,0.0000
20277.333,0.0000
20288.000,267.5370
20298.667,270.6457
20309.333,269.0869
20320.000,249.6209
20330.667,248.1832
20341.333,245.3325
20352.000,242.5147
20362.667,238.3484
20373.333,235.6107
20384.000,232.9045
20394.667,232.9045
20405.333,234.2537
20416.000,236.9756
20426.667,248.1832
20437.333,256.9353
20448.000,262.9409
20458.667,269.0869
20469.333,272.2135
20480.000,276.9717
20490.667,280.1900
20501.333,280.1900
20512.000,280.1900
20522.667,280.1900
20533.333,280.1900
20544.000,280.1900
20554.667,280.1900
20565.333,276.9717
20576.000,0.0000
20586.667,0.0000
20597.333,337.0755
20608.000,339.0282
20618.667,340.9922
20629.333,340.9922
20640.000,340.9922
20650.667,339.0282
20661.333,337.0755
20672.000,333.2039
20682.667,331.2848
20693.333,329.3767
20704.000,327.4796
20714.667,325.5935
20725.333,325.5935
20736.000,325.5935
20746.667,327.4796
20757.333,327.4796
20768.000,327.4796
20778.667,329.3767
20789.333,329.3767
20800.000,327.4796
20810.667,327.4796
20821.333,325.5935
20832.000,325.5935
20842.667,325.5935
20853.333,325.5935
20864.000,325.5935
20874.667,329.3767
20885.333,346.9526
20896.000,346.9526
20906.667,344.9543
20917.333,344.9543
20928.000,342.9675
20938.667,340.9922
20949.333,339.0282
20960.000,335.1341
20970.667,331.2848
20981.333,329.3767
20992.000,327.4796
21002.667,327.4796
21013.333,327.4796
21024.000,329.3767
21034.667,329.3767
21045.333,329.3767
21056.000,329.3767
21066.667,329.3767
21077.333,329.3767
21088.000,329.3767
21098.667,329.3767
21109.333,329.3767
21120.000,329.3767
21130.667,329.3767
21141.333,331.2848
21152.000,331.2848
21162.667,331.2848
21173.333,333.2039
21184.000,333.2039
21194.667,333.2039
21205.333,333.2039
21216.000,337.0755
21226.667,339.0282
21237.333,344.9543
21248.000,359.1879
21258.667,369.7129
21269.333,374.0087
21280.000,376.1753
21290.667,376.1753
21301.333,374.0087
21312.000,371.8546
21322.667,367.5835
21333.333,365.4663
21344.000,365.4663
21354.667,365.4663
21365.333,365.4663
21376.000,365.4663
21386.667,365.4663
21397.333,365.4663
21408.000,367.5835
21418.667,367.5835
21429.333,369.7129
21440.000,369.7129
21450.667,371.8546
21461.333,371.8546
21472.000,374.0087
21482.667,371.8546
21493.333,369.7129
21504.000,0.0000
21514.667,0.0000
21525.333,0.0000
21536.000,293.4413
21546.667,291.7512
21557.333,290.0708
21568.000,290.0708
21578.667,291.7512
21589.333,295.1412
21600.000,298.5706
21610.667,302.0398
21621.333,305.5493
21632.000,310.8902
21642.667,316.3245
21653.333,320.0000
21664.000,320.0000
21674.667,323.7182
21685.333,325.5935
21696.000,327.4796
21706.667,327.4796
21717.333,327.4796
21728.000,327.4796
21738.667,327.4796
21749.333,327.4796
21760.000,329.3767
21770.667,327.4796
21781.333,327.4796
21792.000,327.4796
21802.667,329.3767
21813.333,329.3767
21824.000,337.0755
21834.667,314.5026
21845.333,310.8902
21856.000,309.0996
21866.667,300.3002
21877.333,293.4413
21888.000,293.4413
21898.667,290.0708
21909.333,290.0708
21920.000,288.4001
21930.667,288.4001
21941.333,288.4001
21952.000,286.7391
21962.667,318.1569
21973.333,318.1569
21984.000,320.0000
21994.667,318.1569
22005.333,365.4663
22016.000,367.5835
22026.667,367.5835
22037.333,367.5835
22048.000,321.8537
22058.667,320.0000
22069.333,286.7391
22080.000,290.0708
22090.667,296.8509
22101.333,298.5706
22112.000,298.5706
22122.667,296.8509
22133.333,296.8509
22144.000,295.1412
22154.667,293.4413
22165.333,290.0708
22176.000,286.7391
22186.667,285.0876
22197.333,283.4456
22208.000,283.4456
22218.667,295.1412
22229.333,302.0398
22240.000,309.0996
22250.667,310.8902
22261.333,318.1569
22272.000,0.0000
22282.667,0.0000
22293.333,0.0000
22304.000,0.0000
22314.667,327.4796
22325.333,325.5935
22336.000,325.5935
22346.667,327.4796
22357.333,327.4796
22368.000,327.4796
22378.667,329.3767
22389.333,0.0000
22400.000,283.4456
22410.667,281.8131
22421.333,281.8131
22432.000,285.0876
22442.667,286.7391
22453.333,288.4001
22464.000,283.4456
22474.667,281.8131
22485.333,281.8131
22496.000,280.1900
22506.667,281.8131
22517.333,280.1900
22528.000,280.1900
22538.667,280.1900
22549.333,280.1900
22560.000,280.1900
22570.667,281.8131
22581.333,281.8131
22592.000,281.8131
22602.667,281.8131
22613.333,281.8131
22624.000,281.8131
22634.667,281.8131
22645.333,280.1900
22656.000,278.5762
22666.667,278.5762
22677.333,276.9717
22688.000,276.9717
22698.667,283.4456
22709.333,295.1412
22720.000,0.0000
22730.667,281.8131
22741.333,276.9717
22752.000,272.2135
22762.667,259.9208
22773.333,255.4555
22784.000,252.5213
22794.667,252.5213
22805.333,249.6209
22816.000,249.6209
22826.667,248.1832
22837.333,0.0000
22848.000,245.3325
22858.667,245.3325
22869.333,245.3325
22880.000,245.3325
22890.667,246.7537
22901.333,246.7537
22912.000,246.7537
22922.667,246.7537
22933.333,246.7537
22944.000,246.7537
22954.667,246.7537
22965.333,246.7537
22976.000,246.7537
22986.667,245.3325
22997.333,243.9195
23008.000,243.9195
23018.667,243.9195
23029.333,0.0000
23040.000,0.0000
23050.667,0.0000
23061.333,0.0000
23072.000,221.1061
23082.667,218.5664
23093.333,217.3076
23104.000,216.0560
23114.667,216.0560
23125.333,214.8116
23136.000,212.3443
23146.667,212.3443
23157.333,0.0000
23168.000,0.0000
23178.667,0.0000
23189.333,0.0000
23200.000,0.0000
23210.667,0.0000
23221.333,0.0000
23232.000,0.0000
23242.667,0.0000
23253.333,0.0000
23264.000,0.0000
23274.667,0.0000
23285.333,0.0000
23296.000,0.0000
23306.667,0.0000
23317.333,0.0000
23328.000,0.0000
23338.667,0.0000
23349.333,213.5744
23360.000,212.3443
23370.667,209.9053
23381.333,208.6963
23392.000,206.2992
23402.667,206.2992
23413.333,206.2992
23424.000,206.2992
23434.667,205.1111
23445.333,206.2992
23456.000,206.2992
23466.667,206.2992
23477.333,207.4943
23488.000,207.4943
23498.667,207.4943
23509.333,207.4943
23520.000,207.4943
23530.667,208.6963
23541.333,208.6963
23552.000,208.6963
23562.667,207.4943
23573.333,207.4943
23584.000,207.4943
23594.667,207.4943
23605.333,207.4943
23616.000,207.4943
23626.667,207.4943
23637.333,207.4943
23648.000,207.4943
23658.667,206.2992
23669.333,206.2992
23680.000,206.2992
23690.667,206.2992
23701.333,206.2992
23712.000,206.2992
23722.667,206.2992
23733.333,206.2992
23744.000,206.2992
23754.667,206.2992
23765.333,206.2992
23776.000,0.0000
23786.667,0.0000
23797.333,0.0000
23808.000,0.0000
23818.667,0.0000
23829.333,0.0000
23840.000,0.0000
23850.667,0.0000
23861.333,0.0000
23872.000,0.0000
23882.667,0.0000
23893.333,207.4943
23904.000,207.4943
23914.667,207.4943
23925.333,207.4943
23936.000,206.2992
23946.667,206.2992
23957.333,206.2992
23968.000,206.2992
23978.667,206.2992
23989.333,207.4943
24000.000,207.4943
24010.667,207.4943
24021.333,0.0000
24032.000,0.0000
24042.667,0.0000
24053.333,0.0000
24064.000,0.0000
24074.667,0.0000
24085.333,0.0000
24096.000,0.0000
24106.667,0.0000
24117.333,0.0000
24128.000,0.0000
24138.667,0.0000
24149.333,0.0000
24160.000,0.0000
24170.667,0.0000
24181.333,0.0000
24192.000,0.0000
24202.667,0.0000
24213.333,209.9053
24224.000,208.6963
24234.667,209.9053
24245.333,223.6752
24256.000,221.1061
24266.667,222.3869
24277.333,221.1061
24288.000,222.3869
24298.667,222.3869
24309.333,222.3869
24320.000,222.3869
24330.667,221.1061
24341.333,219.8326
24352.000,217.3076
24362.667,214.8116
24373.333,213.5744
24384.000,0.0000
24394.667,0.0000
24405.333,0.0000
24416.000,0.0000
24426.667,0.0000
24437.333,0.0000
24448.000,0.0000
24458.667,0.0000
24469.333,0.0000
24480.000,223.6752
24490.667,222.3869
24501.333,222.3869
24512.000,221.1061
24522.667,219.8326
24533.333,218.5664
24544.000,217.3076
24554.667,216.0560
24565.333,216.0560
24576.000,216.0560
24586.667,217.3076
24597.333,217.3076
24608.000,217.3076
24618.667,218.5664
24629.333,219.8326
24640.000,219.8326
24650.667,221.1061
24661.333,221.1061
24672.000,222.3869
24682.667,223.6752
24693.333,223.6752
24704.000,223.6752
24714.667,223.6752
24725.333,222.3869
24736.000,221.1061
24746.667,219.8326
24757.333,218.5664
24768.000,216.0560
24778.667,214.8116
24789.333,214.8116
24800.000,214.8116
24810.667,217.3076
24821.333,217.3076
24832.000,219.8326
24842.667,221.1061
24853.333,223.6752
24864.000,223.6752
24874.667,223.6752
24885.333,226.2742
24896.000,226.2742
24906.667,224.9709
24917.333,223.6752
24928.000,222.3869
24938.667,222.3869
24949.333,222.3869
24960.000,223.6752
24970.667,222.3869
24981.333,213.5744
24992.000,213.5744
25002.667,212.3443
25013.333,213.5744
25024.000,213.5744
25034.667,216.0560
25045.333,221.1061
25056.000,221.1061
25066.667,222.3869
25077.333,224.9709
25088.000,219.8326
25098.667,0.0000
25109.333,0.0000
25120.000,0.0000
25130.667,281.8131
25141.333,269.0869
25152.000,264.4641
25162.667,261.4265
25173.333,256.9353
25184.000,249.6209
25194.667,243.9195
25205.333,241.1179
25216.000,239.7291
25226.667,239.7291
25237.333,241.1179
25248.000,245.3325
25258.667,251.0669
25269.333,258.4237
25280.000,264.4641
25290.667,272.2135
25301.333,278.5762
25312.000,281.8131
25322.667,283.4456
25333.333,283.4456
25344.000,283.4456
25354.667,283.4456
25365.333,283.4456
25376.000,283.4456
25386.667,285.0876
25397.333,286.7391
25408.000,288.4001
25418.667,288.4001
25429.333,290.0708
25440.000,335.1341
25450.667,337.0755
25461.333,340.9922
25472.000,340.9922
25482.667,340.9922
25493.333,339.0282
25504.000,337.0755
25514.667,335.1341
25525.333,333.2039
25536.000,331.2848
25546.667,329.3767
25557.333,329.3767
25568.000,327.4796
25578.667,327.4796
25589.333,325.5935
25600.000,325.5935
25610.667,325.5935
25621.333,325.5935
25632.000,325.5935
25642.667,325.5935
25653.333,325.5935
25664.000,325.5935
25674.667,327.4796
25685.333,327.4796
25696.000,325.5935
25706.667,321.8537
25717.333,323.7182
25728.000,344.9543
25738.667,346.9526
25749.333,342.9675
25760.000,342.9675
25770.667,340.9922
25781.333,340.9922
25792.000,339.0282
25802.667,333.2039
25813.333,331.2848
25824.000,329.3767
25834.667,329.3767
25845.333,327.4796
25856.000,327.4796
25866.667,327.4796
25877.333,327.4796
25888.000,329.3767
25898.667,329.3767
25909.333,331.2848
25920.000,331.2848
25930.667,331.2848
25941.333,331.2848
25952.000,331.2848
25962.667,331.2848
25973.333,331.2848
25984.000,331.2848
25994.667,331.2848
26005.333,331.2848
26016.000,333.2039
26026.667,333.2039
26037.333,335.1341
26048.000,335.1341
26058.667,335.1341
26069.333,337.0755
26080.000,357.1191
26090.667,367.5835
26101.333,371.8546
26112.000,371.8546
26122.667,371.8546
26133.333,369.7129
26144.000,367.5835
26154.667,365.4663
26165.333,365.4663
26176.000,363.3614
26186.667,363.3614
26197.333,363.3614
26208.000,365.4663
26218.667,365.4663
26229.333,367.5835
26240.000,367.5835
26250.667,369.7129
26261.333,369.7129
26272.000,369.7129
26282.667,369.7129
26293.333,369.7129
26304.000,369.7129
26314.667,369.7129
26325.333,367.5835
26336.000,371.8546
26346.667,387.1981
26357.333,391.6971
26368.000,0.0000
26378.667,0.0000
26389.333,0.0000
26400.000,0.0000
26410.667,0.0000
26421.333,0.0000
26432.000,291.7512
26442.667,295.1412
26453.333,298.5706
26464.000,303.7895
26474.667,310.8902
26485.333,314.5026
26496.000,320.0000
26506.667,325.5935
26517.333,329.3767
26528.000,329.3767
26538.667,329.3767
26549.333,329.3767
26560.000,329.3767
26570.667,329.3767
26581.333,329.3767
26592.000,329.3767
26602.667,327.4796
26613.333,327.4796
26624.000,327.4796
26634.667,327.4796
26645.333,331.2848
26656.000,333.2039
26666.667,333.2039
26677.333,331.2848
26688.000,318.1569
26698.667,316.3245
26709.333,316.3245
26720.000,318.1569
26730.667,320.0000
26741.333,323.7182
26752.000,323.7182
26762.667,323.7182
26773.333,365.4663
26784.000,363.3614
26794.667,363.3614
26805.333,363.3614
26816.000,365.4663
26826.667,367.5835
26837.333,367.5835
26848.000,369.7129
26858.667,369.7129
26869.333,320.0000
26880.000,318.1569
26890.667,320.0000
26901.333,320.0000
26912.000,323.7182
26922.667,323.7182
26933.333,323.7182
26944.000,302.0398
26954.667,300.3002
26965.333,303.7895
26976.000,302.0398
26986.667,302.0398
26997.333,296.8509
27008.000,295.1412
27018.667,293.4413
27029.333,293.4413
27040.000,291.7512
27050.667,291.7512
27061.333,295.1412
27072.000,302.0398
27082.667,307.3193
27093.333,310.8902
27104.000,0.0000
27114.667,329.3767
27125.333,329.3767
27136.000,331.2848
27146.667,331.2848
27157.333,329.3767
27168.000,329.3767
27178.667,329.3767
27189.333,329.3767
27200.000,329.3767
27210.667,329.3767
27221.333,329.3767
27232.000,329.3767
27242.667,331.2848
27253.333,290.0708
27264.000,298.5706
27274.667,293.4413
27285.333,290.0708
27296.000,286.7391
27306.667,283.4456
27317.333,281.8131
27328.000,281.8131
27338.667,280.1900
27349.333,280.1900
27360.000,278.5762
27370.667,278.5762
27381.333,276.9717
27392.000,276.9717
27402.667,280.1900
27413.333,280.1900
27424.000,280.1900
27434.667,281.8131
27445.333,280.1900
27456.000,280.1900
27466.667,280.1900
27477.333,280.1900
27488.000,280.1900
27498.667,273.7904
27509.333,269.0869
27520.000,267.5370
27530.667,269.0869
27541.333,272.2135
27552.000,0.0000
27562.667,0.0000
27573.333,0.0000
27584.000,0.0000
27594.667,0.0000
27605.333,0.0000
27616.000,256.9353
27626.667,251.0669
27637.333,248.1832
27648.000,248.1832
27658.667,248.1832
27669.333,248.1832
27680.000,246.7537
27690.667,245.3325
27701.333,243.9195
27712.000,243.9195
27722.667,243.9195
27733.333,243.9195
27744.000,243.9195
27754.667,245.3325
27765.333,245.3325
27776.000,246.7537
27786.667,246.7537
27797.333,246.7537
27808.000,246.7537
27818.667,245.3325
27829.333,245.3325
27840.000,245.3325
27850.667,0.0000
27861.333,0.0000
27872.000,0.0000
27882.667,0.0000
27893.333,0.0000
27904.000,0.0000
27914.667,0.0000
27925.333,0.0000
27936.000,0.0000
27946.667,0.0000
27957.333,209.9053
27968.000,211.1213
27978.667,209.9053
27989.333,209.9053
28000.000,226.2742
28010.667,223.6752
28021.333,223.6752
28032.000,222.3869
28042.667,221.1061
28053.333,221.1061
28064.000,219.8326
28074.667,219.8326
28085.333,226.2742
28096.000,253.9842
28106.667,236.9756
28117.333,222.3869
28128.000,218.5664
28138.667,217.3076
28149.333,219.8326
28160.000,222.3869
28170.667,209.9053
28181.333,209.9053
28192.000,208.6963
28202.667,208.6963
28213.333,207.4943
28224.000,206.2992
28234.667,206.2992
28245.333,205.1111
28256.000,205.1111
28266.667,206.2992
28277.333,206.2992
28288.000,206.2992
28298.667,206.2992
28309.333,206.2992
28320.000,206.2992
28330.667,207.4943
28341.333,207.4943
28352.000,207.4943
28362.667,207.4943
28373.333,207.4943
28384.000,207.4943
28394.667,207.4943
28405.333,208.6963
28416.000,208.6963
28426.667,208.6963
28437.333,208.6963
28448.000,208.6963
28458.667,207.4943
28469.333,207.4943
28480.000,207.4943
28490.667,207.4943
28501.333,207.4943
28512.000,208.6963
28522.667,208.6963
28533.333,208.6963
28544.000,208.6963
28554.667,207.4943
28565.333,207.4943
28576.000,207.4943
28586.667,207.4943
28597.333,207.4943
28608.000,207.4943
28618.667,207.4943
28629.333,207.4943
28640.000,207.4943
28650.667,207.4943
28661.333,207.4943
28672.000,207.4943
28682.667,207.4943
28693.333,207.4943
28704.000,207.4943
28714.667,207.4943
28725.333,208.6963
28736.000,208.6963
28746.667,207.4943
28757.333,207.4943
28768.000,207.4943
28778.667,207.4943
28789.333,207.4943
28800.000,207.4943
28810.667,207.4943
28821.333,207.4943
28832.000,207.4943
28842.667,206.2992
28853.333,206.2992
28864.000,205.1111
28874.667,203.9297
28885.333,205.1111
28896.000,203.9297
28906.667,203.9297
28917.333,0.0000
28928.000,0.0000
28938.667,0.0000
28949.333,0.0000
28960.000,0.0000
28970.667,0.0000
28981.333,0.0000
28992.000,0.0000
29002.667,0.0000
29013.333,0.0000
29024.000,0.0000
29034.667,0.0000
29045.333,0.0000
29056.000,208.6963
29066.667,228.9033
29077.333,227.5850
29088.000,226.2742
29098.667,227.5850
29109.333,227.5850
29120.000,226.2742
29130.667,226.2742
29141.333,224.9709
29152.000,223.6752
29162.667,222.3869
29173.333,221.1061
29184.000,219.8326
29194.667,217.3076
29205.333,214.8116
29216.000,213.5744
29226.667,212.3443
29237.333,213.5744
29248.000,214.8116
29258.667,214.8116
29269.333,217.3076
29280.000,222.3869
29290.667,0.0000
29301.333,0.0000
29312.000,0.0000
29322.667,0.0000
29333.333,0.0000
29344.000,0.0000
29354.667,0.0000
29365.333,0.0000
29376.000,0.0000
29386.667,0.0000
29397.333,0.0000
29408.000,0.0000
29418.667,216.0560
29429.333,217.3076
29440.000,218.5664
29450.667,221.1061
29461.333,222.3869
29472.000,222.3869
29482.667,222.3869
29493.333,223.6752
29504.000,224.9709
29514.667,224.9709
29525.333,223.6752
29536.000,222.3869
29546.667,221.1061
29557.333,218.5664
29568.000,217.3076
29578.667,216.0560
29589.333,214.8116
29600.000,212.3443
29610.667,209.9053
29621.333,209.9053
29632.000,211.1213
29642.667,219.8326
29653.333,221.1061
29664.000,0.0000
29674.667,0.0000
29685.333,0.0000
29696.000,0.0000
29706.667,0.0000
29717.333,0.0000
29728.000,0.0000
29738.667,0.0000
29749.333,0.0000
29760.000,0.0000
29770.667,0.0000
29781.333,0.0000
29792.000,218.5664
29802.667,216.0560
29813.333,213.5744
29824.000,213.5744
29834.667,213.5744
29845.333,213.5744
29856.000,216.0560
29866.667,217.3076
29877.333,219.8326
29888.000,222.3869
29898.667,223.6752
29909.333,224.9709
29920.000,224.9709
29930.667,228.9033
29941.333,0.0000
29952.000,0.0000
29962.667,0.0000
29973.333,0.0000
29984.000,0.0000
29994.667,0.0000
30005.333,0.0000
30016.000,0.0000
30026.667,0.0000
30037.333,0.0000
30048.000,0.0000
30058.667,0.0000
30069.333,0.0000
30080.000,0.0000
30090.667,0.0000
30101.333,0.0000
30112.000,0.0000
30122.667,0.0000
30133.333,207.4943
30144.000,208.6963
30154.667,208.6963
30165.333,209.9053
30176.000,209.9053
30186.667,211.1213
30197.333,211.1213
30208.000,211.1213
30218.667,209.9053
30229.333,208.6963
30240.000,206.2992
30250.667,203.9297
30261.333,199.2719
30272.000,194.7206
30282.667,192.4840
30293.333,190.2731
30304.000,187.0044
30314.667,185.9273
30325.333,185.9273
30336.000,185.9273
30346.667,185.9273
30357.333,185.9273
30368.000,182.7332
30378.667,183.7917
30389.333,183.7917
30400.000,183.7917
30410.667,184.8564
30421.333,183.7917
30432.000,184.8564
30442.667,182.7332
30453.333,182.7332
30464.000,181.6807
30474.667,181.6807
30485.333,182.7332
30496.000,183.7917
30506.667,184.8564
30517.333,184.8564
30528.000,184.8564
30538.667,184.8564
30549.333,184.8564
30560.000,184.8564
30570.667,183.7917
30581.333,0.0000
30592.000,0.0000
30602.667,0.0000
30613.333,0.0000
30624.000,0.0000
30634.667,0.0000
30645.333,190.2731
30656.000,190.2731
30666.667,189.1772
30677.333,189.1772
30688.000,188.0877
30698.667,188.0877
30709.333,187.0044
30720.000,187.0044
30730.667,185.9273
30741.333,184.8564
30752.000,184.8564
30762.667,185.9273
30773.333,185.9273
30784.000,185.9273
30794.667,185.9273
30805.333,185.9273
30816.000,185.9273
30826.667,187.0044
30837.333,187.0044
30848.000,185.9273
30858.667,184.8564
30869.333,183.7917
30880.000,183.7917
30890.667,183.7917
30901.333,172.4771
30912.000,0.0000
30922.667,160.9269
30933.333,160.0000
30944.000,160.9269
30954.667,160.9269
30965.333,160.9269
30976.000,161.8591
30986.667,161.8591
30997.333,0.0000
31008.000,0.0000
31018.667,0.0000
31029.333,183.7917
31040.000,184.8564
31050.667,183.7917
31061.333,182.7332
31072.000,183.7917
31082.667,183.7917
31093.333,184.8564
31104.000,184.8564
31114.667,185.9273
31125.333,183.7917
31136.000,183.7917
31146.667,188.0877
31157.333,184.8564
31168.000,0.0000
31178.667,0.0000
31189.333,0.0000
31200.000,0.0000
31210.667,0.0000
31221.333,0.0000
31232.000,0.0000
31242.667,296.8509
31253.333,300.3002
31264.000,305.5493
31274.667,303.7895
31285.333,302.0398
31296.000,300.3002
31306.667,300.3002
31317.333,303.7895
31328.000,310.8902
31338.667,318.1569
31349.333,321.8537
31360.000,323.7182
31370.667,327.4796
31381.333,329.3767
31392.000,329.3767
31402.667,331.2848
31413.333,331.2848
31424.000,331.2848
31434.667,331.2848
31445.333,331.2848
31456.000,331.2848
31466.667,331.2848
31477.333,329.3767
31488.000,325.5935
31498.667,323.7182
31509.333,320.0000
31520.000,318.1569
31530.667,318.1569
31541.333,316.3245
31552.000,288.4001
31562.667,290.0708
31573.333,290.0708
31584.000,291.7512
31594.667,293.4413
31605.333,293.4413
31616.000,293.4413
31626.667,293.4413
31637.333,293.4413
31648.000,293.4413
31658.667,293.4413
31669.333,293.4413
31680.000,293.4413
31690.667,295.1412
31701.333,296.8509
31712.000,296.8509
31722.667,296.8509
31733.333,295.1412
31744.000,296.8509
31754.667,296.8509
31765.333,296.8509
31776.000,296.8509
31786.667,298.5706
31797.333,303.7895
31808.000,302.0398
31818.667,302.0398
31829.333,302.0398
31840.000,300.3002
31850.667,298.5706
31861.333,295.1412
31872.000,293.4413
31882.667,291.7512
31893.333,291.7512
31904.000,291.7512
31914.667,291.7512
31925.333,291.7512
31936.000,293.4413
31946.667,293.4413
31957.333,293.4413
31968.000,293.4413
31978.667,295.1412
31989.333,295.1412
32000.000,296.8509
32010.667,296.8509
32021.333,296.8509
32032.000,296.8509
32042.667,296.8509
32053.333,296.8509
32064.000,295.1412
32074.667,290.0708
32085.333,290.0708
32096.000,285.0876
32106.667,280.1900
32117.333,278.5762
32128.000,278.5762
32138.667,276.9717
32149.333,276.9717
32160.000,275.3765
32170.667,275.3765
32181.333,273.7904
32192.000,275.3765
32202.667,275.3765
32213.333,275.3765
32224.000,275.3765
32234.667,276.9717
32245.333,276.9717
32256.000,276.9717
32266.667,278.5762
32277.333,278.5762
32288.000,278.5762
32298.667,278.5762
32309.333,278.5762
32320.000,276.9717
32330.667,276.9717
32341.333,275.3765
32352.000,275.3765
32362.667,273.7904
32373.333,265.9961
32384.000,264.4641
32394.667,256.9353
32405.333,262.9409
32416.000,262.9409
32426.667,261.4265
32437.333,259.9208
32448.000,249.6209
32458.667,248.1832
32469.333,246.7537
32480.000,245.3325
32490.667,245.3325
32501.333,243.9195
32512.000,243.9195
32522.667,245.3325
32533.333,243.9195
32544.000,245.3325
32554.667,245.3325
32565.333,245.3325
32576.000,245.3325
32586.667,245.3325
32597.333,245.3325
32608.000,245.3325
32618.667,246.7537
32629.333,246.7537
32640.000,246.7537
32650.667,246.7537
32661.333,246.7537
32672.000,243.9195
32682.667,242.5147
32693.333,239.7291
32704.000,238.3484
32714.667,227.5850
32725.333,221.1061
32736.000,222.3869
32746.667,222.3869
32757.333,222.3869
32768.000,222.3869
32778.667,222.3869
32789.333,222.3869
32800.000,222.3869
32810.667,221.1061
32821.333,221.1061
32832.000,219.8326
32842.667,218.5664
32853.333,217.3076
32864.000,217.3076
32874.667,216.0560
32885.333,216.0560
32896.000,213.5744
32906.667,212.3443
32917.333,209.9053
32928.000,216.0560
32938.667,218.5664
32949.333,216.0560
32960.000,0.0000
32970.667,0.0000
32981.333,0.0000
32992.000,0.0000
33002.667,224.9709
33013.333,224.9709
33024.000,226.2742
33034.667,224.9709
33045.333,223.6752
33056.000,222.3869
33066.667,218.5664
33077.333,216.0560
33088.000,214.8116
33098.667,213.5744
33109.333,212.3443
33120.000,213.5744
33130.667,214.8116
33141.333,221.1061
33152.000,226.2742
33162.667,228.9033
33173.333,228.9033
33184.000,230.2294
33194.667,248.1832
33205.333,251.0669
33216.000,252.5213
33226.667,252.5213
33237.333,252.5213
33248.000,249.6209
33258.667,246.7537
33269.333,243.9195
33280.000,241.1179
33290.667,239.7291
33301.333,239.7291
33312.000,241.1179
33322.667,245.3325
33333.333,248.1832
33344.000,251.0669
33354.667,251.0669
33365.333,252.5213
33376.000,251.0669
33386.667,251.0669
33397.333,249.6209
33408.000,0.0000
33418.667,0.0000
33429.333,0.0000
33440.000,0.0000
33450.667,0.0000
33461.333,248.1832
33472.000,251.0669
33482.667,252.5213
33493.333,252.5213
33504.000,252.5213
33514.667,251.0669
33525.333,248.1832
33536.000,248.1832
33546.667,246.7537
33557.333,245.3325
33568.000,245.3325
33578.667,246.7537
33589.333,248.1832
33600.000,249.6209
33610.667,251.0669
33621.333,231.5631
33632.000,231.5631
33642.667,0.0000
33653.333,0.0000
33664.000,0.0000
33674.667,0.0000
33685.333,0.0000
33696.000,0.0000
33706.667,0.0000
33717.333,0.0000
33728.000,0.0000
33738.667,0.0000
33749.333,0.0000
33760.000,0.0000
33770.667,0.0000
33781.333,0.0000
33792.000,0.0000
33802.667,0.0000
33813.333,0.0000
33824.000,0.0000
33834.667,0.0000
33845.333,0.0000
33856.000,0.0000
33866.667,0.0000
33877.333,0.0000
33888.000,0.0000
33898.667,0.0000
33909.333,0.0000
33920.000,0.0000
33930.667,0.0000
33941.333,0.0000
33952.000,0.0000
33962.667,0.0000
33973.333,0.0000
33984.000,0.0000
33994.667,0.0000
34005.333,0.0000
34016.000,0.0000
34026.667,0.0000
34037.333,0.0000
34048.000,0.0000
34058.667,0.0000
34069.333,0.0000
34080.000,0.0000
34090.667,0.0000
34101.333,0.0000
34112.000,0.0000
34122.667,0.0000
34133.333,0.0000
34144.000,0.0000
34154.667,0.0000
34165.333,0.0000
34176.000,0.0000
34186.667,0.0000
34197.333,91.8959
34208.000,91.8959
34218.667,91.8959
34229.333,92.4282
34240.000,92.4282
34250.667,92.4282
34261.333,0.0000
34272.000,0.0000
34282.667,137.6882
34293.333,137.6882
34304.000,137.6882
34314.667,137.6882
34325.333,137.6882
34336.000,137.6882
34346.667,137.6882
34357.333,137.6882
34368.000,137.6882
34378.667,137.6882
34389.333,137.6882
34400.000,0.0000
34410.667,0.0000
34421.333,0.0000
34432.000,0.0000
34442.667,0.0000
34453.333,121.9598
34464.000,121.9598
34474.667,122.6663
34485.333,123.3769
34496.000,123.3769
34506.667,124.0916
34517.333,123.3769
34528.000,122.6663
34538.667,0.0000
34549.333,0.0000
34560.000,0.0000
34570.667,0.0000
34581.333,211.1213
34592.000,211.1213
34602.667,211.1213
34613.333,212.3443
34624.000,213.5744
34634.667,216.0560
34645.333,217.3076
34656.000,218.5664
34666.667,218.5664
34677.333,218.5664
34688.000,218.5664
34698.667,218.5664
34709.333,218.5664
34720.000,218.5664
34730.667,218.5664
34741.333,218.5664
34752.000,218.5664
34762.667,218.5664
34773.333,218.5664
34784.000,216.0560
34794.667,199.2719
34805.333,198.1242
34816.000,184.8564
34826.667,192.4840
34837.333,212.3443
34848.000,217.3076
34858.667,196.9831
34869.333,195.8486
34880.000,175.4920
34890.667,0.0000
34901.333,0.0000
34912.000,0.0000
34922.667,0.0000
34933.333,0.0000
34944.000,0.0000
34954.667,0.0000
34965.333,0.0000
34976.000,0.0000
34986.667,0.0000
34997.333,0.0000
35008.000,0.0000
35018.667,0.0000
35029.333,0.0000
35040.000,0.0000
35050.667,0.0000
35061.333,0.0000
35072.000,0.0000
35082.667,0.0000
35093.333,0.0000
35104.000,0.0000
35114.667,0.0000
35125.333,0.0000
35136.000,0.0000
35146.667,0.0000
35157.333,0.0000
35168.000,0.0000
35178.667,0.0000
35189.333,0.0000
35200.000,0.0000
35210.667,0.0000
35221.333,0.0000
35232.000,0.0000
35242.667,0.0000
35253.333,0.0000
35264.000,0.0000
35274.667,0.0000
35285.333,0.0000
35296.000,0.0000
35306.667,0.0000
35317.333,0.0000
35328.000,0.0000
35338.667,0.0000
35349.333,0.0000
35360.000,0.0000
35370.667,0.0000
35381.333,0.0000
35392.000,0.0000
35402.667,0.0000
35413.333,0.0000
35424.000,0.0000
35434.667,0.0000
35445.333,0.0000
35456.000,0.0000
35466.667,0.0000
35477.333,162.7968
35488.000,163.7398
35498.667,163.7398
35509.333,164.6884
35520.000,165.6424
35530.667,165.6424
35541.333,166.6019
35552.000,166.6019
35562.667,165.6424
35573.333,167.5671
35584.000,169.5141
35594.667,171.4838
35605.333,176.5086
35616.000,179.5939
35626.667,181.6807
35637.333,182.7332
35648.000,183.7917
35658.667,184.8564
35669.333,185.9273
35680.000,185.9273
35690.667,184.8564
35701.333,184.8564
35712.000,184.8564
35722.667,184.8564
35733.333,184.8564
35744.000,183.7917
35754.667,183.7917
35765.333,184.8564
35776.000,184.8564
35786.667,185.9273
35797.333,185.9273
35808.000,185.9273
35818.667,184.8564
35829.333,185.9273
35840.000,185.9273
35850.667,185.9273
35861.333,185.9273
35872.000,185.9273
35882.667,185.9273
35893.333,184.8564
35904.000,184.8564
35914.667,184.8564
35925.333,183.7917
35936.000,183.7917
35946.667,183.7917
35957.333,183.7917
35968.000,184.8564
35978.667,184.8564
35989.333,184.8564
36000.000,184.8564
36010.667,184.8564
36021.333,183.7917
36032.000,184.8564
36042.667,184.8564
36053.333,184.8564
36064.000,185.9273
36074.667,185.9273
36085.333,187.0044
36096.000,187.0044
36106.667,187.0044
36117.333,185.9273
36128.000,185.9273
36138.667,185.9273
36149.333,184.8564
36160.000,183.7917
36170.667,183.7917
36181.333,183.7917
36192.000,183.7917
36202.667,184.8564
36213.333,184.8564
36224.000,184.8564
36234.667,183.7917
36245.333,184.8564
36256.000,184.8564
36266.667,184.8564
36277.333,184.8564
36288.000,184.8564
36298.667,184.8564
36309.333,184.8564
36320.000,184.8564
36330.667,187.0044
36341.333,212.3443
36352.000,213.5744
36362.667,218.5664
36373.333,223.6752
36384.000,224.9709
36394.667,226.2742
36405.333,227.5850
36416.000,227.5850
36426.667,226.2742
36437.333,224.9709
36448.000,221.1061
36458.667,217.3076
36469.333,214.8116
36480.000,213.5744
36490.667,213.5744
36501.333,213.5744
36512.000,213.5744
36522.667,213.5744
36533.333,216.0560
36544.000,218.5664
36554.667,219.8326
36565.333,221.1061
36576.000,221.1061
36586.667,221.1061
36597.333,221.1061
36608.000,219.8326
36618.667,218.5664
36629.333,217.3076
36640.000,216.0560
36650.667,214.8116
36661.333,213.5744
36672.000,212.3443
36682.667,212.3443
36693.333,212.3443
36704.000,213.5744
36714.667,214.8116
36725.333,216.0560
36736.000,217.3076
36746.667,218.5664
36757.333,219.8326
36768.000,219.8326
36778.667,219.8326
36789.333,219.8326
36800.000,218.5664
36810.667,217.3076
36821.333,214.8116
36832.000,213.5744
36842.667,212.3443
36853.333,211.1213
36864.000,211.1213
36874.667,211.1213
36885.333,211.1213
36896.000,212.3443
36906.667,214.8116
36917.333,217.3076
36928.000,218.5664
36938.667,219.8326
36949.333,221.1061
36960.000,221.1061
36970.667,219.8326
36981.333,219.8326
36992.000,218.5664
37002.667,217.3076
37013.333,216.0560
37024.000,214.8116
37034.667,213.5744
37045.333,213.5744
37056.000,213.5744
37066.667,213.5744
37077.333,214.8116
37088.000,217.3076
37098.667,219.8326
37109.333,222.3869
37120.000,222.3869
37130.667,222.3869
37141.333,222.3869
37152.000,221.1061
37162.667,221.1061
37173.333,221.1061
37184.000,221.1061
37194.667,219.8326
37205.333,219.8326
37216.000,218.5664
37226.667,218.5664
37237.333,217.3076
37248.000,222.3869
37258.667,252.5213
37269.333,253.9842
37280.000,0.0000
37290.667,0.0000
37301.333,0.0000
37312.000,0.0000
37322.667,249.6209
37333.333,248.1832
37344.000,246.7537
37354.667,246.7537
37365.333,248.1832
37376.000,251.0669
37386.667,253.9842
37397.333,255.4555
37408.000,259.9208
37418.667,267.5370
37429.333,270.6457
37440.000,273.7904
37450.667,275.3765
37461.333,276.9717
37472.000,276.9717
37482.667,278.5762
37493.333,276.9717
37504.000,276.9717
37514.667,276.9717
37525.333,276.9717
37536.000,276.9717
37546.667,276.9717
37557.333,278.5762
37568.000,278.5762
37578.667,278.5762
37589.333,276.9717
37600.000,276.9717
37610.667,276.9717
37621.333,275.3765
37632.000,275.3765
37642.667,278.5762
37653.333,278.5762
37664.000,276.9717
37674.667,276.9717
37685.333,275.3765
37696.000,275.3765
37706.667,272.2135
37717.333,270.6457
37728.000,270.6457
37738.667,272.2135
37749.333,272.2135
37760.000,270.6457
37770.667,267.5370
37781.333,265.9961
37792.000,265.9961
37802.667,264.4641
37813.333,265.9961
37824.000,264.4641
37834.667,0.0000
37845.333,0.0000
37856.000,0.0000
37866.667,223.6752
37877.333,223.6752
37888.000,223.6752
37898.667,224.9709
37909.333,227.5850
37920.000,227.5850
37930.667,227.5850
37941.333,226.2742
37952.000,224.9709
37962.667,224.9709
37973.333,224.9709
37984.000,224.9709
37994.667,226.2742
38005.333,228.9033
38016.000,231.5631
38026.667,234.2537
38037.333,236.9756
38048.000,239.7291
38058.667,242.5147
38069.333,243.9195
38080.000,245.3325
38090.667,246.7537
38101.333,246.7537
38112.000,246.7537
38122.667,246.7537
38133.333,246.7537
38144.000,246.7537
38154.667,246.7537
38165.333,245.3325
38176.000,245.3325
38186.667,245.3325
38197.333,245.3325
38208.000,246.7537
38218.667,246.7537
38229.333,246.7537
38240.000,246.7537
38250.667,246.7537
38261.333,248.1832
38272.000,248.1832
38282.667,248.1832
38293.333,248.1832
38304.000,246.7537
38314.667,246.7537
38325.333,246.7537
38336.000,246.7537
38346.667,246.7537
38357.333,246.7537
38368.000,246.7537
38378.667,246.7537
38389.333,248.1832
38400.000,248.1832
38410.667,248.1832
38421.333,248.1832
38432.000,246.7537
38442.667,246.7537
38453.333,245.3325
38464.000,243.9195
38474.667,241.1179
38485.333,211.1213
38496.000,216.0560
38506.667,219.8326
38517.333,219.8326
38528.000,218.5664
38538.667,219.8326
38549.333,221.1061
38560.000,222.3869
38570.667,223.6752
38581.333,224.9709
38592.000,224.9709
38602.667,226.2742
38613.333,228.9033
38624.000,232.9045
38634.667,234.2537
38645.333,238.3484
38656.000,242.5147
38666.667,245.3325
38677.333,246.7537
38688.000,246.7537
38698.667,248.1832
38709.333,246.7537
38720.000,245.3325
38730.667,245.3325
38741.333,243.9195
38752.000,242.5147
38762.667,231.5631
38773.333,230.2294
38784.000,227.5850
38794.667,227.5850
38805.333,224.9709
38816.000,223.6752
38826.667,222.3869
38837.333,221.1061
38848.000,221.1061
38858.667,218.5664
38869.333,217.3076
38880.000,216.0560
38890.667,214.8116
38901.333,214.8116
38912.000,213.5744
38922.667,213.5744
38933.333,213.5744
38944.000,214.8116
38954.667,218.5664
38965.333,221.1061
38976.000,222.3869
38986.667,223.6752
38997.333,224.9709
39008.000,224.9709
39018.667,223.6752
39029.333,223.6752
39040.000,222.3869
39050.667,219.8326
39061.333,217.3076
39072.000,216.0560
39082.667,214.8116
39093.333,213.5744
39104.000,212.3443
39114.667,211.1213
39125.333,209.9053
39136.000,219.8326
39146.667,219.8326
39157.333,211.1213
39168.000,223.6752
39178.667,223.6752
39189.333,222.3869
39200.000,222.3869
39210.667,221.1061
39221.333,221.1061
39232.000,221.1061
39242.667,219.8326
39253.333,217.3076
39264.000,216.0560
39274.667,216.0560
39285.333,214.8116
39296.000,0.0000
39306.667,0.0000
39317.333,0.0000
39328.000,0.0000
39338.667,0.0000
39349.333,0.0000
39360.000,0.0000
39370.667,0.0000
39381.333,0.0000
39392.000,214.8116
39402.667,216.0560
39413.333,216.0560
39424.000,217.3076
39434.667,217.3076
39445.333,218.5664
39456.000,218.5664
39466.667,217.3076
39477.333,217.3076
39488.000,218.5664
39498.667,218.5664
39509.333,219.8326
39520.000,219.8326
39530.667,219.8326
39541.333,217.3076
39552.000,214.8116
39562.667,214.8116
39573.333,214.8116
39584.000,214.8116
39594.667,214.8116
39605.333,0.0000
39616.000,0.0000
39626.667,0.0000
39637.333,0.0000
39648.000,0.0000
39658.667,0.0000
39669.333,0.0000
39680.000,0.0000
39690.667,0.0000
39701.333,0.0000
39712.000,0.0000
39722.667,0.0000
39733.333,181.6807
39744.000,183.7917
39754.667,184.8564
39765.333,184.8564
39776.000,184.8564
39786.667,184.8564
39797.333,184.8564
39808.000,189.1772
39818.667,188.0877
39829.333,195.8486
39840.000,194.7206
39850.667,195.8486
39861.333,195.8486
39872.000,196.9831
39882.667,199.2719
39893.333,201.5874
39904.000,200.4263
39914.667,198.1242
39925.333,198.1242
39936.000,195.8486
39946.667,195.8486
39957.333,192.4840
39968.000,190.2731
39978.667,212.3443
39989.333,218.5664
40000.000,222.3869
40010.667,223.6752
40021.333,224.9709
40032.000,224.9709
40042.667,224.9709
40053.333,222.3869
40064.000,221.1061
40074.667,218.5664
40085.333,216.0560
40096.000,216.0560
40106.667,216.0560
40117.333,216.0560
40128.000,218.5664
40138.667,219.8326
40149.333,219.8326
40160.000,219.8326
40170.667,219.8326
40181.333,219.8326
40192.000,219.8326
40202.667,219.8326
40213.333,219.8326
40224.000,219.8326
40234.667,219.8326
40245.333,219.8326
40256.000,219.8326
40266.667,221.1061
40277.333,221.1061
40288.000,222.3869
40298.667,222.3869
40309.333,223.6752
40320.000,223.6752
40330.667,222.3869
40341.333,222.3869
40352.000,221.1061
40362.667,221.1061
40373.333,219.8326
40384.000,218.5664
40394.667,217.3076
40405.333,217.3076
40416.000,217.3076
40426.667,217.3076
40437.333,218.5664
40448.000,221.1061
40458.667,221.1061
40469.333,221.1061
40480.000,222.3869
40490.667,222.3869
40501.333,222.3869
40512.000,221.1061
40522.667,219.8326
40533.333,219.8326
40544.000,219.8326
40554.667,218.5664
40565.333,218.5664
40576.000,218.5664
40586.667,218.5664
40597.333,219.8326
40608.000,222.3869
40618.667,223.6752
40629.333,224.9709
40640.000,224.9709
40650.667,223.6752
40661.333,222.3869
40672.000,221.1061
40682.667,218.5664
40693.333,216.0560
40704.000,216.0560
40714.667,216.0560
40725.333,217.3076
40736.000,218.5664
40746.667,219.8326
40757.333,219.8326
40768.000,219.8326
40778.667,219.8326
40789.333,219.8326
40800.000,219.8326
40810.667,219.8326
40821.333,219.8326
40832.000,219.8326
40842.667,219.8326
40853.333,219.8326
40864.000,218.5664
40874.667,219.8326
40885.333,219.8326
40896.000,223.6752
40906.667,222.3869
40917.333,223.6752
40928.000,223.6752
40938.667,221.1061
40949.333,218.5664
40960.000,217.3076
40970.667,216.0560
40981.333,214.8116
40992.000,213.5744
41002.667,214.8116
41013.333,216.0560
41024.000,216.0560
41034.667,218.5664
41045.333,219.8326
41056.000,222.3869
41066.667,221.1061
41077.333,222.3869
41088.000,222.3869
41098.667,222.3869
41109.333,222.3869
41120.000,221.1061
41130.667,221.1061
41141.333,221.1061
41152.000,221.1061
41162.667,221.1061
41173.333,221.1061
41184.000,221.1061
41194.667,219.8326
41205.333,221.1061
41216.000,223.6752
41226.667,224.9709
41237.333,224.9709
41248.000,224.9709
41258.667,223.6752
41269.333,222.3869
41280.000,221.1061
41290.667,218.5664
41301.333,217.3076
41312.000,216.0560
41322.667,216.0560
41333.333,217.3076
41344.000,218.5664
41354.667,219.8326
41365.333,221.1061
41376.000,221.1061
41386.667,219.8326
41397.333,219.8326
41408.000,219.8326
41418.667,219.8326
41429.333,219.8326
41440.000,219.8326
41450.667,219.8326
41461.333,219.8326
41472.000,219.8326
41482.667,219.8326
41493.333,219.8326
41504.000,221.1061
41514.667,221.1061
41525.333,221.1061
41536.000,221.1061
41546.667,221.1061
41557.333,221.1061
41568.000,221.1061
41578.667,219.8326
41589.333,218.5664
41600.000,217.3076
41610.667,216.0560
41621.333,216.0560
41632.000,231.5631
41642.667,230.2294
41653.333,230.2294
41664.000,230.2294
41674.667,0.0000
41685.333,0.0000
41696.000,0.0000
41706.667,0.0000
41717.333,0.0000
41728.000,0.0000
41738.667,0.0000
41749.333,0.0000
41760.000,0.0000
41770.667,0.0000
41781.333,0.0000
41792.000,0.0000
41802.667,0.0000
41813.333,0.0000
41824.000,0.0000
41834.667,0.0000
41845.333,0.0000
41856.000,0.0000
41866.667,0.0000
41877.333,0.0000
41888.000,0.0000
41898.667,0.0000
41909.333,0.0000
41920.000,0.0000
41930.667,0.0000
41941.333,0.0000
41952.000,0.0000
41962.667,0.0000
41973.333,0.0000
41984.000,0.0000
41994.667,0.0000
42005.333,0.0000
42016.000,0.0000
42026.667,0.0000
42037.333,0.0000
42048.000,0.0000
42058.667,0.0000
42069.333,0.0000
42080.000,231.5631
42090.667,236.9756
42101.333,239.7291
42112.000,242.5147
42122.667,245.3325
42133.333,246.7537
42144.000,248.1832
42154.667,246.7537
42165.333,246.7537
42176.000,246.7537
42186.667,248.1832
42197.333,252.5213
42208.000,259.9208
42218.667,267.5370
42229.333,272.2135
42240.000,275.3765
42250.667,278.5762
42261.333,278.5762
42272.000,278.5762
42282.667,278.5762
42293.333,276.9717
42304.000,276.9717
42314.667,276.9717
42325.333,275.3765
42336.000,276.9717
42346.667,276.9717
42357.333,276.9717
42368.000,276.9717
42378.667,276.9717
42389.333,275.3765
42400.000,273.7904
42410.667,272.2135
42421.333,269.0869
42432.000,262.9409
42442.667,276.9717
42453.333,276.9717
42464.000,278.5762
42474.667,278.5762
42485.333,272.2135
42496.000,273.7904
42506.667,273.7904
42517.333,0.0000
42528.000,0.0000
42538.667,0.0000
42549.333,0.0000
42560.000,0.0000
42570.667,0.0000
42581.333,0.0000
42592.000,0.0000
42602.667,0.0000
42613.333,0.0000
42624.000,0.0000
42634.667,0.0000
42645.333,0.0000
42656.000,0.0000
42666.667,0.0000
42677.333,0.0000
42688.000,0.0000
42698.667,0.0000
42709.333,0.0000
42720.000,169.5141
42730.667,166.6019
42741.333,168.5378
42752.000,168.5378
42762.667,170.4961
42773.333,171.4838
42784.000,172.4771
42794.667,173.4763
42805.333,172.4771
42816.000,171.4838
42826.667,170.4961
42837.333,168.5378
42848.000,169.5141
42858.667,0.0000
42869.333,0.0000
42880.000,0.0000
42890.667,0.0000
42901.333,0.0000
42912.000,0.0000
42922.667,0.0000
42933.333,0.0000
42944.000,0.0000
42954.667,0.0000
42965.333,0.0000
42976.000,0.0000
42986.667,0.0000
42997.333,0.0000
43008.000,181.6807
43018.667,181.6807
43029.333,182.7332
43040.000,183.7917
43050.667,184.8564
43061.333,184.8564
43072.000,185.9273
43082.667,184.8564
43093.333,184.8564
43104.000,183.7917
43114.667,183.7917
43125.333,183.7917
43136.000,183.7917
43146.667,183.7917
43157.333,183.7917
43168.000,183.7917
43178.667,184.8564
43189.333,184.8564
43200.000,184.8564
43210.667,184.8564
43221.333,184.8564
43232.000,184.8564
43242.667,184.8564
43253.333,184.8564
43264.000,184.8564
43274.667,184.8564
43285.333,184.8564
43296.000,185.9273
43306.667,185.9273
43317.333,185.9273
43328.000,185.9273
43338.667,184.8564
43349.333,184.8564
43360.000,183.7917
43370.667,183.7917
43381.333,184.8564
43392.000,184.8564
43402.667,185.9273
43413.333,185.9273
43424.000,185.9273
43434.667,185.9273
43445.333,185.9273
43456.000,185.9273
43466.667,185.9273
43477.333,187.0044
43488.000,187.0044
43498.667,187.0044
43509.333,187.0044
43520.000,185.9273
43530.667,185.9273
43541.333,185.9273
43552.000,185.9273
43562.667,184.8564
43573.333,183.7917
43584.000,182.7332
43594.667,181.6807
43605.333,176.5086
43616.000,153.6597
43626.667,152.7747
43637.333,151.8947
43648.000,144.2001
43658.667,144.2001
43669.333,143.3695
43680.000,145.0354
43690.667,150.1501
43701.333,164.6884
43712.000,164.6884
43722.667,164.6884
43733.333,163.7398
43744.000,162.7968
43754.667,162.7968
43765.333,162.7968
43776.000,161.8591
43786.667,0.0000
43797.333,0.0000
43808.000,0.0000
43818.667,0.0000
43829.333,0.0000
43840.000,0.0000
43850.667,0.0000
43861.333,0.0000
43872.000,187.0044
43882.667,185.9273
43893.333,170.4961
43904.000,170.4961
43914.667,169.5141
43925.333,168.5378
43936.000,166.6019
43946.667,163.7398
43957.333,0.0000
43968.000,0.0000
43978.667,0.0000
43989.333,0.0000
44000.000,0.0000
44010.667,0.0000
44021.333,0.0000
44032.000,0.0000
44042.667,168.5378
44053.333,167.5671
44064.000,167.5671
44074.667,165.6424
44085.333,165.6424
44096.000,164.6884
44106.667,162.7968
44117.333,161.8591
44128.000,161.8591
44138.667,161.8591
44149.333,163.7398
44160.000,164.6884
44170.667,165.6424
44181.333,166.6019
44192.000,167.5671
44202.667,167.5671
44213.333,167.5671
44224.000,146.7206
44234.667,0.0000
44245.333,0.0000
44256.000,0.0000
44266.667,0.0000
44277.333,0.0000
44288.000,0.0000
44298.667,0.0000
44309.333,0.0000
44320.000,0.0000
44330.667,0.0000
44341.333,0.0000
44352.000,0.0000
44362.667,0.0000
44373.333,0.0000
44384.000,0.0000
44394.667,0.0000
44405.333,0.0000
44416.000,0.0000
44426.667,0.0000
44437.333,0.0000
44448.000,0.0000
44458.667,138.4858
44469.333,136.8952
44480.000,145.8756
44490.667,152.7747
44501.333,152.7747
44512.000,152.7747
44522.667,163.7398
44533.333,174.4812
44544.000,179.5939
44554.667,183.7917
44565.333,188.0877
44576.000,189.1772
44586.667,189.1772
44597.333,189.1772
44608.000,187.0044
44618.667,184.8564
44629.333,182.7332
44640.000,181.6807
44650.667,181.6807
44661.333,181.6807
44672.000,182.7332
44682.667,184.8564
44693.333,185.9273
44704.000,188.0877
44714.667,189.1772
44725.333,190.2731
44736.000,189.1772
44746.667,187.0044
44757.333,185.9273
44768.000,184.8564
44778.667,183.7917
44789.333,182.7332
44800.000,182.7332
44810.667,183.7917
44821.333,187.0044
44832.000,196.9831
44842.667,209.9053
44853.333,216.0560
44864.000,221.1061
44874.667,222.3869
44885.333,222.3869
44896.000,222.3869
44906.667,221.1061
44917.333,218.5664
44928.000,217.3076
44938.667,216.0560
44949.333,214.8116
44960.000,212.3443
44970.667,211.1213
44981.333,212.3443
44992.000,214.8116
45002.667,217.3076
45013.333,218.5664
45024.000,219.8326
45034.667,221.1061
45045.333,221.1061
45056.000,222.3869
45066.667,221.1061
45077.333,219.8326
45088.000,218.5664
45098.667,216.0560
45109.333,214.8116
45120.000,214.8116
45130.667,214.8116
45141.333,214.8116
45152.000,217.3076
45162.667,219.8326
45173.333,222.3869
45184.000,224.9709
45194.667,226.2742
45205.333,226.2742
45216.000,224.9709
45226.667,223.6752
45237.333,222.3869
45248.000,218.5664
45258.667,216.0560
45269.333,214.8116
45280.000,213.5744
45290.667,211.1213
45301.333,211.1213
45312.000,211.1213
45322.667,212.3443
45333.333,212.3443
45344.000,213.5744
45354.667,227.5850
45365.333,226.2742
45376.000,224.9709
45386.667,223.6752
45397.333,222.3869
45408.000,221.1061
45418.667,219.8326
45429.333,219.8326
45440.000,219.8326
45450.667,219.8326
45461.333,221.1061
45472.000,221.1061
45482.667,221.1061
45493.333,222.3869
45504.000,223.6752
45514.667,222.3869
45525.333,221.1061
45536.000,219.8326
45546.667,219.8326
45557.333,218.5664
45568.000,221.1061
45578.667,221.1061
45589.333,221.1061
45600.000,219.8326
45610.667,218.5664
45621.333,219.8326
45632.000,219.8326
45642.667,221.1061
45653.333,222.3869
45664.000,222.3869
45674.667,221.1061
45685.333,221.1061
45696.000,221.1061
45706.667,221.1061
45717.333,221.1061
45728.000,222.3869
45738.667,221.1061
45749.333,219.8326
45760.000,217.3076
45770.667,217.3076
45781.333,217.3076
45792.000,216.0560
45802.667,214.8116
45813.333,213.5744
45824.000,213.5744
45834.667,212.3443
45845.333,213.5744
45856.000,216.0560
45866.667,217.3076
45877.333,218.5664
45888.000,218.5664
45898.667,218.5664
45909.333,222.3869
45920.000,224.9709
45930.667,227.5850
45941.333,227.5850
45952.000,227.5850
45962.667,0.0000
45973.333,0.0000
45984.000,0.0000
45994.667,0.0000
46005.333,0.0000
46016.000,0.0000
46026.667,0.0000
46037.333,0.0000
46048.000,0.0000
46058.667,0.0000
46069.333,0.0000
46080.000,0.0000
46090.667,0.0000
46101.333,0.0000
46112.000,0.0000
46122.667,0.0000
46133.333,0.0000
46144.000,0.0000
46154.667,0.0000
46165.333,0.0000
46176.000,0.0000
46186.667,0.0000
46197.333,0.0000
46208.000,0.0000
46218.667,0.0000
46229.333,0.0000
46240.000,0.0000
46250.667,0.0000
46261.333,0.0000
46272.000,0.0000
46282.667,0.0000
46293.333,0.0000
46304.000,0.0000
46314.667,0.0000
46325.333,0.0000
46336.000,0.0000
46346.667,0.0000
46357.333,0.0000
46368.000,0.0000
46378.667,0.0000
46389.333,0.0000
46400.000,0.0000
46410.667,0.0000
46421.333,0.0000
46432.000,0.0000
46442.667,0.0000
46453.333,0.0000
46464.000,0.0000
46474.667,0.0000
46485.333,0.0000
46496.000,0.0000
46506.667,0.0000
46517.333,0.0000
46528.000,0.0000
46538.667,0.0000
46549.333,0.0000
46560.000,0.0000
46570.667,0.0000
46581.333,0.0000
46592.000,0.0000
46602.667,0.0000
46613.333,0.0000
46624.000,0.0000
46634.667,0.0000
46645.333,0.0000
46656.000,0.0000
46666.667,0.0000
46677.333,0.0000
46688.000,0.0000
46698.667,0.0000
46709.333,0.0000
46720.000,0.0000
46730.667,0.0000
46741.333,0.0000
46752.000,0.0000
46762.667,0.0000
46773.333,0.0000
46784.000,0.0000
46794.667,0.0000
46805.333,167.5671
46816.000,161.8591
46826.667,161.8591
46837.333,160.9269
46848.000,160.9269
46858.667,160.0000
46869.333,158.1622
46880.000,156.3456
46890.667,153.6597
46901.333,152.7747
46912.000,162.7968
46922.667,0.0000
46933.333,211.1213
46944.000,231.5631
46954.667,242.5147
46965.333,249.6209
46976.000,251.0669
46986.667,252.5213
46997.333,253.9842
47008.000,253.9842
47018.667,252.5213
47029.333,252.5213
47040.000,251.0669
47050.667,248.1832
47061.333,249.6209
47072.000,253.9842
47082.667,256.9353
47093.333,269.0869
47104.000,270.6457
47114.667,278.5762
47125.333,280.1900
47136.000,280.1900
47146.667,278.5762
47157.333,278.5762
47168.000,276.9717
47178.667,275.3765
47189.333,273.7904
47200.000,273.7904
47210.667,275.3765
47221.333,276.9717
47232.000,276.9717
47242.667,278.5762
47253.333,276.9717
47264.000,272.2135
47274.667,270.6457
47285.333,270.6457
47296.000,272.2135
47306.667,278.5762
47317.333,280.1900
47328.000,280.1900
47338.667,283.4456
47349.333,283.4456
47360.000,281.8131
47370.667,281.8131
47381.333,276.9717
47392.000,275.3765
47402.667,275.3765
47413.333,0.0000
47424.000,0.0000
47434.667,0.0000
47445.333,0.0000
47456.000,0.0000
47466.667,0.0000
47477.333,0.0000
47488.000,0.0000
47498.667,0.0000
47509.333,0.0000
47520.000,0.0000
47530.667,0.0000
47541.333,0.0000
47552.000,0.0000
47562.667,0.0000
47573.333,0.0000
47584.000,0.0000
47594.667,0.0000
47605.333,0.0000
47616.000,0.0000
47626.667,0.0000
47637.333,0.0000
47648.000,0.0000
47658.667,0.0000
47669.333,0.0000
47680.000,0.0000
47690.667,0.0000
47701.333,0.0000
47712.000,0.0000
47722.667,0.0000
47733.333,0.0000
47744.000,0.0000
47754.667,0.0000
47765.333,0.0000
47776.000,0.0000
47786.667,0.0000
47797.333,0.0000
47808.000,0.0000
47818.667,0.0000
47829.333,0.0000
47840.000,0.0000
47850.667,0.0000
47861.333,0.0000
47872.000,0.0000
47882.667,0.0000
47893.333,0.0000
47904.000,0.0000
47914.667,0.0000
47925.333,0.0000
47936.000,0.0000
47946.667,0.0000
47957.333,0.0000
47968.000,0.0000
47978.667,0.0000
47989.333,0.0000
48000.000,0.0000
48010.667,0.0000
48021.333,0.0000
48032.000,0.0000
48042.667,0.0000
48053.333,0.0000
48064.000,0.0000
48074.667,0.0000
48085.333,0.0000
48096.000,0.0000
48106.667,0.0000
48117.333,0.0000
48128.000,0.0000
48138.667,0.0000
48149.333,0.0000
48160.000,0.0000
48170.667,0.0000
48181.333,0.0000
48192.000,0.0000
48202.667,0.0000
48213.333,0.0000
48224.000,0.0000
48234.667,0.0000
48245.333,0.0000
48256.000,0.0000
48266.667,0.0000
48277.333,0.0000
48288.000,0.0000
48298.667,0.0000
48309.333,0.0000
48320.000,0.0000
48330.667,0.0000
48341.333,0.0000
48352.000,0.0000
48362.667,0.0000
48373.333,0.0000
48384.000,0.0000
48394.667,0.0000
48405.333,0.0000
48416.000,0.0000
48426.667,0.0000
48437.333,0.0000
48448.000,0.0000
48458.667,0.0000
48469.333,0.0000
48480.000,0.0000
48490.667,245.3325
48501.333,241.1179
48512.000,238.3484
48522.667,234.2537
48533.333,228.9033
48544.000,223.6752
48554.667,221.1061
48565.333,221.1061
48576.000,226.2742
48586.667,234.2537
48597.333,241.1179
48608.000,245.3325
48618.667,248.1832
48629.333,249.6209
48640.000,249.6209
48650.667,248.1832
48661.333,246.7537
48672.000,245.3325
48682.667,245.3325
48693.333,245.3325
48704.000,246.7537
48714.667,246.7537
48725.333,245.3325
48736.000,242.5147
48746.667,238.3484
48757.333,231.5631
48768.000,223.6752
48778.667,223.6752
48789.333,223.6752
48800.000,223.6752
48810.667,222.3869
48821.333,222.3869
48832.000,221.1061
48842.667,219.8326
48853.333,218.5664
48864.000,217.3076
48874.667,217.3076
48885.333,218.5664
48896.000,219.8326
48906.667,222.3869
48917.333,223.6752
48928.000,224.9709
48938.667,224.9709
48949.333,223.6752
48960.000,223.6752
48970.667,222.3869
48981.333,221.1061
48992.000,216.0560
49002.667,0.0000
49013.333,0.0000
49024.000,0.0000
49034.667,272.2135
49045.333,276.9717
49056.000,276.9717
49066.667,278.5762
49077.333,281.8131
49088.000,281.8131
49098.667,283.4456
49109.333,283.4456
49120.000,285.0876
49130.667,272.2135
49141.333,273.7904
49152.000,0.0000
49162.667,0.0000
49173.333,0.0000
49184.000,0.0000
49194.667,0.0000
49205.333,0.0000
49216.000,0.0000
49226.667,0.0000
49237.333,0.0000
49248.000,0.0000
49258.667,0.0000
49269.333,0.0000
49280.000,0.0000
49290.667,0.0000
49301.333,0.0000
49312.000,0.0000
49322.667,0.0000
49333.333,261.4265
49344.000,283.4456
49354.667,291.7512
49365.333,293.4413
49376.000,296.8509
49386.667,300.3002
49397.333,300.3002
49408.000,302.0398
49418.667,300.3002
49429.333,300.3002
49440.000,300.3002
49450.667,303.7895
49461.333,309.0996
49472.000,316.3245
49482.667,321.8537
49493.333,327.4796
49504.000,331.2848
49514.667,331.2848
49525.333,331.2848
49536.000,331.2848
49546.667,329.3767
49557.333,329.3767
49568.000,331.2848
49578.667,331.2848
49589.333,331.2848
49600.000,333.2039
49610.667,333.2039
49621.333,331.2848
49632.000,331.2848
49642.667,329.3767
49653.333,329.3767
49664.000,327.4796
49674.667,327.4796
49685.333,335.1341
49696.000,333.2039
49706.667,331.2848
49717.333,329.3767
49728.000,325.5935
49738.667,321.8537
49749.333,320.0000
49760.000,323.7182
49770.667,327.4796
49781.333,329.3767
49792.000,329.3767
49802.667,329.3767
49813.333,325.5935
49824.000,320.0000
49834.667,312.6912
49845.333,309.0996
49856.000,305.5493
49866.667,303.7895
49877.333,303.7895
49888.000,302.0398
49898.667,302.0398
49909.333,298.5706
49920.000,293.4413
49930.667,288.4001
49941.333,281.8131
49952.000,273.7904
49962.667,272.2135
49973.333,272.2135
49984.000,273.7904
49994.667,273.7904
50005.333,275.3765
50016.000,275.3765
50026.667,273.7904
50037.333,275.3765
50048.000,275.3765
50058.667,273.7904
50069.333,273.7904
50080.000,272.2135
50090.667,273.7904
50101.333,273.7904
50112.000,275.3765
50122.667,276.9717
50133.333,276.9717
50144.000,276.9717
50154.667,276.9717
50165.333,278.5762
50176.000,278.5762
50186.667,278.5762
50197.333,278.5762
50208.000,278.5762
50218.667,278.5762
50229.333,276.9717
50240.000,276.9717
50250.667,273.7904
50261.333,269.0869
50272.000,256.9353
50282.667,251.0669
50293.333,249.6209
50304.000,249.6209
50314.667,249.6209
50325.333,249.6209
50336.000,246.7537
50346.667,245.3325
50357.333,245.3325
50368.000,245.3325
50378.667,246.7537
50389.333,246.7537
50400.000,246.7537
50410.667,246.7537
50421.333,248.1832
50432.000,248.1832
50442.667,248.1832
50453.333,248.1832
50464.000,249.6209
50474.667,249.6209
50485.333,249.6209
50496.000,249.6209
50506.667,249.6209
50517.333,249.6209
50528.000,246.7537
50538.667,241.1179
50549.333,236.9756
50560.000,0.0000
50570.667,0.0000
50581.333,0.0000
50592.000,0.0000
50602.667,0.0000
50613.333,111.1935
50624.000,111.8376
50634.667,111.8376
50645.333,111.1935
50656.000,109.9163
50666.667,108.6538
50677.333,107.4058
50688.000,107.4058
50698.667,108.0280
50709.333,109.2832
50720.000,109.9163
50730.667,110.5530
50741.333,110.5530
50752.000,111.1935
50762.667,111.1935
50773.333,111.1935
50784.000,111.8376
50794.667,111.8376
50805.333,111.1935
50816.000,0.0000
50826.667,0.0000
50837.333,0.0000
50848.000,0.0000
50858.667,0.0000
50869.333,219.8326
50880.000,222.3869
50890.667,224.9709
50901.333,227.5850
50912.000,227.5850
50922.667,230.2294
50933.333,228.9033
50944.000,226.2742
50954.667,227.5850
50965.333,232.9045
50976.000,236.9756
50986.667,241.1179
50997.333,239.7291
51008.000,241.1179
51018.667,236.9756
51029.333,232.9045
51040.000,230.2294
51050.667,228.9033
51061.333,227.5850
51072.000,242.5147
51082.667,243.9195
51093.333,245.3325
51104.000,246.7537
51114.667,249.6209
51125.333,248.1832
51136.000,245.3325
51146.667,238.3484
51157.333,234.2537
51168.000,230.2294
51178.667,226.2742
51189.333,222.3869
51200.000,195.8486
51210.667,0.0000
51221.333,0.0000
51232.000,0.0000
51242.667,0.0000
51253.333,0.0000
51264.000,0.0000
51274.667,0.0000
51285.333,0.0000
51296.000,0.0000
51306.667,0.0000
51317.333,0.0000
51328.000,0.0000
51338.667,0.0000
51349.333,0.0000
51360.000,0.0000
51370.667,0.0000
51381.333,0.0000
51392.000,0.0000
51402.667,0.0000
51413.333,0.0000
51424.000,0.0000
51434.667,0.0000
51445.333,0.0000
51456.000,0.0000
51466.667,0.0000
51477.333,0.0000
51488.000,0.0000
51498.667,0.0000
51509.333,0.0000
51520.000,0.0000
51530.667,0.0000
51541.333,0.0000
51552.000,0.0000
51562.667,0.0000
51573.333,0.0000
51584.000,0.0000
51594.667,0.0000
51605.333,0.0000
51616.000,0.0000
51626.667,0.0000
51637.333,0.0000
51648.000,0.0000
51658.667,0.0000
51669.333,0.0000
51680.000,0.0000
51690.667,0.0000
51701.333,0.0000
51712.000,0.0000
51722.667,0.0000
51733.333,0.0000
51744.000,0.0000
51754.667,0.0000
51765.333,0.0000
51776.000,0.0000
51786.667,0.0000
51797.333,195.8486
51808.000,192.4840
51818.667,188.0877
51829.333,188.0877
51840.000,188.0877
51850.667,191.3754
51861.333,195.8486
51872.000,199.2719
51882.667,202.7552
51893.333,203.9297
51904.000,205.1111
51914.667,206.2992
51925.333,207.4943
51936.000,209.9053
51946.667,213.5744
51957.333,218.5664
51968.000,223.6752
51978.667,226.2742
51989.333,227.5850
52000.000,227.5850
52010.667,226.2742
52021.333,224.9709
52032.000,221.1061
52042.667,219.8326
52053.333,217.3076
52064.000,217.3076
52074.667,217.3076
52085.333,221.1061
52096.000,222.3869
52106.667,223.6752
52117.333,223.6752
52128.000,223.6752
52138.667,222.3869
52149.333,211.1213
52160.000,199.2719
52170.667,199.2719
52181.333,0.0000
52192.000,0.0000
52202.667,0.0000
52213.333,0.0000
52224.000,0.0000
52234.667,0.0000
52245.333,0.0000
52256.000,0.0000
52266.667,0.0000
52277.333,0.0000
52288.000,0.0000
52298.667,0.0000
52309.333,0.0000
52320.000,0.0000
52330.667,0.0000
52341.333,0.0000
52352.000,0.0000
52362.667,0.0000
52373.333,0.0000
52384.000,0.0000
52394.667,0.0000
52405.333,0.0000
52416.000,0.0000
52426.667,0.0000
52437.333,214.8116
52448.000,216.0560
52458.667,241.1179
52469.333,218.5664
52480.000,221.1061
52490.667,221.1061
52501.333,221.1061
52512.000,222.3869
52522.667,224.9709
52533.333,227.5850
52544.000,230.2294
52554.667,236.9756
52565.333,245.3325
52576.000,248.1832
52586.667,249.6209
52597.333,249.6209
52608.000,249.6209
52618.667,249.6209
52629.333,248.1832
52640.000,246.7537
52650.667,245.3325
52661.333,243.9195
52672.000,243.9195
52682.667,245.3325
52693.333,246.7537
52704.000,248.1832
52714.667,249.6209
52725.333,251.0669
52736.000,251.0669
52746.667,251.0669
52757.333,249.6209
52768.000,248.1832
52778.667,246.7537
52789.333,245.3325
52800.000,243.9195
52810.667,242.5147
52821.333,246.7537
52832.000,248.1832
52842.667,222.3869
52853.333,221.1061
52864.000,219.8326
52874.667,221.1061
52885.333,221.1061
52896.000,221.1061
52906.667,221.1061
52917.333,221.1061
52928.000,219.8326
52938.667,219.8326
52949.333,218.5664
52960.000,217.3076
52970.667,217.3076
52981.333,241.1179
52992.000,242.5147
53002.667,246.7537
53013.333,246.7537
53024.000,248.1832
53034.667,248.1832
53045.333,248.1832
53056.000,248.1832
53066.667,248.1832
53077.333,249.6209
53088.000,251.0669
53098.667,253.9842
53109.333,255.4555
53120.000,256.9353
53130.667,270.6457
53141.333,273.7904
53152.000,275.3765
53162.667,278.5762
53173.333,278.5762
53184.000,278.5762
53194.667,278.5762
53205.333,276.9717
53216.000,276.9717
53226.667,275.3765
53237.333,275.3765
53248.000,275.3765
53258.667,275.3765
53269.333,275.3765
53280.000,276.9717
53290.667,278.5762
53301.333,0.0000
53312.000,0.0000
53322.667,0.0000
53333.333,0.0000
53344.000,0.0000
53354.667,0.0000
53365.333,0.0000
53376.000,0.0000
53386.667,0.0000
53397.333,0.0000
53408.000,109.9163
53418.667,110.5530
53429.333,110.5530
53440.000,111.1935
53450.667,111.1935
53461.333,111.1935
53472.000,110.5530
53482.667,110.5530
53493.333,110.5530
53504.000,110.5530
53514.667,110.5530
53525.333,109.9163
53536.000,109.9163
53546.667,109.9163
53557.333,0.0000
53568.000,0.0000
53578.667,0.0000
53589.333,0.0000
53600.000,0.0000
53610.667,0.0000
53621.333,0.0000
53632.000,0.0000
53642.667,0.0000
53653.333,0.0000
53664.000,0.0000
53674.667,0.0000
53685.333,0.0000
53696.000,0.0000
53706.667,0.0000
53717.333,0.0000
53728.000,0.0000
53738.667,0.0000
53749.333,0.0000
53760.000,0.0000
53770.667,0.0000
53781.333,0.0000
53792.000,0.0000
53802.667,0.0000
53813.333,0.0000
53824.000,0.0000
53834.667,0.0000
53845.333,0.0000
53856.000,0.0000
53866.667,0.0000
53877.333,0.0000
53888.000,0.0000
53898.667,0.0000
53909.333,0.0000
53920.000,0.0000
53930.667,0.0000
53941.333,0.0000
53952.000,0.0000
53962.667,0.0000
53973.333,0.0000
53984.000,0.0000
53994.667,0.0000
54005.333,0.0000
54016.000,0.0000
54026.667,0.0000
54037.333,0.0000
54048.000,0.0000
54058.667,0.0000
54069.333,0.0000
54080.000,0.0000
54090.667,0.0000
54101.333,0.0000
54112.000,0.0000
54122.667,0.0000
54133.333,0.0000
54144.000,0.0000
54154.667,0.0000
54165.333,0.0000
54176.000,0.0000
54186.667,0.0000
54197.333,0.0000
54208.000,0.0000
54218.667,0.0000
54229.333,0.0000
54240.000,0.0000
54250.667,0.0000
54261.333,0.0000
54272.000,0.0000
54282.667,0.0000
54293.333,0.0000
54304.000,0.0000
54314.667,0.0000
54325.333,0.0000
54336.000,213.5744
54346.667,214.8116
54357.333,217.3076
54368.000,214.8116
54378.667,212.3443
54389.333,208.6963
54400.000,207.4943
54410.667,205.1111
54421.333,201.5874
54432.000,195.8486
54442.667,193.5991
54453.333,0.0000
54464.000,0.0000
54474.667,0.0000
54485.333,0.0000
54496.000,0.0000
54506.667,0.0000
54517.333,255.4555
54528.000,241.1179
54538.667,235.6107
54549.333,234.2537
54560.000,230.2294
54570.667,224.9709
54581.333,221.1061
54592.000,221.1061
54602.667,222.3869
54613.333,224.9709
54624.000,224.9709
54634.667,223.6752
54645.333,221.1061
54656.000,218.5664
54666.667,216.0560
54677.333,211.1213
54688.000,207.4943
54698.667,206.2992
54709.333,206.2992
54720.000,206.2992
54730.667,207.4943
54741.333,207.4943
54752.000,207.4943
54762.667,206.2992
54773.333,205.1111
54784.000,203.9297
54794.667,201.5874
54805.333,200.4263
54816.000,200.4263
54826.667,183.7917
54837.333,182.7332
54848.000,182.7332
54858.667,182.7332
54869.333,184.8564
54880.000,185.9273
54890.667,187.0044
54901.333,187.0044
54912.000,188.0877
54922.667,188.0877
54933.333,187.0044
54944.000,185.9273
54954.667,183.7917
54965.333,181.6807
54976.000,180.6343
54986.667,180.6343
54997.333,181.6807
55008.000,182.7332
55018.667,183.7917
55029.333,185.9273
55040.000,187.0044
55050.667,188.0877
55061.333,189.1772
55072.000,189.1772
55082.667,189.1772
55093.333,187.0044
55104.000,185.9273
55114.667,183.7917
55125.333,181.6807
55136.000,180.6343
55146.667,180.6343
55157.333,180.6343
55168.000,181.6807
55178.667,183.7917
55189.333,185.9273
55200.000,187.0044
55210.667,188.0877
55221.333,189.1772
55232.000,189.1772
55242.667,189.1772
55253.333,188.0877
55264.000,185.9273
55274.667,184.8564
55285.333,183.7917
55296.000,182.7332
55306.667,181.6807
55317.333,181.6807
55328.000,182.7332
55338.667,182.7332
55349.333,184.8564
55360.000,185.9273
55370.667,187.0044
55381.333,188.0877
55392.000,188.0877
55402.667,188.0877
55413.333,188.0877
55424.000,188.0877
55434.667,187.0044
55445.333,184.8564
55456.000,184.8564
55466.667,185.9273
55477.333,188.0877
55488.000,188.0877
55498.667,189.1772
55509.333,188.0877
55520.000,188.0877
55530.667,188.0877
55541.333,187.0044
55552.000,187.0044
55562.667,185.9273
55573.333,185.9273
55584.000,185.9273
55594.667,185.9273
55605.333,185.9273
55616.000,185.9273
55626.667,184.8564
55637.333,184.8564
55648.000,185.9273
55658.667,187.0044
55669.333,189.1772
55680.000,189.1772
55690.667,189.1772
55701.333,188.0877
55712.000,208.6963
55722.667,221.1061
55733.333,224.9709
55744.000,224.9709
55754.667,223.6752
55765.333,222.3869
55776.000,221.1061
55786.667,219.8326
55797.333,219.8326
55808.000,217.3076
55818.667,217.3076
55829.333,216.0560
55840.000,217.3076
55850.667,219.8326
55861.333,221.1061
55872.000,223.6752
55882.667,224.9709
55893.333,224.9709
55904.000,224.9709
55914.667,224.9709
55925.333,223.6752
55936.000,221.1061
55946.667,219.8326
55957.333,217.3076
55968.000,216.0560
55978.667,213.5744
55989.333,213.5744
56000.000,216.0560
56010.667,221.1061
56021.333,223.6752
56032.000,223.6752
56042.667,223.6752
56053.333,223.6752
56064.000,222.3869
56074.667,221.1061
56085.333,219.8326
56096.000,218.5664
56106.667,217.3076
56117.333,216.0560
56128.000,217.3076
56138.667,221.1061
56149.333,219.8326
56160.000,219.8326
56170.667,219.8326
56181.333,219.8326
56192.000,221.1061
56202.667,221.1061
56213.333,221.1061
56224.000,222.3869
56234.667,223.6752
56245.333,224.9709
56256.000,224.9709
56266.667,224.9709
56277.333,224.9709
56288.000,223.6752
56298.667,223.6752
56309.333,223.6752
56320.000,231.5631
56330.667,0.0000
56341.333,0.0000
56352.000,0.0000
56362.667,0.0000
56373.333,0.0000
56384.000,0.0000
56394.667,0.0000
56405.333,0.0000
56416.000,0.0000
56426.667,0.0000
56437.333,0.0000
56448.000,0.0000
56458.667,0.0000
56469.333,0.0000
56480.000,0.0000
56490.667,227.5850
56501.333,228.9033
56512.000,228.9033
56522.667,230.2294
56533.333,219.8326
56544.000,219.8326
56554.667,216.0560
56565.333,214.8116
56576.000,214.8116
56586.667,213.5744
56597.333,214.8116
56608.000,216.0560
56618.667,0.0000
56629.333,0.0000
56640.000,262.9409
56650.667,261.4265
56661.333,261.4265
56672.000,259.9208
56682.667,258.4237
56693.333,252.5213
56704.000,249.6209
56714.667,248.1832
56725.333,248.1832
56736.000,267.5370
56746.667,272.2135
56757.333,276.9717
56768.000,278.5762
56778.667,281.8131
56789.333,281.8131
56800.000,281.8131
56810.667,281.8131
56821.333,280.1900
56832.000,278.5762
56842.667,278.5762
56853.333,278.5762
56864.000,278.5762
56874.667,278.5762
56885.333,278.5762
56896.000,273.7904
56906.667,265.9961
56917.333,249.6209
56928.000,278.5762
56938.667,278.5762
56949.333,275.3765
56960.000,0.0000
56970.667,0.0000
56981.333,0.0000
56992.000,0.0000
57002.667,0.0000
57013.333,0.0000
57024.000,0.0000
57034.667,0.0000
57045.333,0.0000
57056.000,0.0000
57066.667,0.0000
57077.333,0.0000
57088.000,0.0000
57098.667,0.0000
57109.333,0.0000
57120.000,170.4961
57130.667,162.7968
57141.333,151.0199
57152.000,150.1501
57162.667,151.8947
57173.333,151.8947
57184.000,151.8947
57194.667,139.2881
57205.333,140.9065
57216.000,0.0000
57226.667,0.0000
57237.333,0.0000
57248.000,211.1213
57258.667,221.1061
57269.333,222.3869
57280.000,222.3869
57290.667,222.3869
57301.333,221.1061
57312.000,218.5664
57322.667,217.3076
57333.333,214.8116
57344.000,214.8116
57354.667,217.3076
57365.333,223.6752
57376.000,227.5850
57386.667,231.5631
57397.333,235.6107
57408.000,239.7291
57418.667,242.5147
57429.333,243.9195
57440.000,245.3325
57450.667,245.3325
57461.333,245.3325
57472.000,245.3325
57482.667,243.9195
57493.333,243.9195
57504.000,243.9195
57514.667,246.7537
57525.333,251.0669
57536.000,256.9353
57546.667,265.9961
57557.333,272.2135
57568.000,275.3765
57578.667,275.3765
57589.333,273.7904
57600.000,270.6457
57610.667,267.5370
57621.333,262.9409
57632.000,256.9353
57642.667,252.5213
57653.333,249.6209
57664.000,248.1832
57674.667,248.1832
57685.333,246.7537
57696.000,246.7537
57706.667,246.7537
57717.333,246.7537
57728.000,246.7537
57738.667,246.7537
57749.333,246.7537
57760.000,246.7537
57770.667,246.7537
57781.333,245.3325
57792.000,245.3325
57802.667,245.3325
57813.333,245.3325
57824.000,246.7537
57834.667,246.7537
57845.333,248.1832
57856.000,248.1832
57866.667,249.6209
57877.333,251.0669
57888.000,251.0669
57898.667,251.0669
57909.333,252.5213
57920.000,252.5213
57930.667,246.7537
57941.333,249.6209
57952.000,248.1832
57962.667,248.1832
57973.333,0.0000
57984.000,0.0000
57994.667,0.0000
